Rec,Name,Team,Positions,Rank,ADP,PlayerInfo,PTS,Projections,Link,Last,Description,Status,Year
1,Shohei Ohtani,LAD,"DH,SP",1,1.0,"Shohei Ohtani (LAD - DH,SP)",526,".287|115R|42HR|110RBI|33SB
8-5-0SV|3.43|1.13|10.45K9",https://www.fantasypros.com/mlb/players/shohei-ohtani.php,Ohtani,".287|115R|42HR|110RBI|33SB
8-5-0SV|3.43|1.13|10.45K9
Shohei Ohtani silenced any skeptics questioning his value after he was ruled out as a pitcher for 2024. The 30-year-old phenom delivered an unforgettable season, making a strong case as the top fantasy asset for managers who used him in their UTIL slot. Ohtani introduced the unprecedented 50/50 club, racking up 134 runs scored, 130 RBIs, and an extraordinary slash line of .311/.391/1.039. His .336 ISO and 9.1 WAR further highlighted his dominance. As a key piece of the Dodgers' lineup, he played a pivotal role in their championship run, earning his first World Series title. Expected to resume pitching in 2025, Ohtani offers an added bonus to his already unmatched fantasy value. Drafting him at 1.1 is a no-brainer, as his upside is unparalleled barring any unexpected injury.",,2025
2,Bobby Witt Jr.,KC,SS,2,2.0,Bobby Witt Jr. (KC - SS),498,.296|104R|30HR|95RBI|34SB,https://www.fantasypros.com/mlb/players/bobby-witt-jr.php,Witt Jr.,".296|104R|30HR|95RBI|34SB
Bobby Witt Jr is the poster child for ""five-category fantasy asset."" In 2024, the 24-year-old smacked 32 home runs, scored 125, knocked in 109, and stole 31 bases. On top of this, he slashed .332/.389/.588 and now has an argument to be the top overall pick in 2025. He reduced his K% from 17.4 to 15.0 and raised his BB% from 5.8 to 8.0. The only blemish on his Statcast page is a high chase rate (32.1%), but with 100th percentile sprint speed (30.5) and sitting above the 90th percentile in xwOBA, xBA, xSLG, avgEV, and barrel percentage, we can let it go. Shortstop is a deep position, but Witt stands alone at the top of the heap.",,2025
3,Aaron Judge,NYY,"DH,OF",3,3.0,"Aaron Judge (NYY - DH,OF)",512,.285|107R|48HR|119RBI|8SB,https://www.fantasypros.com/mlb/players/aaron-judge.php,Judge,".285|107R|48HR|119RBI|8SB
Aaron Judge roared back to form in 2024, reclaiming his spot as one of fantasy baseball's most dominant hitters. He topped MLB with 58 home runs and 144 RBIs while posting a phenomenal .322/.458/.701 slash line. Judge also showed improved plate discipline, reduced strikeouts, and remained healthy through 704 plate appearances. Along the way, he scored 122 runs and even chipped in 10 stolen bases. While Juan Soto's presence in the Yankees lineup provided some support, Judge's production should remain elite even without him in 2025. At 32 years old, durability is a minor concern, but the Yankees have effectively managed his workload by balancing his time between the outfield and designated hitter. Leading the league with an 11.2 WAR, Judge is a lock to dominate four of the five offensive categories in standard 5x5 leagues, making him a no-doubt top-three pick in drafts.",,2025
4,Elly De La Cruz,CIN,SS,4,5.0,Elly De La Cruz (CIN - SS),366,.256|96R|25HR|81RBI|52SB,https://www.fantasypros.com/mlb/players/elly-de-la-cruz.php,De La Cruz,".256|96R|25HR|81RBI|52SB
There are two primary ways to win the stolen base category in 2025 fantasy baseball. You can wait and hodge-podge together a few guys to get there. Or you can draft Elly De La Cruz. The 22-year-old shortstop arrived in speedster fashion in 2024, racking up 67 stolen bases in 160 games. He also hit 25 home runs and scored 105 runs. Sure, his K% is in the sixth percentile at 31.3, and he isn't going to do much for your batting average. However, he can single-handedly deliver an SB win in weekly H2H leagues. Interestingly, ELDC hit more home runs away from Great American Ball Park (13 to 12), so there is room for growth with his power numbers if he unlocks that cheat code of a home stadium. Elly is a first-round draft pick with significant upside in 2025.",,2025
5,Jose Ramirez,CLE,"3B,DH",5,5.0,"Jose Ramirez (CLE - 3B,DH)",498,.274|93R|29HR|94RBI|29SB,https://www.fantasypros.com/mlb/players/jose-ramirez.php,Ramirez,".274|93R|29HR|94RBI|29SB
While it may seem unbelievable, Jose Ramirez remains underrated. The 32-year-old third baseman seems to fly under the radar every year, and every year, he simply does what he's been doing pretty much since he came into the league. In 2024, he tied his career high in home runs at 39, drove in 118, scored 114, and stole 41 bases. His OBP took a small dip (.335), but his average settled exactly on his career number of .279. Still, it is guaranteed that in at least one league you're in, everyone will look past him anyway. Imagine ignoring the guy who came within one homer of being the first third baseman in history to post a 40/40 season. Coming out of the first round of your draft with Jose Ramirez is one of the safest plays you can make in 2025 fantasy.",,2025
6,Juan Soto,NYM,OF,6,6.0,Juan Soto (NYM - OF),517,.277|107R|34HR|96RBI|9SB,https://www.fantasypros.com/mlb/players/juan-soto.php,Soto,".277|107R|34HR|96RBI|9SB
Juan Soto's 2024 performance reinforced why he's a fantasy powerhouse and contributed to his record-setting deal with the New York Mets this offseason. At just 26 years old by the end of the season, Soto demonstrated exceptional durability by appearing in 157 games. He excelled in his trademark areas, boasting a .419 on-base percentage and a .288 batting average. Soto also delivered career highs with 41 home runs and 128 runs scored while contributing 109 RBIs and seven stolen bases. There are some unknowns regarding his supporting case in New York. While Francisco Lindor is an elite option ahead of him in the order, the rest of their lineup remains an enigma depending on what else they do in free agency. Either way, Soto gives you plenty of opportunity to rack up counting stats. Just beware of a small letdown following the massive contract.",,2025
7,Gunnar Henderson,BAL,SS,7,8.0,Gunnar Henderson (BAL - SS),429,.273|104R|31HR|90RBI|16SB,https://www.fantasypros.com/mlb/players/gunnar-henderson.php,Henderson,".273|104R|31HR|90RBI|16SB
Gunnar Henderson made the most of his second full season in the majors. He hit 37 home runs, scored 118 runs, drove in 92, and stole 21 bases. Perhaps most impressively, his batting average jumped to .281 from .255 the year before. He sits in the 97th percentile of hard-hit rate (53.9%), and the rest of his batting profile suggests more of 2024 to come. He dropped his K% from 25.6 to 22.1 and raised his walk rate to 10.8 from 9.0, which is exactly the type of growth you hope to see in a player's second year. Still just 23 years old, Henderson is a first-round talent whose Steamer projections align with what we saw last season. Even though the shortstop position is deep, Gunnar is in that top-5 echelon and worth the high investment.",,2025
8,Kyle Tucker,CHC,OF,8,8.0,Kyle Tucker (CHC - OF),462,.274|90R|29HR|91RBI|22SB,https://www.fantasypros.com/mlb/players/kyle-tucker.php,Tucker,".274|90R|29HR|91RBI|22SB
Kyle Tucker's 2024 was a lost year due to a leg fracture that limited him to only 78 games. He still managed 23 home runs and 11 stolen bases in only 277 at-bats, and he ended the season with more walks (56) than strikeouts (54). An offseason trade landed Tucker in Chicago to play his contract year with the Cubs. Wrigley Field is middle-of-the-pack when it comes to ballpark factors for lefties with extreme pull tendencies, but Tucker is such a solid all-around hitter that the difference should be negligible compared to Minute Maid Park. Assuming his leg is completely healed, the 27-year-old will be out for a massive payday in 2025, and there is every reason to take him in the first round to anchor your outfield.",,2025
9,Mookie Betts,LAD,"OF,SS",9,9.0,"Mookie Betts (LAD - OF,SS)",471,.279|101R|27HR|90RBI|15SB,https://www.fantasypros.com/mlb/players/mookie-betts.php,Betts,".279|101R|27HR|90RBI|15SB
Mookie Betts got off to a torrid start in 2024 before a hand injury took out a chunk of his season and left him with only 116 games played. As hand injuries are wont to do, it sapped a bit of his power (19 HR), but he still reached 75 runs and RBIs while stealing 16 bases, his highest total since 2019. Betts's Statcast profile is one of a player who is simply really good at hitting baseballs. He is in the 90th percentile or higher in xwOBA, xBA, squared-up percentage, chase rate, whiff rate, strikeout percentage, and walk percentage. His 11% strikeout rate stands out in particular. Betts will have shortstop and outfield eligibility in all leagues and, depending on the format, may carry 2B as well. One of the most solid draft strategies in 2024 was ""just draft all the Dodgers,"" and 2025 doesn't look much different. Betts is the table setter and a star in all fantasy formats.",,2025
10,Corbin Carroll,ARI,OF,10,10.0,Corbin Carroll (ARI - OF),428,.259|105R|23HR|77RBI|40SB,https://www.fantasypros.com/mlb/players/corbin-carroll-of.php,Carroll,".259|105R|23HR|77RBI|40SB
Corbin Carroll experienced the common sophomore slump after a standout Rookie of the Year campaign, though his performance improved in the second half of the season. Despite this rebound, he fell short of expectations tied to his first-round ADP. Carroll managed to hit 22 home runs (11 in August alone), surpassed his rookie run total with 121 scored (compared to 116 in 2023), and ended just two RBI shy of his debut season's mark. However, his slash line took a notable hit, dropping to .231/.322/.428 from .285/.362/.506. His stolen bases also declined, with 35 steals in 2024 compared to 54 the previous year, even though he played in more games. Carroll's potential as a five-category contributor remains appealing, and his final stats will likely land between his rookie and sophomore campaigns. However, fantasy managers may feel more comfortable selecting him in the second round rather than the first.",,2025
11,Francisco Lindor,NYM,SS,11,12.0,Francisco Lindor (NYM - SS),411,.257|96R|28HR|86RBI|23SB,https://www.fantasypros.com/mlb/players/francisco-lindor.php,Lindor,".257|96R|28HR|86RBI|23SB
Francisco Lindor followed up his 30/30 season in 2023 with another outstanding performance in 2024. He hit 33 home runs, scored 107 runs, drove in 91, and stole 29 bases in 152 games. He slashed .273/.344/.500, contributing to his career-high xwOBA of .382. The 31-year-old just keeps on keeping on, causing many in the fantasy community to overlook him in that top echelon of shortstops. Lindor will get a boost hitting in front of the newly-acquired Juan Soto, possibly leading to another 30/30 season with 100 runs scored. There are no ""Buyer Beware"" stickers for one of the highest-floor fantasy players in the game.",,2025
12,Fernando Tatis Jr.,SD,OF,12,13.0,Fernando Tatis Jr. (SD - OF),413,.275|95R|33HR|90RBI|21SB,https://www.fantasypros.com/mlb/players/fernando-tatis-jr.php,Tatis Jr.,".275|95R|33HR|90RBI|21SB
Fernando Tatis Jr. dealt with injuries during the 2024 season but remained highly productive when on the field. Over 102 games, he delivered 21 home runs, 64 runs scored, 49 RBI, and 11 stolen bases. His Statcast metrics remain elite, ranking in the 99th percentile for hard-hit rate and in the 97th percentile for both average exit velocity and expected batting average. While his days of swiping 25+ bases may be behind him, Tatis continues to provide excellent power and strong ratios. If the Padres bolster their lineup through free agency, his counting stats could see a notable boost.",,2025
13,Paul Skenes,PIT,SP,13,13.0,Paul Skenes (PIT - SP),449,12-7-0SV|2.83|1.05|11.04K9,https://www.fantasypros.com/mlb/players/paul-skenes.php,Skenes,"12-7-0SV|2.83|1.05|11.04K9
It is rare for a rookie to live up to the superstar spotlight, but Paul Skenes arrived in 2024 and jumped right into the superstar role. The 22-year-old went 11-3 with a 1.96 ERA and 0.95 WHIP. He struck out 170 batters in only 133 innings, and hitters looked lost against him in almost every start. Skenes had a sterling 5.31 K/BB rate and featured a full five-pitch arsenal to decimate opposing batters. The only demerit to his resume was that his xERA was 2.53, but that is just splitting hairs at this point. Skenes carries some slight risk because of his hard-throwing nature, but he has not had arm trouble up to this point in his career. It's a coin flip between him and Tarik Skubal for fantasy SP1 in 2025, and no one will begrudge a fantasy manager who wants the young fireballer.",,2025
14,Vladimir Guerrero Jr.,TOR,"1B,DH",14,14.0,"Vladimir Guerrero Jr. (TOR - 1B,DH)",484,.298|94R|31HR|99RBI|5SB,https://www.fantasypros.com/mlb/players/vladimir-guerrero-jr.php,Guerrero Jr.,".298|94R|31HR|99RBI|5SB
Vladimir Guerrero Jr was the top first baseman in 2024 fantasy baseball. If that surprises you, it shouldn't. The 25-year-old has demonstrated an elite ability to hit since he entered the league in 2019. Last year, in an ugly Toronto lineup, Vladdy hit 30 home runs, drove in 103, and scored 98 himself. He slashed an impressive .323/.396/.544. Some of those numbers may have resulted from an abnormally high .342 BABIP, but they're not outrageous compared to his career averages. The Blue Jays recently added some protection for Vladdy in the form of Anthony Santander, but the really good news for Vladdy is that he will be a highly coveted free agent after this season. Fantasy managers should jump all over the opportunity to take advantage of the young superstar.",,2025
15,Tarik Skubal,DET,SP,15,15.0,Tarik Skubal (DET - SP),491,14-8-0SV|2.88|1.01|10.45K9,https://www.fantasypros.com/mlb/players/tarik-skubal.php,Skubal,"14-8-0SV|2.88|1.01|10.45K9
Tarik Skubal tore into the 2024 season and walked away with the AL Cy Young Award. The 27-year-old went 18-4, threw 192 innings, and struck out 228. His sparkling ERA of 2.39 and FIP of 2.49 went along with his 91st-percentile K% (30.3). He also had an elite walk rate of 4.6%. It's not bad for a guy people were concerned about coming off flexor tendon surgery. Skubal combines an effective 4-seam fastball with a devastating changeup that induced a 46.1 Whiff% in 2024. There is nothing in Skubal's profile to give fantasy managers pause, and he is projected to get right up to the 200-inning mark while pitching in a pitcher-friendly ballpark. It's a debate between him and Paul Skenes for who the true SP1 is in 2025, but Skubal brings plenty of stability to the position for fantasy managers.",,2025
16,Julio Rodriguez,SEA,OF,16,16.0,Julio Rodriguez (SEA - OF),375,.277|89R|27HR|86RBI|28SB,https://www.fantasypros.com/mlb/players/julio-rodriguez-of.php,Rodriguez,".277|89R|27HR|86RBI|28SB
Julio Rodriguez's performance across the months is a rollercoaster worth noting. From April through October, his batting averages fluctuated as follows: .256, .274, .206, .375, .234, and .328. J-Rod possesses undeniable five-category potential; however, his production in 2024 showed some decline compared to the previous year. His home runs dropped from 32 to 20, while his runs and RBIs dipped to 76 and 68, respectively. Fantasy managers were also let down by a reduction in stolen bases, going from 37 to 24. Rodriguez's approach at the plate left room for improvement, as evidenced by a 25.4% strikeout rate, a mere 6.2% walk rate, and an alarming 37.4% chase rate. On the bright side, his slash line-.273/.325/.409-was consistent with his 2023 numbers. While Rodriguez might spark debates on draft day, his immense upside keeps him firmly in OF1 territory. Just brace yourself for the potential highs and lows throughout the season.",,2025
17,Yordan Alvarez,HOU,"DH,OF",17,16.0,"Yordan Alvarez (HOU - DH,OF)",467,.301|91R|35HR|99RBI|3SB,https://www.fantasypros.com/mlb/players/yordan-alvarez.php,Alvarez,".301|91R|35HR|99RBI|3SB
Yordan Alvarez set a career-high by playing in 147 games this season. He showcased his power with 35 home runs, complemented by 88 runs scored, 86 RBIs, and a career-best six stolen bases. Alvarez posted an impressive .308/.392/.567 slash line, ranking within the Top 7 across several key offensive categories in all of baseball. While his walk rate dipped from 13.9% to 10.9%, his strikeout rate also improved, reflecting a continued ability to make selective, quality swings. Although stolen bases won't be a significant part of his game, Alvarez remains a reliable contributor in four key categories, cementing his status as a strong first-round option heading into 2025.",,2025
18,Jackson Chourio,MIL,OF,18,19.0,Jackson Chourio (MIL - OF),372,.268|85R|23HR|83RBI|27SB,https://www.fantasypros.com/mlb/players/jackson-chourio.php,Chourio,".268|85R|23HR|83RBI|27SB
Welcome to the big leagues, Jackson Chourio! The highly-anticipated rookie faced early challenges, struggling through April and May, which led many fantasy managers to drop him. However, those who stayed patient or picked him up later reaped the rewards. The 20-year-old finished the season with an impressive stat line: 21 home runs, 22 stolen bases, and a .275/.327/.464 slash line, mirroring the promise he showed during his stellar 2023 Double-A campaign. He also contributed 80 runs and 79 RBIs, impressive numbers considering the Brewers' lineup often struggled to generate offense. While his Chase% and BB% highlight areas for growth, these are typical for young players adjusting to MLB pitching. Fantasy managers can look forward to slight improvements in his power and speed, with a 25/25 season well within reach as he continues to develop.",,2025
19,Bryce Harper,PHI,1B,19,19.0,Bryce Harper (PHI - 1B),421,.279|90R|29HR|92RBI|10SB,https://www.fantasypros.com/mlb/players/bryce-harper.php,Harper,".279|90R|29HR|92RBI|10SB
Bryce Harper stayed relatively healthy in 2024, playing in 145 games, his highest total since 2019. He hit 30 bombs, drove in 87, scored 85, and stole seven bases. His slash line remained an ever-impressive .285/.373/.525, and he has an elite walk rate of 12%. Of note, his strikeout rate has seen a slight increase for three consecutive years, but it remains within his normal career average. His 2025 projections put him back in the 30/100/100 range. The 32-year-old will only have first-base eligibility, but he should be one of the first three off the board at that position.",,2025
20,Zack Wheeler,PHI,SP,20,21.0,Zack Wheeler (PHI - SP),457,14-8-0SV|3.30|1.08|9.58K9,https://www.fantasypros.com/mlb/players/zack-wheeler.php,Wheeler,"14-8-0SV|3.30|1.08|9.58K9
Zack Wheeler remains an underrated starting pitcher, which is amazing, considering he reached the 200-inning mark while maintaining a 2.57 ERA and 0.95 WHIP in 2024. He struck out 224 batters with a 28.5 K% and was in the 95th percentile of chase percentage. Opposing batters look lost against his six-pitch arsenal, and he can put away hitters with any one of them. Wheeler will turn 35 in May, and while that may give some drafters pause, he remains an excellent SP1 option in 2025.",,2025
21,Jarren Duran,BOS,OF,21,21.0,Jarren Duran (BOS - OF),359,.266|92R|18HR|71RBI|30SB,https://www.fantasypros.com/mlb/players/jarren-duran.php,Duran,".266|92R|18HR|71RBI|30SB
Jarren Duran made a significant impact in 2024, proving to be a tremendous asset for fantasy managers who rostered him. Over 160 games, he tallied 111 runs, 34 stolen bases, 21 home runs, and 75 RBIs. Duran also showcased an impressive .285/.342/.492 slash line, establishing himself as a high-tier five-category contributor worthy of early-round consideration. While he occasionally struggles with plate discipline, reflected in his average Whiff% and K%, his 2024 batting average slightly outpaced expectations. Even so, he projects to deliver another 20/30 season with around 100 runs, solidifying his value as a reliable OF2, especially in formats requiring five outfielders.",,2025
22,Trea Turner,PHI,SS,22,23.0,Trea Turner (PHI - SS),369,.279|90R|21HR|78RBI|23SB,https://www.fantasypros.com/mlb/players/trea-turner.php,Turner,".279|90R|21HR|78RBI|23SB
Trea Turner missed a large chunk of the 2024 season with a hamstring injury that also undermined his ability to steal bases. In 121 games, he stole 19, the lowest total of his career. He did pop 21 home runs, scored 88 runs, and drove in 62. The most encouraging thing from him in 2024 was a return to his high batting average, ending at .295 on the year. Turner is on the wrong side of 30, but he still bats in a powerful Phillies lineup with plenty of talent around him to boost his counting stats. However, he is no longer in the upper echelon of shortstops, which makes him cheaper on draft day, but don't expect the Turner of old to cement your stolen base count.",,2025
23,Freddie Freeman,LAD,1B,23,23.0,Freddie Freeman (LAD - 1B),430,.287|92R|22HR|88RBI|11SB,https://www.fantasypros.com/mlb/players/freddie-freeman.php,Freeman,".287|92R|22HR|88RBI|11SB
Freddie Freeman dealt with an ankle injury in 2024 that limited him to 147 games, his lowest total since 2017. He also failed to hit .300 for the first time since 2019. Some of this is attributable to an outlier BABIP of .306, well below his career average. However, the rest of his fantasy profile remained strong as he hit 22 homers, drove in 89, scored 81 times, and stole nine bases. Freeman will be playing his age-35 season, which could scare off some managers on draft day, but he still bats squarely in the middle of the best lineup in baseball and has not shown any indications of serious decline. He remains a safe bet to set-and-forget in your first base slot.",,2025
24,Jazz Chisholm Jr.,NYY,"3B,OF",24,25.0,"Jazz Chisholm Jr. (NYY - 3B,OF)",330,.248|80R|26HR|77RBI|34SB,https://www.fantasypros.com/mlb/players/jasrado-chisholm.php,Chisholm Jr.,".248|80R|26HR|77RBI|34SB
Jazz Chisholm finally delivered on his potential by staying healthy in 2024, playing 147 games between Miami and New York. The 26-year-old showcased his versatility, gaining third base eligibility while being a key contributor across multiple categories. Chisholm posted 24 home runs, 40 stolen bases, 74 runs scored, and 73 RBIs. If the Yankees bolster their lineup, his counting stats could climb in 2025. While his Statcast metrics remain unimpressive, his .256/.324/.436 slash line represents a reasonable expectation for fantasy managers. Focus on his power-speed combo, boosted by Yankee Stadium's short right field and his 82nd-percentile sprint speed, and cross your fingers for a full season of health.",,2025
25,Ketel Marte,ARI,"2B,DH",25,25.0,"Ketel Marte (ARI - 2B,DH)",403,.274|89R|26HR|86RBI|7SB,https://www.fantasypros.com/mlb/players/ketel-marte.php,Marte,".274|89R|26HR|86RBI|7SB
Ketel Marte went off in 2024, setting new career highs in home runs (36) and RBIs (95). He added 93 runs and seven stolen bases while slashing .292/.372/.560, rewarding fantasy managers who took him on draft day and catapulting him into the 2B1 position heading into 2025. Marte missed some time last season with an ankle injury and has only played in 150 or more games twice in his career, so there is some injury risk baked in. However, at age 31, he seems primed for another monster season and is one of only two second basemen capable of a 30/100/100 season. Draft him with confidence.",,2025
26,Jackson Merrill,SD,OF,26,28.0,Jackson Merrill (SD - OF),383,.275|80R|23HR|85RBI|15SB,https://www.fantasypros.com/mlb/players/jackson-merrill.php,Merrill,".275|80R|23HR|85RBI|15SB
Jackson Merrill made a significant impact for the Padres in 2024. The 21-year-old transitioned seamlessly from Double-A to the majors, delivering an impressive season. He tallied 24 home runs, 77 runs scored, 90 RBIs, and 16 stolen bases, all while maintaining a .292/.326/.500 slash line. These stats are supported by elite underlying metrics, including a .308 xBA (98th percentile), .547 xSLG (96th percentile), and .376 xwOBA (94th percentile). While Merrill's 4.9% walk rate and tendency to chase pitches leave room for improvement, his production more than compensates. Fantasy managers can confidently target him as a strong OF2 option, with 2025 projections aligning closely with his standout 2024 season, making him worth a third-round pick in upcoming drafts.",,2025
27,Matt Olson,ATL,1B,27,28.0,Matt Olson (ATL - 1B),392,.251|90R|33HR|102RBI|1SB,https://www.fantasypros.com/mlb/players/matt-olson.php,Olson,".251|90R|33HR|102RBI|1SB
Matt Olson followed his career year in 2023 with a bit of a dud (especially concerning his draft cost) in 2024. He failed to hit 30 home runs for the first time since 2018, ending with 29 after smacking 54 the year before. He also came up just short of 100 RBIs with 98. Olson's walk rate decreased, and his 12.4 barrel percentage was the lowest in seven years. So, what can we expect from the first baseman this season? Assuming the Atlanta lineup returns to good health, his counting stats should rebound, and chances are he will get to 35 home runs again. If there is a discount on draft day, don't be afraid to scoop him up and assume regression will land him in the range we're used to. Just don't expect 2023 numbers again.",,2025
28,Austin Riley,ATL,3B,28,29.0,Austin Riley (ATL - 3B),380,.270|93R|32HR|96RBI|2SB,https://www.fantasypros.com/mlb/players/austin-riley.php,Riley,".270|93R|32HR|96RBI|2SB
Austin Riley took a step back in 2024 after three years of stellar production. A right-hand fracture ended his season in August after appearing in only 110 games. He struggled in the games he did play, only hitting 19 home runs and slashing an uncharacteristic .256/.322/.461. Fantasy managers can essentially write off the year and trust that the 27-year-old will return to the slugging machine he was in 2021-2023. With a healthier lineup around him, his counting stats should get back to the 30/90/90 that is worth drafting in the third round.",,2025
29,Logan Gilbert,SEA,SP,29,29.0,Logan Gilbert (SEA - SP),440,13-9-0SV|3.40|1.06|9.27K9,https://www.fantasypros.com/mlb/players/logan-gilbert.php,Gilbert,"13-9-0SV|3.40|1.06|9.27K9
Logan Gilbert led all of MLB in innings pitched with 208 2/3 in 2024. He struck out 220 batters on his way to a 3.23 ERA and a microscopic 0.89 WHIP. His xERA and xFIP suggest these numbers could have been even better. Gilbert simply doesn't walk people, evidenced by his 4.6% walk rate. He pitches in a pitcher-friendly ballpark and averaged over six innings per appearance last season, making him even more valuable in leagues that feature Quality Starts over wins. Gilbert should be one of the top five or six pitchers off the board in 2025 and is an excellent choice for a fantasy team's SP1.",,2025
30,Ronald Acuna Jr.,ATL,OF,30,30.0,Ronald Acuna Jr. (ATL - OF),399,.291|92R|24HR|69RBI|36SB,https://www.fantasypros.com/mlb/players/ronald-acuna.php,Acuna Jr.,".291|92R|24HR|69RBI|36SB
Ronald Acuña Jr. was limited to just 48 games in 2024 after suffering a torn ACL, a devastating blow to many fantasy rosters. His status for Opening Day 2025 remains uncertain, raising echoes of his situation heading into 2023. That year, Acuña bounced back from a prior knee injury to deliver one of the most remarkable fantasy performances ever, with 41 home runs, 149 runs scored, 106 RBIs, and an incredible 73 stolen bases. While replicating those stats in 2025 may be a tall order, few players at age 27 possess his unique blend of power and speed. Expect a slight draft-day discount due to the injury concerns, but monitor updates on his recovery to ensure his absence won't extend into the season's early weeks.",,2025
31,Rafael Devers,BOS,3B,31,31.0,Rafael Devers (BOS - 3B),401,.270|88R|30HR|93RBI|4SB,https://www.fantasypros.com/mlb/players/rafael-devers.php,Devers,".270|88R|30HR|93RBI|4SB
Rafael Devers offers a level of consistency that only one other third baseman on the board can give, but at a Round 3 cost. In 2024, he hit 28 homers, scored 87 runs, and drove in 83. He slashed .272/.354/.516 while playing in 138 games. Devers dealt with shoulder issues, which probably caused the career-high 24.5% K rate, but his 11.1% walk rate was also the highest of his career. If the rest of the Red Sox lineup can stay healthy, Devers's counting stats should return closer to the 30/100/100 area in 2025. He's worth the pick.",,2025
32,William Contreras,MIL,"C,DH",32,33.0,"William Contreras (MIL - C,DH)",357,.271|81R|23HR|83RBI|7SB,https://www.fantasypros.com/mlb/players/william-contreras.php,Contreras,".271|81R|23HR|83RBI|7SB
It was only a matter of time before William Contreras became the top catcher in fantasy baseball, and his usage is one big reason why. The 27-year-old appeared in 155 games, catching 120 while serving as DH in 35. It is hard to find that level of consistency at the backstop position, but his numbers also stand alone. He hit 23 home runs, scored 99 runs, drove in 92, and stole nine bases. Perhaps his best trait compared to his peers is that he is an asset to your ratio numbers. He slashed .281/.365/.466 in 2024, which is not an aberration compared to his career. Aside from having to use an early pick on him, there isn't much downside to the younger Contreras.",,2025
33,Manny Machado,SD,"3B,DH",33,33.0,"Manny Machado (SD - 3B,DH)",381,.266|80R|29HR|94RBI|8SB,https://www.fantasypros.com/mlb/players/manny-machado.php,Machado,".266|80R|29HR|94RBI|8SB
Manny Machado continued to produce, even in his age-31 season, and provided fantasy managers with 152 games played for the third time in the last four years. He hit 29 homers, drove in 105, scored 77, and somehow got to 11 steals. His slash line of .275/.325/.472 remains aligned with his career numbers. The primary blemish on Machado's growing resume is that his walk rate has declined for four straight years, which should eventually impact his batting average more than we would like. However, you cannot argue with history, and Machado has hit 28 or more home runs every year since 2015 (save for 2020). As far as the hot corner goes, he remains squarely in Tier 1 heading into 2025.",,2025
34,Corbin Burnes,ARI,SP,34,34.0,Corbin Burnes (ARI - SP),390,13-8-0SV|3.54|1.16|8.84K9,https://www.fantasypros.com/mlb/players/corbin-burnes.php,Burnes,"13-8-0SV|3.54|1.16|8.84K9
Corbin Burnes started 32 games for the Orioles in 2024, throwing 194 1/3 innings while striking out 181 batters. He had a shiny 2.92 ERA and 1.10 WHIP and signed a six-year contract with the Diamondbacks in the offseason. Now entering his age-30 season, there are a couple of red flags regarding the righty going forward. The biggest one is his K%, which continued its decline for the fifth year in a row. Last year's 23.1 strikeout rate moved him directly into the 50th percentile of pitchers, which is a tough pill to swallow for many fantasy managers. The good news is that his other underlying metrics remain strong, though his ERA will probably land closer to 3.4 than the 2.9 we enjoyed in 2024. Overall, Burnes is still an ace, albeit not at the same level he once was.",,2025
35,Garrett Crochet,BOS,SP,35,35.0,Garrett Crochet (BOS - SP),395,12-7-0SV|3.14|1.09|11.72K9,https://www.fantasypros.com/mlb/players/garrett-crochet-p.php,Crochet,"12-7-0SV|3.14|1.09|11.72K9
Garrett Crochet arrived in 2024 for his first year as a full-time starter and dazzled to the tune of a 3.58 ERA and 1.07 WHIP. He threw 146 innings and struck out 209 batters while winning only six games on the most historically awful baseball team in MLB. Now he has moved to Boston, which is less friendly to pitchers, but he may enjoy the luxury of a competent defense and some run support. Now that he has one full season as a starter, his innings should increase in 2025, making him a valuable SP1 in all formats.",,2025
36,Chris Sale,ATL,SP,36,37.0,Chris Sale (ATL - SP),427,13-7-0SV|3.12|1.08|10.97K9,https://www.fantasypros.com/mlb/players/chris-sale.php,Sale,"13-7-0SV|3.12|1.08|10.97K9
Chris Sale has perenially been the ""If he can stay healthy"" pitcher, and in 2024, he finally showed us what that looked like. In his age-35 season, Sale pitched 177 2/3 innings, held a fantasy-happy 18-3 record, struck out 225 batters, and had a 2.38 ERA with a 1.01 WHIP. It was his best year since 2017, so now the question is: Does he have another one of these in him? Pitchers at age 36 are risky, and part of what made Sale's 2024 so magical was his low draft-day cost. At this point, he will cost you a third-round pick, which seems too high for someone with his profile. However, we circle back to the ""If he can stay healthy"" mantra; if he can offer a repeat, he'll return value in spades. How much risk you want to take in your SP1 slot is up to you.",,2025
37,Corey Seager,TEX,SS,37,38.0,Corey Seager (TEX - SS),376,.281|77R|29HR|80RBI|2SB,https://www.fantasypros.com/mlb/players/corey-seager.php,Seager,".281|77R|29HR|80RBI|2SB
In 2024, Corey Seager hit 30 home runs for the third year in a row; unfortunately, he also dealt with a variety of injuries that limited him to 123 games. This seems to be the profile for the 30-year-old shortstop at this point. Seager can hit the cover off the ball, hits for average, and gets on base at a wild clip. He'll score 80+ runs and drive in 75+. The only issue for fantasy managers is that he has played more than 150 games only twice in his career since 2015. You'll need to consider an IL stint when drafting him, but he is a cheaper, high-end choice at shortstop than the top tier.",,2025
38,Pete Alonso,NYM,1B,38,38.0,Pete Alonso (NYM - 1B),377,.241|86R|35HR|99RBI|4SB,https://www.fantasypros.com/mlb/players/peter-alonso.php,Alonso,".241|86R|35HR|99RBI|4SB
Pete Alonso continued to mash the ball in 2024, hitting 34 home runs, though this was his career-low total and probably not the number fantasy managers were hoping for when they drafted him. After a lengthy offseason of rumors, Alonso is returning to New York to bat behind Francisco Lindor and Juan Soto. Projections have him nearing the 40-homer mark, and he should get back to 100 RBIs easily with those two ahead of him. Just be aware that his numbers are trending in the wrong direction to be the monster power source he used to be in fantasy.",,2025
39,Cole Ragans,KC,SP,39,39.0,Cole Ragans (KC - SP),391,12-9-0SV|3.52|1.20|10.20K9,https://www.fantasypros.com/mlb/players/cole-ragans.php,Ragans,"12-9-0SV|3.52|1.20|10.20K9
Cole Ragans was a hot entity heading into the 2024 fantasy season, and he delivered on expectations. He pitched 186 1/3 innings, struck out 223 batters, and ended with a 3.14 ERA and a 1.14 WHIP. His xERA and xFIP mostly backed up these numbers, and his 29.3% K rate landed him in the 88th percentile of the league. He walked a few more batters than fantasy managers would have liked (8.8 BB%) and seemed to run out of steam near the end of the season. However, he has plenty of upside heading into 2025 and can hold down a fantasy rotation's SP1 spot.",,2025
40,Dylan Cease,SD,SP,40,42.0,Dylan Cease (SD - SP),420,13-9-0SV|3.50|1.16|10.60K9,https://www.fantasypros.com/mlb/players/dylan-cease.php,Cease,"13-9-0SV|3.50|1.16|10.60K9
Dylan Cease escaped from the White Sox in time to deliver a steady season as the Padres' ace. The 28-year-old struck out 224 batters in 189 1/3 innings on his way to a 3.47 ERA and a 1.07 WHIP. He is in the 92nd percentile in Whiff% (32.4) and maintained a 29.4 K%. He set a new career-low walk rate at 8.5%, impressive for a pitcher who has struggled with free passes for much of his career. Cease will provide fantasy managers with a steady stream of strikeouts and 30+ starts. Just don't expect a return of his 2022 numbers anytime soon.",,2025
41,Oneil Cruz,PIT,"OF,SS",41,43.0,"Oneil Cruz (PIT - OF,SS)",310,.253|79R|25HR|81RBI|21SB,https://www.fantasypros.com/mlb/players/oneil-cruz-3b.php,Cruz,".253|79R|25HR|81RBI|21SB
Oneil Cruz had his first healthy season in the majors and produced a 20/20 season while also picking up dual eligibility by moving to the outfield. The 26-year-old played 146 games, scoring 72 runs, knocking in 76, and slashing .259/.324/.449. The downside of Cruz is his propensity to strikeout (30.2% K-rate). He sits in the 97th percentile or higher in average exit velocity, barrel percentage, hard hit percentage, and bat speed. The talent is there to get to a 25/25 season; just don't expect him to hit much above .250.",,2025
42,Kyle Schwarber,PHI,DH,42,44.0,Kyle Schwarber (PHI - DH),359,.226|95R|37HR|93RBI|4SB,https://www.fantasypros.com/mlb/players/kyle-schwarber.php,Schwarber,".226|95R|37HR|93RBI|4SB
Kyle Schwarber delivered another stellar season, showcasing his trademark consistency by blasting 38 home runs, crossing the plate 110 times, and driving in 104 runs. In 2024, he added a .248 batting average to his résumé, stole five bases, and kept his strikeout total under 200 for the first time since 2021-a season in which he played just 113 games. At 31 years old, Schwarber's skill set remains well-suited for maintaining his production. Batting in the heart of a potent Phillies lineup, he's primed to keep racking up numbers. With free agency looming after 2025, he could also bring an extra edge to his performance. Just be prepared to balance out his impact on your team's batting average while enjoying the power surge.",,2025
43,Jose Altuve,HOU,2B,43,45.0,Jose Altuve (HOU - 2B),359,.270|86R|20HR|68RBI|17SB,https://www.fantasypros.com/mlb/players/jose-altuve.php,Altuve,".270|86R|20HR|68RBI|17SB
Jose Altuve bounced back from his injury-plagued 2023 and played 153 for the Astros in 2024. He hit 20 home runs and stole 22 bases, the most since 2017. However, he is now entering his age-35 season, and we need to ask if the decline is in store sooner rather than later. His expected stats suggest Altuve experienced more luck than usual last season. His xBA was .262, compared to his final line of .295. Hix xSLG is perhaps even more concerning, dropping below .400 for the first time since 2015. The chances of him reaching 20 steals again seem low, but he can still get to the 15 mark fairly easily. Second base remains a difficult position to fill, so Altuve still has plenty of value. But don't pay for the player of yesteryear in case Father Time arrives early in 2025.",,2025
44,Emmanuel Clase,CLE,RP,44,46.0,Emmanuel Clase (CLE - RP),338,4-3-35SV|2.63|1.02|8.67K9,https://www.fantasypros.com/mlb/players/emmanuel-clase.php,Clase,"4-3-35SV|2.63|1.02|8.67K9
Emmanuel Clase fell just short of leading MLB in saves for the third year in a row. He still closed 47 games for the Guardians, setting the team's single-season record. Clase threw 74 1/3 innings with a microscopic 0.61 ERA and 0.66 WHIP. Clase offers a devastating combo of cutter/slider that keeps opposing batters off balance and unable to make good contact. He also doesn't walk people. However, he doesn't strike many out (K% of 24.4), but the trade-off is well worth it to have the top closer on a good team. Clase is RP1 in 2025, and it's not close.",,2025
45,Blake Snell,LAD,SP,45,46.0,Blake Snell (LAD - SP),391,12-6-0SV|3.34|1.17|11.71K9,https://www.fantasypros.com/mlb/players/blake-snell.php,Snell,"12-6-0SV|3.34|1.17|11.71K9
The story is often the same with Blake Snell. He can be absolutely brilliant on the mound, as he was in the second half of last season following a return from injury. He had a 114:30 K:BB ratio in that time and looked like the Cy Young Award winner he is. However, early in the season, he was atrocious and caused many fantasy managers to question whether to throw him on the waiver wire versus riding the roller coaster. Snell will have games that single-handedly ruin your ratios in a weekly H2H matchup, and then he will turn around and win you the next three. His underlying metrics are brilliant, but minus the walks, which have always been problematic. And now that he is playing in Los Angeles, he should get a boost in win totals and plenty of run support. Keep in mind that Snell has only pitched 180 innings twice in his career, so drafting him most likely means an IL stint or two, but if you get the ""Good"" version, it'll be worth the tradeoff.",,2025
46,Wyatt Langford,TEX,"DH,OF",46,46.0,"Wyatt Langford (TEX - DH,OF)",348,.264|79R|21HR|75RBI|18SB,https://www.fantasypros.com/mlb/players/wyatt-langford.php,Langford,".264|79R|21HR|75RBI|18SB
Wyatt Langford entered the 2024 season as one of the most anticipated rookies, and his debut campaign was a rollercoaster ride. He finished on a high note, posting a .300 batting average in September while launching eight of his 16 home runs and collecting 20 RBI and 25 runs during the month. Langford appears to have navigated the typical challenges of a rookie season, potentially setting himself up to avoid the notorious ""sophomore slump."" Fantasy managers can reasonably expect a 20/20 season (he tallied 16 homers and 19 steals in 2024), with the potential for improved counting stats if the Texas lineup remains healthy. He's a reliable OF2/OF3 option with plenty of upside for fantasy rosters.",,2025
47,Brent Rooker,ATH,DH,47,47.0,Brent Rooker (ATH - DH),337,.254|82R|36HR|92RBI|8SB,https://www.fantasypros.com/mlb/players/brent-rooker.php,Rooker,".254|82R|36HR|92RBI|8SB
Brent Rooker delivered a standout fantasy season in 2024, launching 39 home runs, driving in 112 runs, scoring 82 times, and even adding 11 stolen bases. His impressive .293/.365/.562 slash line, however, is unlikely to hold up in 2025, as it significantly outpaces his career .243 batting average. The good news is that Rooker's power is legitimate, supported by a .570 xSLG and a 97th percentile Barrel Rate (16.6%). While his 28.8% strikeout rate showed improvement, it still raises concerns, particularly since players at 30 years old rarely sustain such progress. The Athletics' move to Sutter Health Park in Sacramento-a park that favors hitters-could enhance Rooker's counting stats next season. Though he'll start 2025 with only DH eligibility, his potential for 40 home runs places him among an elite group of power hitters, making him a worthwhile addition to fantasy rosters.",,2025
48,Michael Harris II,ATL,OF,48,47.0,Michael Harris II (ATL - OF),355,.284|83R|22HR|76RBI|19SB,https://www.fantasypros.com/mlb/players/michael-harris.php,Harris II,".284|83R|22HR|76RBI|19SB
Michael Harris faced challenges in 2024 due to injuries, which appeared to impact his on-field performance. The 23-year-old also experienced some bad luck, as his .264/.304/.418 slash line fell short of his expected stats (.288 xBA and .470 xSLG). Despite this, he managed to tally 16 home runs and 10 stolen bases, showcasing his potential if he can maintain his health. However, Harris has played fewer games than fantasy managers would hope for from a fourth-round pick in each of his first two seasons. While he remains a strong option, his injury history adds risk, making him a less secure choice as an OF2.",,2025
49,Ozzie Albies,ATL,2B,49,48.0,Ozzie Albies (ATL - 2B),368,.263|81R|21HR|81RBI|12SB,https://www.fantasypros.com/mlb/players/ozhaino-albies.php,Albies,".263|81R|21HR|81RBI|12SB
Ozzie Albies could stake a claim to the 2B1 title if he can stay healthy, which he has struggled to do. In 2024, he managed to play only 99 games and failed to produce much when he was on the field. He hit 10 home runs, scored 52, drove in 53, and only stole eight bases. The concerning note for Albies is that his 2024 stat line looked much like his injury-plagued 2022 year. Of course, in between the two, he produced MVP-like numbers (33/96/109). Which Albies we will get in 2025 remains to be seen. It would be prudent to draft him as though he will end up between those two extremes (think somewhere in the 20/90/80 range) while being hopeful that another 2023 is in store because the upside is definitely there.",,2025
50,Marcell Ozuna,ATL,DH,50,51.0,Marcell Ozuna (ATL - DH),359,.263|83R|32HR|95RBI|1SB,https://www.fantasypros.com/mlb/players/marcell-ozuna.php,Ozuna,".263|83R|32HR|95RBI|1SB
Marcell Ozuna returned to the Braves' lineup in 2024 and delivered nearly identical results to his 2023 campaign. He crushed 39 home runs, drove in 104 runs, and crossed the plate 96 times. Unlike Kyle Schwarber, Ozuna paired his power with a .302 batting average, making him a valuable four-category contributor. However, that lofty average was fueled by an unsustainable .359 BABIP, suggesting he's likely to revert closer to his career mark of .272. Still, with Atlanta's offense at full strength and Ozuna playing in a contract year, he remains a worthy staple in your utility slot.",,2025
51,James Wood,WSH,OF,51,52.0,James Wood (WSH - OF),301,.262|75R|20HR|70RBI|18SB,https://www.fantasypros.com/mlb/players/james-wood.php,Wood,".262|75R|20HR|70RBI|18SB
James Wood joined the Nationals in July 2024 and appeared in 79 games, delivering a performance that had its ups and downs. However, he showed clear progress as the season progressed, particularly in August and September. Wood finished the year with nine home runs, 14 stolen bases, 43 runs scored, and 41 RBIs while posting a respectable .264/.354/.427 slash line. Projected to be an everyday player for Washington next season, Wood has the potential to deliver a strong 20/20 campaign. His impressive Triple-A stats and Rookie of the Year upside will make him a coveted pick in drafts, likely pushing his ADP to around the fifth round.",,2025
52,CJ Abrams,WSH,SS,52,53.0,CJ Abrams (WSH - SS),324,.252|79R|18HR|64RBI|34SB,https://www.fantasypros.com/mlb/players/cj-abrams.php,Abrams,".252|79R|18HR|64RBI|34SB
CJ Abrams had an amazing first half of 2024 in his second full year with Washington before a miserable second half left fantasy managers wondering what happened. He was demoted to Triple-A after a team curfew violation in September and ended the season with 138 games played. He hit 20 home runs and stole 31 bases while slashing .246/.314/.433 for the season. Abrams's Statcast page is pretty ugly; he is barely above the 50th percentile in only four categories. However, he has 20/30 potential in 2025, which is enticing for those who wait at shortstop past the top tier.",,2025
53,Teoscar Hernandez,LAD,OF,53,53.0,Teoscar Hernandez (LAD - OF),317,.259|81R|29HR|95RBI|9SB,https://www.fantasypros.com/mlb/players/teoscar-hernandez.php,Hernandez,".259|81R|29HR|95RBI|9SB
Teoscar Hernández capitalized on his contract year with an impressive season. The 32-year-old joined the Dodgers and filled their need for a right-handed power bat to complement the top of their lineup. He delivered 33 home runs, 99 RBIs, 84 runs scored, and 12 stolen bases while slashing .272/.339/.501. Hernández continued to dominate left-handed pitching, hitting .290 against southpaws. However, his strikeout rate remained elevated at 28.8%, though his power mitigates some of the downside. Now that he is returning to L.A. to continue batting in the middle of the best order in baseball, Hernandez offers a solid return as an OF2/OF3 in fantasy.",,2025
54,Yoshinobu Yamamoto,LAD,SP,54,56.0,Yoshinobu Yamamoto (LAD - SP),361,12-6-0SV|3.36|1.10|9.41K9,https://www.fantasypros.com/mlb/players/yoshinobu-yamamoto.php,Yamamoto,"12-6-0SV|3.36|1.10|9.41K9
Yoshinobu Yamamoto struggled mightily in his first start in 2024, but then he settled in to be the ace-like pitcher the Dodgers expected him to be. Unfortunately, he only managed 18 starts as he dealt with a rotator cuff strain. His numbers were solid, however. In 90 innings, he struck out 105 batters and maintained a 3.00 ERA and 1.11 WHIP. Pitching for the Dodgers never hurt anyone and provides fantasy managers with the potential for more wins than with other ballclubs. The question with Yamamoto is how durable he will be and how many innings he will throw in 2025. The underlying stats say he could be an SP1, but he is best considered an SP2 on draft day.",,2025
55,Framber Valdez,HOU,SP,55,57.0,Framber Valdez (HOU - SP),387,13-8-0SV|3.34|1.19|8.60K9,https://www.fantasypros.com/mlb/players/framber-valdez.php,Valdez,"13-8-0SV|3.34|1.19|8.60K9
Framber Valdez continued his steady ways in 2024, starting 28 games and pitching 176 1/3 innings. He finished the year with a 2.91 ERA and 1.11 WHIP and struck out 169 batters. Valdez lives and dies by the ground ball, sitting in the 99th percentile in the ground ball rate at 61.7%. There is nothing particularly wrong with Valdez, though when he gets hit, he gets hit hard, and his xERA was a half-run higher at 3.41. The trick with him in fantasy is simply that he doesn't strike out as many batters as other pitchers drafted in the same vicinity. He does offer the safest floor, so depending on where else you want to take your risks, Valdez may be a worthwhile SP2 anchor to your staff.",,2025
56,Jacob deGrom,TEX,SP,56,58.0,Jacob deGrom (TEX - SP),334,9-5-0SV|2.96|0.94|11.82K9,https://www.fantasypros.com/mlb/players/jacob-degrom.php,deGrom,"9-5-0SV|2.96|0.94|11.82K9
And here we go again... Whether or not you're willing to roster Jacob deGrom in fantasy baseball should be the sole question on any risk tolerance survey. The 36-year-old started three games in 2024, pitching 10 2/3 innings with 14 strikeouts and one walk. Those three starts pushed him up to 20 total across the 2022-2024 seasons and 47 since 2019. When healthy, he is as elite as elite gets, but calling his health ""tenuous"" is a full-blown euphemism. Someone on draft day will imagine the best and put him on their team, and it could be you if you want to ride that roller coaster. However, he is currently going in the fourth round of NFBC drafts, so this isn't a late-round dart throw. It's entirely up to you.",,2025
57,Michael King,SD,SP,57,58.0,Michael King (SD - SP),362,12-9-0SV|3.58|1.21|9.72K9,https://www.fantasypros.com/mlb/players/michael-king.php,King,"12-9-0SV|3.58|1.21|9.72K9
Astute managers grabbed Michael King late in 2024 drafts, and he rewarded them handsomely. After five years with the Yankees, pitching in every imaginable scenario, the Padres nabbed him in the Juan Soto deal and made him a starter. He started 30 games, pitched 173 2/3 innings, struck out 201 batters, and held down a 2.95 ERA and 1.19 WHIP. King is masterful at inducing weak contact, sitting in the 99th percentile in average exit velocity and 97th percentile in hard-hit percentage. The only thing of note is that his xERA was 3.54, suggesting he had some luck in 2024 that kept his sub-3 ERA intact. Other than that, though, King is primed to reach SP1 status in 2025 and should be targeted in most leagues.",,2025
58,Devin Williams,NYY,RP,58,60.0,Devin Williams (NYY - RP),330,4-3-32SV|2.80|1.13|12.52K9,https://www.fantasypros.com/mlb/players/devin-williams-p.php,Williams,"4-3-32SV|2.80|1.13|12.52K9
Devin Williams had a truncated 2024 season due to back fractures, but he returned to form after resuming closer duties. He racked up 14 saves while only blowing one of them and struck out 38 batters in 21 2/3 innings for a ridiculous 43.2% strikeout rate. He will always walk more people than we'd like for fantasy purposes, but it's the trade-off for one of the top strikeout artists in the closer role. Now in the Bronx, Williams will be the ninth-inning guy for the Yankees with all the job security in the world.",,2025
59,Adley Rutschman,BAL,"C,DH",59,62.0,"Adley Rutschman (BAL - C,DH)",338,.258|74R|18HR|69RBI|2SB,https://www.fantasypros.com/mlb/players/adley-rutschman.php,Rutschman,".258|74R|18HR|69RBI|2SB
Adley Rutschman took a step back in 2024 compared to his stellar 2023 season. The 26-year-old appeared in 148 games, serving as the designated hitter in 45 of them, and slashed a disappointing .250/.318/.391. He hit 19 home runs, driving in 79 and scoring 68. His numbers in the second half of the year were abysmal, as he batted only .207 with only three home runs. Of most concern was his 100-point drop in OPS. Rutschman is being taken as the second catcher off the board, as there is hope that he can return closer to his 2023 numbers; however, his Statcast page suggests 2024 wasn't a terrible outlier of a season. There may be similar talent later in the draft.",,2025
60,Josh Hader,HOU,RP,60,64.0,Josh Hader (HOU - RP),345,5-3-33SV|3.14|1.08|12.61K9,https://www.fantasypros.com/mlb/players/josh-hader.php,Hader,"5-3-33SV|3.14|1.08|12.61K9
Josh Hader signed his deal with Houston in the offseason and then went out and showed why he'd earned it. The 30-year-old appeared in 71 games, pitching exactly 71 innings and securing 34 saves while blowing only four. He struck out 105 batters and ended with a 3.80 ERA and 0.96 WHIP. He still had a walk rate of 9%, but this was a vast improvement compared to his 13% rate in 2023. He maintains a superb K% (37.8), and batters still only hit .173 against him. The Astros are perhaps not the juggernaut they once were, but they have a top 5 closer with the ability to save 35+ games. When the initial run of closers begins, Hader will be among them and worth a pick if you want to target relievers early.",,2025
61,Shota Imanaga,CHC,SP,61,65.0,Shota Imanaga (CHC - SP),358,11-8-0SV|3.65|1.12|8.92K9,https://www.fantasypros.com/mlb/players/shota-imanaga.php,Imanaga,"11-8-0SV|3.65|1.12|8.92K9
Shota Imanaga arrived at MLB and upstaged his fellow countryman, Yoshinobu Yamamoto, mostly by staying healthy. Imanaga started 29 games for the Cubs, pitching 173 1/3 innings and racking up 174 strikeouts while maintaining a 2.91 ERA and 1.02 WHIP. He also kicked in a 15-3 record to boost his fantasy impact. His 25.1% strikeout rate and microscopic 4.0% walk rate furthered his case as Chicago's ace. The biggest red flag for Imanaga this season is that his 2.91 ERA was a mirage, thanks to an unsustainable 80.2% LOB percentage. His xERA was 3.46, and that should be closer to the expectation going forward. Imanaga is a high-end SP2 on draft day.",,2025
62,Pablo Lopez,MIN,SP,62,66.0,Pablo Lopez (MIN - SP),395,12-10-0SV|3.70|1.16|9.39K9,https://www.fantasypros.com/mlb/players/pablo-lopez.php,Lopez,"12-10-0SV|3.70|1.16|9.39K9
For much of 2024, Pablo Lopez struggled while his underlying metrics all suggested he was getting snakebit left and right. He pitched 185 1/3 innings, striking out 198 batters on his way to a 4.08 ERA and 1.19 WHIP. His xERA, though, was 3.67. While this isn't an ace-like number, it is perfectly in line with the two years before. Fantasy managers can count on Lopez to take the ball every fifth day, as he's started exactly 32 games since 2022. He set a career-high in wins at 15, though that can't be counted on in 2025. Basically, Lopez is who you want as your SP2 or SP3, and you can wait to get him til the sixth round or so.",,2025
63,Marcus Semien,TEX,2B,63,67.0,Marcus Semien (TEX - 2B),375,.249|89R|22HR|73RBI|11SB,https://www.fantasypros.com/mlb/players/marcus-semien.php,Semien,".249|89R|22HR|73RBI|11SB
The always-reliable Marcus Semien proved to be otherwise in 2024. He still played in 159 games and crossed 700 plate appearances, but the results were less than ideal. He hit 23 home runs and scored 101 runs, but he only knocked in 74 and stole only eight bases, the first time he failed to reach double digits since 2014. Some of Semien's issues came from an abnormally low BABIP of .250 (career of .283). This tanked his slash line to .237/.308/.391, but his underlying stats don't suggest any vast dropoff in performance. However, as he enters his age-34 season, there is always the potential for decline, and he should drop some in drafts as a result.",,2025
64,Lawrence Butler,ATH,OF,64,68.0,Lawrence Butler (ATH - OF),310,.249|78R|23HR|71RBI|18SB,https://www.fantasypros.com/mlb/players/lawrence-butler.php,Butler,".249|78R|23HR|71RBI|18SB
Lawrence Butler made an impressive debut in 2024, showcasing his power-speed combination with 22 home runs and 18 stolen bases. Over 125 games, the 24-year-old contributed 57 RBIs, 63 runs, and a solid .262/.317/.490 slash line, performing in line with his expected stats. While the Athletics' ballpark changes add some uncertainty for hitters, the lineup still offers potential. Butler profiles as a strong mid-round pick with 20/20 upside, making him a reliable OF3 option for fantasy managers.",,2025
65,Josh Naylor,ARI,1B,65,71.0,Josh Naylor (ARI - 1B),372,.264|72R|22HR|88RBI|7SB,https://www.fantasypros.com/mlb/players/josh-naylor.php,Naylor,".264|72R|22HR|88RBI|7SB
Josh Naylor rewarded fantasy managers who drafted him in 2024. He played 152 games for the Guardians, hitting 31 homers with 108 RBIs and scoring 84 runs. Batting behind Steven Kwan and Jose Ramirez definitely has its perks. Naylor is now in Arizona to be the slugging first baseman in the order behind Corbin Carroll and Ketel Marte. While 30 home runs might be too lofty of an expectation, Naylor should land in the 25/80/90 range in 2025, and he should see some improvement in his .249 batting average, which was suppressed due to an outlier BABIP of .246. He leads the second tier of first basemen that you can have for a cheaper cost in the middle rounds.",,2025
66,Willy Adames,SF,SS,66,72.0,Willy Adames (SF - SS),333,.243|80R|25HR|83RBI|13SB,https://www.fantasypros.com/mlb/players/willy-adames.php,Adames,".243|80R|25HR|83RBI|13SB
Willy Adames made the most of his contract year in 2024. He appeared in 161 games and hit career highs in HR (32), RBIs (112), runs (93), and stolen bases (21). He parlayed that performance into a seven-year, $182 million contract with the San Francisco Giants. It also suggests a plethora of red flags heading into 2025. Moving from Milwaukee to San Francisco won't help a right-handed power hitter who strikes out at a fairly rapid clip. He does have a decent walk rate (10.8%), but his career OBP is still .322. Considering he had never stolen double-digit bases before last season, it would be a fool's errand to expect a repeat of that performance. Essentially, Adames is worth a starting shortstop spot on rosters but keep your projections closer to his 2023 than his 2024.",,2025
67,Anthony Santander,TOR,"DH,OF",67,72.0,"Anthony Santander (TOR - DH,OF)",372,.243|81R|33HR|96RBI|2SB,https://www.fantasypros.com/mlb/players/anthony-santander.php,Santander,".243|81R|33HR|96RBI|2SB
Anthony Santander had an impressive 2024 season in his contract year, establishing career highs in games played (155), home runs (44), RBIs (102), and runs scored (91). His slash line of .235/.308/.506, combined with a notable reduction in his strikeout rate from 23.2% to 19.4%, highlighted his growth as a hitter. Now 30 years old, Santander heads to Canada on a deal with the Blue Jays and a questionable lineup around him, though Vladimir Guerrero Jr. will certainly provide RBI opportunities. Santander offers a rare combination of significant power and relatively low strikeout rates (career K% of 20.0), but questions remain about whether he can maintain his production after securing a long-term contract. While he's a reliable mid-round pick, early-round investment carries some risk, as regression could be on the horizon.",,2025
68,Edwin Diaz,NYM,RP,68,72.0,Edwin Diaz (NYM - RP),355,4-3-35SV|2.92|1.05|13.08K9,https://www.fantasypros.com/mlb/players/edwin-diaz.php,Diaz,"4-3-35SV|2.92|1.05|13.08K9
Edwin Diaz returned from injury in 2024 and had a less statistically-dominant season than in 2022. He only had 20 saves and missed some time midseason due to an injury and a suspension. His 38.9% strikeout rate remained elite, though his walk rate bumped up to 9.3%. His ERA of 3.52 was inflated according to his xERA of 2.49, and a WHIP of 1.04 and his 84 strikeouts in 53 2/3 innings will play well on any fantasy team. Diaz should remain one of the first three or four relievers taken off the board in 2025.",,2025
69,Brenton Doyle,COL,OF,69,73.0,Brenton Doyle (COL - OF),276,.248|77R|21HR|68RBI|27SB,https://www.fantasypros.com/mlb/players/brenton-doyle.php,Doyle,".248|77R|21HR|68RBI|27SB
Brenton Doyle took a significant step forward in his second MLB season, showing noticeable improvements at the plate. He cut his strikeout rate from 35% to 25.4% while boosting his walk rate from 5.1% to 7.6%. He posted a solid .260 batting average, though his .317 on-base percentage left room for improvement. Doyle's primary fantasy appeal comes from his counting stats-he tallied 23 home runs and 30 stolen bases despite playing in a struggling Rockies lineup. With 82 runs scored and 72 RBIs, he delivered strong fantasy production. If he maintains similar numbers, Doyle profiles as a reliable OF3 with the upside to push into OF2 territory.",,2025
70,Mason Miller,ATH,RP,70,73.0,Mason Miller (ATH - RP),336,3-3-29SV|2.72|1.00|13.23K9,https://www.fantasypros.com/mlb/players/mason-miller.php,Miller,"3-3-29SV|2.72|1.00|13.23K9
If you're wondering which pitcher sits in the 100th percentile in the most Statcast categories, the answer is Mason Miller. He pitched 65 innings for the Athletics and struck out 104 batters. His ERA was 2.49, but his xERA was 1.76 (100th percentile). Here are the other categories in which he led the league: Opponents batted .150 against him. His fastball velocity is a scorching 100.9 mph. He had a 41.8% strikeout rate and a 40.1 whiff percentage. Basically, he was a pitching machine for a below-average team, which held his save count to 28. If he pitched for a better squad, he'd be the undisputed top closer. But as it stands, he is the god of ratio protection, and you'll be happy he is on your roster if you want to spend a high pick on a reliever.",,2025
71,Christian Walker,HOU,1B,71,76.0,Christian Walker (HOU - 1B),336,.240|76R|29HR|88RBI|5SB,https://www.fantasypros.com/mlb/players/christian-walker.php,Walker,".240|76R|29HR|88RBI|5SB
Christian Walker has been chronically undervalued for most of his career. Over the past three years, he has been a model of consistency, though an oblique injury cut into his production in 2024. He was traded from Arizona to Houston in the offseason, where he will bat in the middle of the order and provide protection for Yordan Alvarez. While he is heading into his age-33 season, Walker should be the fifth first baseman off the board in most drafts and should provide similar production to the four above him at a much cheaper cost.",,2025
72,Aaron Nola,PHI,SP,72,76.0,Aaron Nola (PHI - SP),374,12-9-0SV|3.85|1.16|8.84K9,https://www.fantasypros.com/mlb/players/aaron-nola.php,Nola,"12-9-0SV|3.85|1.16|8.84K9
Aaron Nola had a mixed bag of stats in 2024. He continued his run of durability, starting 33 games, which was his sixth straight year of 30+ starts. After a supremely unlucky 2023, his ERA returned to his career average of 3.57. His 1.20 WHIP was a little higher than usual, and he failed to strike out 200 batters for the first time since 2017, ending at 197. Nola turns 32 this summer, and the only real blemish on his resume is that his K% has dropped each year for the past four, reaching 24% last season, which is in the 58th percentile. While his walk rate has gone up in the past two years, it remains at an acceptable 6.1%. Nola is a good SP2 option and falls into the ""boring but reliable"" category of fantasy pitchers.",,2025
73,George Kirby,SEA,SP,73,78.0,George Kirby (SEA - SP),334,11-8-0SV|3.47|1.07|8.43K9,https://www.fantasypros.com/mlb/players/george-kirby.php,Kirby,"11-8-0SV|3.47|1.07|8.43K9
George Kirby has a fascinating fantasy player profile insofar as the good is REALLY good, but it's not necessarily the thing you want a player to be the best at. Kirby led the league in walk percentage again (3.0), giving up a paltry 23 free passes in 191 innings. This makes your WHIP happy in the vast majority of outings. However, Kirby's strikeout percentage sits in the 50th percentile at 23% and has not improved in his three years in the league. His ERA (3.53) was nothing special, but he did provide 20 quality starts. Essentially, Kirby's value depends on your league and if he's serving as your SP1 or SP2. He is a ratio protector, but you're going to need a strikeout artist elsewhere.",,2025
74,Yainer Diaz,HOU,"C,DH",74,78.0,"Yainer Diaz (HOU - C,DH)",302,.280|66R|19HR|76RBI|1SB,https://www.fantasypros.com/mlb/players/yainer-diaz-c.php,Diaz,".280|66R|19HR|76RBI|1SB
Yainer Diaz became the Astros' starting catcher in 2024, which put a dent in his power numbers given the physical responsibilities of playing the position more regularly. In 148 games, he hit 16 homers with 84 RBI and 70 runs while slashing .299/.325/.441. For some, the catcher position in fantasy is about finding someone who isn't going to hurt you, and Diaz offers that, particularly in batting average. His xBA was the exact same as his actual, and he has a career average of .291. It's possible that the 26-year-old could cross the 20-homer mark in 2025, but you should draft him for his average and RBI potential.",,2025
75,Ryan Helsley,STL,RP,75,79.0,Ryan Helsley (STL - RP),332,4-3-34SV|2.97|1.12|11.06K9,https://www.fantasypros.com/mlb/players/ryan-helsley.php,Helsley,"4-3-34SV|2.97|1.12|11.06K9
Ryan Helsley delivered an exceptional fantasy season in 2024, leading Major League Baseball with 49 saves in 53 opportunities-a 92.5% conversion rate. Over 65 appearances, he posted a 7-4 record with a 2.04 ERA and 79 strikeouts across 66.1 innings. His performance earned him the National League Reliever of the Year award and a spot on the All-MLB First Team. Helsley's dominance is supported by advanced metrics, including a .206 batting average against and a 29.7% strikeout rate, both improvements over his career averages. His 8.6% walk rate, however, suggests room for improvement in command. Notably, his 0.41 home runs per nine innings indicate effective suppression of long balls.​ While it's challenging to predict a repeat of his MLB-leading save total, Helsley's elite skills and role as the Cardinals' closer make him a solid choice for fantasy managers seeking reliability in the saves category.",,2025
76,Salvador Perez,KC,"1B,C,DH",76,81.0,"Salvador Perez (KC - 1B,C,DH)",288,.256|62R|24HR|83RBI|0SB,https://www.fantasypros.com/mlb/players/salvador-perez.php,Perez,".256|62R|24HR|83RBI|0SB
Salvador Perez continued to be a reliable fantasy player in 2024, delivering 27 home runs, 104 RBIs, and 58 runs scored over 158 games. His .271/.330/.456 slash line marked an improvement in on-base percentage compared to his career .303 OBP, thanks to a career-high 44 walks. Perez's power remains legitimate, with a 12.2% barrel rate and an average exit velocity of 91.1 mph, aligning with his career norms. Given his consistent power production and improved plate discipline, Perez remains a valuable option for fantasy managers seeking stability at the catcher position.​",,2025
77,Bryce Miller,SEA,SP,77,81.0,Bryce Miller (SEA - SP),349,11-9-0SV|3.74|1.13|8.58K9,https://www.fantasypros.com/mlb/players/bryce-miller.php,Miller,"11-9-0SV|3.74|1.13|8.58K9
Bryce Miller took another leap forward in 2024, lowering his ERA an entire point and a half down to 2.94. He made 18 quality starts and developed an impressive splitter that kept left-handed batters off-balance for the entire season. While the 18 QS only led to 12 wins, his independent stats suggest that Miller could take another jump in 2025. He has great value in the seventh round or so of 12-team drafts.",,2025
78,Jordan Westburg,BAL,"2B,3B",78,83.0,"Jordan Westburg (BAL - 2B,3B)",293,.257|70R|20HR|71RBI|9SB,https://www.fantasypros.com/mlb/players/jordan-westburg.php,Westburg,".257|70R|20HR|71RBI|9SB
Jordan Westburg returned for his second season in Baltimore and played 107 games, hitting 18 home runs and slashing .264/.312/.481. With the Orioles bringing in the left field fence, Westburg's right-handed power should see a boost in 2025. This is encouraging for fantasy managers, as the 26-year-old hit .303 at home. Westburg will most likely play third base in 2025 unless Jackson Holliday fails to take the leap at second. Either way, with second base this year's version of a wasteland, Westburg holds plenty of value for fantasy managers.",,2025
79,Max Fried,NYY,SP,79,84.0,Max Fried (NYY - SP),359,12-8-0SV|3.34|1.17|8.43K9,https://www.fantasypros.com/mlb/players/max-fried.php,Fried,"12-8-0SV|3.34|1.17|8.43K9
Max Fried delivered a solid fantasy performance in 2024, recording 11 wins against 10 losses over 29 starts, with a 3.25 ERA, 166 strikeouts, and a 1.16 WHIP across 174.1 innings. His underlying metrics support his effectiveness; he induced a 58.8% ground ball rate (leading the National League), held opponents to an average exit velocity of 86.3 mph (second-lowest in the NL), and allowed a hard-hit percentage of 26.1%. His Statcast data further reinforces his performance, with an average exit velocity of 86.3 mph, a hard-hit rate of 34.6%, and a barrel rate of 5%. He signed his eight-year, $218 million contract with the Yankees. While the ballpark is a bit of a downgrade, Fried's consistent performance and ability to induce weak contact make him a solid option for fantasy managers seeking reliability and upside in the 2025 season.",,2025
80,Tyler Glasnow,LAD,SP,80,84.0,Tyler Glasnow (LAD - SP),350,10-5-0SV|3.28|1.06|11.10K9,https://www.fantasypros.com/mlb/players/tyler-glasnow.php,Glasnow,"10-5-0SV|3.28|1.06|11.10K9
Tyler Glasnow delivered a strong performance in 2024, his first season with the Los Angeles Dodgers, achieving career highs in starts (22), innings pitched (134), and strikeouts (168). He posted a 9-6 record with a 3.49 ERA and an impressive 0.95 WHIP. Notably, Glasnow's strikeout rate of 11.3 K/9 and walk rate of 2.4 BB/9 underscore his dominant presence on the mound. His Statcast metrics further highlight his effectiveness, with opponents recording an average exit velocity of 89 mph and a hard-hit rate of 40.1%. However, durability remains a concern for Glasnow. He did not pitch after August 11 due to a strained elbow that prematurely ended his season. Despite these concerns, Glasnow's elite strikeout potential and ability to limit hard contact make him a valuable asset for fantasy managers, provided his health is closely monitored.​",,2025
81,Raisel Iglesias,ATL,RP,81,85.0,Raisel Iglesias (ATL - RP),322,4-3-33SV|3.19|1.08|9.79K9,https://www.fantasypros.com/mlb/players/raisel-iglesias.php,Iglesias,"4-3-33SV|3.19|1.08|9.79K9
Raisel Iglesias had a fantastic 2024 season, saving 34 games, which tied his career high. He maintained a 1.95 ERA and 0.94 WHIP while striking out 68 batters in 69 1/3 innings. Iglesias isn't a strikeout artist in the ninth inning, but his 5% walk rate will easily protect fantasy ratios. He is entering his age-35 season, so there may be some age issues that start to rear their heads, but he has been consistent throughout his career. Iglesias is in the last year of his contract with Atlanta, which means he could possibly be traded out of a closer role if the Braves underperform, but he is still one of the top options on the board.",,2025
82,Cody Bellinger,NYY,"1B,DH,OF",82,85.0,"Cody Bellinger (NYY - 1B,DH,OF)",334,.253|73R|21HR|76RBI|12SB,https://www.fantasypros.com/mlb/players/cody-bellinger.php,Bellinger,".253|73R|21HR|76RBI|12SB
Cody Bellinger experienced the expected regression in 2024 following his stellar 2023 campaign. The 29-year-old outfielder finished with 18 home runs, 78 RBIs, 72 runs scored, and nine stolen bases while slashing .266/.325/.426. Injuries limited him to 130 games, impacting his overall production. Despite the dip in numbers, he opted into his player option to stay with the Cubs and was promptly traded to the Yankees, which could offer a boost to his home run total. The biggest concern is whether he reverts to his 2021-2022 form, when he struggled significantly. Viewing him as an OF3/OF4 in fantasy drafts is reasonable, but there's still the risk that he falls below replacement level.",,2025
83,Bryan Reynolds,PIT,"DH,OF",83,86.0,"Bryan Reynolds (PIT - DH,OF)",334,.264|79R|22HR|78RBI|9SB,https://www.fantasypros.com/mlb/players/bryan-reynolds.php,Reynolds,".264|79R|22HR|78RBI|9SB
Bryan Reynolds remains one of the most dependable options in fantasy baseball, delivering another steady season in 2024. He posted 24 home runs, 88 RBIs, 73 runs, and 10 steals while improving his batting average to .275 after hovering in the .260s the previous two years. Reynolds is the type of player who quietly excels-consistent, reliable, and unfazed by the ups and downs. At 29, he may not bring much flash, but for an OF3, reliability often outweighs excitement. Few players offer a steadier floor than Reynolds.",,2025
84,Logan Webb,SF,SP,84,86.0,Logan Webb (SF - SP),388,13-9-0SV|3.39|1.18|7.62K9,https://www.fantasypros.com/mlb/players/logan-webb.php,Webb,"13-9-0SV|3.39|1.18|7.62K9
Logan Webb continued being MLB's Mr. GroundBall in 2024, boasting a 57.2% ground ball rate while throwing 204 2/3 innings. Webb's durability and compiled innings are his claim to fantasy relevancy, as his 20.5% strikeout rate requires volume to have a positive impact. Of note, his 3.41 ERA featured some luck with an xERA of 4.31, and his WHIP jumped to 1.23 from 1.07. He has double-digit wins in each of the last two years, which again is more of a product of his innings than anything else. Webb offers solid SP3 numbers, but it is prudent not to expect more than he has been since 2022.",,2025
85,Luis Robert Jr.,CWS,OF,85,88.0,Luis Robert Jr. (CWS - OF),276,.247|73R|25HR|71RBI|24SB,https://www.fantasypros.com/mlb/players/luis-robert.php,Robert Jr.,".247|73R|25HR|71RBI|24SB
Luis Robert's highly anticipated 2024 season quickly turned into a major disappointment. After a breakout 2023 campaign where he played 145 games and set career highs across the board, his production regressed significantly, resembling his 2022 struggles. Despite appearing in 100 games, his home run total plummeted from 38 to just 14, and while he swiped 23 bases, it wasn't nearly enough to compensate for his dreadful .224/.278/.379 slash line. Even more concerning, his expected batting average (xBA) was an even lower .215. Playing on a historically bad White Sox team certainly didn't help, and with little lineup protection around him, there's little reason for optimism. Unless he comes at a significant draft discount, it's best to look elsewhere.",,2025
86,Seiya Suzuki,CHC,"DH,OF",86,88.0,"Seiya Suzuki (CHC - DH,OF)",295,.263|72R|20HR|70RBI|12SB,https://www.fantasypros.com/mlb/players/seiya-suzuki.php,Suzuki,".263|72R|20HR|70RBI|12SB
Seiya Suzuki battled injuries in 2024, which disrupted an otherwise strong season. The 30-year-old outfielder posted 21 home runs, 74 runs scored, 73 RBIs, and 16 stolen bases while delivering a valuable .283/.366/.482 slash line for fantasy managers. One concern is a rise in strikeout rate from 22.3% to 27.4%, but his HardHit% and wOBA continued to improve for a third straight year. Given his consistent production, Suzuki remains a solid mid-round target as an OF3 in fantasy drafts.",,2025
87,Spencer Schwellenbach,ATL,SP,87,88.0,Spencer Schwellenbach (ATL - SP),335,12-8-0SV|3.66|1.15|8.62K9,https://www.fantasypros.com/mlb/players/spencer-schwellenbach.php,Schwellenbach,"12-8-0SV|3.66|1.15|8.62K9
Spencer Schwellenbach jumped from A+ and Double-A ball directly to the majors and made an impact for Atlanta almost immediately. He started 21 games for the Braves, pitching 123 2/3 innings and striking out 127 batters. He ended the year with a 3.35 ERA and 1.04 WHIP. He offers a full six-pitch arsenal and sat in the 96th percentile in chase rate (34.2%) and the 95th percentile in walk rate (4.6%). That combo is going to serve fantasy managers well heading into 2025. After missing the entire 2022 season due to Tommy John surgery, Schwellenbach may be somewhat overlooked on draft day, but he has the potential to be a top sleeper in 2025.",,2025
88,Cal Raleigh,SEA,C,88,88.0,Cal Raleigh (SEA - C),280,.223|68R|29HR|83RBI|3SB,https://www.fantasypros.com/mlb/players/caleb-raleigh.php,Raleigh,".223|68R|29HR|83RBI|3SB
Cal Raleigh holds down most of the power at the catcher position on his own. He hit 34 home runs last season and has 91 over the past three years, far and away the most among backstops. He is a batting average liability (.220), and his .312 OBP leaves much to be desired. However, he collected 100 RBI, scored 73 runs, and even stole six bases. If you can find a way to offset his ratios, Raleigh offers plenty of upside in 2025 at the most difficult position to fill.",,2025
89,Mark Vientos,NYM,3B,89,88.0,Mark Vientos (NYM - 3B),280,.243|73R|29HR|87RBI|1SB,https://www.fantasypros.com/mlb/players/mark-vientos.php,Vientos,".243|73R|29HR|87RBI|1SB
Mark Vientos did not start 2024 in New York, but by the time the season was over, he was in the big leagues and behind only Pete Alonso and Francisco Lindor in team home runs. Vientos played 111 games, smacking 27 home runs, driving in 71, and scoring 58 runs. He slashed an impressive .266/.322/.516 and is in the 92nd percentile in barrel percentage at 14.1. Vientos is going to strike out more than we'd like (29.7% K rate), and his xBA was only .246. However, he now gets to bat behind both Lindor and Juan Soto, which should lead to many more RBI opportunities. Don't expect any stolen bases, but the 25-year-old is a perfectly serviceable third baseman on fantasy rosters.",,2025
90,Mike Trout,LAA,OF,90,89.0,Mike Trout (LAA - OF),296,.257|69R|28HR|72RBI|7SB,https://www.fantasypros.com/mlb/players/mike-trout.php,Trout,".257|69R|28HR|72RBI|7SB
Mike Trout has firmly landed in the ""What if?"" category for both fantasy and real-life baseball. He started the 2024 season looking like his old self, tearing through the first 29 games with 10 home runs and six stolen bases. Then, just like that, his season ended due to a knee injury, leaving fantasy managers who took a mid-round chance on him wondering what could have been. Now, he carries nearly every durability concern possible heading into 2025. Before drafting him, consider that he hasn't reached 500 plate appearances in a season since 2019. While his production when healthy remains elite, in head-to-head leagues, missing significant time can sink your chances. The move to RF should help him stay healthy, but that's a heavy dice to roll. There's still a point where he becomes worth the gamble, but for the first time in his career, that might not come until the double-digit rounds.",,2025
91,Bailey Ober,MIN,SP,91,89.0,Bailey Ober (MIN - SP),349,10-9-0SV|3.92|1.12|9.23K9,https://www.fantasypros.com/mlb/players/bailey-ober.php,Ober,"10-9-0SV|3.92|1.12|9.23K9
Bailey Ober delivered a solid performance for the Twins in 2024, posting a 12-9 record with a 3.98 ERA over 178.2 innings pitched. He tallied 191 strikeouts against just 43 walks resulted in a 1.00 WHIP, which was a career best. Ober's advanced metrics further underscore his improvement; he maintained an average exit velocity of 87.5 mph and a hard-hit rate of 34.3%, both improvements over previous seasons. Notably, his expected weighted on-base average (xwOBA) stood at .279, indicating that his actual performance aligns closely with underlying metrics. While his 8.3% barrel rate suggests occasional susceptibility to hard contact, Ober's consistent ability to limit baserunners and generate strikeouts positions him as a solid SP3 in 2025.",,2025
92,Junior Caminero,TB,3B,92,91.0,Junior Caminero (TB - 3B),307,.263|69R|24HR|79RBI|5SB,https://www.fantasypros.com/mlb/players/junior-caminero.php,Caminero,".263|69R|24HR|79RBI|5SB
​Junior Caminero arrived late in the season with the Tampa Bay Rays and recorded a .248 batting average, six home runs, 18 RBIs, and two stolen bases over 43 games. His .299 on-base percentage and .424 slugging percentage resulted in a .723 OPS, aligning closely with his expected metrics (.301 xwOBA). Caminero's power potential is evident, boasting an 11.8% barrel rate and an average exit velocity of 89.7 mph. His 22.5% strikeout rate is reasonable for a young power hitter, though his 6.9% walk rate suggests room for improvement in plate discipline. At just 21 years old, Caminero's combination of power and developing contact skills positions him as an exciting prospect for 2025 fantasy rosters.​",,2025
93,Luis Castillo,SEA,SP,93,92.0,Luis Castillo (SEA - SP),373,12-10-0SV|3.65|1.17|9.11K9,https://www.fantasypros.com/mlb/players/luis-castillo.php,Castillo,"12-10-0SV|3.65|1.17|9.11K9
Luis Castillo is trending the wrong way. Now 32, the righty saw his ERA and WHIP climb for the third straight season, and his 24.3% strikeout rate was the lowest since his last full season in Cincinnati. Castillo stopped throwing his changeup with as much efficacy as he has throughout his career, and he suffered a 41.9% hard-hit percentage while giving up 25 home runs. Seattle's offense does not offer much in the way of run support, so the win equity also isn't there. Red flags abound for Castillo; plenty of pitchers being drafted around him are much safer options.",,2025
94,Hunter Greene,CIN,SP,94,93.0,Hunter Greene (CIN - SP),355,10-8-0SV|3.83|1.16|10.43K9,https://www.fantasypros.com/mlb/players/hunter-greene.php,Greene,"10-8-0SV|3.83|1.16|10.43K9
Hunter Greene delivered an impressive 2024 season, posting a 9-5 record with a 2.75 ERA over 26 starts, totaling 150 1/3 innings pitched. He struck out 169 batters, demonstrating his dominance on the mound. He maintained a WHIP of 1.02. While his career ERA stands at 3.90, his 2024 performance suggests a positive trend. Fantasy managers should monitor Greene's health, as he was placed on the injured list in August 2024 due to right elbow soreness. Assuming he remains healthy, Greene's high strikeout potential and improving control make him a solid SP3 with SP2 upside for the upcoming season.",,2025
95,Alex Bregman,BOS,3B,95,93.0,Alex Bregman (BOS - 3B),396,.260|82R|22HR|82RBI|3SB,https://www.fantasypros.com/mlb/players/alex-bregman.php,Bregman,".260|82R|22HR|82RBI|3SB
Alex Bregman landed in Boston as a free agent in the offseason, a park that may reduce his home run total, but he should punish the Green Monster plenty during the year. Last season, the 30-year-old was snakebit by a .264 BABIP and an absurdly low walk rate at 6.9%. (His career number is 13.4%.) Assuming both of these numbers bounce back in 2025, Bregman offers a stable floor in an excellent lineup. The chance that he could get 2B eligibility would catapult his value even further.",,2025
96,Matt McLain,CIN,"2B,SS",96,95.0,"Matt McLain (CIN - 2B,SS)",285,.252|74R|21HR|70RBI|18SB,https://www.fantasypros.com/mlb/players/matt-mclain.php,McLain,".252|74R|21HR|70RBI|18SB
Matt McLain's 2024 season was unfortunately curtailed due to injury. After a promising 2023 rookie year with the Cincinnati Reds, where he posted a .290 batting average, 16 home runs, 50 RBIs, and 14 stolen bases over 89 games, McLain faced health setbacks in 2024. He began the season on the injured list, recovering from a right oblique strain sustained in late August 2023. Despite efforts to return, including a brief rehab assignment in September 2023, he re-aggravated the injury and was shut down for the remainder of the season. In March 2024, McLain underwent shoulder surgery to repair a labrum tear and cartilage damage, sidelining him indefinitely. As of March 2025, McLain is actively participating in spring training, aiming to regain his form and secure his spot in the Reds' lineup for the upcoming season.",,2025
97,Willson Contreras,STL,"C,DH",97,97.0,"Willson Contreras (STL - C,DH)",276,.247|69R|22HR|69RBI|6SB,https://www.fantasypros.com/mlb/players/willson-contreras.php,Contreras,".247|69R|22HR|69RBI|6SB
Willson Contreras had a truncated but productive 2024 season for the Cardinals, posting a .262 batting average with 15 home runs, 36 RBIs, and 48 runs scored over 84 games. His .380 on-base percentage and .468 slugging percentage contributed to an impressive .848 OPS. A fractured left forearm sustained on May 7 limited his playing time, but his .370 wOBA and .365 xwOBA continue to make him an excellent fantasy catcher.",,2025
98,Tanner Bibee,CLE,SP,98,100.0,Tanner Bibee (CLE - SP),353,11-9-0SV|3.67|1.16|9.29K9,https://www.fantasypros.com/mlb/players/tanner-bibee.php,Bibee,"11-9-0SV|3.67|1.16|9.29K9
Tanner Bibee was one of the most anticipated starting pitchers coming into 2024, and he delivered a fantastic season. He started 31 games, pitching 173 2/3 innings and striking out 187 batters on his way to a 3.47 ERA and 1.12 WHIP. That being said, some concerning underlying numbers make him a bit risky in 2025. Bibee gave up 1.14 HR/9, and his fastball proved to be extremely hittable. Opposing batters slugged .476 off the pitch with an xBA of .283. A four-seamer with those numbers can spell trouble, particularly against teams that face him more often. Bibee should have good win equity in 2025, but he is much better seen as an SP3 than the ace of your fantasy staff.",,2025
99,Roki Sasaki,LAD,SP,99,100.0,Roki Sasaki (LAD - SP),305,10-6-0SV|3.58|1.14|10.58K9,https://www.fantasypros.com/mlb/players/roki-sasaki.php,Sasaki,"10-6-0SV|3.58|1.14|10.58K9
​Roki Sasaki continued to impress in the 2024 season with the Chiba Lotte Marines, posting a 10-5 record, a 2.35 ERA, and 129 strikeouts over 111 innings. Known for his blazing fastball, which has touched 102.5 mph, and a devastating splitter that induced a remarkable 57.1% whiff rate in 2024, Sasaki's arsenal is such that fantasy managers cannot wait for his arrival. At 23, Sasaki's trajectory points toward further growth and adaptation as he transitions to Major League Baseball. However, it will be important to note what the Dodgers plan to do with their extremely formidable rotation and whether they will limit Sasaki's innings in his first year. It will be hard to avoid reaching for him in drafts because the upside may be just too enticing.",,2025
100,Riley Greene,DET,"DH,OF",100,100.0,"Riley Greene (DET - DH,OF)",321,.266|82R|22HR|75RBI|7SB,https://www.fantasypros.com/mlb/players/riley-greene-of.php,Greene,".266|82R|22HR|75RBI|7SB
Riley Greene was a popular sleeper pick last season, and he backed up the hype with a strong performance. The 23-year-old outfielder launched 24 home runs, tallied 82 runs, and drove in 74 RBIs. While his batting average dipped slightly from .288 to .267, his overall slash line of .267/.347/.Four hundred fifty-seven remained solid. Notably, Greene continued to refine his approach at the plate, lowering his strikeout rate for the third consecutive season while boosting his walk rate from 8.4% to 11.0%. He may not be the flashiest name, but that works to your advantage-his value often exceeds his draft price. If you can land him as your OF4, your outfield depth will be in excellent shape.",,2025
101,Freddy Peralta,MIL,SP,101,102.0,Freddy Peralta (MIL - SP),363,11-9-0SV|3.74|1.18|10.24K9,https://www.fantasypros.com/mlb/players/freddy-peralta.php,Peralta,"11-9-0SV|3.74|1.18|10.24K9
Two years removed from an injury-plagued season, Freddy Peralta returned to form in 2024, posting a 3.79 ERA and 1.21 WHIP in 173 2/3 innings. He struck out precisely 200 batters for a 27.6 strikeout rate, slightly below his career average. His 9.4% walk rate leaves much to be desired, but it is directly in line with his career average. While not exactly an ""ace"" in fantasy baseball, Peralta offers a strong strikeout upside, and he has started 30+ games in each of the last two seasons. Just don't draft him thinking he'll competently hold down the SP1 position on your roster.",,2025
102,Christian Yelich,MIL,"DH,OF",102,103.0,"Christian Yelich (MIL - DH,OF)",307,.266|74R|16HR|61RBI|22SB,https://www.fantasypros.com/mlb/players/christian-yelich.php,Yelich,".266|74R|16HR|61RBI|22SB
Christian Yelich was in the midst of a resurgent season before back issues resurfaced. In 73 games, he posted 11 home runs, 21 stolen bases, 44 runs, and 42 RBIs while slashing an impressive .315/.406/.504-flashing glimpses of his peak form. However, the key number here is 73 games. After two consecutive seasons of surpassing 140 games played, he logged the fewest of his career outside of the shortened 2020 season. As 2025 approaches, fantasy managers should closely monitor his health updates out of Milwaukee. At 32 years old, Yelich carries significant risk, so if you draft him, be sure to have a reliable contingency plan in place.",,2025
103,Felix Bautista,BAL,RP,103,103.0,Felix Bautista (BAL - RP),306,4-2-27SV|2.73|1.06|12.97K9,https://www.fantasypros.com/mlb/players/felix-bautista.php,Bautista,"4-2-27SV|2.73|1.06|12.97K9
​After an impressive 2023 campaign where he recorded a 1.48 ERA, 33 saves, and a remarkable 46.4% strikeout rate over 61 innings, Felix Bautista suffered a UCL injury in August 2023. This led to Tommy John surgery in September 2023, sidelining him for the entire 2024 season. Despite the missed season, Bautista's dominant 2023 performance, characterized by a 99.5 mph average fastball velocity and an 8.1% barrel rate, suggests a strong potential for a successful return in 2025. Fantasy managers should monitor his recovery progress closely, as a healthy Bautista could reestablish himself as one of the league's premier closers.",,2025
104,Triston Casas,BOS,1B,104,103.0,Triston Casas (BOS - 1B),300,.246|72R|25HR|78RBI|1SB,https://www.fantasypros.com/mlb/players/triston-casas.php,Casas,".246|72R|25HR|78RBI|1SB
Triston Casas' 2024 season was marred by injuries, limiting him to just 63 games. Despite this, he showcased his power potential by hitting 13 home runs and driving in 32 runs over 212 at-bats, resulting in a .241/.337/.462 slash line. His advanced metrics support his power, with a 13.3% barrel rate and a .330 xwOBA, indicating that his underlying performance aligns closely with his actual results. However, his 31.7% strikeout rate is a concern, as it represents a significant increase from his 25.1% rate in 2023. At 25 years old, Casas still has room for development, but reducing his strikeouts will be crucial for sustained success. Looking ahead to 2025, a healthy season could see him emerge as a key power contributor for the Red Sox, whose offseason acquisitions have greatly improved their overall lineup. Fantasy managers should monitor his health and strikeout trends, as a full season could yield substantial home run totals.​",,2025
105,Will Smith,LAD,C,105,107.0,Will Smith (LAD - C),291,.252|66R|19HR|67RBI|2SB,https://www.fantasypros.com/mlb/players/will-smith-c.php,Smith,".252|66R|19HR|67RBI|2SB
Will Smith delivered a decent fantasy performance in 2024, playing in 128 games and posting a .248/.327/.433 slash line with 20 home runs, 75 RBIs, and 77 runs scored. While his batting average dipped below his career mark of .258, his power remained consistent, supported by a 10.8% barrel rate and a .334 expected wOBA (xwOBA). While his strikeout rate and walk rate both went in the wrong direction, Smith fits in the ""Draft the Dodgers"" philosophy and is still a top-catching option.",,2025
106,Hunter Brown,HOU,SP,106,107.0,Hunter Brown (HOU - SP),342,12-9-0SV|3.70|1.24|9.39K9,https://www.fantasypros.com/mlb/players/hunter-brown.php,Brown,"12-9-0SV|3.70|1.24|9.39K9
While the exact number of fantasy managers who dropped Hunter Brown early in 2024 isn't known, it would have been completely justified, given how he started the season. In his first eight starts, the 26-year-old had a 7.74 ERA and had allowed 21 walks in 37 1/3 innings. It was ugly. After that, though, he settled into the season and was great to spectacular the rest of the way. He struck out 179 batters in 170 innings and stopped walking everyone. Brown is the exact type of pitcher to target now that he seems to have a repertoire of pitches that works for him, including a powerful sinker that he developed last season. He has some sleeper and league-winning potential in 2025.",,2025
107,Joe Ryan,MIN,SP,107,107.0,Joe Ryan (MIN - SP),354,10-8-0SV|3.73|1.08|9.86K9,https://www.fantasypros.com/mlb/players/joe-ryan.php,Ryan,"10-8-0SV|3.73|1.08|9.86K9
​Joe Ryan delivered a decent fantasy season in 2024, posting a 7-7 record with a 3.60 ERA over 23 starts, striking out 147 batters in 135 innings, and maintaining an impressive 0.99 WHIP. Ryan's 5.1% walk rate reflects excellent control, contributing to his strong WHIP. However, his 1.3 HR/9 rate indicates a susceptibility to the long ball, which could impact his ERA if not addressed. Despite a shoulder strain that ended his 2024 season prematurely, Ryan is expected to be fully healthy for 2025. Given his strong strikeout potential and control, Ryan remains a valuable pitcher in fantasy leagues, though monitoring his home run rate and health will be crucial for the upcoming season.",,2025
108,Andres Munoz,SEA,RP,108,108.0,Andres Munoz (SEA - RP),305,4-3-27SV|2.75|1.10|11.70K9,https://www.fantasypros.com/mlb/players/andres-munoz-p.php,Munoz,"4-3-27SV|2.75|1.10|11.70K9
Andres Munoz delivered a strong fantasy season in 2024, recording 22 saves, a 2.12 ERA, and 77 strikeouts over 59.1 innings. His impressive 0.96 WHIP and 33.2% strikeout rate underscore his dominance on the mound. Munoz's fastball velocity remained elite, averaging 98.6 mph, complemented by a slider that limited hitters to a .200 batting average. However, his 11.2% walk rate indicates some control issues that could impact his WHIP and ERA if not addressed. At 26, Munoz is entering his prime, and with the Mariners' bullpen roles solidifying, he is poised to maintain his closer role. Fantasy managers should consider him a second-tier reliever with the potential for 30+ saves in 2025, provided he continues to harness his control.​",,2025
109,Zac Gallen,ARI,SP,109,109.0,Zac Gallen (ARI - SP),341,12-8-0SV|3.74|1.21|8.96K9,https://www.fantasypros.com/mlb/players/zac-gallen.php,Gallen,"12-8-0SV|3.74|1.21|8.96K9
Zac Gallen had a respectable but not fantastic 2024 season. The 29-year-old started 28 games and pitched 148 innings, racking up 156 strikeouts and ending with a 3.65 ERA and 1.26 WHIP. Nothing in his profile stands out as ""outstanding."" He had a 25.1% strikeout rate, the lowest of his major league career but not terrible. The most concerning stat of 2024 is the jump in his walk rate from 5.6% to 8.7%. If he doesn't correct that area, his ratios will continue trending in the wrong direction. As it stands, Gallen is a decent addition at SP3 or SP4.",,2025
110,Jake Burger,TEX,"1B,3B,DH",110,110.0,"Jake Burger (TEX - 1B,3B,DH)",283,.244|70R|30HR|81RBI|2SB,https://www.fantasypros.com/mlb/players/jake-burger-3b.php,Burger,".244|70R|30HR|81RBI|2SB
Jake Burger delivered a strong fantasy performance in 2024, hitting 29 home runs, driving in 76 runs, scoring 68 times, and adding one stolen base. His .250/.301/.460 slash line aligns closely with his career .251 batting average, suggesting sustainability. Burger's power is supported by a 12.3% Barrel Rate and a 91.3 mph average exit velocity, both indicative of his legitimate power. The Rangers' Globe Life Field is considered neutral regarding hitter friendliness, so it may not significantly impact Burger's counting stats next season. With eligibility at both third and first base, Burger's consistent power and improved plate discipline make him a valuable asset for fantasy rosters in 2025.​",,2025
111,Vinnie Pasquantino,KC,"1B,DH",111,110.0,"Vinnie Pasquantino (KC - 1B,DH)",378,.265|72R|22HR|83RBI|2SB,https://www.fantasypros.com/mlb/players/vinnie-pasquantino.php,Pasquantino,".265|72R|22HR|83RBI|2SB
Vinnie Pasquantino took a good-sized leap in his first full season in the majors. Even though his season was cut short due to a thumb injury, Italian Breakfast still hit 19 home runs and drove in 97 while slashing .262/.315/.446. While his walk rate took a small step down, his strikeout rate (12.8%) and whiff rate (14.5%) remain in the 96th percentile in the league. Pasquantino should remain in the lineup behind Bobby Witt Jr and Salvador Perez, making him a fantastic target for counting stats. If you wait on first basemen, nabbing Pasquantino in the 10th round can give you the return you're looking for.",,2025
112,Bo Bichette,TOR,SS,112,112.0,Bo Bichette (TOR - SS),318,.277|74R|17HR|71RBI|10SB,https://www.fantasypros.com/mlb/players/bo-bichette.php,Bichette,".277|74R|17HR|71RBI|10SB
Bo Bichette's 2024 season was marred by injuries, limiting him to 81 games and resulting in a career-low .225/.277/.322 slash line, with 4 home runs, 31 RBIs, and 5 stolen bases. These figures are a stark contrast to his career averages of a .290 batting average and an .798 OPS. Advanced metrics reveal a decline in his offensive performance, with a .264 wOBA and a .303 xwOBA, indicating diminished quality of contact. Despite the setbacks, Bichette's track record suggests potential for a rebound in 2025 and could be a steal at his current ADP.",,2025
113,Sonny Gray,STL,SP,113,114.0,Sonny Gray (STL - SP),378,12-8-0SV|3.53|1.15|9.53K9,https://www.fantasypros.com/mlb/players/sonny-gray.php,Gray,"12-8-0SV|3.53|1.15|9.53K9
Sonny Gray had a fantastic first season in St. Louis. His 30.3% strikeout percentage was the highest of his career in a full season. Gray started 28 games and struck out 203 batters in 166 1/3 innings, ending with a 3.84 ERA and 1.09 WHIP. The 35-year-old's FIP (3.12) and xFIP (2.82) suggest he was slightly unlucky. Gray's walk rate is a tiny 5.8%, and his cost for 2025 is quite reasonable as he's currently going in the 10th round.",,2025
114,Spencer Strider,ATL,SP,114,115.0,Spencer Strider (ATL - SP),312,9-6-0SV|3.36|1.09|12.03K9,https://www.fantasypros.com/mlb/players/spencer-strider.php,Strider,"9-6-0SV|3.36|1.09|12.03K9
Spencer Strider's 2024 season was cut short due to an elbow injury sustained in April, limiting him to just two starts. Looking ahead to 2025, Strider's health will be obviously be a pivotal factor. If he returns fully recovered, his track record suggests he can reestablish himself as a top-tier fantasy pitcher, offering high strikeout totals and the potential for a strong ERA and WHIP. Fantasy managers should monitor his progress during spring training to assess his readiness for the upcoming season. If his anticipated return is May, he could pay huge dividends coming out of the 11th round.",,2025
115,Brice Turang,MIL,2B,115,116.0,Brice Turang (MIL - 2B),278,.248|65R|8HR|52RBI|36SB,https://www.fantasypros.com/mlb/players/brice-turang.php,Turang,".248|65R|8HR|52RBI|36SB
​Brice Turang delivered a multifaceted performance in 2024, showcasing his speed and defensive prowess. Over 155 games, he posted a .254 batting average with 7 home runs, 57 RBIs, and 72 runs scored. Notably, Turang excelled on the basepaths, swiping 50 bases, ranking third in the National League. While Turang's .254/.316/.349 slash line marked an improvement from his 2023 figures, his offensive metrics remained below league average, reflected in his 85 OPS+. However, his reduced strikeout rate-from 21% in 2023 to 16.6% in 2024-and increased walk rate to 9.2% indicate a more disciplined approach at the plate. Despite these gains, Turang's .349 slugging percentage suggests limited power, with only 7 home runs and a hard-hit rate of 29.7%. If he can build upon his improved plate discipline and tap into more power, he has the potential to become a more well-rounded offensive contributor, complementing his already stellar defense and base-running skills.​",,2025
116,Ian Happ,CHC,OF,116,117.0,Ian Happ (CHC - OF),331,.243|83R|22HR|77RBI|12SB,https://www.fantasypros.com/mlb/players/ian-happ.php,Happ,".243|83R|22HR|77RBI|12SB
Ian Happ has settled into a reliable role for fantasy managers. He's a steady source of 20+ home runs and double-digit steals while maintaining a high walk rate that helps him score around 90 runs. Though his strikeout rate spiked in 2024, the strength of the Cubs' lineup still makes him a solid OF3 option in fantasy leagues.",,2025
117,Jhoan Duran,MIN,RP,117,117.0,Jhoan Duran (MIN - RP),299,5-3-26SV|2.80|1.12|10.97K9,https://www.fantasypros.com/mlb/players/jhoan-duran.php,Duran,"5-3-26SV|2.80|1.12|10.97K9
Jhoan Duran's 2024 season with the Minnesota Twins saw him appear in 58 games, recording a 6-9 win-loss record, a 3.64 ERA, and 23 saves over 54.1 innings pitched. While his strikeout rate declined to 28.9% from previous seasons, his walk rate remained stable at 6.6%. Notably, his average fastball velocity decreased from 101.8 mph in 2023 to 100.3 mph in 2024. Despite these changes, Duran's ability to induce ground balls remained strong, with a 60.9% ground ball rate. His xwOBA increased to .297, suggesting that opposing hitters made more effective contact compared to previous seasons. As Duran enters his age-27 season, maintaining his elite velocity and refining his secondary pitches will be crucial for reclaiming his dominant form and continuing to be a valuable asset in high-leverage situations.",,2025
118,Matt Chapman,SF,3B,118,118.0,Matt Chapman (SF - 3B),316,.240|80R|25HR|79RBI|9SB,https://www.fantasypros.com/mlb/players/matt-chapman.php,Chapman,".240|80R|25HR|79RBI|9SB
Matt Chapman delivered a solid fantasy performance in 2024, hitting 27 home runs, driving in 78 runs, scoring 98 times, and adding 15 stolen bases. His .247/.328/.463 slash line aligns closely with his career .238 batting average. Chapman's power metrics are robust, evidenced by an average exit velocity of 93.2 mph and a 12.6% barrel rate, placing him in the 97th percentile for exit velocity. Notably, he reduced his strikeout rate to 24.4%, the lowest since his rookie season. At 31, Chapman's consistent power and defensive wizardry-highlighted by his fifth Gold Glove award in 2024-make him a valuable third baseman in fantasy leagues.",,2025
119,Justin Steele,CHC,SP,119,121.0,Justin Steele (CHC - SP),348,11-8-0SV|3.49|1.17|8.67K9,https://www.fantasypros.com/mlb/players/justin-steele.php,Steele,"11-8-0SV|3.49|1.17|8.67K9
Justin Steele's 2024 season was marked by both impressive performances and injury setbacks. He posted a 5-5 record with a 3.07 ERA over 24 starts, striking out 135 batters in 134.2 innings, and maintaining a WHIP of 1.10. His advanced metrics were equally strong, with an average exit velocity of 86.9 mph and a hard-hit rate of 33.2%, both improvements from the previous season. Notably, Steele's strikeout rate increased to 33.3%, a significant uptick from his 24.6% rate in 2023, while his walk rate remained stable at 5.6%. ​However, injuries impacted Steele's availability. He began the season on the injured list due to a left hamstring strain and later dealt with left elbow tendinitis, limiting his innings. If he can maintain his health, Steele has the tools to build on his success and provide valuable innings for Chicago and fantasy teams.",,2025
120,Shane McClanahan,TB,SP,120,122.0,Shane McClanahan (TB - SP),305,9-7-0SV|3.44|1.14|9.66K9,https://www.fantasypros.com/mlb/players/shane-mcclanahan.php,McClanahan,"9-7-0SV|3.44|1.14|9.66K9
Shane McClanahan missed the entire 2024 season due to Tommy John surgery performed in August 2023. Prior to his injury, McClanahan had established himself as one of MLB's premier pitchers. Over his first three seasons (2021-2023), he compiled a 33-16 record with a stellar 3.02 ERA and 456 strikeouts across 404.2 innings. His 33.4% whiff rate ranked among the top 10 pitchers with at least 400 innings pitched during that span. As McClanahan returns for the 2025 season, it's important to note that this is his second Tommy John surgery, which may lead the Rays to manage his workload cautiously. Adding to this is that the Rays won't be playing in as strong of a pitching environment this season. McClanahan should still be an ace, but tempering expectations will serve fantasy managers well.",,2025
121,Randy Arozarena,SEA,OF,121,123.0,Randy Arozarena (SEA - OF),303,.239|79R|21HR|72RBI|22SB,https://www.fantasypros.com/mlb/players/randy-arozarena.php,Arozarena,".239|79R|21HR|72RBI|22SB
Randy Arozarena's 20/20 season last year was far from inspiring. His strikeout rate, already high at 23.9%, climbed to 26.1%, while his walk rate dipped from 11.3%. On top of that, his Barrel % fell significantly from 12.3% to 8.3%, contributing to a disappointing .219/.332/.388 slash line. His overall production suffered as well, with just 77 runs scored and 60 RBIs. To make matters worse for fantasy managers, Arozarena now plays in Seattle-a team with one of the league's weakest lineups and a notoriously pitcher-friendly ballpark. Don't let his name recognition push you into drafting him too early; he profiles more realistically as a low-end OF3 or even an OF4.",,2025
122,Ryan Walker,SF,RP,122,124.0,Ryan Walker (SF - RP),309,4-3-26SV|3.02|1.10|10.69K9,https://www.fantasypros.com/mlb/players/ryan-walker-.php,Walker,"4-3-26SV|3.02|1.10|10.69K9
Ryan Walker emerged as a pivotal asset for the San Francisco Giants in 2024, delivering an exceptional season from the bullpen. Over 76 appearances, he posted a stellar 1.91 ERA across 80 innings, complemented by a 10-4 record, 10 saves, and a remarkable 0.85 WHIP. His impressive 32.1% strikeout rate, coupled with a modest 5.8% walk rate, underscores his dominance and control on the mound. Walker's Statcast metrics further highlight his effectiveness, with an average exit velocity of 86.4 mph and a hard-hit rate of 30.2%, both reflecting his ability to limit quality contact. Looking ahead to 2025, Walker is anticipated to retain his role as the Giants' closer, especially given Camilo Doval's struggles with command. He can continue to be a dependable option for saves and strikeouts in fantasy leagues.",,2025
123,Dylan Crews,WSH,OF,123,124.0,Dylan Crews (WSH - OF),271,.244|67R|15HR|61RBI|26SB,https://www.fantasypros.com/mlb/players/dylan-crews.php,Crews,".244|67R|15HR|61RBI|26SB
Dylan Crews got his first taste of the majors and wasted no time making an impact-especially on the basepaths. The 22-year-old swiped 12 bases in 31 games while adding three home runs and posting a .218/.288/.353 slash line. If you're targeting Crews in drafts, it's likely for his speed, which could push him toward 25 steals, with some potential for modest power. His overall slash line may not see a drastic improvement, but it should be serviceable. As with others in the ""rookies with upside"" tier, avoid overpaying, but he offers a baseline OF4 value in 2025.",,2025
124,Adolis Garcia,TEX,"DH,OF",124,125.0,"Adolis Garcia (TEX - DH,OF)",274,.234|73R|26HR|81RBI|11SB,https://www.fantasypros.com/mlb/players/jose-adolis-garcia.php,Garcia,".234|73R|26HR|81RBI|11SB
Adolis García followed up his stellar 2023 campaign with a noticeable decline in production. His home run total dipped from 39 to 25, and his runs and RBIs took a hit as well, in part due to injuries within the Texas lineup. Looking ahead to 2025, projections suggest he'll post around 30 homers, 75 runs, and 90 RBIs-solid numbers for a third outfielder in fantasy. At this point, his 39-homer, 108-run, 107-RBI season appears to be the exception rather than the norm.",,2025
125,Luis Garcia,WSH,2B,125,126.0,Luis Garcia (WSH - 2B),307,.273|62R|16HR|65RBI|15SB,https://www.fantasypros.com/mlb/players/luis-garcia-2b.php,Garcia,".273|62R|16HR|65RBI|15SB
Luis García Jr. emerged as a key contributor for the Washington Nationals in 2024, delivering a solid fantasy season. Over 140 games, he posted a .282 batting average, hitting 18 home runs, driving in 70 runs, scoring 58 times, and adding 22 stolen bases. His .282/.318/.444 slash line marked a notable improvement over his career .270 average. However, he had a walk rate of just 5.1% and a strikeout rate of 16.3%. The power may regress in 2025, but if his contact rate remains high, he offers good production at the wasteland that is second base.",,2025
126,Robert Suarez,SD,RP,126,128.0,Robert Suarez (SD - RP),269,4-3-27SV|3.62|1.19|8.90K9,https://www.fantasypros.com/mlb/players/robert-suarez.php,Suarez,"4-3-27SV|3.62|1.19|8.90K9
Robert Suarez emerged as a premier fantasy closer in 2024, securing 36 saves (4th in MLB) with a 2.77 ERA and a 1.05 WHIP over 65 innings. A significant improvement in control was evident, as he reduced his walk rate by three percentage points compared to previous seasons. Suarez's pitch selection evolved notably; he leaned heavily on his four-seam fastball, increasing its usage to 71%, while completely phasing out his slider. This adjustment coincided with an uptick in velocity, with his fastball averaging 99.1 mph, up from 97.7 mph in 2023. However, his strikeout rate dipped to 22.9% from 31.9% in 2022, and his 8.17 K/9 was below the league average for closers. At 34, maintaining elite velocity and effectiveness could be challenging. Nonetheless, Suarez's role as the Padres' closer and his recent performance make him a valuable asset for fantasy teams seeking saves in 2025.",,2025
127,Spencer Steer,CIN,"1B,OF",127,129.0,"Spencer Steer (CIN - 1B,OF)",274,.244|60R|17HR|63RBI|14SB,https://www.fantasypros.com/mlb/players/spencer-steer.php,Steer,".244|60R|17HR|63RBI|14SB
Spencer Steer remained a valuable multi-position asset in fantasy baseball during 2024, though his batting average took a notable dip from .271 to .225. Despite the decline, the 26-year-old showcased power and speed, launching 20 home runs and swiping 25 bases-an increase of 10 steals from the previous season. Playing half his games in Cincinnati should help sustain his power output, and hitting in a solid lineup will support his counting stats. While some batting average rebound is possible, expecting him to return to .270 seems unrealistic; a more reasonable projection is around .240. His versatility adds appeal, but fantasy managers should be cautious not to overpay.",,2025
128,Royce Lewis,MIN,"3B,DH",128,132.0,"Royce Lewis (MIN - 3B,DH)",262,.252|61R|22HR|67RBI|6SB,https://www.fantasypros.com/mlb/players/royce-lewis.php,Lewis,".252|61R|22HR|67RBI|6SB
Royce Lewis is the starting third baseman for Team Imagine If They'd Stay Healthy. He started Opening Day and went 2/2 with a double, home run, and pulled hamstring. Fifty-eight missed games later, he returned and tore up opposing pitching for 23 games before returning to the IL with an adductor strain. From there, he became a below-average hitter, forcing many fantasy managers to decide whether to hold or drop him. The allure of what he could do is too much for most. Chances are good Lewis will move to second base in 2025, which could reduce the wear and tear on him in the field. The power and speed are there (if he's allowed to attempt steals), but you MUST bake in missed time when you draft him. If the price drops far enough (say 9th or 10th round), he is an easy player to risk rostering, but it's hard to justify a cost much higher than that at this point.",,2025
129,Steven Kwan,CLE,OF,129,133.0,Steven Kwan (CLE - OF),375,.279|84R|9HR|55RBI|17SB,https://www.fantasypros.com/mlb/players/steven-kwan.php,Kwan,".279|84R|9HR|55RBI|17SB
Steven Kwan's 2024 season was shortened by injuries, restricting him to 122 games, but he remained highly productive when on the field. He took a step forward in power, launching 14 home runs while scoring 83 runs as a key piece atop Cleveland's lineup. Fantasy managers drafting the 27-year-old will be looking for a repeat of his stellar .292/.368/.425 slash line. While he may not be the flashiest player, Kwan's disciplined approach-rarely striking out or chasing bad pitches-makes him a model of consistency at the plate.",,2025
130,Jack Flaherty,DET,SP,130,134.0,Jack Flaherty (DET - SP),333,10-9-0SV|3.73|1.19|9.81K9,https://www.fantasypros.com/mlb/players/jack-flaherty.php,Flaherty,"10-9-0SV|3.73|1.19|9.81K9
​Jack Flaherty delivered a strong 2024 season, posting a 13-7 record with a 3.17 ERA and 194 strikeouts over 162 innings pitched. He began the year with the Tigers, achieving a 2.95 ERA and 133 strikeouts in 18 starts. A midseason trade to the Dodgers saw him continue his solid performance, recording a 6-2 record with a 3.58 ERA in 10 starts. Flaherty's Statcast metrics indicate a barrel rate of 7.7%, suggesting effective contact management. Now entering his age-29 season and returning to Detroit, Flaherty's health and ability to maintain his regular-season form will be pivotal for his fantasy value in 2025.​",,2025
131,Bryan Woo,SEA,SP,131,134.0,Bryan Woo (SEA - SP),284,9-7-0SV|3.64|1.09|8.41K9,https://www.fantasypros.com/mlb/players/bryan-woo.php,Woo,"9-7-0SV|3.64|1.09|8.41K9
Bryan Woo emerged with the Mariners in 2024, posting a 9-3 record with a 2.89 ERA over 22 starts, totaling 121.1 innings pitched. His exceptional 0.90 WHIP and 2.6% walk rate underscored his remarkable control. Woo's Statcast metrics further highlighted his dominance, with an average exit velocity of 87.7 mph and a hard-hit rate of 34.4%, both improvements from his rookie season. Notably, his expected batting average (xBA) remained steady at .220, while his expected slugging percentage (xSLG) decreased to .317. Despite dealing with early-season injuries, Woo's ability to limit walks and hard contact positions him as a good SP3 in fantasy leagues for 2025. However, managers should monitor his health closely, as his injury history could impact his availability and performance.​",,2025
132,Jasson Dominguez,NYY,OF,132,135.0,Jasson Dominguez (NYY - OF),257,.246|66R|17HR|60RBI|22SB,https://www.fantasypros.com/mlb/players/jasson-dominguez.php,Dominguez,".246|66R|17HR|60RBI|22SB
Jasson Dominguez may feel like a longtime prospect, but he's still just 21 years old and has dominated Triple-A pitching whenever he's been there. With the potential to deliver consistent 20/20 production, he offers plenty of fantasy upside heading into 2025. The Yankees' offense struggled in 2024, creating a clear opportunity for Dominguez to carve out a role. While his talent is undeniable, it's wise to expect some rookie growing pains along the way.",,2025
133,Xavier Edwards,MIA,SS,133,135.0,Xavier Edwards (MIA - SS),299,.281|68R|4HR|43RBI|31SB,https://www.fantasypros.com/mlb/players/xavier-edwards-ss.php,Edwards,".281|68R|4HR|43RBI|31SB
Xavier Edwards emerged as a dynamic contributor for the Miami Marlins in 2024, boasting a .328 batting average over 265 at-bats, with 1 home run, 26 RBIs, 39 runs scored, and an impressive 31 stolen bases. While his .398 batting average on balls in play (BABIP) suggests potential regression, Edwards' consistent hard contact and speed may help sustain a high average. His low 1.4% barrel rate and 23.0% fly-ball rate indicate limited home run potential, but his ability to spray the ball to all fields and capitalize on his speed should continue to yield extra-base hits. If Edwards maintains his contact rate and on-base skills, he could be a valuable asset for runs scored and stolen bases.",,2025
134,Ezequiel Tovar,COL,SS,134,137.0,Ezequiel Tovar (COL - SS),296,.262|77R|22HR|78RBI|10SB,https://www.fantasypros.com/mlb/players/ezequiel-tovar.php,Tovar,".262|77R|22HR|78RBI|10SB
Ezequiel Tovar emerged as a key contributor for the Rockies in 2024, playing 157 games and posting a .269 batting average with 26 home runs, 78 RBIs, 83 runs scored, and six stolen bases. His .269/.295/.469 slash line marked an improvement over his previous season's .253 average. While his .469 slugging percentage indicates respectable power, his on-base percentage of .295 suggests room for improvement in plate discipline. Tovar's walk rate was among the lowest in the league at 3.3%, and he amassed 200 strikeouts, resulting in a 28.8% strikeout rate. Looking ahead to 2025, Tovar addressing his strikeout and walk rates will be crucial for sustaining and enhancing his contributions. Given his youth and the Rockies' commitment to his development, Tovar has the potential to evolve into a more disciplined hitter, complementing his already stellar defense.",,2025
135,Kodai Senga,NYM,SP,135,138.0,Kodai Senga (NYM - SP),324,10-7-0SV|3.66|1.25|9.87K9,https://www.fantasypros.com/mlb/players/kodai-senga.php,Senga,"10-7-0SV|3.66|1.25|9.87K9
Kodai Senga's 2024 season was marred by injuries, limiting him to just one regular-season start. After a promising 2023 rookie campaign with a 2.98 ERA and 202 strikeouts over 166",,2025
136,Carlos Rodon,NYY,SP,136,138.0,Carlos Rodon (NYY - SP),345,11-9-0SV|4.02|1.18|10.05K9,https://www.fantasypros.com/mlb/players/carlos-rodon.php,Rodon,"11-9-0SV|4.02|1.18|10.05K9
Carlos Rodon rebounded impressively in 2024, delivering a strong fantasy season with 16 wins, a 3.96 ERA, and 195 strikeouts over 175 innings pitched. This performance marked a significant improvement from his injury-plagued 2023 season, where he struggled with a 6.85 ERA over 14 starts. Rodon's 1.59 HR/9 rate in 2024 raises some concerns and 2025 projections suggest some overall regression is in store. He is a decent SP3 or SP4 but nothing to get excited about.",,2025
137,Sandy Alcantara,MIA,SP,137,139.0,Sandy Alcantara (MIA - SP),321,10-9-0SV|3.72|1.19|7.76K9,https://www.fantasypros.com/mlb/players/sandy-alcantara.php,Alcantara,"10-9-0SV|3.72|1.19|7.76K9
Sandy Alcantara missed all of 2024 recovering from Tommy John surgery, but he has already been named Miami's Opening Day starter. Alcantara's biggest strengths prior to injury were his ratio protection. He has a career ERA of 3.32 and WHIP of 1.16. His strikeout rate is average (21.4%), but his walk rate is an above-average 7.4%. Whether this will continue post-TJ is a question as pitchers often increase velocity but struggle with command upon return. The good news is that Alcantara is currently going in the 14th round in 12-team leagues, making the cost more bearable given the potential risks. However, if everything hits on all cylinders, he could return to SP2 status in a hurry.",,2025
138,Pete Crow-Armstrong,CHC,OF,138,143.0,Pete Crow-Armstrong (CHC - OF),245,.243|67R|14HR|59RBI|30SB,https://www.fantasypros.com/mlb/players/pete-crow-armstrong.php,Crow-Armstrong,".243|67R|14HR|59RBI|30SB
Top prospect Pete Crow-Armstrong finally got an extended opportunity in Chicago, showcasing his speed and power with 10 home runs and 27 stolen bases. His .237 batting average left room for improvement, but his minor league track record suggests he can take a step forward in his second full season. While his xwOBA (.281) and Statcast metrics indicate he won't be an on-base standout, his elite 99th-percentile speed makes him a viable OF3 option for fantasy managers.",,2025
139,Anthony Volpe,NYY,SS,139,144.0,Anthony Volpe (NYY - SS),299,.237|79R|16HR|65RBI|27SB,https://www.fantasypros.com/mlb/players/anthony-volpe.php,Volpe,".237|79R|16HR|65RBI|27SB
Anthony Volpe's 2024 season showcased his development as a dynamic player for the New York Yankees. Over 160 games, he posted a .243 batting average with 12 home runs, 60 RBIs, 90 runs scored, and an impressive 28 stolen bases. On the downside, his .293 on-base percentage and .364 slugging percentage resulted in a .657 OPS. Heading into his third year, Volpe's fantasy value is tied to improved plate discipline and speed. Fantasy managers should avoid having him as their SS1, but he can fill a MI spot if he falls in the draft.",,2025
140,Alec Bohm,PHI,3B,140,145.0,Alec Bohm (PHI - 3B),337,.276|70R|16HR|78RBI|4SB,https://www.fantasypros.com/mlb/players/alec-bohm.php,Bohm,".276|70R|16HR|78RBI|4SB
Alec Bohm delivered a solid fantasy performance in 2024, recording 15 home runs, 97 RBIs, 62 runs scored, and five stolen bases over 143 games. His .280/.332/.448 slash line marked a slight improvement over his career .277 batting average. Bohm's season began impressively, with a .370 batting average and four home runs in April. However, his production declined in the second half, partly due to a left hand injury that sidelined him for 14 games. Statcast metrics reveal a mixed profile: an average exit velocity of 90.4 mph and a 45.6% hard-hit rate suggest solid contact, but a 6.8% barrel rate indicates limited elite power. His 17.4% strikeout rate reflects good plate discipline, though his 4.9% walk rate remains below league average. He is a fine option for a CI spot, but be prepared for the peaks and valleys that come along with him.",,2025
141,Grayson Rodriguez,BAL,SP,141,145.0,Grayson Rodriguez (BAL - SP),278,9-7-0SV|3.68|1.20|9.62K9,https://www.fantasypros.com/mlb/players/grayson-rodriguez.php,Rodriguez,"9-7-0SV|3.68|1.20|9.62K9
Grayson Rodriguez had a fantastic second season in Baltimore before it was cut short by a lat injury after 20 starts. The 25-year-old threw 116 2/3 innings and struck out 130 batters while maintaining a 3.86 ERA and 1.24 WHIP. Rodriguez's combination of a 26.5% strikeout rate and 7.3% walk rate suggests big things are in store for 2025. He is a very nice mid-round option with the potential to end up as a high-end SP2.",,2025
142,Jared Jones,PIT,SP,142,145.0,Jared Jones (PIT - SP),280,8-9-0SV|3.98|1.23|9.38K9,https://www.fantasypros.com/mlb/players/jared-jones.php,Jones,"8-9-0SV|3.98|1.23|9.38K9
Jared Jones made a notable impact in his 2024 rookie season with the Pirates, posting a 6-8 record over 22 starts. He maintained a 4.14 ERA and a 1.19 WHIP across 121.2 innings, striking out 132 batters. His 26.2% strikeout percentage was also impressive. Jones' arsenal is highlighted by a four-seam fastball averaging 96 mph, complemented by a slider that held opponents to a .157 batting average. While his 2.88 BB/9 rate indicates solid control, his 1.33 HR/9 rate suggests susceptibility to home runs. Notably, he excelled at home with a 2.87 ERA over 12 games, compared to a 5.86 ERA in 10 road games. Jones' impressive strikeout ability and developing pitch repertoire position him as a valuable mid/late-round pitching option in fantasy leagues, especially if he can mitigate his home run vulnerability and improve consistency on the road.​",,2025
143,Eugenio Suarez,ARI,3B,143,147.0,Eugenio Suarez (ARI - 3B),254,.235|70R|23HR|80RBI|2SB,https://www.fantasypros.com/mlb/players/eugenio-suarez.php,Suarez,".235|70R|23HR|80RBI|2SB
Eugenio Suarez delivered a strong fantasy performance in 2024, hitting 30 home runs, driving in 101 runs, scoring 90 times, and adding 2 stolen bases. His .256/.319/.469 slash line aligns closely with his career .248 batting average. Suarez's power is supported by an 11.3% Barrel Rate and a .469 SLG, though his 27.5% strikeout rate remains a concern. At 33, Suarez will probably offer solid overall stats, but fantasy managers will probably need to ride out extreme ups and downs throughout the season.",,2025
144,Xander Bogaerts,SD,"2B,SS",144,150.0,"Xander Bogaerts (SD - 2B,SS)",306,.267|70R|15HR|65RBI|14SB,https://www.fantasypros.com/mlb/players/xander-bogaerts.php,Bogaerts,".267|70R|15HR|65RBI|14SB
Xander Bogaerts continued his struggles in 2024, appearing in only 111 games after switching from shortstop to second base. The 32-year-old hit 11 home runs and stole 13 bases while slashing .264/.307/.381. Bogaerts has seen his power sapped since arriving in San Diego, and there is some question whether or not the power will return, especially as his age creeps up. There was some hope toward the end of the season as Bogaerts hit .292 in the second half. If his health can hold up to more than 111 games, he does offer a solid batting average, but the guy we knew in Boston may be gone at this point.",,2025
145,Brandon Nimmo,NYM,OF,145,150.0,Brandon Nimmo (NYM - OF),288,.248|75R|17HR|65RBI|7SB,https://www.fantasypros.com/mlb/players/brandon-nimmo.php,Nimmo,".248|75R|17HR|65RBI|7SB
Brandon Nimmo had established himself as a dependable fantasy outfielder, but his 2024 season was a mixed bag. Most notably, his typically steady batting average took a significant hit, dropping to .224 after back-to-back seasons at .274. While his expected batting average (.247) suggested some improvement, it was still below expectations for fantasy managers. On the positive side, Nimmo maintained his power with 23 home runs and significantly increased his stolen base total from three to 15, a welcome boost for those who stuck with him. He also contributed 90 RBI and 88 runs, helping to counterbalance his career-worst .327 OBP. However, his xwOBACON (.390) indicates that his struggles may have been an outlier, making him a strong candidate to bounce back as a reliable OF3/OF4 option in 2025.",,2025
146,Tanner Scott,LAD,RP,146,151.0,Tanner Scott (LAD - RP),295,5-3-25SV|3.06|1.21|10.89K9,https://www.fantasypros.com/mlb/players/tanner-scott.php,Scott,"5-3-25SV|3.06|1.21|10.89K9
",,2025
147,Seth Lugo,KC,SP,147,151.0,Seth Lugo (KC - SP),326,12-10-0SV|3.99|1.24|7.78K9,https://www.fantasypros.com/mlb/players/seth-lugo.php,Lugo,"12-10-0SV|3.99|1.24|7.78K9
Seth Lugo delivered an impressive 2024 season for the Kansas City Royals, posting a 16-9 record with a 3.00 ERA over 206.2 innings pitched, and recording 181 strikeouts against 48 walks. His performance earned him a spot on the American League All-Star team and a second-place finish in the AL Cy Young Award voting. At 35 years old, Lugo's durability and consistency were key assets for the Royals' rotation. While his 2024 performance was stellar, fantasy managers should monitor his workload and age-related factors when considering him for the 2025 season.​",,2025
148,Kevin Gausman,TOR,SP,148,153.0,Kevin Gausman (TOR - SP),354,12-10-0SV|3.94|1.23|8.87K9,https://www.fantasypros.com/mlb/players/kevin-gausman.php,Gausman,"12-10-0SV|3.94|1.23|8.87K9
Kevin Gausman delivered a solid performance for the Toronto Blue Jays in 2024, recording a 14-11 win-loss record over 31 starts, with a 3.83 ERA, 162 strikeouts, and a 1.22 WHIP across 181 innings pitched. Notably, he exhibited a significant home-road split: at home, he posted a 5.02 ERA over 95 innings, whereas on the road, he maintained a more impressive 2.51 ERA across 86 innings. Gausman remained a reliable innings-eater, surpassing 180 innings for the fourth consecutive season. His consistent ability to take the mound every fifth day adds value to both the Blue Jays and fantasy managers seeking stability in their pitching rotations. Gausman's performance may hinge on his ability to regain the sharpness of his splitter and improve his home-field effectiveness. If he can address these areas, a return to his 2023 form, where he led the American League in strikeouts, is within reach. At 34, Gausman has shown resilience and adaptability, but the dropoff may be on the horizon. He is riskier than in previous years.",,2025
149,Shea Langeliers,ATH,C,149,153.0,Shea Langeliers (ATH - C),238,.228|59R|25HR|70RBI|4SB,https://www.fantasypros.com/mlb/players/shea-langeliers.php,Langeliers,".228|59R|25HR|70RBI|4SB
Shea Langeliers showcased significant power during the 2024 season, hitting 29 home runs and driving in 80 runs over 137 games. His .224/.288/.450 slash line reflects a modest improvement from his previous seasons, though his batting average remains below league average. Notably, Langeliers' power appears sustainable, as evidenced by a .456 xSLG and a 12.8% Barrel Rate, placing him in the 87th percentile. He also reduced his strikeout rate to 27.2%, down from 29.2% in 2023, indicating progress in plate discipline. As the Athletics transition to Sutter Health Park in Sacramento, a venue that could favor hitters-Langeliers' power numbers, could see an uptick in 2025. His eligibility at catcher enhances his fantasy value, making him a compelling option for those seeking power at the position.",,2025
150,Nick Castellanos,PHI,OF,150,155.0,Nick Castellanos (PHI - OF),295,.254|72R|21HR|81RBI|7SB,https://www.fantasypros.com/mlb/players/nick-castellanos.php,Castellanos,".254|72R|21HR|81RBI|7SB
Nick Castellanos struggled mightily through the first two months of last season, leaving fantasy managers questioning his value. His batting average plummeted to uncharacteristically low levels, a stark contrast to his typically strong starts. By May, many deemed him droppable, a surprising turn for the usually reliable 32-year-old. Fortunately, Castellanos found his stride as the season progressed, performing more like the player managers anticipated on draft day. Heading into this year, he projects as a solid OF3/OF4 option in the Phillies' lineup, with the potential to deliver even more if he can recapture his usual hot start.",,2025
151,Robbie Ray,SF,SP,151,156.0,Robbie Ray (SF - SP),299,9-8-0SV|3.96|1.21|9.97K9,https://www.fantasypros.com/mlb/players/robbie-ray.php,Ray,"9-8-0SV|3.96|1.21|9.97K9
",,2025
152,Paul Goldschmidt,NYY,1B,152,157.0,Paul Goldschmidt (NYY - 1B),291,.248|74R|23HR|78RBI|8SB,https://www.fantasypros.com/mlb/players/paul-goldschmidt.php,Goldschmidt,".248|74R|23HR|78RBI|8SB
Paul Goldschmidt experienced a challenging 2024 season, posting a .245/.302/.414 slash line with 22 home runs, 65 RBIs, 70 runs scored, and 11 stolen bases over 154 games. These numbers marked a decline from his career averages of a .289 batting average and a .384 on-base percentage.​ A significant factor in Goldschmidt's downturn was his increased strikeout rate, which rose to a career-high 26.5% in 2024, up from 23.4% in 2023. Concurrently, his walk rate dropped to a career-low 7.2%, contributing to a diminished on-base percentage. Despite these struggles, Goldschmidt maintained a hard-hit rate of 40%, ranking 15th among qualified hitters, and an average exit velocity of 91.2 mph. At 37 years old, Goldschmidt's ability to rebound in 2025 is questionable, though the change to Yankee Stadium is definitely a positive.",,2025
153,Reynaldo Lopez,ATL,SP,153,158.0,Reynaldo Lopez (ATL - SP),335,11-7-0SV|3.69|1.21|9.45K9,https://www.fantasypros.com/mlb/players/reynaldo-lopez.php,Lopez,"11-7-0SV|3.69|1.21|9.45K9
Reynaldo López delivered an exceptional 2024 season for the Atlanta Braves, posting an 8-5 record with a stellar 1.99 ERA over 135.2 innings, and accumulating 148 strikeouts. However, López's advanced metrics suggest potential regression in 2025. His expected ERA (xERA) was significantly higher than his actual ERA. Fantasy managers should temper expectations for López in 2025, anticipating some statistical normalization.",,2025
154,Josh Lowe,TB,OF,154,158.0,Josh Lowe (TB - OF),244,.251|63R|17HR|63RBI|25SB,https://www.fantasypros.com/mlb/players/josh-lowe-3b.php,Lowe,".251|63R|17HR|63RBI|25SB
Josh Lowe's 2024 season fell short of expectations, largely due to an early injury that limited him to 106 games. He struggled to find his rhythm at the plate, with his batting average dropping from .292 to .241. While his overall production was underwhelming, he still managed to swipe 25 bases, proving he can be a valuable asset in that category when healthy. He is a great bounceback candidate in 2025, especially if he falls in drafts.",,2025
155,Colton Cowser,BAL,OF,155,159.0,Colton Cowser (BAL - OF),248,.243|72R|20HR|68RBI|8SB,https://www.fantasypros.com/mlb/players/colton-cowser.php,Cowser,".243|72R|20HR|68RBI|8SB
Colton Cowser's rookie campaign showcased more power than many expected, as he belted 24 home runs and swiped nine bases while posting a .242/.321/.447 slash line. His 30.7% strikeout rate and 9.3% walk rate highlight areas for improvement, but hitting in a strong Baltimore lineup could help him build on last season's 77 runs and 69 RBIs. At 24 years old, Cowser still has untapped potential and should remain a valuable fantasy option in 2025.",,2025
156,J.T. Realmuto,PHI,C,156,161.0,J.T. Realmuto (PHI - C),219,.253|57R|16HR|57RBI|8SB,https://www.fantasypros.com/mlb/players/jt-realmuto.php,Realmuto,".253|57R|16HR|57RBI|8SB
J.T. Realmuto's 2024 season saw a slight decline in offensive production, as he posted a .266/.322/.429 slash line with 14 home runs, 47 RBIs, 50 runs scored, and 2 stolen bases over 380 at-bats. His average exit velocity was 89.2 mph, with a hard-hit rate of 46.6% and a barrel rate of 10.4%. At 33, it's uncertain if he can rebound to his previous elite form. Despite the downturn, Realmuto's track record and defensive prowess keep him relevant in fantasy baseball, but managers should temper expectations and monitor his performance closely in the upcoming season.​",,2025
157,Luis Arraez,SD,"1B,2B,DH",157,163.0,"Luis Arraez (SD - 1B,2B,DH)",384,.307|77R|6HR|58RBI|7SB,https://www.fantasypros.com/mlb/players/luis-arraez.php,Arraez,".307|77R|6HR|58RBI|7SB
Luis Arraez continued his exceptional contact-hitting prowess in 2024, achieving a .314 batting average-the highest in the National League-and totaling 200 hits, including 32 doubles, three triples, and four home runs. He also contributed 46 RBIs, scored 83 runs, and stole nine bases over 150 games. Arráez's success stems from his elite bat-to-ball skills, reflected in his MLB-leading 4.3% strikeout rate and a 26.5% line drive percentage. However, his limited power (.392 slugging percentage) will always limit his fantasy value. He is best paired with a low-average slugger from an early round in order to find complementary pieces.",,2025
158,Yusei Kikuchi,LAA,SP,158,163.0,Yusei Kikuchi (LAA - SP),341,10-9-0SV|3.92|1.22|10.03K9,https://www.fantasypros.com/mlb/players/yusei-kikuchi.php,Kikuchi,"10-9-0SV|3.92|1.22|10.03K9
Yusei Kikuchi delivered a solid 2024 season, splitting time between the Blue Jays and the Astros. He posted a combined 9-10 record with a 4.05 ERA over 32 starts, accumulating a career-high 206 strikeouts across 175.2 innings. After being traded to Houston on July 29, Kikuchi excelled, recording a 5-1 record and a 2.70 ERA in 10 starts, with 76 strikeouts and only 14 walks over 60 innings. His four-seam fastball averaged 95.5 mph, the highest of his MLB career. However, Kikuchi has been prone to allowing home runs, surrendering 25 in 2024, consistent with his career trend. In November, he signed a three-year, $63 million contract with the Angels. While his strikeout potential is appealing for fantasy managers, caution is advised due to his susceptibility to the long ball.",,2025
159,Cristopher Sanchez,PHI,SP,159,164.0,Cristopher Sanchez (PHI - SP),315,11-8-0SV|3.64|1.22|7.74K9,https://www.fantasypros.com/mlb/players/cristopher-sanchez.php,Sanchez,"11-8-0SV|3.64|1.22|7.74K9
Cristopher Sánchez emerged as a reliable starter for the Philadelphia Phillies in 2024, posting an 11-9 record with a 3.32 ERA over 181.2 innings pitched. His consistent performance earned him his first All-Star selection. Notably, Sánchez excelled at home, registering a 2.13 ERA across 17 games, compared to a 5.02 ERA in 14 road outings. Statcast metrics reveal an average exit velocity of 87.4 mph and a hard-hit rate of 34.5%. Sanchez projects as a decent SP4 in 2025.",,2025
160,Logan O'Hoppe,LAA,C,160,166.0,Logan O'Hoppe (LAA - C),219,.242|57R|21HR|60RBI|3SB,https://www.fantasypros.com/mlb/players/logan-ohoppe.php,O'Hoppe,".242|57R|21HR|60RBI|3SB
Logan O'Hoppe delivered a solid fantasy season in 2024, hitting 20 home runs, driving in 56 runs, scoring 64 times, and adding two stolen bases, with a .244/.303/.409 slash line. O'Hoppe's power appears sustainable, supported by a 12% barrel rate and a 90.4 mph average exit velocity, both of which are above league average. However, his 29.7% strikeout rate is a concern. At 25 years old, there's room for improvement in plate discipline. If he can reduce his strikeouts, O'Hoppe has the potential to increase his batting average and become a more valuable fantasy player, but at the catching position, he is a Top 10 choice.",,2025
161,Jurickson Profar,ATL,OF,161,166.0,Jurickson Profar (ATL - OF),324,.257|76R|15HR|65RBI|7SB,https://www.fantasypros.com/mlb/players/jurickson-profar.php,Profar,".257|76R|15HR|65RBI|7SB
In 2024, Jurickson Profar set new career highs in home runs (24), runs (94), RBI (85), and batting average (.280). He tied his career high in stolen bases with 10. He signed with the Braves in the offseason, surrounding him with a solid lineup, but it will be important to temper expectations for the 31-year-old. Twenty homers is still on the table, but the batting average will drop back to the .250s, though the counting stats should remain high, assuming the Braves don't suffer the same injury bug they had last season. Draft him as nothing more than an OF4.",,2025
162,Isaac Paredes,HOU,3B,162,168.0,Isaac Paredes (HOU - 3B),338,.241|73R|23HR|77RBI|2SB,https://www.fantasypros.com/mlb/players/isaac-paredes.php,Paredes,".241|73R|23HR|77RBI|2SB
​Isaac Paredes delivered a solid fantasy performance in 2024, hitting 19 home runs, driving in 80 runs, and scoring 64 times across 153 games split between the Tampa Bay Rays and Chicago Cubs. His .238/.346/.393 slash line remained in line with 2023's numbers. Paredes's average exit velocity of 85 mph and a 27.1% hard-hit rate suggest some caution regarding drafting him for potential power. A 16.4%	 strikeout rate aligns with his career norms, but his 11.9% walk rate indicates a keen eye at the plate. The Astros' Minute Maid Park, with its short left-field porch, should complement Paredes' pull-heavy approach, potentially boosting his home run totals.",,2025
163,Lane Thomas,CLE,OF,163,168.0,Lane Thomas (CLE - OF),258,.242|67R|16HR|62RBI|22SB,https://www.fantasypros.com/mlb/players/lane-thomas.php,Thomas,".242|67R|16HR|62RBI|22SB
Lane Thomas saw a dip in power from his 2023 campaign, but he compensated with speed, swiping 32 bases while still delivering 15 home runs. Slated to hit in the heart of Cleveland's lineup, he has the potential to reach a 20-homer, 25-steal season. That combination makes him a valuable target in AL-only and deeper mixed leagues.",,2025
164,Nico Hoerner,CHC,2B,164,170.0,Nico Hoerner (CHC - 2B),304,.274|67R|7HR|49RBI|26SB,https://www.fantasypros.com/mlb/players/nico-hoerner.php,Hoerner,".274|67R|7HR|49RBI|26SB
Nico Hoerner delivered a solid fantasy season in 2024, recording seven home runs, 48 RBIs, 86 runs scored, and 31 stolen bases over 151 games. His .273/.335/.373 slash line aligns closely with his career .278 batting average, suggesting a sustainable performance. While Hoerner's power metrics, such as a 1.2% Barrel Rate and an average exit velocity of 85.7 mph, indicate limited home run potential, his elite contact skills are evident in his 12.1% strikeout rate, ranking eighth-lowest among qualified hitters. An October surgery to repair a flexor tendon in his right forearm may impact his availability for the start of the 2025 season. Fantasy managers should monitor his recovery closely, as his speed and contact skills make him a valuable second baseman when healthy.​",,2025
165,Tyler O'Neill,BAL,OF,165,172.0,Tyler O'Neill (BAL - OF),224,.236|62R|23HR|64RBI|6SB,https://www.fantasypros.com/mlb/players/tyler-oneill.php,O'Neill,".236|62R|23HR|64RBI|6SB
Tyler O'Neill offers a clear tradeoff: elite power with plenty of strikeouts. In 2024, he showcased his home run potential by launching 31 long balls over 113 games for the Red Sox while tallying 61 RBIs, 74 runs, and a .241/.336/.511 slash line. His production was reminiscent of his breakout 2021 season. Now with Baltimore and its strong lineup, he has a strong chance to deliver similar results in 2025.",,2025
166,Trevor Megill,MIL,RP,166,173.0,Trevor Megill (MIL - RP),267,3-3-26SV|3.58|1.21|10.84K9,https://www.fantasypros.com/mlb/players/trevor-megill.php,Megill,"3-3-26SV|3.58|1.21|10.84K9
",,2025
167,Jeff Hoffman,TOR,RP,167,174.0,Jeff Hoffman (TOR - RP),289,3-3-25SV|3.15|1.10|11.39K9,https://www.fantasypros.com/mlb/players/jeff-hoffman.php,Hoffman,"3-3-25SV|3.15|1.10|11.39K9
",,2025
168,Andres Gimenez,TOR,2B,168,175.0,Andres Gimenez (TOR - 2B),304,.259|70R|12HR|62RBI|27SB,https://www.fantasypros.com/mlb/players/andres-giminez.php,Gimenez,".259|70R|12HR|62RBI|27SB
Andrés Giménez struggled during the 2024 season, recording a .252 batting average with nine home runs, 63 RBIs, 64 runs scored, and an impressive 30 stolen bases. While his batting average dipped from his 2022 peak of .297, his speed on the basepaths remained a significant asset. Gimenez's offensive metrics, such as a .638 OPS and a career-low .340 slugging percentage, made fantasy managers regret their high pick. His hard-hit rate declined to 27.0%, down from 37.8% in 2022. Now with the Blue Jays, Gimenez has entered that tier of infielders offering stolen bases and would go much lower in drafts if he was not a second baseman.",,2025
169,Alexis Diaz,CIN,RP,169,176.0,Alexis Diaz (CIN - RP),235,3-4-22SV|4.19|1.31|9.64K9,https://www.fantasypros.com/mlb/players/alexis-diaz.php,Diaz,"3-4-22SV|4.19|1.31|9.64K9
",,2025
170,Bryson Stott,PHI,2B,170,176.0,Bryson Stott (PHI - 2B),299,.256|67R|12HR|58RBI|26SB,https://www.fantasypros.com/mlb/players/bryson-stott-ss.php,Stott,".256|67R|12HR|58RBI|26SB
Bryson Stott took a step back in 2024 from his rookie campaign. He only hit 11 home runs and slashed an ugly .245/.315/.356 after promising numbers in 2023. Where Stott will help fantasy managers is in the stolen base category, as he upped his total from 31 to 32 last season. He is otherwise a fairly unexciting player whose position (2B) will keep him coming off draft boards earlier than what his numbers suggest.",,2025
171,Dansby Swanson,CHC,SS,171,176.0,Dansby Swanson (CHC - SS),292,.244|76R|19HR|74RBI|15SB,https://www.fantasypros.com/mlb/players/dansby-swanson.php,Swanson,".244|76R|19HR|74RBI|15SB
",,2025
172,Masyn Winn,STL,SS,172,178.0,Masyn Winn (STL - SS),322,.256|81R|14HR|63RBI|16SB,https://www.fantasypros.com/mlb/players/masyn-winn-p.php,Winn,".256|81R|14HR|63RBI|16SB
Masyn Winn showcased his potential during the 2024 season. Over 150 games, he posted a .267 batting average, hitting 15 home runs, driving in 57 runs, scoring 85 times, and stealing 11 bases. His .267/.314/.416 slash line aligns closely with his minor league career averages. Winn's power metrics, including an average exit velocity of 87 mph and a 3.7% barrel rate, indicate room for growth in his power-hitting capabilities. Notably, his 17.1% strikeout rate reflects strong contact skills for a player in his early 20s. Defensively, Winn excelled at shortstop, contributing 14 defensive runs saved, which underscores his value to the Cardinals. Given his age and athleticism, there's potential for increased power and stolen bases in the upcoming seasons, making him a promising asset for fantasy rosters.​",,2025
173,Michael Toglia,COL,1B,173,178.0,Michael Toglia (COL - 1B),228,.225|63R|23HR|66RBI|7SB,https://www.fantasypros.com/mlb/players/mike-toglia.php,Toglia,".225|63R|23HR|66RBI|7SB
",,2025
174,Ryan Pepiot,TB,SP,174,179.0,Ryan Pepiot (TB - SP),304,10-9-0SV|3.90|1.21|9.46K9,https://www.fantasypros.com/mlb/players/ryan-pepiot.php,Pepiot,"10-9-0SV|3.90|1.21|9.46K9
",,2025
175,Kerry Carpenter,DET,"DH,OF",175,181.0,"Kerry Carpenter (DET - DH,OF)",254,.257|59R|22HR|69RBI|3SB,https://www.fantasypros.com/mlb/players/kerry-carpenter.php,Carpenter,".257|59R|22HR|69RBI|3SB
Kerry Carpenter excels at getting on base, evidenced by his solid .379 xwOBA, and he has the power to approach 20 home runs. With Detroit's lineup showing promise, the 27-year-old is a solid mid-round pick to help fill out your fantasy outfield.",,2025
176,Taylor Ward,LAA,OF,176,182.0,Taylor Ward (LAA - OF),310,.251|78R|23HR|73RBI|7SB,https://www.fantasypros.com/mlb/players/taylor-ward.php,Ward,".251|78R|23HR|73RBI|7SB
Taylor Ward has the potential to hit 25 home runs in 2025 if he stays healthy, offering solid counting stats depending on how often he gets to bat alongside Mike Trout. The challenge with Ward is his streaky production-he'll go on a tear for a month (March/April: 7 HR, 19 R, 23 RBI, .273 BA-coincidentally, the same time Trout was healthy) before hitting a rough patch, only to rebound later. If you're willing to weather the ups and downs, he's a viable OF4 option.",,2025
177,Brandon Pfaadt,ARI,SP,177,184.0,Brandon Pfaadt (ARI - SP),291,9-8-0SV|3.98|1.19|8.90K9,https://www.fantasypros.com/mlb/players/brandon-pfaadt.php,Pfaadt,"9-8-0SV|3.98|1.19|8.90K9
Brandon Pfaadt delivered a mixed performance in the 2024 season, recording an 11-10 win-loss record over 32 starts for the Arizona Diamondbacks. He pitched 181.2 innings, with a 4.71 ERA, 1.24 WHIP, and 185 strikeouts. The ERA is entirely misleading as his xERA was 3.78 and xFIP was 3.58. Pfaadt demonstrated exceptional control, issuing only 42 walks throughout the season, and he maintained an average exit velocity of 88.8 mph, a hard-hit rate of 36.8%, and a barrel rate of 6.9%. While these aren't great, they are an improvement on his debut in 2023. Pfaadt is an intriguing SP4 with the upside for more.",,2025
178,Luis Rengifo,LAA,"2B,3B",178,186.0,"Luis Rengifo (LAA - 2B,3B)",276,.261|62R|14HR|56RBI|19SB,https://www.fantasypros.com/mlb/players/luis-rengifo.php,Rengifo,".261|62R|14HR|56RBI|19SB
",,2025
179,Jeremy Pena,HOU,SS,179,187.0,Jeremy Pena (HOU - SS),313,.262|76R|16HR|69RBI|17SB,https://www.fantasypros.com/mlb/players/jeremy-pena.php,Pena,".262|76R|16HR|69RBI|17SB
Jeremy Peña delivered a solid fantasy season in 2024, compiling 15 home runs, 70 RBIs, 78 runs scored, and 20 stolen bases over 602 at-bats. His .266/.308/.394 slash line aligns closely with his career averages and his 17.1% strikeout rate marked a significant improvement from previous seasons. However, Pena's 3.8% walk rate remains low, potentially limiting his on-base potential. With elite sprint speed in the 97th percentile, his stolen base contributions are likely to continue. As he enters his age-27 season, Peña's consistent production and speed make him a good choice for your SS or MI slots.",,2025
180,Zach Eflin,BAL,SP,180,187.0,Zach Eflin (BAL - SP),313,11-9-0SV|3.87|1.16|7.50K9,https://www.fantasypros.com/mlb/players/zach-eflin.php,Eflin,"11-9-0SV|3.87|1.16|7.50K9
",,2025
181,Shane Baz,TB,SP,181,188.0,Shane Baz (TB - SP),248,8-8-0SV|4.19|1.27|8.35K9,https://www.fantasypros.com/mlb/players/shane-baz.php,Baz,"8-8-0SV|4.19|1.27|8.35K9
",,2025
182,Jackson Holliday,BAL,2B,182,188.0,Jackson Holliday (BAL - 2B),203,.235|61R|11HR|46RBI|8SB,https://www.fantasypros.com/mlb/players/jackson-holliday.php,Holliday,".235|61R|11HR|46RBI|8SB
Jackson Holliday's 2024 rookie season with the Orioles showcased both his potential and areas for growth. In 60 games, he posted a .189 batting average, hitting 5 home runs, driving in 23 runs, scoring 28 times, and adding 4 stolen bases. His .255 on-base percentage and .311 slugging percentage resulted in a .566 OPS, both of which should improve in his sophomore season. He hit the ball hard with a 45.1 hard hit rate, but he will need better plate discipline (33.2% strikeout rate). At 21 years old, Holliday has plenty of upside while batting at the bottom of a good lineup.",,2025
183,Tommy Edman,LAD,"OF,SS",183,188.0,"Tommy Edman (LAD - OF,SS)",281,.247|68R|13HR|58RBI|23SB,https://www.fantasypros.com/mlb/players/thomas-edman.php,Edman,".247|68R|13HR|58RBI|23SB
",,2025
184,Brandon Lowe,TB,"2B,DH",184,192.0,"Brandon Lowe (TB - 2B,DH)",259,.240|65R|23HR|68RBI|6SB,https://www.fantasypros.com/mlb/players/brandon-lowe.php,Lowe,".240|65R|23HR|68RBI|6SB
",,2025
185,Spencer Arrighetti,HOU,SP,185,192.0,Spencer Arrighetti (HOU - SP),257,9-8-0SV|4.29|1.31|9.56K9,https://www.fantasypros.com/mlb/players/spencer-arrighetti.php,Arrighetti,"9-8-0SV|4.29|1.31|9.56K9
",,2025
186,Nick Pivetta,SD,SP,186,193.0,Nick Pivetta (SD - SP),322,10-9-0SV|3.95|1.17|10.14K9,https://www.fantasypros.com/mlb/players/nick-pivetta.php,Pivetta,"10-9-0SV|3.95|1.17|10.14K9
",,2025
187,Nathan Eovaldi,TEX,SP,187,193.0,Nathan Eovaldi (TEX - SP),320,10-9-0SV|3.87|1.19|8.56K9,https://www.fantasypros.com/mlb/players/nathan-eovaldi.php,Eovaldi,"10-9-0SV|3.87|1.19|8.56K9
Nathan Eovaldi delivered a solid 2024 season for the Texas Rangers, posting a 12-8 record over 29 starts with a 3.80 ERA, 1.11 WHIP, and 166 strikeouts across 170.2 innings pitched. His 1.11 WHIP was his career best, and his xERA/xFIP are both in line with his actual. Eovaldi is entering his age-35 season, and while there is nothing special from a fantasy perspective, he offers a steady floor for your pitching staff.",,2025
188,Yandy Diaz,TB,"1B,DH",188,194.0,"Yandy Diaz (TB - 1B,DH)",353,.285|75R|17HR|68RBI|2SB,https://www.fantasypros.com/mlb/players/yandy-diaz.php,Diaz,".285|75R|17HR|68RBI|2SB
Yandy Díaz experienced a notable regression in his offensive performance during the 2024 season. After leading the American League with a .330 batting average in 2023, Díaz's numbers declined to a .281/.341/.414 slash line over 145 games in 2024. He recorded 14 home runs, 65 RBIs, and 55 runs scored, without any stolen bases. Advanced metrics indicate that Díaz's average exit velocity decreased from 93.4 mph in 2023 to 88.0 mph in 2024, and his barrel rate dropped from 9.5% to 5.9%. Despite these setbacks, Díaz maintained a solid on-base percentage (.341) and a low strikeout rate (15.3%). Entering his age-33 season, it remains to be seen if he can replicate his previous success or if the 2024 season marks the beginning of a decline.",,2025
189,Victor Robles,SEA,OF,189,196.0,Victor Robles (SEA - OF),233,.251|62R|8HR|43RBI|34SB,https://www.fantasypros.com/mlb/players/victor-robles.php,Robles,".251|62R|8HR|43RBI|34SB
",,2025
190,Tyler Stephenson,CIN,C,190,197.0,Tyler Stephenson (CIN - C),197,.254|50R|13HR|52RBI|1SB,https://www.fantasypros.com/mlb/players/tyler-stephenson.php,Stephenson,".254|50R|13HR|52RBI|1SB
Tyler Stephenson rebounded in 2024, delivering a decent fantasy season with 19 home runs, 66 RBIs, 69 runs scored, and a .258/.338/.444 slash line over 138 games. This performance marked a significant improvement from his injury-plagued 2022 and a down year in 2023. Stephenson led all National League catchers with 127 games behind the plate, starting 112, and his 1,001 innings caught were the most by a Reds catcher since 1993. At 28, Stephenson is entering his prime, and with the Reds' offense showing potential, he could see an uptick in counting stats. His dual eligibility at catcher and first base enhances his fantasy appeal for 2025.",,2025
191,Pete Fairbanks,TB,RP,191,198.0,Pete Fairbanks (TB - RP),242,3-3-22SV|3.43|1.19|10.12K9,https://www.fantasypros.com/mlb/players/pete-fairbanks.php,Fairbanks,"3-3-22SV|3.43|1.19|10.12K9
Pete Fairbanks served as the Tampa Bay Rays' closer in 2024, recording 23 saves across 46 appearances. He posted a 3.57 ERA and a 1.17 WHIP over 45.1 innings, with 44 strikeouts against 17 walks. While his strikeout rate dipped to 8.74 K/9 from 13.50 K/9 in 2023, his walk rate improved to 3.38 BB/9 from 3.97 BB/9. At 30 years old, Fairbanks has a history of injuries, including past Tommy John surgery, which could impact his durability. However, his role as the Rays' primary closer and his ability to limit hits make him a decent mid-round closer.",,2025
192,Heliot Ramos,SF,OF,192,199.0,Heliot Ramos (SF - OF),258,.249|66R|21HR|69RBI|8SB,https://www.fantasypros.com/mlb/players/heliot-ramos-of.php,Ramos,".249|66R|21HR|69RBI|8SB
Heliot Ramos put together a solid rookie campaign for the Giants, posting 22 home runs, 72 RBIs, and a respectable .269/.322/.469 slash line. Encouragingly, his expected stats align well with these results, suggesting they're a fair benchmark for his 2025 outlook. As you round out your fantasy outfield later in drafts, Ramos offers a reliable floor heading into his second full MLB season.",,2025
193,Austin Wells,NYY,C,193,201.0,Austin Wells (NYY - C),214,.231|52R|16HR|55RBI|4SB,https://www.fantasypros.com/mlb/players/austin-wells.php,Wells,".231|52R|16HR|55RBI|4SB
",,2025
194,Zach Neto,LAA,SS,194,201.0,Zach Neto (LAA - SS),268,.249|65R|19HR|64RBI|21SB,https://www.fantasypros.com/mlb/players/zach-neto.php,Neto,".249|65R|19HR|64RBI|21SB
Zach Neto emerged as a dynamic fantasy asset in 2024, showcasing a rare blend of power and speed. Over 155 games, he posted a .249/.318/.443 slash line, with 23 home runs, 77 RBIs, 70 runs scored, and an impressive 30 stolen bases. Notably, Neto became only the third player in Angels history to achieve at least 20 home runs, 30 doubles, and 30 stolen bases in a single season. While his .249 batting average aligns with his career mark of .241, his underlying metrics suggest room for growth. Neto's average exit velocity stood at 89.2 mph, and his barrel rate was 8.9%, both indicating solid contact quality. However, his 24.7% strikeout rate, coupled with a modest 5.1% walk rate, highlights areas for potential improvement in plate discipline. Fantasy managers should note that Neto underwent right shoulder surgery in early November 2024, following an injury sustained on September 26. As a result, he is expected to miss the start of the 2025 season, with a return anticipated between one week to a month after Opening Day. Once he returns to full health, Neto's combination of power and speed, along with his everyday role in the Angels' lineup, should make him a valuable contributor in fantasy formats.",,2025
195,Josh Jung,TEX,3B,195,201.0,Josh Jung (TEX - 3B),216,.248|59R|19HR|65RBI|5SB,https://www.fantasypros.com/mlb/players/josh-jung-3b.php,Jung,".248|59R|19HR|65RBI|5SB
​Josh Jung's 2024 season was significantly impacted by injuries, limiting him to just 46 games. During this period, he posted a .264/.298/.421 slash line, with 7 home runs, 16 RBIs, and 4 stolen bases over 178 at-bats. As he enters the 2025 season fully healthy, there's optimism that Jung can return to his 2023 All-Star form and fill your CI slot with some bonus 20-HR power.",,2025
196,Ceddanne Rafaela,BOS,"OF,SS",196,202.0,"Ceddanne Rafaela (BOS - OF,SS)",183,.248|51R|11HR|48RBI|16SB,https://www.fantasypros.com/mlb/players/ceddanne-rafaela.php,Rafaela,".248|51R|11HR|48RBI|16SB
Ceddanne Rafaela brings a versatile skill set with contributions across multiple categories. He has the potential for around 15 homers and 20 steals, but his on-base percentage remains a concern (.274 OBP in 2024). With the improvements in the Red Sox lineup, Rafaela has the potential for boosts in the counting stats categories. He is an intriguing draft pick in 2025.",,2025
197,Max Muncy,LAD,3B,197,202.0,Max Muncy (LAD - 3B),269,.214|70R|24HR|73RBI|2SB,https://www.fantasypros.com/mlb/players/max-muncy.php,Muncy,".214|70R|24HR|73RBI|2SB
",,2025
198,Nolan Arenado,STL,3B,198,202.0,Nolan Arenado (STL - 3B),334,.258|68R|19HR|78RBI|3SB,https://www.fantasypros.com/mlb/players/nolan-arenado.php,Arenado,".258|68R|19HR|78RBI|3SB
Nolan Arenado experienced a decline in his offensive production during the 2024 season, hitting 16 home runs, driving in 71 runs, and scoring 70 times over 152 games. His .272/.325/.394 slash line marked a downturn from his career averages, with his slugging percentage notably dropping below .400 for the first time since his rookie year. Advanced metrics further highlighted this regression; his average exit velocity decreased to 86.3 mph, and his barrel rate plummeted to 3.2%, both career lows. Projections suggest a modest rebound, with anticipated improvements in home runs and RBIs. However, at 34 years old, Arenado's age and recent performance trends may temper expectations, making him a more cautious consideration for fantasy rosters.",,2025
199,Cedric Mullins II,BAL,OF,199,203.0,Cedric Mullins II (BAL - OF),276,.238|65R|16HR|59RBI|27SB,https://www.fantasypros.com/mlb/players/cedric-mullins.php,Mullins II,".238|65R|16HR|59RBI|27SB
Cedric Mullins regained his speed in 2024, boosting his stolen base total from 19 to 32 while staying on the field for 147 games. He also provided some power, hitting 18 home runs, which aligns with his expected 2025 production. While the Orioles have a deep lineup, Mullins remains a viable option in deeper formats.",,2025
200,David Bednar,PIT,RP,200,203.0,David Bednar (PIT - RP),254,3-3-25SV|3.82|1.24|9.47K9,https://www.fantasypros.com/mlb/players/david-bednar.php,Bednar,"3-3-25SV|3.82|1.24|9.47K9
",,2025
201,Jose Berrios,TOR,SP,201,203.0,Jose Berrios (TOR - SP),314,11-11-0SV|4.22|1.25|7.63K9,https://www.fantasypros.com/mlb/players/jose-berrios.php,Berrios,"11-11-0SV|4.22|1.25|7.63K9
Jose Berrios's calling card is durability. The 30-year-old started exactly 32 games for the fourth consecutive year in 2024. In the 192 1/3 innings he pitched, he struck out 153 batters and ended with a 3.60 and 1.15 WHIP. He also won 16 games, which is a very high number considering the team he was playing for. Berrios's disastrous 2022 does appear to be an outlier in terms of ERA/WHIP, but his Statcast page is ugly, save for a low walk percentage (6.9%). Fantasy managers cannot expect him to win half his games again this season, but he is a perfectly serviceable SP4 or SP5 you can draft in the late rounds.",,2025
202,MacKenzie Gore,WSH,SP,202,204.0,MacKenzie Gore (WSH - SP),312,10-10-0SV|3.96|1.29|9.53K9,https://www.fantasypros.com/mlb/players/mackenzie-gore.php,Gore,"10-10-0SV|3.96|1.29|9.53K9
",,2025
203,Ronel Blanco,HOU,SP,203,204.0,Ronel Blanco (HOU - SP),292,10-9-0SV|4.11|1.29|8.87K9,https://www.fantasypros.com/mlb/players/ronel-blanco.php,Blanco,"10-9-0SV|4.11|1.29|8.87K9
",,2025
204,Taj Bradley,TB,SP,204,207.0,Taj Bradley (TB - SP),315,10-10-0SV|3.96|1.21|9.54K9,https://www.fantasypros.com/mlb/players/taj-bradley.php,Bradley,"10-10-0SV|3.96|1.21|9.54K9
",,2025
205,Lucas Erceg,KC,RP,205,207.0,Lucas Erceg (KC - RP),216,4-3-11SV|3.58|1.26|10.08K9,https://www.fantasypros.com/mlb/players/lucas-erceg.php,Erceg,"4-3-11SV|3.58|1.26|10.08K9
Lucas Erceg landed with the Royals after a midseason trade from the A's, and he promptly took command of the ninth inning in Kansas City. In sum, the 29-year-old former infielder tossed 61 2/3 innings, striking out 72 batters, and saving 14 games. He ended the season with a 3.36 ERA and 1.05 WHIP. Erceg has a fastball that sits in the 98th percentile at 98.6 mph, leading to a 97th percentile average exit velocity at 85.9. He has the stuff to close games for the Royals in 2025 and could be a sleeper closer for those willing to bet he will enter the season in the role. A potential 30-save guy you can draft in the 10th round is a decent pick.",,2025
206,Tanner Houck,BOS,SP,206,210.0,Tanner Houck (BOS - SP),320,11-9-0SV|3.85|1.25|7.92K9,https://www.fantasypros.com/mlb/players/tanner-houck.php,Houck,"11-9-0SV|3.85|1.25|7.92K9
",,2025
207,Byron Buxton,MIN,OF,207,211.0,Byron Buxton (MIN - OF),243,.242|64R|23HR|66RBI|8SB,https://www.fantasypros.com/mlb/players/byron-buxton.php,Buxton,".242|64R|23HR|66RBI|8SB
Fantasy managers are well aware of the ""Byron Buxton dilemma""-draft him for his talent but be prepared for frequent IL stints. In 2024, he managed to play 102 games, surpassing 100 for the first time since 2017. He posted a solid .279/.335/.524 slash line with 18 home runs. While his walk rate remained low at 5.2%, he showed improvement by cutting his strikeout rate from 31.4% to 25.5%. Despite these positives, he remains a high-risk option best suited as an OF4 or OF5, and he shouldn't be drafted before the 20th round in standard leagues.",,2025
208,Alec Burleson,STL,"DH,OF",208,211.0,"Alec Burleson (STL - DH,OF)",264,.269|53R|15HR|57RBI|6SB,https://www.fantasypros.com/mlb/players/alec-burleson.php,Burleson,".269|53R|15HR|57RBI|6SB
Alec Burleson fell just shy of 600 plate appearances and proved to be a solid waiver-wire pickup for fantasy managers, though his production dipped in September. He makes plenty of contact with a low 12.8% strikeout rate but rarely draws walks. His role in the Cardinals' crowded outfield remains uncertain, but if he sees consistent playing time, he has the potential to hit around 20 home runs in 2025. However, his overall upside is somewhat limited.",,2025
209,Gavin Williams,CLE,SP,209,214.0,Gavin Williams (CLE - SP),255,8-8-0SV|3.95|1.26|9.11K9,https://www.fantasypros.com/mlb/players/gavin-williams.php,Williams,"8-8-0SV|3.95|1.26|9.11K9
",,2025
210,Carlos Correa,MIN,SS,210,214.0,Carlos Correa (MIN - SS),306,.270|69R|19HR|66RBI|1SB,https://www.fantasypros.com/mlb/players/carlos-correa.php,Correa,".270|69R|19HR|66RBI|1SB
",,2025
211,Gleyber Torres,DET,2B,211,215.0,Gleyber Torres (DET - 2B),317,.257|74R|17HR|65RBI|8SB,https://www.fantasypros.com/mlb/players/gleyber-torres.php,Torres,".257|74R|17HR|65RBI|8SB
​Gleyber Torres delivered a solid fantasy performance in 2024, recording 15 home runs, 63 RBIs, 80 runs scored, and 4 stolen bases over 154 games. His .257/.330/.378 slash line aligns closely with his career average of .265. Advanced metrics indicate a slight decline in power, with a Barrel Rate of 6.3% and a Hard Hit percentage of 35.4%, both below his career averages. His strikeout rate increased to 20.5%, up from 14.6% in 2023. The move to Detroit from New York won't help his offensive output. He's a later round MI draft pick in 2025.",,2025
212,Bowden Francis,TOR,"RP,SP",212,215.0,"Bowden Francis (TOR - RP,SP)",281,9-8-0SV|4.13|1.17|8.31K9,https://www.fantasypros.com/mlb/players/bowden-francis.php,Francis,"9-8-0SV|4.13|1.17|8.31K9
",,2025
213,Jordan Romano,PHI,RP,213,215.0,Jordan Romano (PHI - RP),221,3-3-21SV|3.93|1.25|9.58K9,https://www.fantasypros.com/mlb/players/jordan-romano.php,Romano,"3-3-21SV|3.93|1.25|9.58K9
",,2025
214,Francisco Alvarez,NYM,C,214,215.0,Francisco Alvarez (NYM - C),178,.234|44R|16HR|50RBI|2SB,https://www.fantasypros.com/mlb/players/francisco-alvarez.php,Alvarez,".234|44R|16HR|50RBI|2SB
Francisco Alvarez's 2024 season with the New York Mets was marked by both challenges and resilience. Despite a mid-season thumb injury that sidelined him for seven weeks, Álvarez managed to play in 100 games, posting a .237 batting average with 11 home runs, 47 RBIs, and 39 runs scored. Alvarez's average exit velocity stood at 88.8 mph, with a hard-hit rate of 42% and a barrel rate of 6.7%. He has a lot of upside at a difficult position to fill, but fantasy managers will have to brace for his low batting average.",,2025
215,Kirby Yates,LAD,RP,215,216.0,Kirby Yates (LAD - RP),216,4-2-10SV|3.38|1.19|11.17K9,https://www.fantasypros.com/mlb/players/kirby-yates.php,Yates,"4-2-10SV|3.38|1.19|11.17K9
Kirby Yates delivered an exceptional fantasy season in 2024, recording a 7-2 win-loss record, 33 saves, and a stellar 1.17 ERA over 61 appearances. His impressive 12.4 K/9 rate and 0.83 WHIP underscore his dominance on the mound. While his 4.1 BB/9 rate is slightly higher than ideal, it aligns with his career average, suggesting it may persist in 2025. At 37, Yates' performance defies age-related decline, though it's prudent to consider potential regression. His recent one-year, $13 million contract with the Dodgers positions him as a key late-inning option in a strong bullpen. Fantasy managers should monitor his role closely, as Yates' proven ability to accumulate saves and strikeouts makes him a valuable asset, but the presence of Tanner Scott will threaten his ninth inning appearances.",,2025
216,Kenley Jansen,LAA,RP,216,218.0,Kenley Jansen (LAA - RP),243,3-3-23SV|3.80|1.20|10.33K9,https://www.fantasypros.com/mlb/players/kenley-jansen.php,Jansen,"3-3-23SV|3.80|1.20|10.33K9
",,2025
217,Jorge Soler,LAA,"DH,OF",217,218.0,"Jorge Soler (LAA - DH,OF)",286,.233|71R|27HR|74RBI|1SB,https://www.fantasypros.com/mlb/players/jorge-soler.php,Soler,".233|71R|27HR|74RBI|1SB
Jorge Soler signed a three-year deal with the Angels in the offseason where he will continue doing what he does: Hitting between 20-30 home runs and going 75/75 in the other counting stats.",,2025
218,Sean Manaea,NYM,SP,218,219.0,Sean Manaea (NYM - SP),289,10-8-0SV|4.13|1.23|9.01K9,https://www.fantasypros.com/mlb/players/sean-manaea.php,Manaea,"10-8-0SV|4.13|1.23|9.01K9
",,2025
219,Lourdes Gurriel Jr.,ARI,OF,219,220.0,Lourdes Gurriel Jr. (ARI - OF),292,.271|65R|16HR|71RBI|6SB,https://www.fantasypros.com/mlb/players/lourdes-gurriel-jr.php,Gurriel Jr.,".271|65R|16HR|71RBI|6SB
Lourdes Gurriel Jr. delivered a solid fantasy season in 2024, recording 18 home runs, 75 RBIs, 72 runs scored, and seven stolen bases over 133 games. His .279/.322/.435 slash line aligns closely with his career averages. Notably, Gurriel's 18.3% strikeout rate marked a career best, placing him in the 70th percentile among MLB hitters. However, his 5.2% walk rate remains below league average, potentially limiting his on-base percentage. As he enters his age-31 season, Gurriel is expected to maintain his role as Arizona's primary left fielder, offering consistent power and batting average contributions for fantasy managers.​",,2025
220,Jonathan India,KC,2B,220,221.0,Jonathan India (KC - 2B),300,.252|77R|14HR|59RBI|12SB,https://www.fantasypros.com/mlb/players/jonathan-india.php,India,".252|77R|14HR|59RBI|12SB
​Jonathan India delivered a solid fantasy performance in 2024, recording 15 home runs, 58 RBIs, 84 runs scored, and 13 stolen bases. His .248/.357/.392 slash line aligns closely with his career numbers. India's power metrics, including a .412 xSLG and a 7.7% Barrel Rate, indicate potential for increased power output. Notably, he improved his plate discipline, achieving a career-high 12.6% walk rate and reducing his strikeout rate to 19.6%, both career bests. Following an offseason trade to the Kansas City Royals, India is expected to be a key contributor in their lineup and an excellent late-round option at 2B for those who wait.",,2025
221,Maikel Garcia,KC,"2B,3B",221,224.0,"Maikel Garcia (KC - 2B,3B)",274,.256|67R|7HR|51RBI|28SB,https://www.fantasypros.com/mlb/players/maikel-garcia.php,Garcia,".256|67R|7HR|51RBI|28SB
",,2025
222,Nick Lodolo,CIN,SP,222,226.0,Nick Lodolo (CIN - SP),256,8-8-0SV|4.07|1.23|9.74K9,https://www.fantasypros.com/mlb/players/nick-lodolo.php,Lodolo,"8-8-0SV|4.07|1.23|9.74K9
",,2025
223,Walker Buehler,BOS,SP,223,227.0,Walker Buehler (BOS - SP),210,7-8-0SV|4.50|1.35|7.75K9,https://www.fantasypros.com/mlb/players/walker-buehler.php,Buehler,"7-8-0SV|4.50|1.35|7.75K9
",,2025
224,Brandon Woodruff,MIL,SP,224,227.0,Brandon Woodruff (MIL - SP),300,9-7-0SV|3.61|1.13|9.86K9,https://www.fantasypros.com/mlb/players/brandon-woodruff.php,Woodruff,"9-7-0SV|3.61|1.13|9.86K9
",,2025
225,Matt Shaw,CHC,"2B,3B,SS",225,230.0,"Matt Shaw (CHC - 2B,3B,SS)",233,.245|56R|14HR|53RBI|18SB,https://www.fantasypros.com/mlb/players/matt-shaw.php,Shaw,".245|56R|14HR|53RBI|18SB
Matt Shaw should be the starting third baseman for the Cubs as soon as Opening Day, though the acquisition of Justin Turner may delay his arrival. However, there is everything to love about Shaw in fantasy. The 23-year-old hit 21 home runs and stole 31 bases across both Double-A and Triple-A last season. He has also maintained a high OBP at every level of the minors and demonstrated a strong hard-hit percentage across. Shaw is the type of prospect where expectations for a high floor right away seem reasonable. He is an excellent late round pick (currently going in the 23rd round).",,2025
226,Gabriel Moreno,ARI,C,226,230.0,Gabriel Moreno (ARI - C),242,.278|52R|9HR|52RBI|5SB,https://www.fantasypros.com/mlb/players/gabriel-moreno.php,Moreno,".278|52R|9HR|52RBI|5SB
",,2025
227,Yu Darvish,SD,SP,227,231.0,Yu Darvish (SD - SP),261,9-8-0SV|4.09|1.19|8.61K9,https://www.fantasypros.com/mlb/players/yu-darvish.php,Darvish,"9-8-0SV|4.09|1.19|8.61K9
",,2025
228,George Springer,TOR,"DH,OF",228,232.0,"George Springer (TOR - DH,OF)",305,.241|74R|19HR|66RBI|14SB,https://www.fantasypros.com/mlb/players/george-springer.php,Springer,".241|74R|19HR|66RBI|14SB
George Springer's biggest concern for fantasy managers is the lingering perception that he's still the player he was during his Astros days. However, at 35 years old, his skills are clearly on the decline. His stat line offers little upside-his home runs, runs, RBIs, and batting average have all dropped for three consecutive seasons, with his average plummeting to a career-low .220 in 2024. His offensive WAR even dipped into negative territory. At this stage, Springer is no more than an OF5, and fantasy managers would likely be better off targeting a player with greater potential.",,2025
229,Carlos Estevez,KC,RP,229,234.0,Carlos Estevez (KC - RP),230,4-3-20SV|4.01|1.25|8.79K9,https://www.fantasypros.com/mlb/players/carlos-estevez.php,Estevez,"4-3-20SV|4.01|1.25|8.79K9
",,2025
230,Clarke Schmidt,NYY,SP,230,235.0,Clarke Schmidt (NYY - SP),276,9-8-0SV|3.93|1.24|8.99K9,https://www.fantasypros.com/mlb/players/clarke-schmidt.php,Schmidt,"9-8-0SV|3.93|1.24|8.99K9
",,2025
231,Justin Martinez,ARI,RP,231,236.0,Justin Martinez (ARI - RP),257,4-3-18SV|3.19|1.30|10.95K9,https://www.fantasypros.com/mlb/players/justin-martinez.php,Martinez,"4-3-18SV|3.19|1.30|10.95K9
",,2025
232,Ryan Pressly,CHC,RP,232,237.0,Ryan Pressly (CHC - RP),253,3-3-24SV|3.51|1.21|9.17K9,https://www.fantasypros.com/mlb/players/ryan-pressly.php,Pressly,"3-3-24SV|3.51|1.21|9.17K9
",,2025
233,Jackson Jobe,DET,SP,233,237.0,Jackson Jobe (DET - SP),166,6-6-0SV|4.46|1.33|7.38K9,https://www.fantasypros.com/mlb/players/jackson-jobe.php,Jobe,"6-6-0SV|4.46|1.33|7.38K9
",,2025
234,Clay Holmes,NYM,RP,234,237.0,Clay Holmes (NYM - RP),264,9-7-0SV|3.64|1.32|8.38K9,https://www.fantasypros.com/mlb/players/clay-holmes.php,Holmes,"9-7-0SV|3.64|1.32|8.38K9
",,2025
235,Ryan Mountcastle,BAL,1B,235,239.0,Ryan Mountcastle (BAL - 1B),243,.260|59R|18HR|66RBI|3SB,https://www.fantasypros.com/mlb/players/ryan-mountcastle.php,Mountcastle,".260|59R|18HR|66RBI|3SB
Ryan Mountcastle posted a .271/.308/.425 slash line, contributing 13 home runs, 30 doubles, 63 RBIs, and 54 runs scored in 124 games. Advanced metrics highlight Mountcastle's solid contact quality. He recorded an average exit velocity of 90.8 mph and a hard-hit rate of 45.2%. Mountcastle's strikeout rate remained a concern, as he fanned 114 times in 473 at-bats, resulting in a 24.1% strikeout rate. Mountcastle's consistent batting average and improved contact metrics suggest potential for increased power production, especially if he can adjust his launch angle. Addressing his strikeout rate will be crucial for maximizing his offensive contributions.",,2025
236,Christian Encarnacion-Strand,CIN,1B,236,241.0,Christian Encarnacion-Strand (CIN - 1B),210,.258|52R|19HR|62RBI|3SB,https://www.fantasypros.com/mlb/players/christian-encarnacion-strand.php,Encarnacion-Strand,".258|52R|19HR|62RBI|3SB
",,2025
237,Jesus Luzardo,PHI,SP,237,242.0,Jesus Luzardo (PHI - SP),283,9-8-0SV|4.04|1.23|9.22K9,https://www.fantasypros.com/mlb/players/jesus-luzardo.php,Luzardo,"9-8-0SV|4.04|1.23|9.22K9
",,2025
238,Rhys Hoskins,MIL,"1B,DH",238,242.0,"Rhys Hoskins (MIL - 1B,DH)",253,.221|64R|25HR|75RBI|3SB,https://www.fantasypros.com/mlb/players/rhys-hoskins.php,Hoskins,".221|64R|25HR|75RBI|3SB
Rhys Hoskins returned to MLB action in 2024 after missing the entire 2023 season due to a torn ACL. In his comeback season with the Brewers, Hoskins posted a .214 batting average, hitting 26 home runs, driving in 82 runs, and scoring 59 times over 137 games. His .303 on-base percentage and .419 slugging percentage contributed to a .722 OPS, way below his career average of .827. Notably, his 12.7% barrel rate in 2024 suggests that his power potential remains intact. However, his 28.8% strikeout rate raises concerns about his contact skills. As he enters his age-32 season, maintaining health and improving plate discipline will be crucial for Hoskins to be a late-round valuable power hitter.",,2025
239,Tyler Fitzgerald,SF,SS,239,243.0,Tyler Fitzgerald (SF - SS),215,.233|66R|18HR|61RBI|19SB,https://www.fantasypros.com/mlb/players/tyler-fitzgerald.php,Fitzgerald,".233|66R|18HR|61RBI|19SB
",,2025
240,Kyle Finnegan,WSH,RP,240,245.0,Kyle Finnegan (WSH - RP),235,3-4-23SV|3.98|1.31|8.50K9,https://www.fantasypros.com/mlb/players/kyle-finnegan.php,Finnegan,"3-4-23SV|3.98|1.31|8.50K9
Kyle Finnegan delivered a strong fantasy season in 2024, securing 38 saves-ranking third in the league-and posting a 3.68 ERA over 63.2 innings pitched. However, his season was a tale of two halves: a stellar first half with a 2.45 ERA and 25 saves contrasted sharply with a 5.79 ERA and 13 saves post-All-Star break. Finnegan's advanced metrics, including a 48.1% Hard Hit rate and a 91.3 mph average exit velocity, suggest potential challenges in maintaining his early-season success. Despite these concerns, the Nationals re-signed Finnegan to a one-year, $6 million contract in February 2025, indicating their confidence in his ability to rebound. Fantasy managers can take a flier on him late in drafts, but he definitely comes with more volatility than the upper tier closers.",,2025
241,Parker Meadows,DET,OF,241,245.0,Parker Meadows (DET - OF),227,.234|60R|13HR|48RBI|17SB,https://www.fantasypros.com/mlb/players/parker-meadows.php,Meadows,".234|60R|13HR|48RBI|17SB
",,2025
242,Nathaniel Lowe,WSH,1B,242,246.0,Nathaniel Lowe (WSH - 1B),295,.265|68R|16HR|69RBI|2SB,https://www.fantasypros.com/mlb/players/nathaniel-lowe.php,Lowe,".265|68R|16HR|69RBI|2SB
Nathaniel Lowe had an average season in 2024, hitting 16 home runs, driving in 69 runs, and scoring 62 times over 486 at-bats. His .265/.361/.401 slash line aligns closely with his career averages. Lowe's power metrics were below average, however, including an average exit velocity of 88.9 mph and a 5.8% barrel rate. He remains a free-pass machine, sitting in the 97th percentile with a 12.6% walk rate. Following a December 2024 trade to the Washington Nationals, Lowe is poised to be a key contributor in their lineup for the 2025 season. In the fantasy realm, however, he remains a replacement-level option at 1B.",,2025
243,Zack Gelof,ATH,2B,243,246.0,Zack Gelof (ATH - 2B),221,.226|67R|19HR|62RBI|23SB,https://www.fantasypros.com/mlb/players/zack-gelof.php,Gelof,".226|67R|19HR|62RBI|23SB
",IL10,2025
244,Jake McCarthy,ARI,OF,244,248.0,Jake McCarthy (ARI - OF),264,.266|64R|8HR|50RBI|28SB,https://www.fantasypros.com/mlb/players/jake-mccarthy.php,McCarthy,".266|64R|8HR|50RBI|28SB
",,2025
245,Ranger Suarez,PHI,SP,245,249.0,Ranger Suarez (PHI - SP),301,10-8-0SV|3.71|1.25|8.08K9,https://www.fantasypros.com/mlb/players/ranger-suarez.php,Suarez,"10-8-0SV|3.71|1.25|8.08K9
",IL15,2025
246,Luis Gil,NYY,SP,246,249.0,Luis Gil (NYY - SP),191,6-5-0SV|4.04|1.29|10.05K9,https://www.fantasypros.com/mlb/players/luis-gil.php,Gil,"6-5-0SV|4.04|1.29|10.05K9
Luis Gil seemingly came out of nowhere and took home the 2024 AL Rookie of the Year award. Fantasy managers who snagged him off waivers early were rewarded with a 0.70 ERA in May. He had a terrible June (6.45 ERA) but bounced back in July with a 3.33, and that is where the fantasy fun ended. The Yankees began managing his workload, and his 4.36 xFIP suggests there is plenty of regression on tap in 2025. Gil has a rotation spot locked up in New York, and if he can improve his 12.1% walk rate, he could return some value. Just don't draft him because he won the Roy award, and expect his intensely good May to be the norm.",,2025
247,Colt Keith,DET,2B,247,250.0,Colt Keith (DET - 2B),260,.261|61R|15HR|61RBI|5SB,https://www.fantasypros.com/mlb/players/colt-keith.php,Keith,".261|61R|15HR|61RBI|5SB
",,2025
248,Connor Wong,BOS,C,248,251.0,Connor Wong (BOS - C),163,.248|45R|11HR|44RBI|7SB,https://www.fantasypros.com/mlb/players/connor-wong.php,Wong,".248|45R|11HR|44RBI|7SB
",,2025
249,Brendan Donovan,STL,"2B,OF",249,251.0,"Brendan Donovan (STL - 2B,OF)",314,.275|67R|12HR|61RBI|6SB,https://www.fantasypros.com/mlb/players/brendan-donovan.php,Donovan,".275|67R|12HR|61RBI|6SB
",,2025
250,Willi Castro,MIN,"2B,3B,OF,SS",250,254.0,"Willi Castro (MIN - 2B,3B,OF,SS)",251,.246|72R|12HR|55RBI|19SB,https://www.fantasypros.com/mlb/players/willi-castro.php,Castro,".246|72R|12HR|55RBI|19SB
",,2025
251,Michael Busch,CHC,1B,251,256.0,Michael Busch (CHC - 1B),241,.238|66R|19HR|67RBI|3SB,https://www.fantasypros.com/mlb/players/michael-busch-2b.php,Busch,".238|66R|19HR|67RBI|3SB
Michael Busch stepped into Chicago and became the everyday first baseman. He hit 21 bombs with 65 RBI and 73 runs scored. He had a respectable .775 OPS, and the biggest concern about him is that he may find himself in a platoon if his numbers versus lefties struggle. However, the playing time should be there in general, and the Cubs have a decent lineup ahead of him to boost his RBI numbers. Looking forward, Busch is in a good position to take another step forward in 2025 and is a good late-draft power option.",,2025
252,Drew Rasmussen,TB,"RP,SP",252,257.0,"Drew Rasmussen (TB - RP,SP)",243,7-6-0SV|3.41|1.14|8.90K9,https://www.fantasypros.com/mlb/players/drew-rasmussen.php,Rasmussen,"7-6-0SV|3.41|1.14|8.90K9
",,2025
253,TJ Friedl,CIN,OF,253,257.0,TJ Friedl (CIN - OF),277,.246|65R|15HR|58RBI|16SB,https://www.fantasypros.com/mlb/players/terry-friedl.php,Friedl,".246|65R|15HR|58RBI|16SB
",,2025
254,Jung Hoo Lee,SF,OF,254,259.0,Jung Hoo Lee (SF - OF),340,.283|65R|11HR|59RBI|7SB,https://www.fantasypros.com/mlb/players/jung-lee.php,Hoo Lee,".283|65R|11HR|59RBI|7SB
",,2025
255,Trevor Story,BOS,SS,255,262.0,Trevor Story (BOS - SS),207,.229|57R|15HR|58RBI|20SB,https://www.fantasypros.com/mlb/players/trevor-story.php,Story,".229|57R|15HR|58RBI|20SB
",,2025
256,Nolan Jones,CLE,OF,256,263.0,Nolan Jones (CLE - OF),182,.248|50R|12HR|47RBI|9SB,https://www.fantasypros.com/mlb/players/nolan-jones-3b.php,Jones,".248|50R|12HR|47RBI|9SB
Nolan Jones entered 2024 with plenty of hype, making him a popular early-round draft pick. Unfortunately, that excitement didn't translate into results. Limited to just 79 games due to injury, he struggled to build on his impressive rookie campaign, managing only three home runs and five stolen bases after posting a 20/20 season in 2023. His slash line took a significant hit, falling from .297/.389/.542 to .227/.321/.320, and he contributed just 28 runs and 28 RBIs. Outside of Luis Robert, Jones was arguably the biggest fantasy disappointment of the year. Looking ahead, a reasonable expectation is production somewhere between his stellar rookie numbers and his 2024 struggles-perhaps a 15/15 season. However, drafting him based on his 2023 breakout could set you up for disappointment.",,2025
257,Sean Murphy,ATL,C,257,266.0,Sean Murphy (ATL - C),171,.235|41R|14HR|44RBI|0SB,https://www.fantasypros.com/mlb/players/sean-murphy.php,Murphy,".235|41R|14HR|44RBI|0SB
",,2025
258,Michael Wacha,KC,SP,258,268.0,Michael Wacha (KC - SP),275,10-9-0SV|4.10|1.26|7.73K9,https://www.fantasypros.com/mlb/players/michael-wacha.php,Wacha,"10-9-0SV|4.10|1.26|7.73K9
",,2025
259,Nestor Cortes Jr.,MIL,SP,259,268.0,Nestor Cortes Jr. (MIL - SP),284,8-7-0SV|3.90|1.17|8.79K9,https://www.fantasypros.com/mlb/players/nestor-cortes.php,Cortes Jr.,"8-7-0SV|3.90|1.17|8.79K9
",,2025
260,Ryan Jeffers,MIN,"C,DH",260,269.0,"Ryan Jeffers (MIN - C,DH)",198,.237|48R|17HR|51RBI|3SB,https://www.fantasypros.com/mlb/players/ryan-jeffers.php,Jeffers,".237|48R|17HR|51RBI|3SB
",,2025
261,Ivan Herrera,STL,C,261,270.0,Ivan Herrera (STL - C),189,.259|47R|9HR|41RBI|6SB,https://www.fantasypros.com/mlb/players/ivan-herrera.php,Herrera,".259|47R|9HR|41RBI|6SB
",,2025
262,Garrett Mitchell,MIL,OF,262,271.0,Garrett Mitchell (MIL - OF),204,.240|58R|15HR|53RBI|21SB,https://www.fantasypros.com/mlb/players/garrett-mitchell.php,Mitchell,".240|58R|15HR|53RBI|21SB
Garrett Mitchell played in 69 games for the Brewers, showcasing encouraging production. He recorded eight home runs, swiped 11 bases, and maintained an impressive 11.2% walk rate. His slash line of .255/.342/.469 highlights his solid offensive contributions. Slated to be Milwaukee's starting center fielder, he'll hit behind Jackson Chourio and William Contreras, which could help boost his counting stats. Mitchell profiles as an OF5 with the potential to provide OF4 value.",,2025
263,Ryan McMahon,COL,3B,263,272.0,Ryan McMahon (COL - 3B),252,.241|70R|20HR|69RBI|6SB,https://www.fantasypros.com/mlb/players/ryan-mcmahon.php,McMahon,".241|70R|20HR|69RBI|6SB
",,2025
264,Matt Wallner,MIN,OF,264,272.0,Matt Wallner (MIN - OF),202,.234|61R|21HR|63RBI|4SB,https://www.fantasypros.com/mlb/players/matt-wallner.php,Wallner,".234|61R|21HR|63RBI|4SB
",,2025
265,Ben Joyce,LAA,RP,265,274.0,Ben Joyce (LAA - RP),186,3-3-8SV|3.46|1.26|10.74K9,https://www.fantasypros.com/mlb/players/ben-joyce.php,Joyce,"3-3-8SV|3.46|1.26|10.74K9
",,2025
266,Evan Carter,TEX,OF,266,276.0,Evan Carter (TEX - OF),214,.241|58R|12HR|48RBI|12SB,https://www.fantasypros.com/mlb/players/evan-carter.php,Carter,".241|58R|12HR|48RBI|12SB
",,2025
267,Reese Olson,DET,SP,267,276.0,Reese Olson (DET - SP),255,8-8-0SV|3.94|1.24|8.30K9,https://www.fantasypros.com/mlb/players/reese-olson.php,Olson,"8-8-0SV|3.94|1.24|8.30K9
",,2025
268,Mitch Keller,PIT,SP,268,276.0,Mitch Keller (PIT - SP),301,10-11-0SV|4.20|1.28|8.22K9,https://www.fantasypros.com/mlb/players/mitch-keller.php,Keller,"10-11-0SV|4.20|1.28|8.22K9
",,2025
269,Christopher Morel,TB,"2B,3B,DH",269,277.0,"Christopher Morel (TB - 2B,3B,DH)",238,.232|61R|22HR|64RBI|9SB,https://www.fantasypros.com/mlb/players/christopher-morel.php,Morel,".232|61R|22HR|64RBI|9SB
",,2025
270,A.J. Puk,ARI,RP,270,279.0,A.J. Puk (ARI - RP),241,4-3-15SV|3.35|1.17|10.81K9,https://www.fantasypros.com/mlb/players/aj-puk.php,Puk,"4-3-15SV|3.35|1.17|10.81K9
",,2025
271,JJ Bleday,ATH,OF,271,280.0,JJ Bleday (ATH - OF),308,.228|73R|21HR|69RBI|5SB,https://www.fantasypros.com/mlb/players/jj-bleday.php,Bleday,".228|73R|21HR|69RBI|5SB
JJ Bleday put together a respectable season for Oakland, belting 20 home runs while cutting his strikeout rate by four percentage points. While batting average won't be his strong suit, his power and run production could still make an impact. If Sacramento's ballpark proves hitter-friendly, a 20-homer, 75-RBI, 75-run campaign is a realistic expectation.",,2025
272,Roman Anthony,BOS,OF,272,280.0,Roman Anthony (BOS - OF),145,.244|39R|8HR|33RBI|7SB,https://www.fantasypros.com/mlb/players/roman-anthony.php,Anthony,".244|39R|8HR|33RBI|7SB
",NRI,2025
273,Connor Norby,MIA,"2B,3B",273,281.0,"Connor Norby (MIA - 2B,3B)",231,.245|67R|17HR|59RBI|9SB,https://www.fantasypros.com/mlb/players/connor-norby.php,Norby,".245|67R|17HR|59RBI|9SB
Connor Norby landed in Miami in one of the most perplexing trades of the season, and he demonstrated his potential power once he was there. Norby hit nine home runs and collected 20 RBI in only 36 games. However, he struck out at a 33.3% clip, which is what will most likely continue to suppress his batting average going forward. Norby's barrel rate will offer fantasy managers plenty of power, but it will come with some growing pains and more effect on your ratios than you may want. His cost is low enough, though, to take the chance in 2025.",,2025
274,Keibert Ruiz,WSH,C,274,281.0,Keibert Ruiz (WSH - C),245,.249|46R|14HR|54RBI|3SB,https://www.fantasypros.com/mlb/players/keibert-ruiz.php,Ruiz,".249|46R|14HR|54RBI|3SB
",,2025
275,Jeffrey Springs,ATH,SP,275,283.0,Jeffrey Springs (ATH - SP),253,8-7-0SV|3.95|1.22|8.87K9,https://www.fantasypros.com/mlb/players/jeffrey-springs.php,Springs,"8-7-0SV|3.95|1.22|8.87K9
Jeffrey Springs is an intriguing late-round option in 2025 drafts. Two years removed from Tommy John surgery, the 32-year-old now resides in Sacramento, which projects to be a worse pitching environment than he was used to in Tampa Bay. However, in the seven games he pitched in 2024, Springs offers a fastball/changeup/slider combination, with his changeup doing the most damage (44.2% whiff rate). While teams batted .333 against the pitch, the xBA was .223, meaning he was experiencing some very bad luck. Springs won't cost you much in a draft (currently going in the 22nd round), but if he can reach his career strikeout rate of 27.2%, he could offer fantastic return on investment.",,2025
276,Max Scherzer,TOR,SP,276,286.0,Max Scherzer (TOR - SP),240,7-6-0SV|3.83|1.13|9.42K9,https://www.fantasypros.com/mlb/players/max-scherzer.php,Scherzer,"7-6-0SV|3.83|1.13|9.42K9
",,2025
277,Jason Foley,DET,RP,277,286.0,Jason Foley (DET - RP),199,3-3-15SV|3.69|1.26|7.26K9,https://www.fantasypros.com/mlb/players/jason-foley.php,Foley,"3-3-15SV|3.69|1.26|7.26K9
",,2025
278,Griffin Jax,MIN,RP,278,289.0,Griffin Jax (MIN - RP),234,4-3-8SV|3.13|1.09|10.57K9,https://www.fantasypros.com/mlb/players/griffin-jax.php,Jax,"4-3-8SV|3.13|1.09|10.57K9
",,2025
279,Jesus Sanchez,MIA,OF,279,289.0,Jesus Sanchez (MIA - OF),210,.252|51R|16HR|55RBI|9SB,https://www.fantasypros.com/mlb/players/jesus-sanchez.php,Sanchez,".252|51R|16HR|55RBI|9SB
",,2025
280,Liam Hendriks,BOS,RP,280,290.0,Liam Hendriks (BOS - RP),202,3-3-14SV|3.77|1.19|10.04K9,https://www.fantasypros.com/mlb/players/liam-hendriks.php,Hendriks,"3-3-14SV|3.77|1.19|10.04K9
",,2025
281,Jake Cronenworth,SD,"1B,2B",281,290.0,"Jake Cronenworth (SD - 1B,2B)",289,.239|68R|15HR|65RBI|5SB,https://www.fantasypros.com/mlb/players/jacob-cronenworth.php,Cronenworth,".239|68R|15HR|65RBI|5SB
Jake Cronenworth maintained his consistent performance in the 2024 season, appearing in 155 games for the San Diego Padres. He posted a .241/.324/.390 slash line, hitting 17 home runs, driving in 83 runs, scoring 72 times, and stealing five bases. At 31 years old, Cronenworth's skill set is well-established. His versatility across multiple infield positions enhances his value, but the stats themselves remain average.",,2025
282,Porter Hodge,CHC,RP,282,291.0,Porter Hodge (CHC - RP),201,3-3-10SV|3.64|1.27|9.95K9,https://www.fantasypros.com/mlb/players/porter-hodge.php,Hodge,"3-3-10SV|3.64|1.27|9.95K9
",,2025
283,Michael Conforto,LAD,"DH,OF",283,292.0,"Michael Conforto (LAD - DH,OF)",227,.237|56R|18HR|62RBI|2SB,https://www.fantasypros.com/mlb/players/michael-conforto.php,Conforto,".237|56R|18HR|62RBI|2SB
",,2025
284,Merrill Kelly,ARI,SP,284,294.0,Merrill Kelly (ARI - SP),267,10-8-0SV|4.09|1.27|8.04K9,https://www.fantasypros.com/mlb/players/merrill-kelly.php,Kelly,"10-8-0SV|4.09|1.27|8.04K9
",,2025
285,Joey Bart,PIT,C,285,295.0,Joey Bart (PIT - C),138,.239|41R|12HR|42RBI|1SB,https://www.fantasypros.com/mlb/players/joseph-bart.php,Bart,".239|41R|12HR|42RBI|1SB
",,2025
286,Luke Weaver,NYY,RP,286,296.0,Luke Weaver (NYY - RP),203,4-3-5SV|3.78|1.18|9.75K9,https://www.fantasypros.com/mlb/players/luke-weaver.php,Weaver,"4-3-5SV|3.78|1.18|9.75K9
Luke Weaver emerged as a pivotal asset for the Yankees' bullpen in 2024, transitioning seamlessly into the closer role during the season's final month. Over 62 appearances, he posted a 7-3 record with a 2.89 ERA and 0.93 WHIP, striking out 103 batters across 84 innings, and securing four saves. The closer role is Devin Williams's to lose, but Weaver will be waiting in the wings should he falter.",,2025
287,Kristian Campbell,BOS,"2B,OF,SS",287,296.0,"Kristian Campbell (BOS - 2B,OF,SS)",171,.263|42R|9HR|38RBI|8SB,https://www.fantasypros.com/mlb/players/kristian-campbell.php,Campbell,".263|42R|9HR|38RBI|8SB
",NRI,2025
288,Aroldis Chapman,BOS,RP,288,298.0,Aroldis Chapman (BOS - RP),250,4-3-16SV|3.36|1.29|13.15K9,https://www.fantasypros.com/mlb/players/aroldis-chapman.php,Chapman,"4-3-16SV|3.36|1.29|13.15K9
",,2025
289,Lars Nootbaar,STL,OF,289,298.0,Lars Nootbaar (STL - OF),280,.248|65R|17HR|57RBI|9SB,https://www.fantasypros.com/mlb/players/lars-nootbaar.php,Nootbaar,".248|65R|17HR|57RBI|9SB
",,2025
290,Jordan Walker,STL,OF,290,300.0,Jordan Walker (STL - OF),237,.250|57R|16HR|60RBI|7SB,https://www.fantasypros.com/mlb/players/jordan-walker.php,Walker,".250|57R|16HR|60RBI|7SB
",,2025
291,Chris Bassitt,TOR,SP,291,301.0,Chris Bassitt (TOR - SP),300,10-10-0SV|4.16|1.29|8.23K9,https://www.fantasypros.com/mlb/players/chris-bassitt.php,Bassitt,"10-10-0SV|4.16|1.29|8.23K9
Chris Bassitt started 30+ games for the third year in a row in 2024, but he also suffered his second-worst career ERA at 4.16 to go along with an uncharacteristic WHIP of 1.46. The 35-year-old's strikeout rate stayed consistent at 22.2%, but his walk rate jumped over two percentage points to 9.2%. While he did manage 10 wins on a terrible team, he had trouble fooling hitters with his sinker and change-up, which is a harbinger for bad things to come. Bassitt is much more of a streamer/waiver wire pickup in 2025 than the durable innings eater fantasy managers have enjoyed in recent years.",,2025
292,Erick Fedde,STL,SP,292,306.0,Erick Fedde (STL - SP),277,10-10-0SV|4.16|1.28|7.77K9,https://www.fantasypros.com/mlb/players/erick-fedde.php,Fedde,"10-10-0SV|4.16|1.28|7.77K9
",,2025
293,Grant Holmes,ATL,"RP,SP",293,312.0,"Grant Holmes (ATL - RP,SP)",204,6-5-0SV|4.03|1.28|8.81K9,https://www.fantasypros.com/mlb/players/grant-holmes.php,Holmes,"6-5-0SV|4.03|1.28|8.81K9
",,2025
294,Jose Caballero,TB,"2B,3B,SS",294,312.0,"Jose Caballero (TB - 2B,3B,SS)",133,.222|36R|6HR|29RBI|26SB,https://www.fantasypros.com/mlb/players/jose-caballero.php,Caballero,".222|36R|6HR|29RBI|26SB
",,2025
295,Kumar Rocker,TEX,SP,295,313.0,Kumar Rocker (TEX - SP),235,7-6-0SV|3.70|1.19|9.42K9,https://www.fantasypros.com/mlb/players/kumar-rocker.php,Rocker,"7-6-0SV|3.70|1.19|9.42K9
",,2025
296,Giancarlo Stanton,NYY,DH,296,314.0,Giancarlo Stanton (NYY - DH),146,.227|36R|18HR|47RBI|0SB,https://www.fantasypros.com/mlb/players/giancarlo-stanton.php,Stanton,".227|36R|18HR|47RBI|0SB
",,2025
297,Tomoyuki Sugano,BAL,SP,297,314.0,Tomoyuki Sugano (BAL - SP),197,7-8-0SV|4.60|1.30|6.65K9,https://www.fantasypros.com/mlb/players/tomoyuki-sugano.php,Sugano,"7-8-0SV|4.60|1.30|6.65K9
",,2025
298,Tobias Myers,MIL,SP,298,317.0,Tobias Myers (MIL - SP),225,7-7-0SV|4.21|1.27|8.27K9,https://www.fantasypros.com/mlb/players/tobias-myers.php,Myers,"7-7-0SV|4.21|1.27|8.27K9
",,2025
299,Jason Adam,SD,RP,299,318.0,Jason Adam (SD - RP),221,4-3-6SV|3.21|1.08|10.39K9,https://www.fantasypros.com/mlb/players/jason-adam.php,Adam,"4-3-6SV|3.21|1.08|10.39K9
",,2025
300,Brady Singer,CIN,SP,300,318.0,Brady Singer (CIN - SP),286,10-10-0SV|4.31|1.29|8.38K9,https://www.fantasypros.com/mlb/players/brady-singer.php,Singer,"10-10-0SV|4.31|1.29|8.38K9
",,2025
301,Luis Severino,ATH,SP,301,318.0,Luis Severino (ATH - SP),280,9-10-0SV|4.30|1.29|7.88K9,https://www.fantasypros.com/mlb/players/luis-severino.php,Severino,"9-10-0SV|4.30|1.29|7.88K9
",,2025
302,Joey Ortiz,MIL,3B,302,319.0,Joey Ortiz (MIL - 3B),264,.247|64R|12HR|60RBI|11SB,https://www.fantasypros.com/mlb/players/joey-ortiz.php,Ortiz,".247|64R|12HR|60RBI|11SB
",,2025
303,Bubba Chandler,PIT,SP,303,319.0,Bubba Chandler (PIT - SP),115,4-5-0SV|4.37|1.36|8.26K9,https://www.fantasypros.com/mlb/players/bubba-chandler.php,Chandler,"4-5-0SV|4.37|1.36|8.26K9
",MiLB,2025
304,Jonah Heim,TEX,C,304,320.0,Jonah Heim (TEX - C),162,.229|38R|11HR|42RBI|1SB,https://www.fantasypros.com/mlb/players/jonah-heim.php,Heim,".229|38R|11HR|42RBI|1SB
",,2025
305,Calvin Faucher,MIA,RP,305,322.0,Calvin Faucher (MIA - RP),205,2-4-18SV|4.07|1.40|9.26K9,https://www.fantasypros.com/mlb/players/calvin-faucher.php,Faucher,"2-4-18SV|4.07|1.40|9.26K9
",,2025
306,Andrew Vaughn,CWS,"1B,DH",306,323.0,"Andrew Vaughn (CWS - 1B,DH)",291,.254|64R|21HR|75RBI|1SB,https://www.fantasypros.com/mlb/players/andrew-vaughn-1b.php,Vaughn,".254|64R|21HR|75RBI|1SB
",,2025
307,Nick Martinez,CIN,"RP,SP",307,323.0,"Nick Martinez (CIN - RP,SP)",263,9-8-0SV|4.15|1.27|7.54K9,https://www.fantasypros.com/mlb/players/nick-martinez.php,Martinez,"9-8-0SV|4.15|1.27|7.54K9
",,2025
308,Alejandro Kirk,TOR,C,308,325.0,Alejandro Kirk (TOR - C),223,.264|42R|9HR|47RBI|0SB,https://www.fantasypros.com/mlb/players/alejandro-kirk.php,Kirk,".264|42R|9HR|47RBI|0SB
",,2025
309,Dustin May,LAD,SP,309,327.0,Dustin May (LAD - SP),155,4-3-0SV|3.73|1.20|8.66K9,https://www.fantasypros.com/mlb/players/dustin-may.php,May,"4-3-0SV|3.73|1.20|8.66K9
",,2025
310,Chris Martin,TEX,RP,310,327.0,Chris Martin (TEX - RP),223,3-2-16SV|3.32|1.11|9.05K9,https://www.fantasypros.com/mlb/players/chris-martin.php,Martin,"3-2-16SV|3.32|1.11|9.05K9
",,2025
311,Patrick Bailey,SF,C,311,329.0,Patrick Bailey (SF - C),172,.233|47R|10HR|46RBI|3SB,https://www.fantasypros.com/mlb/players/patrick-bailey.php,Bailey,".233|47R|10HR|46RBI|3SB
",,2025
312,Brandon Marsh,PHI,OF,312,330.0,Brandon Marsh (PHI - OF),212,.246|62R|14HR|57RBI|15SB,https://www.fantasypros.com/mlb/players/brandon-marsh.php,Marsh,".246|62R|14HR|57RBI|15SB
",,2025
313,Brayan Bello,BOS,SP,313,331.0,Brayan Bello (BOS - SP),261,10-9-0SV|4.00|1.33|8.29K9,https://www.fantasypros.com/mlb/players/brayan-bello.php,Bello,"10-9-0SV|4.00|1.33|8.29K9
",,2025
314,Justin Verlander,SF,SP,314,332.0,Justin Verlander (SF - SP),214,8-8-0SV|4.27|1.27|7.35K9,https://www.fantasypros.com/mlb/players/justin-verlander.php,Verlander,"8-8-0SV|4.27|1.27|7.35K9
",,2025
315,Joc Pederson,TEX,DH,315,332.0,Joc Pederson (TEX - DH),246,.250|58R|21HR|61RBI|4SB,https://www.fantasypros.com/mlb/players/joc-pederson.php,Pederson,".250|58R|21HR|61RBI|4SB
",,2025
316,Orion Kerkering,PHI,RP,316,333.0,Orion Kerkering (PHI - RP),197,4-3-5SV|3.09|1.12|10.27K9,https://www.fantasypros.com/mlb/players/orion-kerkering.php,Kerkering,"4-3-5SV|3.09|1.12|10.27K9
",,2025
317,Jameson Taillon,CHC,SP,317,334.0,Jameson Taillon (CHC - SP),261,10-10-0SV|4.33|1.24|7.05K9,https://www.fantasypros.com/mlb/players/jameson-taillon.php,Taillon,"10-10-0SV|4.33|1.24|7.05K9
",,2025
318,Luke Raley,SEA,"1B,OF",318,334.0,"Luke Raley (SEA - 1B,OF)",191,.232|55R|19HR|57RBI|10SB,https://www.fantasypros.com/mlb/players/lucas-raley.php,Raley,".232|55R|19HR|57RBI|10SB
",,2025
319,Tyler Soderstrom,ATH,1B,319,335.0,Tyler Soderstrom (ATH - 1B),215,.228|53R|21HR|63RBI|1SB,https://www.fantasypros.com/mlb/players/tyler-soderstrom.php,Soderstrom,".228|53R|21HR|63RBI|1SB
",,2025
320,Jacob Young,WSH,OF,320,338.0,Jacob Young (WSH - OF),204,.248|56R|3HR|37RBI|29SB,https://www.fantasypros.com/mlb/players/jacob-young.php,Young,".248|56R|3HR|37RBI|29SB
",,2025
321,Spencer Torkelson,DET,1B,321,338.0,Spencer Torkelson (DET - 1B),157,.224|42R|13HR|43RBI|1SB,https://www.fantasypros.com/mlb/players/spencer-torkelson-if.php,Torkelson,".224|42R|13HR|43RBI|1SB
",,2025
322,David Peterson,NYM,SP,322,339.0,David Peterson (NYM - SP),256,9-7-0SV|3.86|1.33|8.40K9,https://www.fantasypros.com/mlb/players/david-peterson.php,Peterson,"9-7-0SV|3.86|1.33|8.40K9
",,2025
323,Thairo Estrada,COL,2B,323,342.0,Thairo Estrada (COL - 2B),201,.261|50R|11HR|47RBI|10SB,https://www.fantasypros.com/mlb/players/thairo-estrada.php,Estrada,".261|50R|11HR|47RBI|10SB
",,2025
324,Ryan Weathers,MIA,SP,324,343.0,Ryan Weathers (MIA - SP),169,6-8-0SV|4.50|1.38|7.90K9,https://www.fantasypros.com/mlb/players/ryan-weathers.php,Weathers,"6-8-0SV|4.50|1.38|7.90K9
",,2025
325,Jonathan Aranda,TB,1B,325,343.0,Jonathan Aranda (TB - 1B),183,.250|48R|14HR|48RBI|1SB,https://www.fantasypros.com/mlb/players/jonathan-aranda.php,Aranda,".250|48R|14HR|48RBI|1SB
",,2025
326,Edwin Uceta,TB,RP,326,344.0,Edwin Uceta (TB - RP),197,3-3-9SV|3.88|1.24|9.92K9,https://www.fantasypros.com/mlb/players/edwin-uceta.php,Uceta,"3-3-9SV|3.88|1.24|9.92K9
",,2025
327,Jeimer Candelario,CIN,"1B,3B,DH",327,344.0,"Jeimer Candelario (CIN - 1B,3B,DH)",228,.239|56R|18HR|61RBI|4SB,https://www.fantasypros.com/mlb/players/jeimer-candelario.php,Candelario,".239|56R|18HR|61RBI|4SB
",,2025
328,Wilyer Abreu,BOS,OF,328,346.0,Wilyer Abreu (BOS - OF),212,.243|55R|15HR|54RBI|9SB,https://www.fantasypros.com/mlb/players/wilyer-abreu.php,Abreu,".243|55R|15HR|54RBI|9SB
",,2025
329,Bo Naylor,CLE,C,329,346.0,Bo Naylor (CLE - C),171,.216|47R|14HR|47RBI|7SB,https://www.fantasypros.com/mlb/players/bo-naylor.php,Naylor,".216|47R|14HR|47RBI|7SB
",,2025
330,Jo Adell,LAA,OF,330,347.0,Jo Adell (LAA - OF),200,.224|55R|20HR|59RBI|13SB,https://www.fantasypros.com/mlb/players/jo-adell.php,Adell,".224|55R|20HR|59RBI|13SB
",,2025
331,Cody Bradford,TEX,SP,331,348.0,Cody Bradford (TEX - SP),139,4-4-0SV|4.09|1.15|8.09K9,https://www.fantasypros.com/mlb/players/cody-bradford.php,Bradford,"4-4-0SV|4.09|1.15|8.09K9
",,2025
332,Matthew Boyd,CHC,SP,332,349.0,Matthew Boyd (CHC - SP),231,7-6-0SV|3.82|1.20|9.23K9,https://www.fantasypros.com/mlb/players/matt-boyd.php,Boyd,"7-6-0SV|3.82|1.20|9.23K9
",,2025
333,Heston Kjerstad,BAL,OF,333,350.0,Heston Kjerstad (BAL - OF),165,.251|45R|12HR|45RBI|2SB,https://www.fantasypros.com/mlb/players/heston-kjerstad.php,Kjerstad,".251|45R|12HR|45RBI|2SB
",,2025
334,Kutter Crawford,BOS,SP,334,353.0,Kutter Crawford (BOS - SP),218,6-7-0SV|4.32|1.20|8.63K9,https://www.fantasypros.com/mlb/players/kutter-crawford.php,Crawford,"6-7-0SV|4.32|1.20|8.63K9
",,2025
335,Andrew Painter,PHI,SP,335,354.0,Andrew Painter (PHI - SP),115,3-3-0SV|4.14|1.25|9.03K9,https://www.fantasypros.com/mlb/players/andrew-painter.php,Painter,"3-3-0SV|4.14|1.25|9.03K9
",NRI,2025
336,Nolan Schanuel,LAA,1B,336,356.0,Nolan Schanuel (LAA - 1B),281,.255|65R|12HR|53RBI|8SB,https://www.fantasypros.com/mlb/players/nolan-schanuel.php,Schanuel,".255|65R|12HR|53RBI|8SB
Nolan Schanuel maintained a .250 batting average, hitting 13 home runs, driving in 54 runs, scoring 62 times, and adding 10 stolen bases. His .343 on-base percentage and .362 slugging percentage resulted in a .705 OPS, aligning closely with his expected metrics, as indicated by a .321 xwOBA. Schanuel's disciplined approach at the plate was evident with an 17.0% strikeout rate and a 11.2% walk rate. However, his power numbers were modest, reflected by a 3.5% barrel rate and an average exit velocity of 86.1 mph. As he enters his age-23 season, Schanuel's consistent contact skills and plate discipline suggest room for growth, particularly in developing his power, making him a player to watch in 2025.​",,2025
337,Daulton Varsho,TOR,OF,337,358.0,Daulton Varsho (TOR - OF),253,.221|66R|20HR|63RBI|13SB,https://www.fantasypros.com/mlb/players/daulton-varsho.php,Varsho,".221|66R|20HR|63RBI|13SB
",,2025
338,Eduardo Rodriguez,ARI,SP,338,361.0,Eduardo Rodriguez (ARI - SP),236,9-7-0SV|4.08|1.29|8.15K9,https://www.fantasypros.com/mlb/players/eduardo-rodriguez.php,Rodriguez,"9-7-0SV|4.08|1.29|8.15K9
",,2025
339,Jose Soriano,LAA,SP,339,364.0,Jose Soriano (LAA - SP),246,8-8-0SV|3.93|1.32|8.44K9,https://www.fantasypros.com/mlb/players/jose-soriano.php,Soriano,"8-8-0SV|3.93|1.32|8.44K9
",,2025
340,Kyle Manzardo,CLE,DH,340,364.0,Kyle Manzardo (CLE - DH),226,.237|52R|17HR|55RBI|1SB,https://www.fantasypros.com/mlb/players/kyle-manzardo.php,Manzardo,".237|52R|17HR|55RBI|1SB
",,2025
341,Coby Mayo,BAL,3B,341,365.0,Coby Mayo (BAL - 3B),67,.230|18R|6HR|19RBI|1SB,https://www.fantasypros.com/mlb/players/coby-mayo.php,Mayo,".230|18R|6HR|19RBI|1SB
",MiLB,2025
342,Chad Green,TOR,RP,342,365.0,Chad Green (TOR - RP),169,3-3-6SV|3.95|1.19|8.47K9,https://www.fantasypros.com/mlb/players/chad-green.php,Green,"3-3-6SV|3.95|1.19|8.47K9
",,2025
343,Dylan Moore,SEA,"2B,3B,OF,SS",343,367.0,"Dylan Moore (SEA - 2B,3B,OF,SS)",139,.206|41R|9HR|32RBI|21SB,https://www.fantasypros.com/mlb/players/dylan-moore.php,Moore,".206|41R|9HR|32RBI|21SB
",,2025
344,Charlie Morton,BAL,SP,344,367.0,Charlie Morton (BAL - SP),264,9-9-0SV|4.27|1.34|8.92K9,https://www.fantasypros.com/mlb/players/charlie-morton.php,Morton,"9-9-0SV|4.27|1.34|8.92K9
",,2025
345,Caleb Durbin,MIL,"2B,3B",345,377.0,"Caleb Durbin (MIL - 2B,3B)",126,.235|26R|4HR|23RBI|12SB,https://www.fantasypros.com/mlb/players/caleb-durbin.php,Durbin,".235|26R|4HR|23RBI|12SB
",MiLB,2025
346,Kris Bubic,KC,RP,346,382.0,Kris Bubic (KC - RP),188,5-5-0SV|4.10|1.33|8.62K9,https://www.fantasypros.com/mlb/players/kris-bubic.php,Bubic,"5-5-0SV|4.10|1.33|8.62K9
",,2025
347,Shane Bieber,CLE,SP,347,394.0,Shane Bieber (CLE - SP),171,5-4-0SV|3.63|1.18|8.63K9,https://www.fantasypros.com/mlb/players/shane-bieber.php,Bieber,"5-4-0SV|3.63|1.18|8.63K9
",,2025
348,Max Meyer,MIA,SP,348,399.0,Max Meyer (MIA - SP),190,6-8-0SV|4.49|1.37|7.78K9,https://www.fantasypros.com/mlb/players/max-meyer.php,Meyer,"6-8-0SV|4.49|1.37|7.78K9
",,2025
349,Bryan Abreu,HOU,RP,349,409.0,Bryan Abreu (HOU - RP),225,4-3-3SV|3.28|1.18|11.61K9,https://www.fantasypros.com/mlb/players/bryan-abreu.php,Abreu,"4-3-3SV|3.28|1.18|11.61K9
",,2025
350,Cam Smith,HOU,3B,350,412.0,Cam Smith (HOU - 3B),80,.229|21R|5HR|20RBI|1SB,https://www.fantasypros.com/mlb/players/cam-smith.php,Smith,".229|21R|5HR|20RBI|1SB
",NRI,2025
351,Casey Mize,DET,SP,351,414.0,Casey Mize (DET - SP),175,6-7-0SV|4.28|1.31|7.09K9,https://www.fantasypros.com/mlb/players/casey-mize.php,Mize,"6-7-0SV|4.28|1.31|7.09K9
",,2025
352,Cade Smith,CLE,RP,352,311.0,Cade Smith (CLE - RP),219,4-3-2SV|2.99|1.11|11.41K9,https://www.fantasypros.com/mlb/players/cade-smith.php,Smith,"4-3-2SV|2.99|1.11|11.41K9
",,2025
353,Michael Kopech,LAD,RP,353,316.0,Michael Kopech (LAD - RP),150,3-3-4SV|3.83|1.26|10.71K9,https://www.fantasypros.com/mlb/players/michael-kopech.php,Kopech,"3-3-4SV|3.83|1.26|10.71K9
",IL15,2025
354,Ha-Seong Kim,TB,SS,354,330.0,Ha-Seong Kim (TB - SS),217,.244|49R|10HR|40RBI|17SB,https://www.fantasypros.com/mlb/players/ha-seong-kim.php,Kim,".244|49R|10HR|40RBI|17SB
",,2025
355,Tyler Holton,DET,"RP,SP",355,439.0,"Tyler Holton (DET - RP,SP)",200,4-3-6SV|3.37|1.12|7.85K9,https://www.fantasypros.com/mlb/players/tyler-holton.php,Holton,"4-3-6SV|3.37|1.12|7.85K9
",,2025
356,Nolan Gorman,STL,2B,356,340.0,Nolan Gorman (STL - 2B),169,.223|49R|20HR|56RBI|5SB,https://www.fantasypros.com/mlb/players/nolan-gorman.php,Gorman,".223|49R|20HR|56RBI|5SB
",,2025
357,Hyeseong Kim,LAD,2B,357,340.0,Hyeseong Kim (LAD - 2B),157,.260|38R|5HR|31RBI|12SB,https://www.fantasypros.com/mlb/players/hyeseong-kim.php,Kim,".260|38R|5HR|31RBI|12SB
",MiLB,2025
358,David Hamilton,BOS,"2B,SS",358,343.0,"David Hamilton (BOS - 2B,SS)",77,.227|21R|4HR|15RBI|14SB,https://www.fantasypros.com/mlb/players/david-hamilton.php,Hamilton,".227|21R|4HR|15RBI|14SB
",,2025
359,Carlos Santana,CLE,1B,359,345.0,Carlos Santana (CLE - 1B),273,.225|59R|18HR|64RBI|3SB,https://www.fantasypros.com/mlb/players/carlos-santana.php,Santana,".225|59R|18HR|64RBI|3SB
",,2025
360,Luisangel Acuna,NYM,SS,360,354.0,Luisangel Acuna (NYM - SS),81,.244|22R|3HR|17RBI|9SB,https://www.fantasypros.com/mlb/players/luisangel-acuna.php,Acuna,".244|22R|3HR|17RBI|9SB
",,2025
361,Hayden Birdsong,SF,SP,361,357.0,Hayden Birdsong (SF - SP),189,6-6-0SV|4.17|1.33|9.66K9,https://www.fantasypros.com/mlb/players/hayden-birdsong.php,Birdsong,"6-6-0SV|4.17|1.33|9.66K9
",,2025
362,DJ Herz,WSH,SP,362,358.0,DJ Herz (WSH - SP),192,6-7-0SV|4.19|1.33|9.63K9,https://www.fantasypros.com/mlb/players/davidjohn-herz.php,Herz,"6-7-0SV|4.19|1.33|9.63K9
",MiLB,2025
363,David Festa,MIN,SP,363,358.0,David Festa (MIN - SP),170,5-5-0SV|3.95|1.27|9.62K9,https://www.fantasypros.com/mlb/players/david-festa.php,Festa,"5-5-0SV|3.95|1.27|9.62K9
",MiLB,2025
364,Josh Smith,TEX,"3B,SS",364,360.0,"Josh Smith (TEX - 3B,SS)",174,.243|46R|9HR|39RBI|7SB,https://www.fantasypros.com/mlb/players/josh-smith-ss.php,Smith,".243|46R|9HR|39RBI|7SB
",,2025
365,Otto Lopez,MIA,2B,365,360.0,Otto Lopez (MIA - 2B),213,.269|49R|6HR|40RBI|16SB,https://www.fantasypros.com/mlb/players/otto-lopez.php,Lopez,".269|49R|6HR|40RBI|16SB
",,2025
366,Camilo Doval,SF,RP,366,365.0,Camilo Doval (SF - RP),210,4-3-9SV|3.35|1.26|10.71K9,https://www.fantasypros.com/mlb/players/camilo-doval.php,Doval,"4-3-9SV|3.35|1.26|10.71K9
",,2025
367,Kyle Harrison,SF,SP,367,368.0,Kyle Harrison (SF - SP),192,6-6-0SV|4.11|1.27|9.12K9,https://www.fantasypros.com/mlb/players/kyle-harrison.php,Harrison,"6-6-0SV|4.11|1.27|9.12K9
",MiLB,2025
368,Danny Jansen,TB,C,368,369.0,Danny Jansen (TB - C),175,.225|40R|14HR|43RBI|1SB,https://www.fantasypros.com/mlb/players/danny-jansen.php,Jansen,".225|40R|14HR|43RBI|1SB
",,2025
369,Jordan Lawlar,ARI,"3B,SS",369,371.0,"Jordan Lawlar (ARI - 3B,SS)",105,.243|29R|5HR|24RBI|10SB,https://www.fantasypros.com/mlb/players/jordan-lawlar.php,Lawlar,".243|29R|5HR|24RBI|10SB
",MiLB,2025
370,Masataka Yoshida,BOS,DH,370,374.0,Masataka Yoshida (BOS - DH),166,.277|34R|7HR|36RBI|2SB,https://www.fantasypros.com/mlb/players/masataka-yoshida.php,Yoshida,".277|34R|7HR|36RBI|2SB
",,2025
371,Bryan De La Cruz,ATL,"DH,OF",371,374.0,"Bryan De La Cruz (ATL - DH,OF)",64,.248|18R|5HR|19RBI|1SB,https://www.fantasypros.com/mlb/players/bryan-de-la-cruz.php,De La Cruz,".248|18R|5HR|19RBI|1SB
",,2025
372,Trevor Larnach,MIN,"DH,OF",372,376.0,"Trevor Larnach (MIN - DH,OF)",214,.242|58R|16HR|58RBI|3SB,https://www.fantasypros.com/mlb/players/trevor-larnach.php,Larnach,".242|58R|16HR|58RBI|3SB
",,2025
373,Starling Marte,NYM,OF,373,379.0,Starling Marte (NYM - OF),143,.260|37R|6HR|31RBI|13SB,https://www.fantasypros.com/mlb/players/starling-marte.php,Marte,".260|37R|6HR|31RBI|13SB
",,2025
374,Josh Bell,WSH,"1B,DH",374,380.0,"Josh Bell (WSH - 1B,DH)",268,.247|59R|18HR|65RBI|1SB,https://www.fantasypros.com/mlb/players/josh-bell.php,Bell,".247|59R|18HR|65RBI|1SB
",,2025
375,Lucas Giolito,BOS,SP,375,381.0,Lucas Giolito (BOS - SP),209,7-7-0SV|4.41|1.31|9.13K9,https://www.fantasypros.com/mlb/players/lucas-giolito.php,Giolito,"7-7-0SV|4.41|1.31|9.13K9
",,2025
376,Deyvison De Los Santos,MIA,"1B,3B",376,382.0,"Deyvison De Los Santos (MIA - 1B,3B)",127,.244|33R|12HR|39RBI|1SB,https://www.fantasypros.com/mlb/players/deyvison-de-los-santos.php,De Los Santos,".244|33R|12HR|39RBI|1SB
",MiLB,2025
377,Blake Treinen,LAD,RP,377,393.0,Blake Treinen (LAD - RP),178,4-3-5SV|3.42|1.15|9.75K9,https://www.fantasypros.com/mlb/players/blake-treinen.php,Treinen,"4-3-5SV|3.42|1.15|9.75K9
",,2025
378,Seth Halvorsen,COL,RP,378,398.0,Seth Halvorsen (COL - RP),152,3-4-9SV|4.56|1.43|8.41K9,https://www.fantasypros.com/mlb/players/seth-halvorsen.php,Halvorsen,"3-4-9SV|4.56|1.43|8.41K9
",,2025
379,Jake Fraley,CIN,OF,379,399.0,Jake Fraley (CIN - OF),205,.254|47R|10HR|43RBI|18SB,https://www.fantasypros.com/mlb/players/jake-fraley.php,Fraley,".254|47R|10HR|43RBI|18SB
",,2025
380,Victor Scott,STL,OF,380,402.0,Victor Scott (STL - OF),143,.224|38R|5HR|28RBI|23SB,https://www.fantasypros.com/mlb/players/victor-scott.php,Scott,".224|38R|5HR|28RBI|23SB
",,2025
381,Tony Gonsolin,LAD,SP,381,415.0,Tony Gonsolin (LAD - SP),142,5-4-0SV|4.35|1.26|7.94K9,https://www.fantasypros.com/mlb/players/anthony-gonsolin.php,Gonsolin,"5-4-0SV|4.35|1.26|7.94K9
",IL15,2025
382,Michael Soroka,WSH,"RP,SP",382,510.0,"Michael Soroka (WSH - RP,SP)",170,5-7-0SV|4.42|1.34|8.41K9,https://www.fantasypros.com/mlb/players/mike-soroka.php,Soroka,"5-7-0SV|4.42|1.34|8.41K9
",,2025
383,Jorge Lopez,WSH,RP,383,419.0,Jorge Lopez (WSH - RP),145,3-3-5SV|4.20|1.34|7.83K9,https://www.fantasypros.com/mlb/players/jorge-lopez.php,Lopez,"3-3-5SV|4.20|1.34|7.83K9
",,2025
384,Jose Siri,NYM,OF,384,422.0,Jose Siri (NYM - OF),133,.209|46R|16HR|46RBI|13SB,https://www.fantasypros.com/mlb/players/jose-siri.php,Siri,".209|46R|16HR|46RBI|13SB
",,2025
385,Jeremiah Estrada,SD,RP,385,425.0,Jeremiah Estrada (SD - RP),202,4-3-3SV|3.33|1.18|12.24K9,https://www.fantasypros.com/mlb/players/jeremiah-estrada.php,Estrada,"4-3-3SV|3.33|1.18|12.24K9
",,2025
386,Drake Baldwin,ATL,C,386,436.0,Drake Baldwin (ATL - C),84,.234|22R|5HR|23RBI|0SB,https://www.fantasypros.com/mlb/players/drake-baldwin.php,Baldwin,".234|22R|5HR|23RBI|0SB
",,2025
387,Justin Slaten,BOS,RP,387,451.0,Justin Slaten (BOS - RP),167,4-3-3SV|3.87|1.29|9.41K9,https://www.fantasypros.com/mlb/players/justin-slaten.php,Slaten,"4-3-3SV|3.87|1.29|9.41K9
",,2025
388,Will Warren,NYY,SP,388,538.0,Will Warren (NYY - SP),164,5-6-0SV|4.42|1.33|8.41K9,https://www.fantasypros.com/mlb/players/will-warren.php,Warren,"5-6-0SV|4.42|1.33|8.41K9
",,2025
389,Ryne Nelson,ARI,SP,389,332.0,Ryne Nelson (ARI - SP),165,5-5-0SV|4.22|1.27|7.35K9,https://www.fantasypros.com/mlb/players/ryne-nelson.php,Nelson,"5-5-0SV|4.22|1.27|7.35K9
",,2025
390,Evan Phillips,LAD,RP,390,467.0,Evan Phillips (LAD - RP),140,3-2-2SV|3.36|1.13|9.86K9,https://www.fantasypros.com/mlb/players/evan-phillips.php,Phillips,"3-2-2SV|3.36|1.13|9.86K9
",IL15,2025
391,Rhett Lowder,CIN,SP,391,470.0,Rhett Lowder (CIN - SP),148,5-6-0SV|4.51|1.35|7.13K9,https://www.fantasypros.com/mlb/players/rhett-lowder.php,Lowder,"5-6-0SV|4.51|1.35|7.13K9
",,2025
392,Aaron Civale,MIL,SP,392,340.0,Aaron Civale (MIL - SP),250,8-8-0SV|4.29|1.26|8.39K9,https://www.fantasypros.com/mlb/players/aaron-civale.php,Civale,"8-8-0SV|4.29|1.26|8.39K9
",,2025
393,Bobby Miller,LAD,SP,393,344.0,Bobby Miller (LAD - SP),82,3-2-0SV|4.21|1.28|8.68K9,https://www.fantasypros.com/mlb/players/bobby-miller.php,Miller,"3-2-0SV|4.21|1.28|8.68K9
",MiLB,2025
394,Reid Detmers,LAA,SP,394,353.0,Reid Detmers (LAA - SP),210,6-7-0SV|4.22|1.27|10.00K9,https://www.fantasypros.com/mlb/players/reid-detmers.php,Detmers,"6-7-0SV|4.22|1.27|10.00K9
",,2025
395,Noelvi Marte,CIN,3B,395,354.0,Noelvi Marte (CIN - 3B),67,.239|19R|4HR|18RBI|6SB,https://www.fantasypros.com/mlb/players/noelvi-marte.php,Marte,".239|19R|4HR|18RBI|6SB
",MiLB,2025
396,Matt Vierling,DET,"3B,OF",396,358.0,"Matt Vierling (DET - 3B,OF)",211,.253|54R|11HR|45RBI|7SB,https://www.fantasypros.com/mlb/players/matt-vierling.php,Vierling,".253|54R|11HR|45RBI|7SB
",,2025
397,Ke'Bryan Hayes,PIT,3B,397,359.0,Ke'Bryan Hayes (PIT - 3B),242,.252|57R|11HR|51RBI|14SB,https://www.fantasypros.com/mlb/players/kebryan-hayes.php,Hayes,".252|57R|11HR|51RBI|14SB
",,2025
398,Zack Littell,TB,SP,398,362.0,Zack Littell (TB - SP),225,7-8-0SV|4.24|1.24|7.67K9,https://www.fantasypros.com/mlb/players/zack-littell.php,Littell,"7-8-0SV|4.24|1.24|7.67K9
",,2025
399,Isiah Kiner-Falefa,PIT,"2B,3B,SS",399,362.0,"Isiah Kiner-Falefa (PIT - 2B,3B,SS)",221,.262|53R|6HR|43RBI|14SB,https://www.fantasypros.com/mlb/players/isiah-kiner-falefa.php,Kiner-Falefa,".262|53R|6HR|43RBI|14SB
",,2025
400,Jacob Wilson,ATH,SS,400,365.0,Jacob Wilson (ATH - SS),266,.279|58R|7HR|48RBI|4SB,https://www.fantasypros.com/mlb/players/jacob-wilson-ss.php,Wilson,".279|58R|7HR|48RBI|4SB
",,2025
401,Jose Miranda,MIN,"3B,DH",401,365.0,"Jose Miranda (MIN - 3B,DH)",205,.263|44R|10HR|47RBI|2SB,https://www.fantasypros.com/mlb/players/jose-miranda.php,Miranda,".263|44R|10HR|47RBI|2SB
",,2025
402,Gavin Lux,CIN,2B,402,368.0,Gavin Lux (CIN - 2B),219,.255|56R|11HR|48RBI|6SB,https://www.fantasypros.com/mlb/players/gavin-lux.php,Lux,".255|56R|11HR|48RBI|6SB
",,2025
403,Clayton Kershaw,LAD,SP,403,553.0,Clayton Kershaw (LAD - SP),121,5-3-0SV|3.81|1.21|8.43K9,https://www.fantasypros.com/mlb/players/clayton-kershaw.php,Kershaw,"5-3-0SV|3.81|1.21|8.43K9
",IL60,2025
404,Sal Frelick,MIL,OF,404,370.0,Sal Frelick (MIL - OF),212,.257|51R|4HR|39RBI|14SB,https://www.fantasypros.com/mlb/players/sal-frelick.php,Frelick,".257|51R|4HR|39RBI|14SB
",,2025
405,Dean Kremer,BAL,SP,405,371.0,Dean Kremer (BAL - SP),237,9-8-0SV|4.28|1.30|7.93K9,https://www.fantasypros.com/mlb/players/dean-kremer.php,Kremer,"9-8-0SV|4.28|1.30|7.93K9
",,2025
406,Travis d'Arnaud,LAA,C,406,373.0,Travis d'Arnaud (LAA - C),110,.232|28R|10HR|32RBI|0SB,https://www.fantasypros.com/mlb/players/travis-darnaud.php,d'Arnaud,".232|28R|10HR|32RBI|0SB
",,2025
407,Luis Campusano,SD,C,407,373.0,Luis Campusano (SD - C),131,.251|30R|8HR|32RBI|0SB,https://www.fantasypros.com/mlb/players/luis-campusano.php,Campusano,".251|30R|8HR|32RBI|0SB
",,2025
408,Spencer Horwitz,PIT,"1B,2B",408,374.0,"Spencer Horwitz (PIT - 1B,2B)",221,.265|49R|10HR|45RBI|3SB,https://www.fantasypros.com/mlb/players/spencer-horwitz.php,Horwitz,".265|49R|10HR|45RBI|3SB
",,2025
409,Freddy Fermin,KC,"C,DH",409,378.0,"Freddy Fermin (KC - C,DH)",131,.252|31R|7HR|32RBI|1SB,https://www.fantasypros.com/mlb/players/freddy-fermin.php,Fermin,".252|31R|7HR|32RBI|1SB
",,2025
410,Jeff McNeil,NYM,2B,410,379.0,Jeff McNeil (NYM - 2B),214,.258|47R|8HR|42RBI|4SB,https://www.fantasypros.com/mlb/players/jeff-mcneil.php,McNeil,".258|47R|8HR|42RBI|4SB
",,2025
411,Eury Perez,MIA,SP,411,502.0,Eury Perez (MIA - SP),137,4-4-0SV|3.93|1.19|9.97K9,https://www.fantasypros.com/mlb/players/eury-perez-p.php,Perez,"4-4-0SV|3.93|1.19|9.97K9
",IL60,2025
412,Jordan Montgomery,ARI,SP,412,379.0,Jordan Montgomery (ARI - SP),162,6-5-0SV|4.30|1.34|7.13K9,https://www.fantasypros.com/mlb/players/jordan-montgomery.php,Montgomery,"6-5-0SV|4.30|1.34|7.13K9
",,2025
413,Luis L. Ortiz,CLE,"RP,SP",413,383.0,"Luis L. Ortiz (CLE - RP,SP)",197,7-7-0SV|4.34|1.33|7.46K9,https://www.fantasypros.com/mlb/players/luis-ortiz-sp.php,L. Ortiz,"7-7-0SV|4.34|1.33|7.46K9
",,2025
414,Frankie Montas,NYM,SP,414,383.0,Frankie Montas (NYM - SP),175,6-6-0SV|4.32|1.32|8.52K9,https://www.fantasypros.com/mlb/players/frankie-montas.php,Montas,"6-6-0SV|4.32|1.32|8.52K9
",,2025
415,Kyle Higashioka,TEX,C,415,388.0,Kyle Higashioka (TEX - C),117,.218|30R|13HR|37RBI|2SB,https://www.fantasypros.com/mlb/players/kyle-higashioka.php,Higashioka,".218|30R|13HR|37RBI|2SB
",,2025
416,Jhonkensy Noel,CLE,OF,416,388.0,Jhonkensy Noel (CLE - OF),141,.225|37R|15HR|43RBI|1SB,https://www.fantasypros.com/mlb/players/jhonkensy-noel.php,Noel,".225|37R|15HR|43RBI|1SB
",,2025
417,MJ Melendez,KC,OF,417,388.0,MJ Melendez (KC - OF),218,.231|54R|17HR|55RBI|5SB,https://www.fantasypros.com/mlb/players/mj-melendez.php,Melendez,".231|54R|17HR|55RBI|5SB
",,2025
418,Esteury Ruiz,ATH,OF,418,563.0,Esteury Ruiz (ATH - OF),62,.247|16R|3HR|11RBI|12SB,https://www.fantasypros.com/mlb/players/esteury-ruiz-2b.php,Ruiz,".247|16R|3HR|11RBI|12SB
",MiLB,2025
419,Matt Strahm,PHI,RP,419,550.0,Matt Strahm (PHI - RP),187,4-3-3SV|3.22|1.04|10.66K9,https://www.fantasypros.com/mlb/players/matthew-strahm.php,Strahm,"4-3-3SV|3.22|1.04|10.66K9
",,2025
420,Edward Cabrera,MIA,SP,420,392.0,Edward Cabrera (MIA - SP),212,6-7-0SV|4.07|1.33|9.55K9,https://www.fantasypros.com/mlb/players/edward-cabrera-p.php,Cabrera,"6-7-0SV|4.07|1.33|9.55K9
",,2025
421,Chase DeLauter,CLE,OF,421,393.0,Chase DeLauter (CLE - OF),47,.253|10R|3HR|10RBI|1SB,https://www.fantasypros.com/mlb/players/chase-delauter.php,DeLauter,".253|10R|3HR|10RBI|1SB
",NRI,2025
422,Dalton Rushing,LAD,"C,OF",422,394.0,"Dalton Rushing (LAD - C,OF)",39,.217|10R|3HR|11RBI|0SB,https://www.fantasypros.com/mlb/players/dalton-rushing.php,Rushing,".217|10R|3HR|11RBI|0SB
",MiLB,2025
423,Andre Pallante,STL,"RP,SP",423,557.0,"Andre Pallante (STL - RP,SP)",207,8-8-0SV|3.96|1.39|6.58K9,https://www.fantasypros.com/mlb/players/andre-pallante.php,Pallante,"8-8-0SV|3.96|1.39|6.58K9
",,2025
424,Zebby Matthews,MIN,SP,424,403.0,Zebby Matthews (MIN - SP),158,5-5-0SV|4.09|1.20|8.28K9,https://www.fantasypros.com/mlb/players/zebby-matthews.php,Matthews,"5-5-0SV|4.09|1.20|8.28K9
",MiLB,2025
425,Miguel Amaya,CHC,C,425,406.0,Miguel Amaya (CHC - C),135,.237|33R|8HR|36RBI|1SB,https://www.fantasypros.com/mlb/players/miguel-amaya-c.php,Amaya,".237|33R|8HR|36RBI|1SB
",,2025
426,Brooks Lee,MIN,"3B,SS",426,407.0,"Brooks Lee (MIN - 3B,SS)",198,.245|44R|9HR|46RBI|5SB,https://www.fantasypros.com/mlb/players/brooks-lee.php,Lee,".245|44R|9HR|46RBI|5SB
",,2025
427,Tylor Megill,NYM,SP,427,410.0,Tylor Megill (NYM - SP),166,5-4-0SV|4.01|1.28|9.40K9,https://www.fantasypros.com/mlb/players/tylor-megill.php,Megill,"5-4-0SV|4.01|1.28|9.40K9
",,2025
428,Quinn Mathews,STL,SP,428,410.0,Quinn Mathews (STL - SP),160,5-4-0SV|3.97|1.29|8.74K9,https://www.fantasypros.com/mlb/players/quinn-mathews.php,Mathews,"5-4-0SV|3.97|1.29|8.74K9
",MiLB,2025
429,Max Kepler,PHI,OF,429,416.0,Max Kepler (PHI - OF),215,.241|52R|14HR|53RBI|2SB,https://www.fantasypros.com/mlb/players/max-kepler.php,Kepler,".241|52R|14HR|53RBI|2SB
",,2025
430,Chas McCormick,HOU,OF,430,417.0,Chas McCormick (HOU - OF),167,.238|47R|13HR|45RBI|11SB,https://www.fantasypros.com/mlb/players/chas-mccormick.php,McCormick,".238|47R|13HR|45RBI|11SB
",,2025
431,Mike Yastrzemski,SF,OF,431,417.0,Mike Yastrzemski (SF - OF),203,.223|56R|16HR|53RBI|4SB,https://www.fantasypros.com/mlb/players/michael-yastrzemski.php,Yastrzemski,".223|56R|16HR|53RBI|4SB
",,2025
432,Jorge Polanco,SEA,2B,432,420.0,Jorge Polanco (SEA - 2B),194,.223|51R|16HR|54RBI|4SB,https://www.fantasypros.com/mlb/players/jorge-polanco.php,Polanco,".223|51R|16HR|54RBI|4SB
",,2025
433,Jesse Winker,NYM,"DH,OF",433,426.0,"Jesse Winker (NYM - DH,OF)",198,.236|48R|11HR|44RBI|6SB,https://www.fantasypros.com/mlb/players/jesse-winker.php,Winker,".236|48R|11HR|44RBI|6SB
",,2025
434,Mitch Garver,SEA,"C,DH",434,429.0,"Mitch Garver (SEA - C,DH)",118,.204|33R|12HR|37RBI|0SB,https://www.fantasypros.com/mlb/players/mitch-garver.php,Garver,".204|33R|12HR|37RBI|0SB
",,2025
435,Jose Alvarado,PHI,RP,435,640.0,Jose Alvarado (PHI - RP),171,3-3-4SV|3.45|1.27|10.29K9,https://www.fantasypros.com/mlb/players/jose-alvarado.php,Alvarado,"3-3-4SV|3.45|1.27|10.29K9
",,2025
436,Chandler Simpson,TB,OF,436,542.0,Chandler Simpson (TB - OF),45,.275|10R|0HR|7RBI|9SB,https://www.fantasypros.com/mlb/players/chandler-simpson.php,Simpson,".275|10R|0HR|7RBI|9SB
",MiLB,2025
437,Austin Hays,CIN,OF,437,440.0,Austin Hays (CIN - OF),202,.253|52R|14HR|53RBI|4SB,https://www.fantasypros.com/mlb/players/austin-hays.php,Hays,".253|52R|14HR|53RBI|4SB
",,2025
438,Jordan Beck,COL,OF,438,446.0,Jordan Beck (COL - OF),151,.238|43R|10HR|42RBI|9SB,https://www.fantasypros.com/mlb/players/jordan-beck.php,Beck,".238|43R|10HR|42RBI|9SB
",,2025
439,Tommy Pham,PIT,OF,439,578.0,Tommy Pham (PIT - OF),187,.245|49R|10HR|43RBI|10SB,https://www.fantasypros.com/mlb/players/tommy-pham.php,Pham,".245|49R|10HR|43RBI|10SB
",,2025
440,Yimi Garcia,TOR,RP,440,601.0,Yimi Garcia (TOR - RP),180,3-3-4SV|3.54|1.14|10.07K9,https://www.fantasypros.com/mlb/players/yimi-garcia.php,Garcia,"3-3-4SV|3.54|1.14|10.07K9
",,2025
441,Jesus Tinoco,MIA,RP,441,464.0,Jesus Tinoco (MIA - RP),172,3-3-7SV|3.89|1.30|9.07K9,https://www.fantasypros.com/mlb/players/jesus-tinoco.php,Tinoco,"3-3-7SV|3.89|1.30|9.07K9
",,2025
442,Joel Payamps,MIL,RP,442,617.0,Joel Payamps (MIL - RP),180,4-3-5SV|3.68|1.20|8.79K9,https://www.fantasypros.com/mlb/players/joel-payamps.php,Payamps,"4-3-5SV|3.68|1.20|8.79K9
",,2025
443,Robert Garcia,TEX,RP,443,612.0,Robert Garcia (TEX - RP),201,4-3-8SV|3.49|1.20|10.27K9,https://www.fantasypros.com/mlb/players/robert-garcia.php,Garcia,"4-3-8SV|3.49|1.20|10.27K9
",,2025
444,Hunter Goodman,COL,"C,OF",444,352.0,"Hunter Goodman (COL - C,OF)",143,.237|35R|14HR|44RBI|2SB,https://www.fantasypros.com/mlb/players/hunter-goodman.php,Goodman,".237|35R|14HR|44RBI|2SB
",,2025
445,Ryan O'Hearn,BAL,"1B,DH",445,358.0,"Ryan O'Hearn (BAL - 1B,DH)",225,.264|49R|14HR|52RBI|3SB,https://www.fantasypros.com/mlb/players/ryan-ohearn.php,O'Hearn,".264|49R|14HR|52RBI|3SB
",,2025
446,Andy Pages,LAD,OF,446,366.0,Andy Pages (LAD - OF),118,.243|32R|9HR|31RBI|2SB,https://www.fantasypros.com/mlb/players/andy-pages.php,Pages,".243|32R|9HR|31RBI|2SB
",,2025
447,Jon Gray,TEX,SP,447,573.0,Jon Gray (TEX - SP),187,6-7-0SV|4.33|1.27|8.02K9,https://www.fantasypros.com/mlb/players/jonathan-gray.php,Gray,"6-7-0SV|4.33|1.27|8.02K9
",IL60,2025
448,Michael Massey,KC,2B,448,371.0,Michael Massey (KC - 2B),230,.253|52R|15HR|56RBI|4SB,https://www.fantasypros.com/mlb/players/mike-massey.php,Massey,".253|52R|15HR|56RBI|4SB
",,2025
449,Andrew Abbott,CIN,SP,449,559.0,Andrew Abbott (CIN - SP),209,7-8-0SV|4.49|1.33|8.41K9,https://www.fantasypros.com/mlb/players/andrew-abbott.php,Abbott,"7-8-0SV|4.49|1.33|8.41K9
",,2025
450,Jake Irvin,WSH,SP,450,373.0,Jake Irvin (WSH - SP),256,9-10-0SV|4.38|1.29|7.44K9,https://www.fantasypros.com/mlb/players/jake-irvin.php,Irvin,"9-10-0SV|4.38|1.29|7.44K9
",,2025
451,Nick Gonzales,PIT,2B,451,374.0,Nick Gonzales (PIT - 2B),210,.260|53R|10HR|50RBI|5SB,https://www.fantasypros.com/mlb/players/nick-gonzales-if.php,Gonzales,".260|53R|10HR|50RBI|5SB
",,2025
452,Jonny DeLuca,TB,OF,452,382.0,Jonny DeLuca (TB - OF),208,.230|49R|12HR|47RBI|15SB,https://www.fantasypros.com/mlb/players/jonny-deluca.php,DeLuca,".230|49R|12HR|47RBI|15SB
",,2025
453,Andrew Benintendi,CWS,OF,453,382.0,Andrew Benintendi (CWS - OF),241,.254|52R|12HR|50RBI|6SB,https://www.fantasypros.com/mlb/players/andrew-benintendi.php,Benintendi,".254|52R|12HR|50RBI|6SB
",,2025
454,Henry Davis,PIT,C,454,606.0,Henry Davis (PIT - C),42,.225|12R|3HR|11RBI|2SB,https://www.fantasypros.com/mlb/players/henry-davis.php,Davis,".225|12R|3HR|11RBI|2SB
",MiLB,2025
455,David Fry,CLE,"1B,C,DH",455,551.0,"David Fry (CLE - 1B,C,DH)",80,.244|19R|5HR|21RBI|2SB,https://www.fantasypros.com/mlb/players/david-fry.php,Fry,".244|19R|5HR|21RBI|2SB
",IL60,2025
456,Sean Burke,CWS,SP,456,394.0,Sean Burke (CWS - SP),204,6-9-0SV|4.49|1.38|8.90K9,https://www.fantasypros.com/mlb/players/sean-burke.php,Burke,"6-9-0SV|4.49|1.38|8.90K9
",,2025
457,Ernie Clement,TOR,"3B,SS",457,398.0,"Ernie Clement (TOR - 3B,SS)",183,.263|36R|7HR|36RBI|7SB,https://www.fantasypros.com/mlb/players/ernie-clement.php,Clement,".263|36R|7HR|36RBI|7SB
",,2025
458,Pavin Smith,ARI,"1B,OF",458,404.0,"Pavin Smith (ARI - 1B,OF)",159,.245|38R|10HR|39RBI|1SB,https://www.fantasypros.com/mlb/players/pavin-smith.php,Smith,".245|38R|10HR|39RBI|1SB
",,2025
459,Michael McGreevy,STL,SP,459,560.0,Michael McGreevy (STL - SP),125,4-4-0SV|4.00|1.29|6.46K9,https://www.fantasypros.com/mlb/players/mike-mcgreevy.php,McGreevy,"4-4-0SV|4.00|1.29|6.46K9
",MiLB,2025
460,JP Sears,ATH,SP,460,407.0,JP Sears (ATH - SP),257,9-11-0SV|4.64|1.28|7.20K9,https://www.fantasypros.com/mlb/players/jp-sears.php,Sears,"9-11-0SV|4.64|1.28|7.20K9
",,2025
461,Marcus Stroman,NYY,SP,461,674.0,Marcus Stroman (NYY - SP),197,8-9-0SV|4.45|1.38|6.64K9,https://www.fantasypros.com/mlb/players/marcus-stroman.php,Stroman,"8-9-0SV|4.45|1.38|6.64K9
",,2025
462,Alex Vesia,LAD,RP,462,665.0,Alex Vesia (LAD - RP),168,4-3-1SV|3.52|1.18|11.31K9,https://www.fantasypros.com/mlb/players/alex-vesia.php,Vesia,"4-3-1SV|3.52|1.18|11.31K9
",,2025
463,Edouard Julien,MIN,2B,463,683.0,Edouard Julien (MIN - 2B),120,.227|39R|9HR|31RBI|5SB,https://www.fantasypros.com/mlb/players/edouard-julien.php,Julien,".227|39R|9HR|31RBI|5SB
",,2025
464,Jarred Kelenic,ATL,OF,464,579.0,Jarred Kelenic (ATL - OF),89,.236|24R|7HR|23RBI|5SB,https://www.fantasypros.com/mlb/players/jarred-kelenic.php,Kelenic,".236|24R|7HR|23RBI|5SB
",,2025
465,Triston McKenzie,CLE,SP,465,662.0,Triston McKenzie (CLE - SP),136,4-6-0SV|4.75|1.42|8.36K9,https://www.fantasypros.com/mlb/players/triston-mckenzie-p.php,McKenzie,"4-6-0SV|4.75|1.42|8.36K9
",,2025
466,Ben Brown,CHC,"RP,SP",466,420.0,"Ben Brown (CHC - RP,SP)",121,3-2-0SV|3.60|1.20|10.19K9,https://www.fantasypros.com/mlb/players/benjamin-brown.php,Brown,"3-2-0SV|3.60|1.20|10.19K9
",,2025
467,J.P. Crawford,SEA,SS,467,420.0,J.P. Crawford (SEA - SS),248,.237|64R|11HR|51RBI|4SB,https://www.fantasypros.com/mlb/players/jp-crawford.php,Crawford,".237|64R|11HR|51RBI|4SB
",,2025
468,Amed Rosario,WSH,"2B,DH,OF",468,680.0,"Amed Rosario (WSH - 2B,DH,OF)",98,.264|24R|3HR|21RBI|7SB,https://www.fantasypros.com/mlb/players/amed-rosario.php,Rosario,".264|24R|3HR|21RBI|7SB
",,2025
469,Justin Turner,CHC,"1B,DH",469,653.0,"Justin Turner (CHC - 1B,DH)",157,.248|37R|8HR|37RBI|1SB,https://www.fantasypros.com/mlb/players/justin-turner.php,Turner,".248|37R|8HR|37RBI|1SB
",,2025
470,James Outman,LAD,OF,470,681.0,James Outman (LAD - OF),53,.220|18R|5HR|16RBI|3SB,https://www.fantasypros.com/mlb/players/james-outman.php,Outman,".220|18R|5HR|16RBI|3SB
",MiLB,2025
471,Tyler Mahle,TEX,SP,471,424.0,Tyler Mahle (TEX - SP),213,7-7-0SV|4.23|1.24|8.19K9,https://www.fantasypros.com/mlb/players/tyler-mahle.php,Mahle,"7-7-0SV|4.23|1.24|8.19K9
",,2025
472,Andrew Heaney,PIT,SP,472,425.0,Andrew Heaney (PIT - SP),230,7-8-0SV|4.42|1.29|8.47K9,https://www.fantasypros.com/mlb/players/andrew-heaney.php,Heaney,"7-8-0SV|4.42|1.29|8.47K9
",,2025
473,Paul Sewald,CLE,RP,473,646.0,Paul Sewald (CLE - RP),147,3-3-1SV|3.84|1.17|9.98K9,https://www.fantasypros.com/mlb/players/paul-sewald.php,Sewald,"3-3-1SV|3.84|1.17|9.98K9
",,2025
474,Mauricio Dubon,HOU,"1B,2B,OF",474,586.0,"Mauricio Dubon (HOU - 1B,2B,OF)",172,.258|40R|6HR|36RBI|4SB,https://www.fantasypros.com/mlb/players/mauricio-dubon.php,Dubon,".258|40R|6HR|36RBI|4SB
",,2025
475,Endy Rodriguez,PIT,C,475,427.0,Endy Rodriguez (PIT - C),146,.245|37R|7HR|35RBI|2SB,https://www.fantasypros.com/mlb/players/endy-rodriguez.php,Rodriguez,".245|37R|7HR|35RBI|2SB
",,2025
476,Jordan Hicks,SF,"RP,SP",476,589.0,"Jordan Hicks (SF - RP,SP)",200,6-7-0SV|4.11|1.37|8.22K9,https://www.fantasypros.com/mlb/players/jordan-hicks.php,Hicks,"6-7-0SV|4.11|1.37|8.22K9
",,2025
477,Orlando Arcia,ATL,SS,477,440.0,Orlando Arcia (ATL - SS),222,.233|56R|15HR|57RBI|2SB,https://www.fantasypros.com/mlb/players/orlando-arcia.php,Arcia,".233|56R|15HR|57RBI|2SB
",,2025
478,Jonah Bride,MIA,1B,478,440.0,Jonah Bride (MIA - 1B),172,.238|41R|9HR|41RBI|1SB,https://www.fantasypros.com/mlb/players/jonah-bride.php,Bride,".238|41R|9HR|41RBI|1SB
",,2025
479,Leody Taveras,TEX,OF,479,441.0,Leody Taveras (TEX - OF),157,.246|40R|8HR|35RBI|12SB,https://www.fantasypros.com/mlb/players/leody-taveras-of.php,Taveras,".246|40R|8HR|35RBI|12SB
",,2025
480,J.D. Martinez,FA,DH,480,721.0,J.D. Martinez (FA - DH),138,.239|36R|12HR|43RBI|0SB,https://www.fantasypros.com/mlb/players/jd-martinez.php,Martinez,".239|36R|12HR|43RBI|0SB
",FA,2025
481,Beau Brieske,DET,"RP,SP",481,606.0,"Beau Brieske (DET - RP,SP)",180,3-4-8SV|3.92|1.28|8.55K9,https://www.fantasypros.com/mlb/players/beau-brieske.php,Brieske,"3-4-8SV|3.92|1.28|8.55K9
",,2025
482,Enrique Hernandez,LAD,3B,482,718.0,Enrique Hernandez (LAD - 3B),118,.231|29R|7HR|30RBI|1SB,https://www.fantasypros.com/mlb/players/enrique-hernandez.php,Hernandez,".231|29R|7HR|30RBI|1SB
",,2025
483,Yoan Moncada,LAA,3B,483,647.0,Yoan Moncada (LAA - 3B),165,.240|48R|11HR|46RBI|3SB,https://www.fantasypros.com/mlb/players/yoan-moncada.php,Moncada,".240|48R|11HR|46RBI|3SB
",,2025
484,Miguel Vargas,CWS,"3B,OF",484,446.0,"Miguel Vargas (CWS - 3B,OF)",216,.226|52R|13HR|47RBI|9SB,https://www.fantasypros.com/mlb/players/miguel-vargas.php,Vargas,".226|52R|13HR|47RBI|9SB
",,2025
485,Jose Tena,WSH,3B,485,448.0,Jose Tena (WSH - 3B),95,.250|26R|6HR|26RBI|6SB,https://www.fantasypros.com/mlb/players/jose-tena.php,Tena,".250|26R|6HR|26RBI|6SB
",,2025
486,Eloy Jimenez,TB,DH,486,725.0,Eloy Jimenez (TB - DH),75,.256|17R|5HR|20RBI|1SB,https://www.fantasypros.com/mlb/players/eloy-jimenez.php,Jimenez,".256|17R|5HR|20RBI|1SB
",MiLB,2025
487,Geraldo Perdomo,ARI,SS,487,451.0,Geraldo Perdomo (ARI - SS),241,.244|63R|6HR|43RBI|14SB,https://www.fantasypros.com/mlb/players/geraldo-perdomo.php,Perdomo,".244|63R|6HR|43RBI|14SB
",,2025
488,Elias Diaz,SD,C,488,659.0,Elias Diaz (SD - C),112,.230|28R|8HR|32RBI|0SB,https://www.fantasypros.com/mlb/players/elias-diaz.php,Diaz,".230|28R|8HR|32RBI|0SB
",,2025
489,LaMonte Wade Jr.,SF,1B,489,454.0,LaMonte Wade Jr. (SF - 1B),226,.242|56R|13HR|46RBI|3SB,https://www.fantasypros.com/mlb/players/lamonte-wade.php,Wade Jr.,".242|56R|13HR|46RBI|3SB
",,2025
490,Brayan Rocchio,CLE,SS,490,462.0,Brayan Rocchio (CLE - SS),230,.236|58R|9HR|47RBI|13SB,https://www.fantasypros.com/mlb/players/brayan-rocchio.php,Rocchio,".236|58R|9HR|47RBI|13SB
",,2025
491,Yennier Cano,BAL,RP,491,718.0,Yennier Cano (BAL - RP),172,3-3-3SV|3.39|1.25|8.96K9,https://www.fantasypros.com/mlb/players/yennier-cano.php,Cano,"3-3-3SV|3.39|1.25|8.96K9
",,2025
492,Will Benson,CIN,OF,492,711.0,Will Benson (CIN - OF),59,.210|20R|5HR|17RBI|7SB,https://www.fantasypros.com/mlb/players/will-benson.php,Benson,".210|20R|5HR|17RBI|7SB
",MiLB,2025
493,Samuel Basallo,BAL,"1B,C",493,726.0,"Samuel Basallo (BAL - 1B,C)",24,.238|5R|2HR|6RBI|1SB,https://www.fantasypros.com/mlb/players/samuel-basallo.php,Basallo,".238|5R|2HR|6RBI|1SB
",MiLB,2025
494,Jack Leiter,TEX,"RP,SP",494,610.0,"Jack Leiter (TEX - RP,SP)",173,5-7-0SV|4.65|1.36|9.17K9,https://www.fantasypros.com/mlb/players/jack-leiter.php,Leiter,"5-7-0SV|4.65|1.36|9.17K9
",,2025
495,Griffin Canning,NYM,SP,495,675.0,Griffin Canning (NYM - SP),155,5-5-0SV|4.51|1.32|7.77K9,https://www.fantasypros.com/mlb/players/griffin-canning.php,Canning,"5-5-0SV|4.51|1.32|7.77K9
",,2025
496,Ty France,MIN,1B,496,647.0,Ty France (MIN - 1B),189,.255|45R|11HR|45RBI|1SB,https://www.fantasypros.com/mlb/players/tyler-france.php,France,".255|45R|11HR|45RBI|1SB
",,2025
497,Brandon Drury,FA,2B,497,719.0,Brandon Drury (FA - 2B),114,.229|29R|9HR|31RBI|1SB,https://www.fantasypros.com/mlb/players/brandon-drury.php,Drury,".229|29R|9HR|31RBI|1SB
",FA,2025
498,Hayden Wesneski,HOU,"RP,SP",498,474.0,"Hayden Wesneski (HOU - RP,SP)",172,5-5-0SV|4.28|1.27|8.31K9,https://www.fantasypros.com/mlb/players/hayden-wesneski.php,Wesneski,"5-5-0SV|4.28|1.27|8.31K9
",,2025
499,Oswaldo Cabrera,NYY,3B,499,735.0,Oswaldo Cabrera (NYY - 3B),163,.236|43R|10HR|39RBI|7SB,https://www.fantasypros.com/mlb/players/oswaldo-cabrera.php,Cabrera,".236|43R|10HR|39RBI|7SB
",,2025
500,David Robertson,FA,RP,500,611.0,David Robertson (FA - RP),142,3-2-3SV|3.38|1.21|10.85K9,https://www.fantasypros.com/mlb/players/david-robertson.php,Robertson,"3-2-3SV|3.38|1.21|10.85K9
",FA,2025
501,Kris Bryant,COL,"1B,OF",501,695.0,"Kris Bryant (COL - 1B,OF)",164,.243|44R|11HR|44RBI|1SB,https://www.fantasypros.com/mlb/players/kris-bryant.php,Bryant,".243|44R|11HR|44RBI|1SB
",,2025
502,Lenyn Sosa,CWS,"2B,3B",502,485.0,"Lenyn Sosa (CWS - 2B,3B)",149,.248|35R|10HR|39RBI|2SB,https://www.fantasypros.com/mlb/players/lenyn-sosa.php,Sosa,".248|35R|10HR|39RBI|2SB
",,2025
503,Craig Kimbrel,ATL,RP,503,718.0,Craig Kimbrel (ATL - RP),125,3-3-3SV|4.01|1.29|11.07K9,https://www.fantasypros.com/mlb/players/craig-kimbrel.php,Kimbrel,"3-3-3SV|4.01|1.29|11.07K9
",MiLB,2025
504,Agustin Ramirez,MIA,"1B,C",504,487.0,"Agustin Ramirez (MIA - 1B,C)",91,.235|22R|6HR|23RBI|4SB,https://www.fantasypros.com/mlb/players/agustin-ramirez.php,Ramirez,".235|22R|6HR|23RBI|4SB
",MiLB,2025
505,Mike Clevinger,CWS,SP,505,632.0,Mike Clevinger (CWS - SP),153,2-3-11SV|4.46|1.30|7.80K9,https://www.fantasypros.com/mlb/players/michael-clevinger.php,Clevinger,"2-3-11SV|4.46|1.30|7.80K9
",NRI,2025
506,Hunter Gaddis,CLE,RP,506,749.0,Hunter Gaddis (CLE - RP),165,3-4-1SV|3.87|1.18|8.28K9,https://www.fantasypros.com/mlb/players/hunter-gaddis.php,Gaddis,"3-4-1SV|3.87|1.18|8.28K9
",,2025
507,Jose Leclerc,ATH,RP,507,768.0,Jose Leclerc (ATH - RP),174,3-3-3SV|3.83|1.27|10.54K9,https://www.fantasypros.com/mlb/players/jose-leclerc.php,Leclerc,"3-3-3SV|3.83|1.27|10.54K9
",,2025
508,Cristian Javier,HOU,SP,508,708.0,Cristian Javier (HOU - SP),41,1-1-0SV|4.09|1.23|9.47K9,https://www.fantasypros.com/mlb/players/cristian-javier.php,Javier,"1-1-0SV|4.09|1.23|9.47K9
",,2025
509,Kenta Maeda,DET,"RP,SP",509,720.0,"Kenta Maeda (DET - RP,SP)",126,3-4-0SV|4.45|1.26|8.32K9,https://www.fantasypros.com/mlb/players/kenta-maeda.php,Maeda,"3-4-0SV|4.45|1.26|8.32K9
",,2025
510,Tyler Kinley,COL,RP,510,727.0,Tyler Kinley (COL - RP),181,3-3-13SV|4.59|1.38|9.26K9,https://www.fantasypros.com/mlb/players/tyler-kinley.php,Kinley,"3-3-13SV|4.59|1.38|9.26K9
",,2025
511,Andrew Kittredge,BAL,RP,511,750.0,Andrew Kittredge (BAL - RP),75,2-2-1SV|3.84|1.21|8.18K9,https://www.fantasypros.com/mlb/players/andrew-kittredge.php,Kittredge,"2-2-1SV|3.84|1.21|8.18K9
",,2025
512,Jerar Encarnacion,SF,OF,512,686.0,Jerar Encarnacion (SF - OF),98,.234|30R|10HR|34RBI|2SB,https://www.fantasypros.com/mlb/players/jerar-encarnacion.php,Encarnacion,".234|30R|10HR|34RBI|2SB
",,2025
513,Mason Montgomery,TB,RP,513,787.0,Mason Montgomery (TB - RP),117,2-3-1SV|4.15|1.31|9.09K9,https://www.fantasypros.com/mlb/players/mason-montgomery.php,Montgomery,"2-3-1SV|4.15|1.31|9.09K9
",,2025
514,Adrian Del Castillo,ARI,C,514,561.0,Adrian Del Castillo (ARI - C),54,.229|14R|4HR|16RBI|1SB,https://www.fantasypros.com/mlb/players/adrian-del-castillo.php,Del Castillo,".229|14R|4HR|16RBI|1SB
",MiLB,2025
515,Joey Cantillo,CLE,SP,515,564.0,Joey Cantillo (CLE - SP),155,4-5-0SV|3.98|1.33|9.26K9,https://www.fantasypros.com/mlb/players/joey-cantillo.php,Cantillo,"4-5-0SV|3.98|1.33|9.26K9
",,2025
516,Luis Garcia,HOU,SP,516,570.0,Luis Garcia (HOU - SP),144,5-4-0SV|4.13|1.24|8.98K9,https://www.fantasypros.com/mlb/players/luis-garcia-p.php,Garcia,"5-4-0SV|4.13|1.24|8.98K9
",,2025
517,Jac Caglianone,KC,1B,517,730.0,Jac Caglianone (KC - 1B),20,.217|7R|1HR|6RBI|1SB,https://www.fantasypros.com/mlb/players/jac-caglianone.php,Caglianone,".217|7R|1HR|6RBI|1SB
",MiLB,2025
518,Osvaldo Bido,ATH,"RP,SP",518,579.0,"Osvaldo Bido (ATH - RP,SP)",164,5-6-0SV|4.37|1.31|8.35K9,https://www.fantasypros.com/mlb/players/osvaldo-bido.php,Bido,"5-6-0SV|4.37|1.31|8.35K9
",,2025
519,Jake Meyers,HOU,OF,519,588.0,Jake Meyers (HOU - OF),185,.235|50R|12HR|48RBI|9SB,https://www.fantasypros.com/mlb/players/jacob-meyers.php,Meyers,".235|50R|12HR|48RBI|9SB
",,2025
520,A.J. Minter,NYM,RP,520,812.0,A.J. Minter (NYM - RP),158,4-3-2SV|3.39|1.15|10.09K9,https://www.fantasypros.com/mlb/players/aj-minter.php,Minter,"4-3-2SV|3.39|1.15|10.09K9
",,2025
521,Paul DeJong,WSH,"3B,SS",521,592.0,"Paul DeJong (WSH - 3B,SS)",112,.208|36R|14HR|41RBI|3SB,https://www.fantasypros.com/mlb/players/paul-dejong.php,DeJong,".208|36R|14HR|41RBI|3SB
",,2025
522,JoJo Romero,STL,RP,522,716.0,JoJo Romero (STL - RP),146,3-3-1SV|3.72|1.26|8.56K9,https://www.fantasypros.com/mlb/players/joseph-romero.php,Romero,"3-3-1SV|3.72|1.26|8.56K9
",,2025
523,Cade Povich,BAL,SP,523,608.0,Cade Povich (BAL - SP),117,4-4-0SV|4.31|1.31|8.35K9,https://www.fantasypros.com/mlb/players/cade-povich.php,Povich,"4-4-0SV|4.31|1.31|8.35K9
",,2025
524,Tyler Anderson,LAA,SP,524,673.0,Tyler Anderson (LAA - SP),234,9-11-0SV|4.68|1.37|7.16K9,https://www.fantasypros.com/mlb/players/tyler-anderson.php,Anderson,"9-11-0SV|4.68|1.37|7.16K9
",,2025
525,Seth Brown,ATH,"1B,OF",525,630.0,"Seth Brown (ATH - 1B,OF)",132,.232|33R|13HR|38RBI|4SB,https://www.fantasypros.com/mlb/players/seth-brown.php,Brown,".232|33R|13HR|38RBI|4SB
",,2025
526,Brendan Rodgers,HOU,2B,526,742.0,Brendan Rodgers (HOU - 2B),103,.247|29R|6HR|27RBI|1SB,https://www.fantasypros.com/mlb/players/brendan-rodgers.php,Rodgers,".247|29R|6HR|27RBI|1SB
",NRI,2025
527,Mitchell Parker,WSH,SP,527,694.0,Mitchell Parker (WSH - SP),226,7-9-0SV|4.37|1.33|7.89K9,https://www.fantasypros.com/mlb/players/mitchell-parker.php,Parker,"7-9-0SV|4.37|1.33|7.89K9
",,2025
528,Jose Quintana,MIL,SP,528,708.0,Jose Quintana (MIL - SP),198,8-8-0SV|4.36|1.37|7.32K9,https://www.fantasypros.com/mlb/players/jose-quintana.php,Quintana,"8-8-0SV|4.36|1.37|7.32K9
",,2025
529,Ben Lively,CLE,SP,529,746.0,Ben Lively (CLE - SP),187,8-9-0SV|4.57|1.35|6.93K9,https://www.fantasypros.com/mlb/players/ben-lively.php,Lively,"8-9-0SV|4.57|1.35|6.93K9
",,2025
530,Vaughn Grissom,BOS,2B,530,744.0,Vaughn Grissom (BOS - 2B),37,.259|9R|1HR|9RBI|2SB,https://www.fantasypros.com/mlb/players/vaughn-grissom.php,Grissom,".259|9R|1HR|9RBI|2SB
",MiLB,2025
531,Alex Verdugo,ATL,OF,531,732.0,Alex Verdugo (ATL - OF),141,.256|33R|6HR|32RBI|2SB,https://www.fantasypros.com/mlb/players/alex-verdugo.php,Verdugo,".256|33R|6HR|32RBI|2SB
",MiLB,2025
532,Miles Mikolas,STL,SP,532,836.0,Miles Mikolas (STL - SP),245,9-11-0SV|4.54|1.27|6.27K9,https://www.fantasypros.com/mlb/players/miles-mikolas.php,Mikolas,"9-11-0SV|4.54|1.27|6.27K9
",,2025
533,Nick Yorke,PIT,2B,533,729.0,Nick Yorke (PIT - 2B),72,.252|19R|3HR|17RBI|4SB,https://www.fantasypros.com/mlb/players/nick-yorke.php,Yorke,".252|19R|3HR|17RBI|4SB
",MiLB,2025
534,AJ Smith-Shawver,ATL,SP,534,680.0,AJ Smith-Shawver (ATL - SP),154,4-4-0SV|4.20|1.30|9.32K9,https://www.fantasypros.com/mlb/players/aj-smith-shawver.php,Smith-Shawver,"4-4-0SV|4.20|1.30|9.32K9
",,2025
535,Ryan Thompson,ARI,RP,535,667.0,Ryan Thompson (ARI - RP),140,4-3-0SV|3.72|1.27|7.27K9,https://www.fantasypros.com/mlb/players/ryan-thompson.php,Thompson,"4-3-0SV|3.72|1.27|7.27K9
",,2025
536,John Schreiber,KC,RP,536,670.0,John Schreiber (KC - RP),138,3-3-1SV|3.88|1.32|8.35K9,https://www.fantasypros.com/mlb/players/john-schreiber.php,Schreiber,"3-3-1SV|3.88|1.32|8.35K9
",,2025
537,Alex Cobb,DET,SP,537,762.0,Alex Cobb (DET - SP),162,6-5-0SV|3.82|1.28|7.44K9,https://www.fantasypros.com/mlb/players/alex-cobb.php,Cobb,"6-5-0SV|3.82|1.28|7.44K9
",,2025
538,Alec Marsh,KC,SP,538,806.0,Alec Marsh (KC - SP),160,5-6-0SV|4.58|1.34|8.63K9,https://www.fantasypros.com/mlb/players/alec-marsh.php,Marsh,"5-6-0SV|4.58|1.34|8.63K9
",,2025
539,Trey Sweeney,DET,SS,539,737.0,Trey Sweeney (DET - SS),131,.218|38R|9HR|35RBI|9SB,https://www.fantasypros.com/mlb/players/trey-sweeney.php,Sweeney,".218|38R|9HR|35RBI|9SB
",,2025
540,Richie Palacios,TB,"2B,OF",540,752.0,"Richie Palacios (TB - 2B,OF)",150,.235|37R|5HR|29RBI|10SB,https://www.fantasypros.com/mlb/players/richie-palacios.php,Palacios,".235|37R|5HR|29RBI|10SB
",,2025
541,Javier Assad,CHC,SP,541,876.0,Javier Assad (CHC - SP),203,7-7-0SV|4.25|1.36|7.46K9,https://www.fantasypros.com/mlb/players/javier-assad.php,Assad,"7-7-0SV|4.25|1.36|7.46K9
",IL15,2025
542,Jace Jung,DET,3B,542,716.0,Jace Jung (DET - 3B),107,.220|30R|7HR|29RBI|1SB,https://www.fantasypros.com/mlb/players/jace-jung.php,Jung,".220|30R|7HR|29RBI|1SB
",MiLB,2025
543,Kyle Gibson,BAL,SP,543,882.0,Kyle Gibson (BAL - SP),178,7-7-0SV|4.51|1.38|7.53K9,https://www.fantasypros.com/mlb/players/kyle-gibson.php,Gibson,"7-7-0SV|4.51|1.38|7.53K9
",,2025
544,Lance Lynn,FA,SP,544,874.0,Lance Lynn (FA - SP),167,6-7-0SV|4.56|1.33|8.48K9,https://www.fantasypros.com/mlb/players/lance-lynn.php,Lynn,"6-7-0SV|4.56|1.33|8.48K9
",FA,2025
545,Andrew McCutchen,PIT,DH,545,855.0,Andrew McCutchen (PIT - DH),193,.229|50R|13HR|47RBI|5SB,https://www.fantasypros.com/mlb/players/andrew-mccutchen.php,McCutchen,".229|50R|13HR|47RBI|5SB
",,2025
546,Yariel Rodriguez,TOR,SP,546,780.0,Yariel Rodriguez (TOR - SP),175,5-5-0SV|4.09|1.30|9.31K9,https://www.fantasypros.com/mlb/players/yariel-rodriguez.php,Rodriguez,"5-5-0SV|4.09|1.30|9.31K9
",,2025
547,Jake Rogers,DET,C,547,715.0,Jake Rogers (DET - C),124,.210|39R|13HR|40RBI|2SB,https://www.fantasypros.com/mlb/players/jake-rogers.php,Rogers,".210|39R|13HR|40RBI|2SB
",,2025
548,Landon Knack,LAD,SP,548,793.0,Landon Knack (LAD - SP),93,3-2-0SV|4.19|1.24|8.78K9,https://www.fantasypros.com/mlb/players/landon-knack.php,Knack,"3-2-0SV|4.19|1.24|8.78K9
",MiLB,2025
549,Colby Thomas,ATH,OF,549,752.0,Colby Thomas (ATH - OF),42,.224|12R|4HR|12RBI|2SB,https://www.fantasypros.com/mlb/players/colby-thomas.php,Thomas,".224|12R|4HR|12RBI|2SB
",MiLB,2025
550,Simeon Woods Richardson,MIN,SP,550,774.0,Simeon Woods Richardson (MIN - SP),184,6-8-0SV|4.51|1.35|7.58K9,https://www.fantasypros.com/mlb/players/simeon-woods-richardson-p.php,Woods Richardson,"6-8-0SV|4.51|1.35|7.58K9
",,2025
551,Kyle Stowers,MIA,OF,551,792.0,Kyle Stowers (MIA - OF),146,.224|42R|14HR|48RBI|2SB,https://www.fantasypros.com/mlb/players/kyle-stowers.php,Stowers,".224|42R|14HR|48RBI|2SB
",,2025
552,Juan Yepez,WSH,1B,552,831.0,Juan Yepez (WSH - 1B),51,.243|11R|3HR|13RBI|1SB,https://www.fantasypros.com/mlb/players/juan-yepez.php,Yepez,".243|11R|3HR|13RBI|1SB
",,2025
553,Christian Moore,LAA,2B,553,744.0,Christian Moore (LAA - 2B),116,.242|35R|10HR|32RBI|4SB,https://www.fantasypros.com/mlb/players/christian-moore.php,Moore,".242|35R|10HR|32RBI|4SB
",NRI,2025
554,Ryan Feltner,COL,SP,554,885.0,Ryan Feltner (COL - SP),209,7-11-0SV|4.85|1.41|7.56K9,https://www.fantasypros.com/mlb/players/ryan-feltner.php,Feltner,"7-11-0SV|4.85|1.41|7.56K9
",,2025
555,Harrison Bader,MIN,OF,555,760.0,Harrison Bader (MIN - OF),153,.238|40R|8HR|36RBI|14SB,https://www.fantasypros.com/mlb/players/harrison-bader.php,Bader,".238|40R|8HR|36RBI|14SB
",,2025
556,Vince Velasquez,CLE,SP,556,748.0,Vince Velasquez (CLE - SP),25,1-1-0SV|4.37|1.33|8.75K9,https://www.fantasypros.com/mlb/players/vincent-velasquez.php,Velasquez,"1-1-0SV|4.37|1.33|8.75K9
",NRI,2025
557,Michael Lorenzen,KC,SP,557,850.0,Michael Lorenzen (KC - SP),185,7-8-0SV|4.58|1.40|6.80K9,https://www.fantasypros.com/mlb/players/michael-lorenzen.php,Lorenzen,"7-8-0SV|4.58|1.40|6.80K9
",,2025
558,Will Wagner,TOR,2B,558,782.0,Will Wagner (TOR - 2B),147,.259|36R|5HR|32RBI|2SB,https://www.fantasypros.com/mlb/players/will-wagner.php,Wagner,".259|36R|5HR|32RBI|2SB
",,2025
559,Austin Gomber,COL,SP,559,702.0,Austin Gomber (COL - SP),165,7-10-0SV|5.12|1.41|6.33K9,https://www.fantasypros.com/mlb/players/austin-gomber.php,Gomber,"7-10-0SV|5.12|1.41|6.33K9
",,2025
560,Noah Schultz,CWS,SP,560,796.0,Noah Schultz (CWS - SP),61,2-2-0SV|4.05|1.28|8.49K9,https://www.fantasypros.com/mlb/players/noah-schultz.php,Schultz,"2-2-0SV|4.05|1.28|8.49K9
",MiLB,2025
561,Aaron Ashby,MIL,RP,561,746.0,Aaron Ashby (MIL - RP),97,3-3-0SV|4.08|1.41|8.92K9,https://www.fantasypros.com/mlb/players/aaron-ashby.php,Ashby,"3-3-0SV|4.08|1.41|8.92K9
",,2025
562,Mike Tauchman,CWS,"DH,OF",562,730.0,"Mike Tauchman (CWS - DH,OF)",174,.239|48R|8HR|35RBI|6SB,https://www.fantasypros.com/mlb/players/mike-tauchman.php,Tauchman,".239|48R|8HR|35RBI|6SB
",,2025
563,Wenceel Perez,DET,OF,563,803.0,Wenceel Perez (DET - OF),158,.238|41R|7HR|32RBI|10SB,https://www.fantasypros.com/mlb/players/wenceel-perez.php,Perez,".238|41R|7HR|32RBI|10SB
",,2025
564,Jacob Misiorowski,MIL,"RP,SP",564,846.0,"Jacob Misiorowski (MIL - RP,SP)",55,2-2-0SV|4.42|1.43|9.81K9,https://www.fantasypros.com/mlb/players/jacob-misiorowski.php,Misiorowski,"2-2-0SV|4.42|1.43|9.81K9
",MiLB,2025
565,Matt Waldron,SD,SP,565,890.0,Matt Waldron (SD - SP),112,4-4-0SV|4.55|1.27|7.44K9,https://www.fantasypros.com/mlb/players/matt-waldron.php,Waldron,"4-4-0SV|4.55|1.27|7.44K9
",,2025
566,Ronny Mauricio,NYM,2B,566,797.0,Ronny Mauricio (NYM - 2B),34,.232|9R|2HR|9RBI|2SB,https://www.fantasypros.com/mlb/players/ronny-mauricio-ss.php,Mauricio,".232|9R|2HR|9RBI|2SB
",,2025
567,Josh Rojas,CWS,3B,567,826.0,Josh Rojas (CWS - 3B),151,.235|40R|7HR|32RBI|10SB,https://www.fantasypros.com/mlb/players/josh-rojas.php,Rojas,".235|40R|7HR|32RBI|10SB
",,2025
568,Trevor Williams,WSH,SP,568,800.0,Trevor Williams (WSH - SP),169,6-7-0SV|4.49|1.35|7.20K9,https://www.fantasypros.com/mlb/players/trevor-williams.php,Williams,"6-7-0SV|4.49|1.35|7.20K9
",,2025
569,Shinnosuke Ogasawara,WSH,SP,569,822.0,Shinnosuke Ogasawara (WSH - SP),76,2-2-0SV|4.66|1.38|7.35K9,https://www.fantasypros.com/mlb/players/shinnosuke-ogasawara.php,Ogasawara,"2-2-0SV|4.66|1.38|7.35K9
",MiLB,2025
570,Kyle Teel,CWS,C,570,828.0,Kyle Teel (CWS - C),68,.237|20R|4HR|17RBI|3SB,https://www.fantasypros.com/mlb/players/kyle-teel.php,Teel,".237|20R|4HR|17RBI|3SB
",MiLB,2025
571,Hunter Renfroe,KC,OF,571,838.0,Hunter Renfroe (KC - OF),174,.236|41R|13HR|46RBI|1SB,https://www.fantasypros.com/mlb/players/hunter-renfroe.php,Renfroe,".236|41R|13HR|46RBI|1SB
",,2025
572,Jared Triolo,PIT,"2B,3B",572,894.0,"Jared Triolo (PIT - 2B,3B)",95,.240|27R|4HR|24RBI|6SB,https://www.fantasypros.com/mlb/players/jared-triolo.php,Triolo,".240|27R|4HR|24RBI|6SB
",,2025
573,Joey Loperfido,TOR,OF,573,844.0,Joey Loperfido (TOR - OF),46,.220|16R|4HR|15RBI|3SB,https://www.fantasypros.com/mlb/players/joey-loperfido.php,Loperfido,".220|16R|4HR|15RBI|3SB
",MiLB,2025
574,Tyler Gilbert,CWS,RP,574,742.0,Tyler Gilbert (CWS - RP),93,2-3-0SV|4.47|1.35|7.71K9,https://www.fantasypros.com/mlb/players/tyler-gilbert.php,Gilbert,"2-3-0SV|4.47|1.35|7.71K9
",,2025
575,Ben Rice,NYY,1B,575,744.0,Ben Rice (NYY - 1B),76,.226|19R|7HR|20RBI|2SB,https://www.fantasypros.com/mlb/players/ben-rice.php,Rice,".226|19R|7HR|20RBI|2SB
",,2025
576,Jonathan Cannon,CWS,SP,576,871.0,Jonathan Cannon (CWS - SP),182,6-11-0SV|4.79|1.39|6.54K9,https://www.fantasypros.com/mlb/players/jonathan-cannon.php,Cannon,"6-11-0SV|4.79|1.39|6.54K9
",,2025
577,Colin Rea,CHC,SP,577,900.0,Colin Rea (CHC - SP),179,6-7-0SV|4.52|1.30|7.12K9,https://www.fantasypros.com/mlb/players/colin-rea.php,Rea,"6-7-0SV|4.52|1.30|7.12K9
",,2025
578,Blake Perkins,MIL,OF,578,828.0,Blake Perkins (MIL - OF),86,.225|25R|4HR|21RBI|9SB,https://www.fantasypros.com/mlb/players/blake-perkins-of.php,Perkins,".225|25R|4HR|21RBI|9SB
",,2025
579,Tyler Black,MIL,1B,579,836.0,Tyler Black (MIL - 1B),94,.231|23R|5HR|21RBI|8SB,https://www.fantasypros.com/mlb/players/tyler-black.php,Black,".231|23R|5HR|21RBI|8SB
",MiLB,2025
580,Alek Thomas,ARI,OF,580,821.0,Alek Thomas (ARI - OF),147,.250|36R|7HR|34RBI|7SB,https://www.fantasypros.com/mlb/players/alek-thomas.php,Thomas,".250|36R|7HR|34RBI|7SB
",,2025
581,DL Hall,MIL,"RP,SP",581,848.0,"DL Hall (MIL - RP,SP)",81,2-2-0SV|4.06|1.35|9.57K9,https://www.fantasypros.com/mlb/players/dl-hall.php,Hall,"2-2-0SV|4.06|1.35|9.57K9
",IL60,2025
582,Brandon Sproat,NYM,SP,582,842.0,Brandon Sproat (NYM - SP),46,2-2-0SV|4.38|1.33|7.68K9,https://www.fantasypros.com/mlb/players/brandon-sproat.php,Sproat,"2-2-0SV|4.38|1.33|7.68K9
",MiLB,2025
583,Chris Paddack,MIN,SP,583,868.0,Chris Paddack (MIN - SP),183,5-6-0SV|4.33|1.27|8.09K9,https://www.fantasypros.com/mlb/players/chris-paddack.php,Paddack,"5-6-0SV|4.33|1.27|8.09K9
",,2025
584,Landen Roupp,SF,RP,584,796.0,Landen Roupp (SF - RP),191,5-5-0SV|3.77|1.31|8.78K9,https://www.fantasypros.com/mlb/players/landen-roupp.php,Roupp,"5-5-0SV|3.77|1.31|8.78K9
",,2025
585,Mitch Spence,ATH,"RP,SP",585,904.0,"Mitch Spence (ATH - RP,SP)",175,6-7-0SV|4.40|1.32|7.17K9,https://www.fantasypros.com/mlb/players/mitch-spence.php,Spence,"6-7-0SV|4.40|1.32|7.17K9
",,2025
586,Edgar Quero,CWS,C,586,764.0,Edgar Quero (CWS - C),72,.244|16R|4HR|18RBI|1SB,https://www.fantasypros.com/mlb/players/edgar-quero.php,Quero,".244|16R|4HR|18RBI|1SB
",MiLB,2025
587,Thomas Saggese,STL,2B,587,898.0,Thomas Saggese (STL - 2B),78,.238|22R|5HR|23RBI|3SB,https://www.fantasypros.com/mlb/players/thomas-saggese.php,Saggese,".238|22R|5HR|23RBI|3SB
",MiLB,2025
588,Mickey Moniak,LAA,OF,588,894.0,Mickey Moniak (LAA - OF),127,.230|37R|12HR|38RBI|6SB,https://www.fantasypros.com/mlb/players/mckenzie-moniak.php,Moniak,".230|37R|12HR|38RBI|6SB
",,2025
589,Brett Baty,NYM,3B,589,800.0,Brett Baty (NYM - 3B),79,.232|22R|6HR|22RBI|1SB,https://www.fantasypros.com/mlb/players/brett-baty.php,Baty,".232|22R|6HR|22RBI|1SB
",,2025
590,Kyle Isbel,KC,OF,590,828.0,Kyle Isbel (KC - OF),214,.237|59R|10HR|46RBI|13SB,https://www.fantasypros.com/mlb/players/kyle-isbel.php,Isbel,".237|59R|10HR|46RBI|13SB
",,2025
591,Orelvis Martinez,TOR,"2B,3B",591,874.0,"Orelvis Martinez (TOR - 2B,3B)",93,.219|25R|9HR|28RBI|1SB,https://www.fantasypros.com/mlb/players/orelvis-martinez.php,Martinez,".219|25R|9HR|28RBI|1SB
",MiLB,2025
592,Drew Thorpe,CWS,SP,592,842.0,Drew Thorpe (CWS - SP),108,4-5-0SV|4.48|1.32|6.95K9,https://www.fantasypros.com/mlb/players/drew-thorpe-.php,Thorpe,"4-5-0SV|4.48|1.32|6.95K9
",,2025
593,Nick Kurtz,ATH,1B,593,810.0,Nick Kurtz (ATH - 1B),15,.237|4R|1HR|3RBI|0SB,https://www.fantasypros.com/mlb/players/nick-kurtz.php,Kurtz,".237|4R|1HR|3RBI|0SB
",MiLB,2025
594,German Marquez,COL,SP,594,902.0,German Marquez (COL - SP),186,7-10-0SV|4.82|1.40|7.41K9,https://www.fantasypros.com/mlb/players/german-marquez.php,Marquez,"7-10-0SV|4.82|1.40|7.41K9
",,2025
595,Adael Amador,COL,2B,595,873.0,Adael Amador (COL - 2B),31,.238|7R|2HR|6RBI|2SB,https://www.fantasypros.com/mlb/players/adael-amador.php,Amador,".238|7R|2HR|6RBI|2SB
",MiLB,2025
596,Emmanuel Rodriguez,MIN,OF,596,861.0,Emmanuel Rodriguez (MIN - OF),27,.213|9R|2HR|7RBI|2SB,https://www.fantasypros.com/mlb/players/emmanuel-rodriguez.php,Rodriguez,".213|9R|2HR|7RBI|2SB
",MiLB,2025
597,Trevor Rogers,BAL,SP,597,854.0,Trevor Rogers (BAL - SP),54,2-2-0SV|4.38|1.37|7.57K9,https://www.fantasypros.com/mlb/players/trevor-rogers.php,Rogers,"2-2-0SV|4.38|1.37|7.57K9
",,2025
598,Brant Hurter,DET,RP,598,838.0,Brant Hurter (DET - RP),90,2-2-0SV|3.75|1.21|7.56K9,https://www.fantasypros.com/mlb/players/brant-hurter.php,Hurter,"2-2-0SV|3.75|1.21|7.56K9
",,2025
599,Chris Flexen,CHC,SP,599,718.0,Chris Flexen (CHC - SP),31,1-1-0SV|4.67|1.41|7.18K9,https://www.fantasypros.com/mlb/players/chris-flexen.php,Flexen,"1-1-0SV|4.67|1.41|7.18K9
",MiLB,2025
600,Garrett Whitlock,BOS,SP,600,904.0,Garrett Whitlock (BOS - SP),165,3-3-2SV|3.60|1.17|8.77K9,https://www.fantasypros.com/mlb/players/garrett-whitlock.php,Whitlock,"3-3-2SV|3.60|1.17|8.77K9
",,2025
601,Korey Lee,CWS,C,601,864.0,Korey Lee (CWS - C),60,.214|19R|6HR|19RBI|4SB,https://www.fantasypros.com/mlb/players/korey-lee.php,Lee,".214|19R|6HR|19RBI|4SB
",,2025
602,Johan Rojas,PHI,OF,602,853.0,Johan Rojas (PHI - OF),134,.246|36R|4HR|27RBI|20SB,https://www.fantasypros.com/mlb/players/johan-rojas.php,Rojas,".246|36R|4HR|27RBI|20SB
",,2025
603,Kyle Freeland,COL,SP,603,757.0,Kyle Freeland (COL - SP),167,7-11-0SV|5.09|1.42|6.39K9,https://www.fantasypros.com/mlb/players/kyle-freeland.php,Freeland,"7-11-0SV|5.09|1.42|6.39K9
",,2025
604,Anthony Rizzo,FA,1B,604,856.0,Anthony Rizzo (FA - 1B),101,.230|25R|7HR|25RBI|1SB,https://www.fantasypros.com/mlb/players/anthony-rizzo.php,Rizzo,".230|25R|7HR|25RBI|1SB
",FA,2025
605,Colson Montgomery,CWS,SS,605,826.0,Colson Montgomery (CWS - SS),108,.204|35R|9HR|34RBI|3SB,https://www.fantasypros.com/mlb/players/colson-montgomery.php,Montgomery,".204|35R|9HR|34RBI|3SB
",MiLB,2025
606,Jose Butto,NYM,"RP,SP",606,922.0,"Jose Butto (NYM - RP,SP)",159,4-3-1SV|3.80|1.26|8.96K9,https://www.fantasypros.com/mlb/players/jose-butto.php,Butto,"4-3-1SV|3.80|1.26|8.96K9
",,2025
607,Cal Quantrill,MIA,SP,607,810.0,Cal Quantrill (MIA - SP),158,7-10-0SV|4.84|1.44|6.50K9,https://www.fantasypros.com/mlb/players/cal-quantrill.php,Quantrill,"7-10-0SV|4.84|1.44|6.50K9
",,2025
608,Bailey Falter,PIT,SP,608,888.0,Bailey Falter (PIT - SP),175,6-8-0SV|4.56|1.33|6.58K9,https://www.fantasypros.com/mlb/players/bailey-falter.php,Falter,"6-8-0SV|4.56|1.33|6.58K9
",,2025
609,John Means,CLE,SP,609,784.0,John Means (CLE - SP),35,1-1-0SV|3.92|1.17|7.24K9,https://www.fantasypros.com/mlb/players/john-means.php,Means,"1-1-0SV|3.92|1.17|7.24K9
",,2025
610,Cade Cavalli,WSH,SP,610,928.0,Cade Cavalli (WSH - SP),135,4-5-0SV|4.27|1.33|8.52K9,https://www.fantasypros.com/mlb/players/cade-cavalli-p.php,Cavalli,"4-5-0SV|4.27|1.33|8.52K9
",,2025
611,Victor Caratini,HOU,C,611,858.0,Victor Caratini (HOU - C),96,.243|24R|6HR|24RBI|1SB,https://www.fantasypros.com/mlb/players/victor-caratini.php,Caratini,".243|24R|6HR|24RBI|1SB
",,2025
612,Jacob Stallings,COL,C,612,735.0,Jacob Stallings (COL - C),110,.234|29R|6HR|30RBI|1SB,https://www.fantasypros.com/mlb/players/jacob-stallings.php,Stallings,".234|29R|6HR|30RBI|1SB
",,2025
613,Gio Urshela,ATH,3B,613,821.0,Gio Urshela (ATH - 3B),156,.262|34R|7HR|36RBI|1SB,https://www.fantasypros.com/mlb/players/giovanny-urshela.php,Urshela,".262|34R|7HR|36RBI|1SB
",,2025
614,Chase Dollander,COL,SP,614,938.0,Chase Dollander (COL - SP),129,4-6-0SV|4.91|1.43|8.38K9,https://www.fantasypros.com/mlb/players/chase-dollander.php,Dollander,"4-6-0SV|4.91|1.43|8.38K9
",MiLB,2025
615,Caden Dana,LAA,SP,615,906.0,Caden Dana (LAA - SP),95,4-5-0SV|4.80|1.35|7.72K9,https://www.fantasypros.com/mlb/players/caden-dana.php,Dana,"4-5-0SV|4.80|1.35|7.72K9
",MiLB,2025
616,Owen Caissie,CHC,OF,616,848.0,Owen Caissie (CHC - OF),20,.225|6R|2HR|6RBI|1SB,https://www.fantasypros.com/mlb/players/owen-caissie.php,Caissie,".225|6R|2HR|6RBI|1SB
",MiLB,2025
617,Ian Anderson,LAA,SP,617,920.0,Ian Anderson (LAA - SP),131,5-4-0SV|4.38|1.42|7.75K9,https://www.fantasypros.com/mlb/players/ian-anderson.php,Anderson,"5-4-0SV|4.38|1.42|7.75K9
",,2025
618,Eli Morgan,CHC,RP,618,730.0,Eli Morgan (CHC - RP),101,3-2-0SV|4.06|1.23|8.43K9,https://www.fantasypros.com/mlb/players/eli-morgan.php,Morgan,"3-2-0SV|4.06|1.23|8.43K9
",MiLB,2025
619,Tayler Scott,HOU,RP,619,730.0,Tayler Scott (HOU - RP),151,4-3-1SV|4.04|1.34|9.11K9,https://www.fantasypros.com/mlb/players/tayler-scott.php,Scott,"4-3-1SV|4.04|1.34|9.11K9
",,2025
620,Zach Dezenzo,HOU,1B,620,846.0,Zach Dezenzo (HOU - 1B),15,.231|5R|1HR|5RBI|1SB,https://www.fantasypros.com/mlb/players/zach-dezenzo.php,Dezenzo,".231|5R|1HR|5RBI|1SB
",,2025
621,Marcelo Mayer,BOS,SS,621,916.0,Marcelo Mayer (BOS - SS),33,.246|8R|2HR|8RBI|2SB,https://www.fantasypros.com/mlb/players/marcelo-mayer.php,Mayer,".246|8R|2HR|8RBI|2SB
",NRI,2025
622,Ramon Laureano,BAL,OF,622,899.0,Ramon Laureano (BAL - OF),98,.234|29R|8HR|28RBI|6SB,https://www.fantasypros.com/mlb/players/ramon-laureano.php,Laureano,".234|29R|8HR|28RBI|6SB
",,2025
623,Martin Perez,CWS,SP,623,907.0,Martin Perez (CWS - SP),171,6-10-0SV|4.59|1.43|6.59K9,https://www.fantasypros.com/mlb/players/martin-perez.php,Perez,"6-10-0SV|4.59|1.43|6.59K9
",,2025
624,Seranthony Dominguez,BAL,RP,624,927.0,Seranthony Dominguez (BAL - RP),166,3-3-4SV|3.81|1.25|9.80K9,https://www.fantasypros.com/mlb/players/seranthony-dominguez.php,Dominguez,"3-3-4SV|3.81|1.25|9.80K9
",,2025
625,Max Schuemann,ATH,"3B,SS",625,890.0,"Max Schuemann (ATH - 3B,SS)",46,.216|16R|2HR|11RBI|4SB,https://www.fantasypros.com/mlb/players/max-schuemann.php,Schuemann,".216|16R|2HR|11RBI|4SB
",,2025
626,Lance McCullers Jr.,HOU,SP,626,942.0,Lance McCullers Jr. (HOU - SP),151,4-4-0SV|3.85|1.32|8.90K9,https://www.fantasypros.com/mlb/players/lance-mccullers.php,McCullers Jr.,"4-4-0SV|3.85|1.32|8.90K9
",,2025
627,Juan Brito,CLE,"1B,2B,3B",627,884.0,"Juan Brito (CLE - 1B,2B,3B)",100,.233|24R|5HR|22RBI|3SB,https://www.fantasypros.com/mlb/players/juan-brito.php,Brito,".233|24R|5HR|22RBI|3SB
",MiLB,2025
628,Carson Williams,TB,SS,628,903.0,Carson Williams (TB - SS),19,.229|6R|2HR|5RBI|2SB,https://www.fantasypros.com/mlb/players/carson-williams.php,Williams,".229|6R|2HR|5RBI|2SB
",MiLB,2025
629,Bryce Eldridge,SF,1B,629,904.0,Bryce Eldridge (SF - 1B),31,.233|9R|3HR|9RBI|1SB,https://www.fantasypros.com/mlb/players/bryce-eldridge.php,Eldridge,".233|9R|3HR|9RBI|1SB
",MiLB,2025
630,Gary Sanchez,BAL,"C,DH",630,862.0,"Gary Sanchez (BAL - C,DH)",104,.214|27R|10HR|32RBI|1SB,https://www.fantasypros.com/mlb/players/gary-sanchez.php,Sanchez,".214|27R|10HR|32RBI|1SB
",,2025
631,Brady House,WSH,3B,631,862.0,Brady House (WSH - 3B),19,.228|6R|2HR|6RBI|0SB,https://www.fantasypros.com/mlb/players/brady-house.php,House,".228|6R|2HR|6RBI|0SB
",MiLB,2025
632,Thomas Harrington,PIT,SP,632,921.0,Thomas Harrington (PIT - SP),17,1-1-0SV|4.43|1.29|7.04K9,https://www.fantasypros.com/mlb/players/thomas-harrington.php,Harrington,"1-1-0SV|4.43|1.29|7.04K9
",NRI,2025
633,Michael Siani,STL,OF,633,928.0,Michael Siani (STL - OF),65,.214|22R|2HR|15RBI|10SB,https://www.fantasypros.com/mlb/players/mike-siani.php,Siani,".214|22R|2HR|15RBI|10SB
",,2025
634,Jonatan Clase,TOR,OF,634,890.0,Jonatan Clase (TOR - OF),18,.219|6R|1HR|4RBI|3SB,https://www.fantasypros.com/mlb/players/jonatan-clase.php,Clase,".219|6R|1HR|4RBI|3SB
",MiLB,2025
635,Kyle Wright,KC,SP,635,912.0,Kyle Wright (KC - SP),126,4-4-0SV|4.22|1.33|7.65K9,https://www.fantasypros.com/mlb/players/kyle-wright.php,Wright,"4-4-0SV|4.22|1.33|7.65K9
",,2025
636,Addison Barger,TOR,"3B,OF",636,926.0,"Addison Barger (TOR - 3B,OF)",53,.233|14R|4HR|14RBI|1SB,https://www.fantasypros.com/mlb/players/addison-barger.php,Barger,".233|14R|4HR|14RBI|1SB
",MiLB,2025
637,Travis Bazzana,CLE,2B,637,923.0,Travis Bazzana (CLE - 2B),31,.207|11R|2HR|10RBI|2SB,https://www.fantasypros.com/mlb/players/travis-bazzana.php,Bazzana,".207|11R|2HR|10RBI|2SB
",MiLB,2025
638,Billy Cook,PIT,"1B,OF",638,896.0,"Billy Cook (PIT - 1B,OF)",40,.227|11R|3HR|11RBI|3SB,https://www.fantasypros.com/mlb/players/billy-cook.php,Cook,".227|11R|3HR|11RBI|3SB
",MiLB,2025
639,Pedro Pages,STL,C,639,914.0,Pedro Pages (STL - C),81,.225|22R|6HR|24RBI|1SB,https://www.fantasypros.com/mlb/players/pedro-pages.php,Pages,".225|22R|6HR|24RBI|1SB
",,2025
640,Bryan Ramos,CWS,3B,640,886.0,Bryan Ramos (CWS - 3B),57,.228|15R|4HR|15RBI|1SB,https://www.fantasypros.com/mlb/players/bryan-ramos.php,Ramos,".228|15R|4HR|15RBI|1SB
",,2025
641,Adrian Morejon,SD,RP,641,914.0,Adrian Morejon (SD - RP),151,3-3-1SV|3.62|1.24|9.36K9,https://www.fantasypros.com/mlb/players/adrian-morejon-p.php,Morejon,"3-3-1SV|3.62|1.24|9.36K9
",,2025
642,Kevin Ginkel,ARI,RP,642,950.0,Kevin Ginkel (ARI - RP),180,4-3-4SV|3.43|1.20|9.55K9,https://www.fantasypros.com/mlb/players/kevin-ginkel.php,Ginkel,"4-3-4SV|3.43|1.20|9.55K9
",,2025
643,Jorge Mateo,BAL,2B,643,892.0,Jorge Mateo (BAL - 2B),63,.229|18R|3HR|14RBI|10SB,https://www.fantasypros.com/mlb/players/jorge-mateo.php,Mateo,".229|18R|3HR|14RBI|10SB
",,2025
644,Joey Estes,ATH,SP,644,858.0,Joey Estes (ATH - SP),153,5-8-0SV|5.02|1.30|6.68K9,https://www.fantasypros.com/mlb/players/joey-estes.php,Estes,"5-8-0SV|5.02|1.30|6.68K9
",,2025
645,DJ LeMahieu,NYY,"1B,3B",645,924.0,"DJ LeMahieu (NYY - 1B,3B)",121,.240|30R|5HR|26RBI|1SB,https://www.fantasypros.com/mlb/players/dj-lemahieu.php,LeMahieu,".240|30R|5HR|26RBI|1SB
",,2025
646,Edmundo Sosa,PHI,"2B,3B,SS",646,892.0,"Edmundo Sosa (PHI - 2B,3B,SS)",78,.244|22R|5HR|20RBI|4SB,https://www.fantasypros.com/mlb/players/edmundo-sosa.php,Sosa,".244|22R|5HR|20RBI|4SB
",,2025
647,Curtis Mead,TB,"2B,3B",647,857.0,"Curtis Mead (TB - 2B,3B)",93,.253|22R|4HR|22RBI|3SB,https://www.fantasypros.com/mlb/players/curtis-meade.php,Mead,".253|22R|4HR|22RBI|3SB
",,2025
648,Spencer Turnbull,FA,"RP,SP",648,923.0,"Spencer Turnbull (FA - RP,SP)",104,4-4-0SV|4.15|1.29|8.46K9,https://www.fantasypros.com/mlb/players/spencer-turnbull.php,Turnbull,"4-4-0SV|4.15|1.29|8.46K9
",FA,2025
649,Patrick Corbin,TEX,SP,649,750.0,Patrick Corbin (TEX - SP),102,4-6-0SV|5.02|1.46|6.99K9,https://www.fantasypros.com/mlb/players/patrick-corbin.php,Corbin,"4-6-0SV|5.02|1.46|6.99K9
",,2025
650,Kyle Bradish,BAL,SP,650,962.0,Kyle Bradish (BAL - SP),38,1-1-0SV|3.41|1.15|9.66K9,https://www.fantasypros.com/mlb/players/kyle-bradish.php,Bradish,"1-1-0SV|3.41|1.15|9.66K9
",IL60,2025
651,Davis Martin,CWS,SP,651,938.0,Davis Martin (CWS - SP),181,6-9-0SV|4.52|1.36|7.86K9,https://www.fantasypros.com/mlb/players/davis-martin.php,Martin,"6-9-0SV|4.52|1.36|7.86K9
",,2025
652,Davis Schneider,TOR,"2B,OF",652,946.0,"Davis Schneider (TOR - 2B,OF)",93,.216|26R|8HR|26RBI|3SB,https://www.fantasypros.com/mlb/players/davis-schneider.php,Schneider,".216|26R|8HR|26RBI|3SB
",,2025
653,Shay Whitcomb,HOU,3B,653,896.0,Shay Whitcomb (HOU - 3B),22,.221|5R|2HR|6RBI|2SB,https://www.fantasypros.com/mlb/players/shay-whitcomb.php,Whitcomb,".221|5R|2HR|6RBI|2SB
",MiLB,2025
654,Santiago Espinal,CIN,"2B,3B",654,932.0,"Santiago Espinal (CIN - 2B,3B)",96,.258|21R|3HR|20RBI|4SB,https://www.fantasypros.com/mlb/players/santiago-espinal.php,Espinal,".258|21R|3HR|20RBI|4SB
",,2025
655,Cole Sands,MIN,RP,655,950.0,Cole Sands (MIN - RP),173,4-3-2SV|3.66|1.18|9.78K9,https://www.fantasypros.com/mlb/players/cole-sands.php,Sands,"4-3-2SV|3.66|1.18|9.78K9
",,2025
656,Mark Leiter Jr.,NYY,RP,656,754.0,Mark Leiter Jr. (NYY - RP),159,3-3-1SV|3.81|1.22|10.61K9,https://www.fantasypros.com/mlb/players/mark-leiter-jr.php,Leiter Jr.,"3-3-1SV|3.81|1.22|10.61K9
",,2025
657,Carson Kelly,CHC,C,657,868.0,Carson Kelly (CHC - C),113,.228|29R|7HR|29RBI|1SB,https://www.fantasypros.com/mlb/players/carson-kelly.php,Kelly,".228|29R|7HR|29RBI|1SB
",,2025
658,Sam Hilliard,COL,OF,658,920.0,Sam Hilliard (COL - OF),71,.227|22R|7HR|20RBI|5SB,https://www.fantasypros.com/mlb/players/sam-hilliard.php,Hilliard,".227|22R|7HR|20RBI|5SB
",,2025
659,Matt Brash,SEA,RP,659,960.0,Matt Brash (SEA - RP),120,2-2-2SV|3.17|1.23|11.51K9,https://www.fantasypros.com/mlb/players/matt-brash.php,Brash,"2-2-2SV|3.17|1.23|11.51K9
",,2025
660,Trey Mancini,ARI,1B,660,820.0,Trey Mancini (ARI - 1B),16,.235|4R|1HR|4RBI|0SB,https://www.fantasypros.com/mlb/players/trey-mancini.php,Mancini,".235|4R|1HR|4RBI|0SB
",MiLB,2025
661,Nate Pearson,CHC,RP,661,934.0,Nate Pearson (CHC - RP),126,2-3-1SV|3.90|1.25|9.71K9,https://www.fantasypros.com/mlb/players/nate-pearson.php,Pearson,"2-3-1SV|3.90|1.25|9.71K9
",,2025
662,Jose Iglesias,SD,"2B,3B",662,899.0,"Jose Iglesias (SD - 2B,3B)",104,.264|27R|3HR|24RBI|2SB,https://www.fantasypros.com/mlb/players/jose-iglesias.php,Iglesias,".264|27R|3HR|24RBI|2SB
",NRI,2025
663,Kyle Farmer,COL,"2B,3B",663,930.0,"Kyle Farmer (COL - 2B,3B)",100,.250|26R|5HR|25RBI|3SB,https://www.fantasypros.com/mlb/players/kyle-farmer.php,Farmer,".250|26R|5HR|25RBI|3SB
",,2025
664,Cade Horton,CHC,SP,664,958.0,Cade Horton (CHC - SP),29,1-1-0SV|4.69|1.36|8.76K9,https://www.fantasypros.com/mlb/players/cade-horton.php,Horton,"1-1-0SV|4.69|1.36|8.76K9
",NRI,2025
665,Keider Montero,DET,SP,665,892.0,Keider Montero (DET - SP),73,2-3-0SV|4.46|1.36|7.64K9,https://www.fantasypros.com/mlb/players/keider-montero.php,Montero,"2-3-0SV|4.46|1.36|7.64K9
",MiLB,2025
666,Drew Romo,COL,C,666,912.0,Drew Romo (COL - C),68,.243|17R|4HR|17RBI|2SB,https://www.fantasypros.com/mlb/players/drew-romo.php,Romo,".243|17R|4HR|17RBI|2SB
",MiLB,2025
667,Moises Ballesteros,CHC,C,667,898.0,Moises Ballesteros (CHC - C),17,.236|4R|1HR|4RBI|0SB,https://www.fantasypros.com/mlb/players/moises-ballesteros.php,Ballesteros,".236|4R|1HR|4RBI|0SB
",NRI,2025
668,Joey Meneses,NYM,"1B,DH",668,760.0,"Joey Meneses (NYM - 1B,DH)",12,.241|3R|1HR|3RBI|0SB,https://www.fantasypros.com/mlb/players/joey-meneses.php,Meneses,".241|3R|1HR|3RBI|0SB
",MiLB,2025
669,Joe Boyle,TB,SP,669,970.0,Joe Boyle (TB - SP),103,3-4-0SV|4.32|1.49|10.53K9,https://www.fantasypros.com/mlb/players/joe-boyle.php,Boyle,"3-4-0SV|4.32|1.49|10.53K9
",MiLB,2025
670,Jakob Junis,CLE,"RP,SP",670,967.0,"Jakob Junis (CLE - RP,SP)",138,3-3-0SV|4.06|1.20|8.21K9,https://www.fantasypros.com/mlb/players/jake-junis.php,Junis,"3-3-0SV|4.06|1.20|8.21K9
",,2025
671,Romy Gonzalez,BOS,"1B,2B,SS",671,938.0,"Romy Gonzalez (BOS - 1B,2B,SS)",53,.246|14R|4HR|15RBI|5SB,https://www.fantasypros.com/mlb/players/romy-gonzalez.php,Gonzalez,".246|14R|4HR|15RBI|5SB
",,2025
672,Troy Taylor,SEA,RP,672,762.0,Troy Taylor (SEA - RP),103,3-3-0SV|3.84|1.29|9.06K9,https://www.fantasypros.com/mlb/players/troy-taylor.php,Taylor,"3-3-0SV|3.84|1.29|9.06K9
",,2025
673,Hunter Harvey,KC,RP,673,913.0,Hunter Harvey (KC - RP),161,3-3-2SV|3.73|1.21|9.28K9,https://www.fantasypros.com/mlb/players/hunter-harvey.php,Harvey,"3-3-2SV|3.73|1.21|9.28K9
",,2025
674,Dustin Harris,TEX,OF,674,764.0,Dustin Harris (TEX - OF),8,.223|3R|0HR|2RBI|1SB,https://www.fantasypros.com/mlb/players/dustin-harris.php,Harris,".223|3R|0HR|2RBI|1SB
",MiLB,2025
675,Zach McKinstry,DET,"3B,SS",675,972.0,"Zach McKinstry (DET - 3B,SS)",94,.229|26R|4HR|20RBI|7SB,https://www.fantasypros.com/mlb/players/zach-mckinstry.php,McKinstry,".229|26R|4HR|20RBI|7SB
",,2025
676,Gavin Sheets,SD,"1B,DH,OF",676,880.0,"Gavin Sheets (SD - 1B,DH,OF)",92,.233|21R|6HR|24RBI|1SB,https://www.fantasypros.com/mlb/players/gavin-sheets.php,Sheets,".233|21R|6HR|24RBI|1SB
",,2025
677,Randal Grichuk,ARI,"DH,OF",677,922.0,"Randal Grichuk (ARI - DH,OF)",130,.255|31R|9HR|33RBI|1SB,https://www.fantasypros.com/mlb/players/randal-grichuk.php,Grichuk,".255|31R|9HR|33RBI|1SB
",,2025
678,Tyler Rogers,SF,RP,678,765.0,Tyler Rogers (SF - RP),161,3-3-2SV|3.72|1.22|6.45K9,https://www.fantasypros.com/mlb/players/tyler-rogers.php,Rogers,"3-3-2SV|3.72|1.22|6.45K9
",,2025
679,Kyle Hendricks,LAA,SP,679,872.0,Kyle Hendricks (LAA - SP),139,6-9-0SV|5.03|1.39|6.22K9,https://www.fantasypros.com/mlb/players/kyle-hendricks.php,Hendricks,"6-9-0SV|5.03|1.39|6.22K9
",,2025
680,Nick Pratto,KC,1B,680,825.0,Nick Pratto (KC - 1B),15,.209|7R|1HR|6RBI|1SB,https://www.fantasypros.com/mlb/players/nick-pratto.php,Pratto,".209|7R|1HR|6RBI|1SB
",MiLB,2025
681,Jacob Melton,HOU,OF,681,926.0,Jacob Melton (HOU - OF),51,.216|16R|4HR|15RBI|6SB,https://www.fantasypros.com/mlb/players/jacob-melton.php,Melton,".216|16R|4HR|15RBI|6SB
",MiLB,2025
682,Jackson Rutledge,WSH,SP,682,795.0,Jackson Rutledge (WSH - SP),62,2-2-0SV|4.60|1.41|7.48K9,https://www.fantasypros.com/mlb/players/jackson-rutledge.php,Rutledge,"2-2-0SV|4.60|1.41|7.48K9
",,2025
683,Mark Canha,KC,"1B,DH,OF",683,974.0,"Mark Canha (KC - 1B,DH,OF)",95,.243|25R|4HR|22RBI|3SB,https://www.fantasypros.com/mlb/players/mark-canha.php,Canha,".243|25R|4HR|22RBI|3SB
",,2025
684,Prelander Berroa,CWS,RP,684,885.0,Prelander Berroa (CWS - RP),42,1-1-1SV|4.59|1.51|9.75K9,https://www.fantasypros.com/mlb/players/prelander-berroa.php,Berroa,"1-1-1SV|4.59|1.51|9.75K9
",IL60,2025
685,Zac Veen,COL,OF,685,916.0,Zac Veen (COL - OF),91,.234|24R|5HR|20RBI|11SB,https://www.fantasypros.com/mlb/players/zac-veen.php,Veen,".234|24R|5HR|20RBI|11SB
",MiLB,2025
686,Griffin Conine,MIA,OF,686,952.0,Griffin Conine (MIA - OF),104,.215|36R|12HR|40RBI|1SB,https://www.fantasypros.com/mlb/players/griffin-conine.php,Conine,".215|36R|12HR|40RBI|1SB
",,2025
687,Mitch Haniger,FA,"DH,OF",687,970.0,"Mitch Haniger (FA - DH,OF)",113,.216|34R|11HR|37RBI|0SB,https://www.fantasypros.com/mlb/players/mitch-haniger.php,Haniger,".216|34R|11HR|37RBI|0SB
",FA,2025
688,Joe Jimenez,ATL,RP,688,769.0,Joe Jimenez (ATL - RP),77,1-1-0SV|3.53|1.15|10.75K9,https://www.fantasypros.com/mlb/players/joe-jimenez.php,Jimenez,"1-1-0SV|3.53|1.15|10.75K9
",,2025
689,Justyn-Henry Malloy,DET,"DH,OF",689,925.0,"Justyn-Henry Malloy (DET - DH,OF)",42,.224|13R|3HR|13RBI|1SB,https://www.fantasypros.com/mlb/players/justyn-henry-malloy.php,Malloy,".224|13R|3HR|13RBI|1SB
",,2025
690,Ezequiel Duran,TEX,3B,690,928.0,Ezequiel Duran (TEX - 3B),62,.247|17R|4HR|15RBI|3SB,https://www.fantasypros.com/mlb/players/ezequiel-duran.php,Duran,".247|17R|4HR|15RBI|3SB
",,2025
691,Marco Luciano,SF,"2B,SS",691,862.0,"Marco Luciano (SF - 2B,SS)",23,.216|8R|1HR|7RBI|1SB,https://www.fantasypros.com/mlb/players/marco-luciano.php,Luciano,".216|8R|1HR|7RBI|1SB
",MiLB,2025
692,Josh Sborz,TEX,RP,692,771.0,Josh Sborz (TEX - RP),85,2-2-2SV|3.91|1.28|10.06K9,https://www.fantasypros.com/mlb/players/josh-sborz.php,Sborz,"2-2-2SV|3.91|1.28|10.06K9
",IL60,2025
693,Steven Matz,STL,"RP,SP",693,970.0,"Steven Matz (STL - RP,SP)",166,5-5-0SV|4.18|1.30|7.78K9,https://www.fantasypros.com/mlb/players/steven-matz.php,Matz,"5-5-0SV|4.18|1.30|7.78K9
",,2025
694,Trayce Thompson,BOS,OF,694,832.0,Trayce Thompson (BOS - OF),8,.204|3R|1HR|3RBI|0SB,https://www.fantasypros.com/mlb/players/trayce-thompson.php,Thompson,".204|3R|1HR|3RBI|0SB
",MiLB,2025
695,Paul Blackburn,NYM,SP,695,980.0,Paul Blackburn (NYM - SP),135,5-4-0SV|4.42|1.34|7.32K9,https://www.fantasypros.com/mlb/players/paul-blackburn.php,Blackburn,"5-4-0SV|4.42|1.34|7.32K9
",,2025
696,Abner Uribe,MIL,RP,696,978.0,Abner Uribe (MIL - RP),118,2-2-2SV|3.59|1.36|10.10K9,https://www.fantasypros.com/mlb/players/abner-uribe.php,Uribe,"2-2-2SV|3.59|1.36|10.10K9
",,2025
697,Miguel Rojas,LAD,SS,697,884.0,Miguel Rojas (LAD - SS),78,.254|18R|2HR|16RBI|3SB,https://www.fantasypros.com/mlb/players/miguel-rojas.php,Rojas,".254|18R|2HR|16RBI|3SB
",,2025
698,Richard Fitts,BOS,SP,698,882.0,Richard Fitts (BOS - SP),62,2-3-0SV|4.64|1.37|6.74K9,https://www.fantasypros.com/mlb/players/richard-fitts.php,Fitts,"2-3-0SV|4.64|1.37|6.74K9
",,2025
699,Emerson Hancock,SEA,SP,699,919.0,Emerson Hancock (SEA - SP),84,3-4-0SV|4.62|1.34|6.34K9,https://www.fantasypros.com/mlb/players/emerson-hancock.php,Hancock,"3-4-0SV|4.62|1.34|6.34K9
",,2025
700,Matt Manning,DET,SP,700,846.0,Matt Manning (DET - SP),64,2-2-0SV|4.18|1.29|7.52K9,https://www.fantasypros.com/mlb/players/matt-manning.php,Manning,"2-2-0SV|4.18|1.29|7.52K9
",MiLB,2025
701,Nick Fortes,MIA,C,701,974.0,Nick Fortes (MIA - C),136,.230|31R|7HR|30RBI|3SB,https://www.fantasypros.com/mlb/players/nick-fortes.php,Fortes,".230|31R|7HR|30RBI|3SB
",,2025
702,Abraham Toro,BOS,3B,702,797.0,Abraham Toro (BOS - 3B),19,.244|5R|1HR|4RBI|0SB,https://www.fantasypros.com/mlb/players/abraham-toro.php,Toro,".244|5R|1HR|4RBI|0SB
",NRI,2025
703,Tirso Ornelas,SD,OF,703,907.0,Tirso Ornelas (SD - OF),119,.236|29R|7HR|29RBI|3SB,https://www.fantasypros.com/mlb/players/tirso-ornelas-of.php,Ornelas,".236|29R|7HR|29RBI|3SB
",MiLB,2025
704,Dairon Blanco,KC,OF,704,966.0,Dairon Blanco (KC - OF),80,.253|21R|3HR|15RBI|20SB,https://www.fantasypros.com/mlb/players/dairon-blanco.php,Blanco,".253|21R|3HR|15RBI|20SB
",,2025
705,Tyrone Taylor,NYM,OF,705,954.0,Tyrone Taylor (NYM - OF),130,.232|34R|9HR|32RBI|7SB,https://www.fantasypros.com/mlb/players/tyrone-taylor.php,Taylor,".232|34R|9HR|32RBI|7SB
",,2025
706,Jack Kochanowicz,LAA,SP,706,880.0,Jack Kochanowicz (LAA - SP),101,4-6-0SV|4.70|1.38|5.15K9,https://www.fantasypros.com/mlb/players/jack-kochanowicz.php,Kochanowicz,"4-6-0SV|4.70|1.38|5.15K9
",,2025
707,Alex Call,WSH,OF,707,855.0,Alex Call (WSH - OF),104,.222|26R|5HR|22RBI|6SB,https://www.fantasypros.com/mlb/players/alex-call.php,Call,".222|26R|5HR|22RBI|6SB
",,2025
708,Kyle Hart,SD,SP,708,883.0,Kyle Hart (SD - SP),142,4-4-0SV|4.38|1.32|7.57K9,https://www.fantasypros.com/mlb/players/kyle-hart.php,Hart,"4-4-0SV|4.38|1.32|7.57K9
",,2025
709,Tyler Locklear,SEA,1B,709,898.0,Tyler Locklear (SEA - 1B),33,.213|10R|3HR|10RBI|1SB,https://www.fantasypros.com/mlb/players/tyler-locklear.php,Locklear,".213|10R|3HR|10RBI|1SB
",MiLB,2025
710,Ryan Bliss,SEA,2B,710,914.0,Ryan Bliss (SEA - 2B),125,.215|35R|7HR|29RBI|19SB,https://www.fantasypros.com/mlb/players/ryan-bliss.php,Bliss,".215|35R|7HR|29RBI|19SB
",,2025
711,Jhony Brito,SD,RP,711,786.0,Jhony Brito (SD - RP),44,1-1-0SV|4.15|1.31|6.77K9,https://www.fantasypros.com/mlb/players/jhony-brito.php,Brito,"1-1-0SV|4.15|1.31|6.77K9
",,2025
712,Anthony Rendon,LAA,3B,712,840.0,Anthony Rendon (LAA - 3B),25,.234|6R|1HR|5RBI|1SB,https://www.fantasypros.com/mlb/players/anthony-rendon.php,Rendon,".234|6R|1HR|5RBI|1SB
",IL60,2025
713,Derek Law,WSH,RP,713,910.0,Derek Law (WSH - RP),170,4-4-5SV|3.91|1.31|7.60K9,https://www.fantasypros.com/mlb/players/derek-law.php,Law,"4-4-5SV|3.91|1.31|7.60K9
",,2025
714,Christian Vazquez,MIN,C,714,992.0,Christian Vazquez (MIN - C),98,.234|27R|5HR|26RBI|2SB,https://www.fantasypros.com/mlb/players/christian-vazquez.php,Vazquez,".234|27R|5HR|26RBI|2SB
",,2025
715,Rob Refsnyder,BOS,OF,715,856.0,Rob Refsnyder (BOS - OF),103,.260|26R|6HR|25RBI|3SB,https://www.fantasypros.com/mlb/players/rob-refsnyder.php,Refsnyder,".260|26R|6HR|25RBI|3SB
",,2025
716,Valente Bellozo,MIA,SP,716,783.0,Valente Bellozo (MIA - SP),69,2-4-0SV|4.88|1.41|6.59K9,https://www.fantasypros.com/mlb/players/valente-bellozo.php,Bellozo,"2-4-0SV|4.88|1.41|6.59K9
",MiLB,2025
717,Chase Meidroth,CWS,"3B,SS",717,938.0,"Chase Meidroth (CWS - 3B,SS)",127,.246|31R|4HR|23RBI|4SB,https://www.fantasypros.com/mlb/players/chase-meidroth.php,Meidroth,".246|31R|4HR|23RBI|4SB
",NRI,2025
718,Kevin Newman,LAA,"2B,SS",718,950.0,"Kevin Newman (LAA - 2B,SS)",93,.245|24R|2HR|19RBI|5SB,https://www.fantasypros.com/mlb/players/kevin-newman.php,Newman,".245|24R|2HR|19RBI|5SB
",,2025
719,Scott Kingery,LAA,SS,719,912.0,Scott Kingery (LAA - SS),18,.199|7R|2HR|6RBI|2SB,https://www.fantasypros.com/mlb/players/scott-kingery.php,Kingery,".199|7R|2HR|6RBI|2SB
",MiLB,2025
720,Ramon Urias,BAL,3B,720,936.0,Ramon Urias (BAL - 3B),110,.248|28R|7HR|27RBI|1SB,https://www.fantasypros.com/mlb/players/ramon-urias.php,Urias,".248|28R|7HR|27RBI|1SB
",,2025
721,Jack Suwinski,PIT,OF,721,972.0,Jack Suwinski (PIT - OF),87,.219|23R|8HR|24RBI|4SB,https://www.fantasypros.com/mlb/players/jack-suwinski.php,Suwinski,".219|23R|8HR|24RBI|4SB
",,2025
722,Garrett Cleavinger,TB,RP,722,842.0,Garrett Cleavinger (TB - RP),168,3-4-3SV|3.88|1.30|10.56K9,https://www.fantasypros.com/mlb/players/garrett-cleavinger.php,Cleavinger,"3-4-3SV|3.88|1.30|10.56K9
",,2025
723,Tony Santillan,CIN,RP,723,936.0,Tony Santillan (CIN - RP),135,3-3-2SV|4.31|1.36|10.19K9,https://www.fantasypros.com/mlb/players/antonio-santillan.php,Santillan,"3-3-2SV|4.31|1.36|10.19K9
",,2025
724,Jose A. Ferrer,WSH,RP,724,949.0,Jose A. Ferrer (WSH - RP),137,3-3-3SV|3.82|1.29|7.55K9,https://www.fantasypros.com/mlb/players/jose-ferrer.php,A. Ferrer,"3-3-3SV|3.82|1.29|7.55K9
",,2025
725,Casey Schmitt,SF,"2B,SS",725,810.0,"Casey Schmitt (SF - 2B,SS)",31,.236|8R|2HR|9RBI|1SB,https://www.fantasypros.com/mlb/players/casey-schmitt.php,Schmitt,".236|8R|2HR|9RBI|1SB
",,2025
726,Yilber Diaz,ARI,SP,726,926.0,Yilber Diaz (ARI - SP),87,3-2-0SV|4.21|1.37|9.26K9,https://www.fantasypros.com/mlb/players/yilber-diaz.php,Diaz,"3-2-0SV|4.21|1.37|9.26K9
",MiLB,2025
727,Keegan Akin,BAL,RP,727,952.0,Keegan Akin (BAL - RP),186,4-3-1SV|3.52|1.15|10.07K9,https://www.fantasypros.com/mlb/players/keegan-akin-p.php,Akin,"4-3-1SV|3.52|1.15|10.07K9
",,2025
728,Hunter Bigge,TB,RP,728,1002.0,Hunter Bigge (TB - RP),107,2-2-0SV|4.08|1.36|10.31K9,https://www.fantasypros.com/mlb/players/hunter-bigge.php,Bigge,"2-2-0SV|4.08|1.36|10.31K9
",MiLB,2025
729,Hurston Waldrep,ATL,SP,729,984.0,Hurston Waldrep (ATL - SP),33,1-1-0SV|4.53|1.47|8.29K9,https://www.fantasypros.com/mlb/players/hurston-waldrep.php,Waldrep,"1-1-0SV|4.53|1.47|8.29K9
",MiLB,2025
730,Victor Vodnik,COL,RP,730,924.0,Victor Vodnik (COL - RP),139,3-4-4SV|4.38|1.47|8.41K9,https://www.fantasypros.com/mlb/players/victor-vodnik.php,Vodnik,"3-4-4SV|4.38|1.47|8.41K9
",,2025
731,Will Brennan,CLE,OF,731,994.0,Will Brennan (CLE - OF),150,.268|31R|5HR|30RBI|7SB,https://www.fantasypros.com/mlb/players/will-brennan.php,Brennan,".268|31R|5HR|30RBI|7SB
",,2025
732,Wilmer Flores,SF,1B,732,944.0,Wilmer Flores (SF - 1B),168,.239|36R|10HR|39RBI|0SB,https://www.fantasypros.com/mlb/players/wilmer-flores.php,Flores,".239|36R|10HR|39RBI|0SB
",,2025
733,Matt Mervis,MIA,DH,733,916.0,Matt Mervis (MIA - DH),134,.217|37R|12HR|42RBI|2SB,https://www.fantasypros.com/mlb/players/matt-mervis.php,Mervis,".217|37R|12HR|42RBI|2SB
",,2025
734,Leo Jimenez,TOR,"2B,SS",734,794.0,"Leo Jimenez (TOR - 2B,SS)",32,.237|9R|2HR|8RBI|1SB,https://www.fantasypros.com/mlb/players/leonardo-jimenez.php,Jimenez,".237|9R|2HR|8RBI|1SB
",MiLB,2025
735,Taylor Rogers,CIN,RP,735,876.0,Taylor Rogers (CIN - RP),172,3-3-7SV|4.17|1.31|10.00K9,https://www.fantasypros.com/mlb/players/taylor-rogers.php,Rogers,"3-3-7SV|4.17|1.31|10.00K9
",,2025
736,Jose Trevino,CIN,C,736,970.0,Jose Trevino (CIN - C),112,.237|27R|7HR|29RBI|1SB,https://www.fantasypros.com/mlb/players/jose-trevino.php,Trevino,".237|27R|7HR|29RBI|1SB
",,2025
737,Whit Merrifield,FA,"2B,OF",737,870.0,"Whit Merrifield (FA - 2B,OF)",68,.244|17R|2HR|13RBI|6SB,https://www.fantasypros.com/mlb/players/whit-merrifield.php,Merrifield,".244|17R|2HR|13RBI|6SB
",FA,2025
738,Matt Thaiss,CWS,C,738,807.0,Matt Thaiss (CWS - C),39,.210|11R|3HR|10RBI|1SB,https://www.fantasypros.com/mlb/players/matt-thaiss.php,Thaiss,".210|11R|3HR|10RBI|1SB
",,2025
739,Jon Singleton,HOU,1B,739,866.0,Jon Singleton (HOU - 1B),47,.207|14R|4HR|14RBI|0SB,https://www.fantasypros.com/mlb/players/jonathan-singleton.php,Singleton,".207|14R|4HR|14RBI|0SB
",,2025
740,Trey Lipscomb,WSH,3B,740,798.0,Trey Lipscomb (WSH - 3B),22,.236|6R|1HR|5RBI|2SB,https://www.fantasypros.com/mlb/players/trey-lipscomb.php,Lipscomb,".236|6R|1HR|5RBI|2SB
",MiLB,2025
741,Dillon Dingler,DET,C,741,970.0,Dillon Dingler (DET - C),78,.224|23R|6HR|25RBI|2SB,https://www.fantasypros.com/mlb/players/dillon-dingler.php,Dingler,".224|23R|6HR|25RBI|2SB
",,2025
742,Connor Joe,SD,"1B,OF",742,934.0,"Connor Joe (SD - 1B,OF)",99,.227|27R|6HR|22RBI|2SB,https://www.fantasypros.com/mlb/players/connor-joe.php,Joe,".227|27R|6HR|22RBI|2SB
",,2025
743,Logan Henderson,MIL,SP,743,981.0,Logan Henderson (MIL - SP),51,2-2-0SV|4.32|1.23|9.00K9,https://www.fantasypros.com/mlb/players/logan-henderson.php,Henderson,"2-2-0SV|4.32|1.23|9.00K9
",MiLB,2025
744,Alan Roden,TOR,OF,744,928.0,Alan Roden (TOR - OF),88,.253|20R|3HR|18RBI|3SB,https://www.fantasypros.com/mlb/players/alan-roden.php,Roden,".253|20R|3HR|18RBI|3SB
",,2025
745,Donovan Solano,SEA,"1B,3B,DH",745,958.0,"Donovan Solano (SEA - 1B,3B,DH)",123,.253|32R|6HR|32RBI|1SB,https://www.fantasypros.com/mlb/players/donovan-solano.php,Solano,".253|32R|6HR|32RBI|1SB
",,2025
746,Tink Hence,STL,SP,746,974.0,Tink Hence (STL - SP),26,1-1-0SV|4.31|1.30|8.29K9,https://www.fantasypros.com/mlb/players/tink-hence.php,Hence,"1-1-0SV|4.31|1.30|8.29K9
",MiLB,2025
747,Manuel Margot,DET,OF,747,803.0,Manuel Margot (DET - OF),50,.255|12R|2HR|12RBI|2SB,https://www.fantasypros.com/mlb/players/manuel-margot.php,Margot,".255|12R|2HR|12RBI|2SB
",,2025
748,Johnathan Rodriguez,CLE,OF,748,968.0,Johnathan Rodriguez (CLE - OF),35,.237|11R|3HR|12RBI|1SB,https://www.fantasypros.com/mlb/players/johnathan-rodriguez.php,Rodriguez,".237|11R|3HR|12RBI|1SB
",MiLB,2025
749,Miguel Andujar,ATH,OF,749,968.0,Miguel Andujar (ATH - OF),182,.265|38R|8HR|38RBI|4SB,https://www.fantasypros.com/mlb/players/miguel-andujar.php,Andujar,".265|38R|8HR|38RBI|4SB
",,2025
750,Aaron Schunk,COL,"2B,3B",750,803.0,"Aaron Schunk (COL - 2B,3B)",15,.240|4R|1HR|4RBI|1SB,https://www.fantasypros.com/mlb/players/aaron-schunk.php,Schunk,".240|4R|1HR|4RBI|1SB
",MiLB,2025
751,Chase Silseth,LAA,SP,751,900.0,Chase Silseth (LAA - SP),89,2-3-0SV|4.35|1.35|8.52K9,https://www.fantasypros.com/mlb/players/chase-silseth.php,Silseth,"2-3-0SV|4.35|1.35|8.52K9
",MiLB,2025
752,Tristan Beck,SF,"RP,SP",752,804.0,"Tristan Beck (SF - RP,SP)",78,2-2-0SV|4.08|1.27|7.87K9,https://www.fantasypros.com/mlb/players/tristan-beck.php,Beck,"2-2-0SV|4.08|1.27|7.87K9
",MiLB,2025
753,Kevin Kelly,TB,RP,753,804.0,Kevin Kelly (TB - RP),103,2-2-0SV|3.57|1.15|7.99K9,https://www.fantasypros.com/mlb/players/kevin-kelly.php,Kelly,"2-2-0SV|3.57|1.15|7.99K9
",,2025
754,Gregory Santos,SEA,RP,754,918.0,Gregory Santos (SEA - RP),153,3-2-3SV|3.28|1.23|9.02K9,https://www.fantasypros.com/mlb/players/gregory-santos.php,Santos,"3-2-3SV|3.28|1.23|9.02K9
",,2025
755,Justin Anderson,CWS,RP,755,926.0,Justin Anderson (CWS - RP),156,2-3-7SV|4.33|1.41|9.29K9,https://www.fantasypros.com/mlb/players/justin-anderson.php,Anderson,"2-3-7SV|4.33|1.41|9.29K9
",,2025
756,Brooks Baldwin,CWS,"2B,SS",756,945.0,"Brooks Baldwin (CWS - 2B,SS)",56,.246|13R|3HR|13RBI|4SB,https://www.fantasypros.com/mlb/players/brooks-baldwin.php,Baldwin,".246|13R|3HR|13RBI|4SB
",,2025
757,Pierce Johnson,ATL,RP,757,978.0,Pierce Johnson (ATL - RP),176,4-3-3SV|3.69|1.29|10.89K9,https://www.fantasypros.com/mlb/players/pierce-johnson.php,Johnson,"4-3-3SV|3.69|1.29|10.89K9
",,2025
758,Quinn Priester,BOS,"RP,SP",758,931.0,"Quinn Priester (BOS - RP,SP)",71,3-2-0SV|4.30|1.35|7.38K9,https://www.fantasypros.com/mlb/players/quinn-priester.php,Priester,"3-2-0SV|4.30|1.35|7.38K9
",MiLB,2025
759,Dennis Santana,PIT,RP,759,998.0,Dennis Santana (PIT - RP),155,3-3-3SV|4.19|1.35|8.52K9,https://www.fantasypros.com/mlb/players/dennis-santana.php,Santana,"3-3-3SV|4.19|1.35|8.52K9
",,2025
760,Wade Meckler,SF,OF,760,825.0,Wade Meckler (SF - OF),29,.261|7R|1HR|5RBI|1SB,https://www.fantasypros.com/mlb/players/wade-meckler.php,Meckler,".261|7R|1HR|5RBI|1SB
",MiLB,2025
761,Reed Garrett,NYM,RP,761,846.0,Reed Garrett (NYM - RP),169,4-4-2SV|3.74|1.31|10.50K9,https://www.fantasypros.com/mlb/players/reed-garrett.php,Garrett,"4-4-2SV|3.74|1.31|10.50K9
",,2025
762,Chris Taylor,LAD,"2B,3B,OF",762,896.0,"Chris Taylor (LAD - 2B,3B,OF)",92,.219|31R|7HR|28RBI|6SB,https://www.fantasypros.com/mlb/players/chris-taylor.php,Taylor,".219|31R|7HR|28RBI|6SB
",,2025
763,Dane Dunning,TEX,"RP,SP",763,852.0,"Dane Dunning (TEX - RP,SP)",116,3-4-0SV|4.29|1.32|8.02K9,https://www.fantasypros.com/mlb/players/dane-dunning.php,Dunning,"3-4-0SV|4.29|1.32|8.02K9
",,2025
764,Matthew Liberatore,STL,"RP,SP",764,954.0,"Matthew Liberatore (STL - RP,SP)",159,4-4-1SV|4.07|1.31|8.25K9,https://www.fantasypros.com/mlb/players/matthew-liberatore.php,Liberatore,"4-4-1SV|4.07|1.31|8.25K9
",,2025
765,Johan Oviedo,PIT,SP,765,876.0,Johan Oviedo (PIT - SP),100,3-4-0SV|4.41|1.38|7.79K9,https://www.fantasypros.com/mlb/players/johan-oviedo.php,Oviedo,"3-4-0SV|4.41|1.38|7.79K9
",IL60,2025
766,Austin Shenton,SEA,1B,766,832.0,Austin Shenton (SEA - 1B),13,.210|5R|1HR|5RBI|0SB,https://www.fantasypros.com/mlb/players/austin-shenton.php,Shenton,".210|5R|1HR|5RBI|0SB
",MiLB,2025
767,Darell Hernaiz,ATH,"3B,SS",767,840.0,"Darell Hernaiz (ATH - 3B,SS)",56,.247|14R|2HR|12RBI|3SB,https://www.fantasypros.com/mlb/players/darell-hernaiz.php,Hernaiz,".247|14R|2HR|12RBI|3SB
",MiLB,2025
768,Bryce Elder,ATL,SP,768,820.0,Bryce Elder (ATL - SP),75,3-2-0SV|4.35|1.38|7.28K9,https://www.fantasypros.com/mlb/players/bryce-elder.php,Elder,"3-2-0SV|4.35|1.38|7.28K9
",MiLB,2025
769,Javier Baez,DET,SS,769,968.0,Javier Baez (DET - SS),128,.229|34R|9HR|35RBI|7SB,https://www.fantasypros.com/mlb/players/javier-baez.php,Baez,".229|34R|9HR|35RBI|7SB
",,2025
770,Jake Bauers,MIL,1B,770,881.0,Jake Bauers (MIL - 1B),30,.203|10R|3HR|11RBI|2SB,https://www.fantasypros.com/mlb/players/jake-bauers.php,Bauers,".203|10R|3HR|11RBI|2SB
",NRI,2025
771,Nacho Alvarez Jr.,ATL,2B,771,852.0,Nacho Alvarez Jr. (ATL - 2B),22,.253|5R|1HR|4RBI|1SB,https://www.fantasypros.com/mlb/players/ignacio-alvarez.php,Alvarez Jr.,".253|5R|1HR|4RBI|1SB
",,2025
772,Derek Hill,MIA,OF,772,920.0,Derek Hill (MIA - OF),126,.243|37R|8HR|33RBI|10SB,https://www.fantasypros.com/mlb/players/derek-hill-of.php,Hill,".243|37R|8HR|33RBI|10SB
",,2025
773,Kevin Alcantara,CHC,OF,773,947.0,Kevin Alcantara (CHC - OF),18,.240|6R|1HR|5RBI|1SB,https://www.fantasypros.com/mlb/players/kevin-alcantara.php,Alcantara,".240|6R|1HR|5RBI|1SB
",MiLB,2025
774,Tim Herrin,CLE,RP,774,828.0,Tim Herrin (CLE - RP),156,3-3-0SV|3.39|1.24|9.41K9,https://www.fantasypros.com/mlb/players/tim-herrin.php,Herrin,"3-3-0SV|3.39|1.24|9.41K9
",,2025
775,Austin Barnes,LAD,C,775,816.0,Austin Barnes (LAD - C),44,.219|14R|2HR|12RBI|2SB,https://www.fantasypros.com/mlb/players/austin-barnes.php,Barnes,".219|14R|2HR|12RBI|2SB
",,2025
776,Yuki Matsui,SD,RP,776,921.0,Yuki Matsui (SD - RP),145,3-2-1SV|3.65|1.24|10.14K9,https://www.fantasypros.com/mlb/players/yuki-matsui.php,Matsui,"3-2-1SV|3.65|1.24|10.14K9
",,2025
777,Brusdar Graterol,LAD,RP,777,816.0,Brusdar Graterol (LAD - RP),50,1-1-0SV|3.28|1.18|7.34K9,https://www.fantasypros.com/mlb/players/brusdar-graterol-p.php,Graterol,"1-1-0SV|3.28|1.18|7.34K9
",IL60,2025
778,Caleb Kilian,CHC,"RP,SP",778,838.0,"Caleb Kilian (CHC - RP,SP)",40,1-1-0SV|4.32|1.37|7.06K9,https://www.fantasypros.com/mlb/players/caleb-kilian.php,Kilian,"1-1-0SV|4.32|1.37|7.06K9
",MiLB,2025
779,Eric Haase,MIL,C,779,934.0,Eric Haase (MIL - C),33,.214|13R|4HR|15RBI|1SB,https://www.fantasypros.com/mlb/players/eric-haase.php,Haase,".214|13R|4HR|15RBI|1SB
",,2025
780,Noah Cameron,KC,SP,780,1010.0,Noah Cameron (KC - SP),55,2-2-0SV|3.95|1.26|8.32K9,https://www.fantasypros.com/mlb/players/noah-cameron.php,Cameron,"2-2-0SV|3.95|1.26|8.32K9
",MiLB,2025
781,Austin Martin,MIN,OF,781,823.0,Austin Martin (MIN - OF),64,.243|17R|1HR|12RBI|6SB,https://www.fantasypros.com/mlb/players/austin-martin-if.php,Martin,".243|17R|1HR|12RBI|6SB
",,2025
782,Michael Grove,LAD,RP,782,818.0,Michael Grove (LAD - RP),61,1-3-0SV|4.52|1.31|9.61K9,https://www.fantasypros.com/mlb/players/michael-grove.php,Grove,"1-3-0SV|4.52|1.31|9.61K9
",IL60,2025
783,Justin Wrobleski,LAD,"RP,SP",783,865.0,"Justin Wrobleski (LAD - RP,SP)",68,2-2-0SV|4.32|1.32|7.98K9,https://www.fantasypros.com/mlb/players/justin-wrobleski.php,Wrobleski,"2-2-0SV|4.32|1.32|7.98K9
",MiLB,2025
784,Erik Swanson,TOR,RP,784,889.0,Erik Swanson (TOR - RP),93,2-2-1SV|4.27|1.29|8.88K9,https://www.fantasypros.com/mlb/players/erik-swanson.php,Swanson,"2-2-1SV|4.27|1.29|8.88K9
",,2025
785,Andrew Walters,CLE,RP,785,820.0,Andrew Walters (CLE - RP),100,2-2-0SV|4.01|1.32|10.00K9,https://www.fantasypros.com/mlb/players/andrew-walters.php,Walters,"2-2-0SV|4.01|1.32|10.00K9
",,2025
786,Randy Vasquez,SD,SP,786,934.0,Randy Vasquez (SD - SP),88,3-4-0SV|4.58|1.37|6.90K9,https://www.fantasypros.com/mlb/players/randy-vasquez.php,Vasquez,"3-4-0SV|4.58|1.37|6.90K9
",,2025
787,Craig Yoho,MIL,RP,787,960.0,Craig Yoho (MIL - RP),96,3-2-0SV|3.63|1.26|10.51K9,https://www.fantasypros.com/mlb/players/craig-yoho.php,Yoho,"3-2-0SV|3.63|1.26|10.51K9
",MiLB,2025
788,Will Vest,DET,RP,788,960.0,Will Vest (DET - RP),168,3-3-2SV|3.54|1.22|8.72K9,https://www.fantasypros.com/mlb/players/will-vest.php,Vest,"3-3-2SV|3.54|1.22|8.72K9
",,2025
789,Erik Miller,SF,"RP,SP",789,836.0,"Erik Miller (SF - RP,SP)",161,3-3-1SV|3.52|1.30|10.90K9,https://www.fantasypros.com/mlb/players/erik-miller.php,Miller,"3-3-1SV|3.52|1.30|10.90K9
",,2025
790,Vidal Brujan,CHC,"2B,SS",790,976.0,"Vidal Brujan (CHC - 2B,SS)",55,.223|15R|2HR|11RBI|5SB,https://www.fantasypros.com/mlb/players/vidal-brujan-2b.php,Brujan,".223|15R|2HR|11RBI|5SB
",,2025
791,Logan Allen,CLE,SP,791,865.0,Logan Allen (CLE - SP),97,4-5-0SV|4.51|1.40|7.71K9,https://www.fantasypros.com/mlb/players/logan-allen-p.php,Allen,"4-5-0SV|4.51|1.40|7.71K9
",,2025
792,Robert Stephenson,LAA,RP,792,950.0,Robert Stephenson (LAA - RP),62,1-1-0SV|3.94|1.17|10.98K9,https://www.fantasypros.com/mlb/players/robert-stephenson.php,Stephenson,"1-1-0SV|3.94|1.17|10.98K9
",IL60,2025
793,Tyler Freeman,COL,OF,793,910.0,Tyler Freeman (COL - OF),118,.256|28R|4HR|23RBI|7SB,https://www.fantasypros.com/mlb/players/tyler-freeman-ss.php,Freeman,".256|28R|4HR|23RBI|7SB
",,2025
794,Stone Garrett,WSH,OF,794,910.0,Stone Garrett (WSH - OF),9,.223|3R|1HR|3RBI|0SB,https://www.fantasypros.com/mlb/players/stone-garrett.php,Garrett,".223|3R|1HR|3RBI|0SB
",MiLB,2025
795,Alek Manoah,TOR,SP,795,825.0,Alek Manoah (TOR - SP),41,1-1-0SV|4.19|1.28|8.71K9,https://www.fantasypros.com/mlb/players/alek-manoah-p.php,Manoah,"1-1-0SV|4.19|1.28|8.71K9
",IL60,2025
796,Michel Otanez,ATH,RP,796,910.0,Michel Otanez (ATH - RP),136,3-3-1SV|3.89|1.39|11.21K9,https://www.fantasypros.com/mlb/players/michel-otanez.php,Otanez,"3-3-1SV|3.89|1.39|11.21K9
",,2025
797,Nicky Lopez,FA,"2B,SS",797,834.0,"Nicky Lopez (FA - 2B,SS)",26,.237|7R|0HR|4RBI|2SB,https://www.fantasypros.com/mlb/players/nicky-lopez.php,Lopez,".237|7R|0HR|4RBI|2SB
",FA,2025
798,Dylan Carlson,BAL,OF,798,892.0,Dylan Carlson (BAL - OF),35,.231|9R|2HR|9RBI|1SB,https://www.fantasypros.com/mlb/players/dylan-carlson.php,Carlson,".231|9R|2HR|9RBI|1SB
",MiLB,2025
799,Connor Gillispie,MIA,"RP,SP",799,882.0,"Connor Gillispie (MIA - RP,SP)",72,2-3-0SV|4.80|1.41|7.33K9,https://www.fantasypros.com/mlb/players/connor-gillispie.php,Gillispie,"2-3-0SV|4.80|1.41|7.33K9
",,2025
800,Angel Martinez,CLE,OF,800,880.0,Angel Martinez (CLE - OF),37,.240|9R|2HR|8RBI|1SB,https://www.fantasypros.com/mlb/players/angel-martinez.php,Martinez,".240|9R|2HR|8RBI|1SB
",MiLB,2025
801,Andres Chaparro,WSH,"1B,DH",801,856.0,"Andres Chaparro (WSH - 1B,DH)",28,.236|7R|2HR|8RBI|0SB,https://www.fantasypros.com/mlb/players/andres-chaparro.php,Chaparro,".236|7R|2HR|8RBI|0SB
",IL60,2025
802,Jett Williams,NYM,SS,802,918.0,Jett Williams (NYM - SS),5,.206|2R|0HR|1RBI|1SB,https://www.fantasypros.com/mlb/players/jett-williams.php,Williams,".206|2R|0HR|1RBI|1SB
",MiLB,2025
803,Jeferson Quero,MIL,C,803,870.0,Jeferson Quero (MIL - C),11,.222|3R|1HR|3RBI|0SB,https://www.fantasypros.com/mlb/players/jeferson-quero.php,Quero,".222|3R|1HR|3RBI|0SB
",MiLB,2025
804,Bryse Wilson,CWS,"RP,SP",804,840.0,"Bryse Wilson (CWS - RP,SP)",123,3-5-1SV|4.67|1.34|6.72K9,https://www.fantasypros.com/mlb/players/bryse-wilson.php,Wilson,"3-5-1SV|4.67|1.34|6.72K9
",,2025
805,Slade Cecconi,CLE,"RP,SP",805,982.0,"Slade Cecconi (CLE - RP,SP)",81,2-3-0SV|4.34|1.23|8.10K9,https://www.fantasypros.com/mlb/players/slade-cecconi.php,Cecconi,"2-3-0SV|4.34|1.23|8.10K9
",,2025
806,Jake Cousins,NYY,RP,806,829.0,Jake Cousins (NYY - RP),123,2-2-1SV|3.72|1.27|10.86K9,https://www.fantasypros.com/mlb/players/jake-cousins.php,Cousins,"2-2-1SV|3.72|1.27|10.86K9
",,2025
807,Hector Neris,ATL,RP,807,882.0,Hector Neris (ATL - RP),133,4-3-1SV|4.04|1.31|9.52K9,https://www.fantasypros.com/mlb/players/hector-neris.php,Neris,"4-3-1SV|4.04|1.31|9.52K9
",,2025
808,Colin Holderman,PIT,RP,808,914.0,Colin Holderman (PIT - RP),164,3-3-5SV|3.88|1.31|9.04K9,https://www.fantasypros.com/mlb/players/colin-holderman.php,Holderman,"3-3-5SV|3.88|1.31|9.04K9
",,2025
809,Daniel Lynch,KC,RP,809,1012.0,Daniel Lynch (KC - RP),107,3-4-0SV|4.36|1.33|6.99K9,https://www.fantasypros.com/mlb/players/daniel-lynch.php,Lynch,"3-4-0SV|4.36|1.33|6.99K9
",,2025
810,Cooper Bowman,ATH,"2B,OF",810,842.0,"Cooper Bowman (ATH - 2B,OF)",8,.213|3R|0HR|3RBI|2SB,https://www.fantasypros.com/mlb/players/cooper-bowman.php,Bowman,".213|3R|0HR|3RBI|2SB
",MiLB,2025
811,Grant McCray,SF,OF,811,896.0,Grant McCray (SF - OF),43,.215|16R|3HR|13RBI|5SB,https://www.fantasypros.com/mlb/players/grant-mccray.php,McCray,".215|16R|3HR|13RBI|5SB
",,2025
812,Jon Berti,CHC,3B,812,915.0,Jon Berti (CHC - 3B),63,.247|18R|2HR|13RBI|7SB,https://www.fantasypros.com/mlb/players/jon-berti.php,Berti,".247|18R|2HR|13RBI|7SB
",,2025
813,Anthony Bender,MIA,RP,813,1024.0,Anthony Bender (MIA - RP),163,3-3-5SV|3.78|1.28|9.29K9,https://www.fantasypros.com/mlb/players/anthony-bender.php,Bender,"3-3-5SV|3.78|1.28|9.29K9
",,2025
814,Taylor Walls,TB,SS,814,942.0,Taylor Walls (TB - SS),89,.204|26R|4HR|19RBI|11SB,https://www.fantasypros.com/mlb/players/taylor-walls.php,Walls,".204|26R|4HR|19RBI|11SB
",,2025
815,Cole Young,SEA,"2B,SS",815,923.0,"Cole Young (SEA - 2B,SS)",46,.229|11R|2HR|10RBI|2SB,https://www.fantasypros.com/mlb/players/cole-young.php,Young,".229|11R|2HR|10RBI|2SB
",MiLB,2025
816,Edgardo Henriquez,LAD,RP,816,834.0,Edgardo Henriquez (LAD - RP),41,1-1-0SV|4.25|1.40|9.56K9,https://www.fantasypros.com/mlb/players/edgardo-henriquez.php,Henriquez,"1-1-0SV|4.25|1.40|9.56K9
",IL15,2025
817,Jake Bloss,TOR,SP,817,930.0,Jake Bloss (TOR - SP),55,2-2-0SV|4.71|1.39|7.34K9,https://www.fantasypros.com/mlb/players/jake-bloss.php,Bloss,"2-2-0SV|4.71|1.39|7.34K9
",MiLB,2025
818,Jordan Wicks,CHC,SP,818,1016.0,Jordan Wicks (CHC - SP),74,2-3-0SV|4.27|1.31|8.00K9,https://www.fantasypros.com/mlb/players/jordan-wicks.php,Wicks,"2-3-0SV|4.27|1.31|8.00K9
",MiLB,2025
819,Ben Rortvedt,TB,C,819,955.0,Ben Rortvedt (TB - C),76,.214|23R|5HR|23RBI|1SB,https://www.fantasypros.com/mlb/players/benjamin-rortvedt.php,Rortvedt,".214|23R|5HR|23RBI|1SB
",,2025
820,Emmanuel Rivera,BAL,"1B,3B",820,850.0,"Emmanuel Rivera (BAL - 1B,3B)",20,.237|6R|1HR|6RBI|0SB,https://www.fantasypros.com/mlb/players/emmanuel-rivera.php,Rivera,".237|6R|1HR|6RBI|0SB
",NRI,2025
821,Blaze Alexander,ARI,"2B,SS",821,856.0,"Blaze Alexander (ARI - 2B,SS)",45,.229|16R|3HR|15RBI|2SB,https://www.fantasypros.com/mlb/players/blaze-alexander.php,Alexander,".229|16R|3HR|15RBI|2SB
",,2025
822,Dedniel Nunez,NYM,RP,822,906.0,Dedniel Nunez (NYM - RP),127,3-2-0SV|3.44|1.20|10.46K9,https://www.fantasypros.com/mlb/players/dedniel-nunez.php,Nunez,"3-2-0SV|3.44|1.20|10.46K9
",MiLB,2025
823,Daniel Schneemann,CLE,"OF,SS",823,877.0,"Daniel Schneemann (CLE - OF,SS)",69,.218|19R|4HR|18RBI|4SB,https://www.fantasypros.com/mlb/players/daniel-schneemann.php,Schneemann,".218|19R|4HR|18RBI|4SB
",,2025
824,Eguy Rosario,SD,3B,824,992.0,Eguy Rosario (SD - 3B),84,.224|23R|6HR|23RBI|5SB,https://www.fantasypros.com/mlb/players/eguy-rosario.php,Rosario,".224|23R|6HR|23RBI|5SB
",,2025
825,Braxton Ashcraft,PIT,SP,825,896.0,Braxton Ashcraft (PIT - SP),61,2-2-0SV|4.12|1.26|7.42K9,https://www.fantasypros.com/mlb/players/braxton-ashcraft.php,Ashcraft,"2-2-0SV|4.12|1.26|7.42K9
",MiLB,2025
826,Tim Anderson,LAA,SS,826,936.0,Tim Anderson (LAA - SS),36,.250|12R|1HR|9RBI|3SB,https://www.fantasypros.com/mlb/players/tim-anderson.php,Anderson,".250|12R|1HR|9RBI|3SB
",NRI,2025
827,Logan Evans,SEA,"RP,SP",827,943.0,"Logan Evans (SEA - RP,SP)",25,1-1-0SV|4.33|1.37|7.01K9,https://www.fantasypros.com/mlb/players/logan-evans.php,Evans,"1-1-0SV|4.33|1.37|7.01K9
",NRI,2025
828,Tyson Miller,CHC,RP,828,856.0,Tyson Miller (CHC - RP),137,3-3-1SV|4.02|1.25|8.25K9,https://www.fantasypros.com/mlb/players/tyson-miller.php,Miller,"3-3-1SV|4.02|1.25|8.25K9
",,2025
829,Tommy Kahnle,DET,RP,829,958.0,Tommy Kahnle (DET - RP),128,2-2-2SV|3.63|1.27|9.30K9,https://www.fantasypros.com/mlb/players/tommy-kahnle.php,Kahnle,"2-2-2SV|3.63|1.27|9.30K9
",,2025
830,Andrew Nardi,MIA,RP,830,912.0,Andrew Nardi (MIA - RP),111,2-2-2SV|3.71|1.23|11.28K9,https://www.fantasypros.com/mlb/players/andrew-nardi.php,Nardi,"2-2-2SV|3.71|1.23|11.28K9
",IL60,2025
831,Graham Ashcraft,CIN,SP,831,914.0,Graham Ashcraft (CIN - SP),75,2-3-0SV|4.35|1.34|7.20K9,https://www.fantasypros.com/mlb/players/graham-ashcraft.php,Ashcraft,"2-3-0SV|4.35|1.34|7.20K9
",,2025
832,Yoniel Curet,TB,SP,832,843.0,Yoniel Curet (TB - SP),21,1-1-0SV|4.48|1.47|9.84K9,https://www.fantasypros.com/mlb/players/yoniel-curet.php,Curet,"1-1-0SV|4.48|1.47|9.84K9
",MiLB,2025
833,Dylan Lee,ATL,RP,833,892.0,Dylan Lee (ATL - RP),166,3-3-0SV|3.37|1.15|10.32K9,https://www.fantasypros.com/mlb/players/dylan-lee.php,Lee,"3-3-0SV|3.37|1.15|10.32K9
",,2025
834,Pedro Leon,HOU,OF,834,855.0,Pedro Leon (HOU - OF),13,.211|4R|1HR|4RBI|2SB,https://www.fantasypros.com/mlb/players/pedro-leon.php,Leon,".211|4R|1HR|4RBI|2SB
",,2025
835,Roansy Contreras,BAL,RP,835,864.0,Roansy Contreras (BAL - RP),46,1-1-0SV|4.44|1.33|7.72K9,https://www.fantasypros.com/mlb/players/roansy-contreras.php,Contreras,"1-1-0SV|4.44|1.33|7.72K9
",,2025
836,Rowdy Tellez,SEA,1B,836,940.0,Rowdy Tellez (SEA - 1B),63,.229|14R|5HR|17RBI|0SB,https://www.fantasypros.com/mlb/players/rowdy-tellez.php,Tellez,".229|14R|5HR|17RBI|0SB
",NRI,2025
837,Denzel Clarke,ATH,OF,837,906.0,Denzel Clarke (ATH - OF),10,.203|4R|1HR|3RBI|2SB,https://www.fantasypros.com/mlb/players/denzel-clarke.php,Clarke,".203|4R|1HR|3RBI|2SB
",MiLB,2025
838,Bryan Hudson,MIL,RP,838,868.0,Bryan Hudson (MIL - RP),156,3-3-1SV|3.40|1.18|9.54K9,https://www.fantasypros.com/mlb/players/bryan-hudson.php,Hudson,"3-3-1SV|3.40|1.18|9.54K9
",,2025
839,Shane Smith,CWS,"RP,SP",839,898.0,"Shane Smith (CWS - RP,SP)",138,4-5-0SV|4.41|1.36|8.18K9,https://www.fantasypros.com/mlb/players/shane-smith.php,Smith,"4-5-0SV|4.41|1.36|8.18K9
",,2025
840,Ian Seymour,TB,SP,840,970.0,Ian Seymour (TB - SP),55,2-2-0SV|4.23|1.28|8.34K9,https://www.fantasypros.com/mlb/players/ian-seymour.php,Seymour,"2-2-0SV|4.23|1.28|8.34K9
",MiLB,2025
841,Nathan Lukes,TOR,OF,841,888.0,Nathan Lukes (TOR - OF),37,.262|10R|1HR|8RBI|1SB,https://www.fantasypros.com/mlb/players/nathan-lukes.php,Lukes,".262|10R|1HR|8RBI|1SB
",,2025
842,Brett Wisely,SF,"2B,SS",842,851.0,"Brett Wisely (SF - 2B,SS)",62,.231|17R|3HR|15RBI|3SB,https://www.fantasypros.com/mlb/players/brett-wisely.php,Wisely,".231|17R|3HR|15RBI|3SB
",,2025
843,Ryan Noda,LAA,1B,843,850.0,Ryan Noda (LAA - 1B),17,.189|6R|2HR|5RBI|0SB,https://www.fantasypros.com/mlb/players/ryan-noda.php,Noda,".189|6R|2HR|5RBI|0SB
",,2025
844,James McCann,ATL,C,844,901.0,James McCann (ATL - C),38,.232|12R|3HR|13RBI|1SB,https://www.fantasypros.com/mlb/players/james-mccann.php,McCann,".232|12R|3HR|13RBI|1SB
",MiLB,2025
845,Nick Mears,MIL,RP,845,924.0,Nick Mears (MIL - RP),141,3-3-0SV|3.89|1.30|11.03K9,https://www.fantasypros.com/mlb/players/nick-mears.php,Mears,"3-3-0SV|3.89|1.30|11.03K9
",,2025
846,Ryan Fernandez,STL,RP,846,1012.0,Ryan Fernandez (STL - RP),156,3-3-1SV|3.84|1.31|8.96K9,https://www.fantasypros.com/mlb/players/ryan-fernandez.php,Fernandez,"3-3-1SV|3.84|1.31|8.96K9
",,2025
847,Dane Myers,MIA,OF,847,948.0,Dane Myers (MIA - OF),105,.243|31R|7HR|29RBI|7SB,https://www.fantasypros.com/mlb/players/dane-myers.php,Myers,".243|31R|7HR|29RBI|7SB
",,2025
848,Chayce McDermott,BAL,SP,848,958.0,Chayce McDermott (BAL - SP),69,2-2-0SV|4.14|1.36|9.63K9,https://www.fantasypros.com/mlb/players/chayce-mcdermott.php,McDermott,"2-2-0SV|4.14|1.36|9.63K9
",,2025
849,Taijuan Walker,PHI,SP,849,856.0,Taijuan Walker (PHI - SP),88,3-4-0SV|4.79|1.39|6.60K9,https://www.fantasypros.com/mlb/players/taijuan-walker.php,Walker,"3-4-0SV|4.79|1.39|6.60K9
",,2025
850,Ben Casparius,LAD,SP,850,870.0,Ben Casparius (LAD - SP),65,2-2-0SV|4.55|1.38|8.80K9,https://www.fantasypros.com/mlb/players/ben-casparius.php,Casparius,"2-2-0SV|4.55|1.38|8.80K9
",,2025
851,Max Muncy,ATH,"2B,SS",851,880.0,"Max Muncy (ATH - 2B,SS)",18,.219|7R|1HR|6RBI|1SB,https://www.fantasypros.com/mlb/players/max-muncy-ss.php,Muncy,".219|7R|1HR|6RBI|1SB
",NRI,2025
852,Connor Phillips,CIN,SP,852,906.0,Connor Phillips (CIN - SP),35,1-1-0SV|4.78|1.45|9.34K9,https://www.fantasypros.com/mlb/players/connor-phillips-p.php,Phillips,"1-1-0SV|4.78|1.45|9.34K9
",MiLB,2025
853,Carson Whisenhunt,SF,SP,853,956.0,Carson Whisenhunt (SF - SP),49,1-1-0SV|4.18|1.34|8.90K9,https://www.fantasypros.com/mlb/players/carson-whisenhunt.php,Whisenhunt,"1-1-0SV|4.18|1.34|8.90K9
",NRI,2025
854,Drew Gilbert,NYM,OF,854,859.0,Drew Gilbert (NYM - OF),10,.203|2R|1HR|2RBI|0SB,https://www.fantasypros.com/mlb/players/drew-gilbert.php,Gilbert,".203|2R|1HR|2RBI|0SB
",MiLB,2025
855,Marc Church,TEX,RP,855,922.0,Marc Church (TEX - RP),117,2-3-3SV|4.29|1.33|9.15K9,https://www.fantasypros.com/mlb/players/marc-church.php,Church,"2-3-3SV|4.29|1.33|9.15K9
",,2025
856,Tom Murphy,SF,C,856,892.0,Tom Murphy (SF - C),46,.226|15R|4HR|14RBI|1SB,https://www.fantasypros.com/mlb/players/tom-murphy.php,Murphy,".226|15R|4HR|14RBI|1SB
",,2025
857,Jairo Iriarte,CWS,SP,857,880.0,Jairo Iriarte (CWS - SP),44,1-2-0SV|4.82|1.47|7.52K9,https://www.fantasypros.com/mlb/players/jairo-iriarte.php,Iriarte,"1-2-0SV|4.82|1.47|7.52K9
",MiLB,2025
858,Luis Torrens,NYM,C,858,928.0,Luis Torrens (NYM - C),78,.226|22R|6HR|23RBI|1SB,https://www.fantasypros.com/mlb/players/luis-torrens.php,Torrens,".226|22R|6HR|23RBI|1SB
",,2025
859,Oswald Peraza,NYY,SS,859,944.0,Oswald Peraza (NYY - SS),86,.226|24R|6HR|22RBI|8SB,https://www.fantasypros.com/mlb/players/oswald-peraza.php,Peraza,".226|24R|6HR|22RBI|8SB
",,2025
860,Manuel Rodriguez,TB,RP,860,908.0,Manuel Rodriguez (TB - RP),147,3-3-2SV|3.71|1.28|8.76K9,https://www.fantasypros.com/mlb/players/manuel-rodriguez.php,Rodriguez,"3-3-2SV|3.71|1.28|8.76K9
",,2025
861,Sam Aldegheri,LAA,SP,861,872.0,Sam Aldegheri (LAA - SP),15,0-1-0SV|4.97|1.50|8.31K9,https://www.fantasypros.com/mlb/players/samuel-aldegheri.php,Aldegheri,"0-1-0SV|4.97|1.50|8.31K9
",MiLB,2025
862,James Triantos,CHC,2B,862,904.0,James Triantos (CHC - 2B),14,.247|4R|0HR|3RBI|2SB,https://www.fantasypros.com/mlb/players/james-triantos.php,Triantos,".247|4R|0HR|3RBI|2SB
",MiLB,2025
863,Kyle McCann,ATH,C,863,864.0,Kyle McCann (ATH - C),7,.203|3R|1HR|4RBI|0SB,https://www.fantasypros.com/mlb/players/kyle-mccann.php,McCann,".203|3R|1HR|4RBI|0SB
",MiLB,2025
864,Alexander Canario,NYM,OF,864,883.0,Alexander Canario (NYM - OF),17,.209|6R|2HR|6RBI|1SB,https://www.fantasypros.com/mlb/players/alexander-canario.php,Canario,".209|6R|2HR|6RBI|1SB
",,2025
865,Emiliano Teodo,TEX,SP,865,940.0,Emiliano Teodo (TEX - SP),34,1-1-0SV|4.23|1.40|9.09K9,https://www.fantasypros.com/mlb/players/emiliano-teodo.php,Teodo,"1-1-0SV|4.23|1.40|9.09K9
",MiLB,2025
866,Collin Snider,SEA,RP,866,928.0,Collin Snider (SEA - RP),136,3-3-2SV|4.11|1.36|8.26K9,https://www.fantasypros.com/mlb/players/collin-snider.php,Snider,"3-3-2SV|4.11|1.36|8.26K9
",,2025
867,James McArthur,KC,RP,867,878.0,James McArthur (KC - RP),56,1-2-1SV|4.22|1.35|8.24K9,https://www.fantasypros.com/mlb/players/james-mcarthur.php,McArthur,"1-2-1SV|4.22|1.35|8.24K9
",,2025
868,Tyler Ferguson,ATH,RP,868,902.0,Tyler Ferguson (ATH - RP),146,3-4-1SV|4.10|1.34|9.65K9,https://www.fantasypros.com/mlb/players/tyler-ferguson.php,Ferguson,"3-4-1SV|4.10|1.34|9.65K9
",,2025
869,Zach Maxwell,CIN,RP,869,910.0,Zach Maxwell (CIN - RP),51,2-2-0SV|4.48|1.46|10.07K9,https://www.fantasypros.com/mlb/players/zach-maxwell.php,Maxwell,"2-2-0SV|4.48|1.46|10.07K9
",MiLB,2025
870,Yasmani Grandal,FA,C,870,924.0,Yasmani Grandal (FA - C),63,.228|16R|4HR|16RBI|0SB,https://www.fantasypros.com/mlb/players/yasmani-grandal.php,Grandal,".228|16R|4HR|16RBI|0SB
",FA,2025
871,Jared Koenig,MIL,"RP,SP",871,902.0,"Jared Koenig (MIL - RP,SP)",149,3-4-2SV|3.83|1.30|8.61K9,https://www.fantasypros.com/mlb/players/jared-koenig.php,Koenig,"3-4-2SV|3.83|1.30|8.61K9
",,2025
872,Enrique Bradfield Jr.,BAL,OF,872,883.0,Enrique Bradfield Jr. (BAL - OF),10,.240|3R|0HR|2RBI|2SB,https://www.fantasypros.com/mlb/players/enrique-bradfield-jr.php,Bradfield Jr.,".240|3R|0HR|2RBI|2SB
",MiLB,2025
873,Mike Burrows,PIT,SP,873,920.0,Mike Burrows (PIT - SP),47,1-1-0SV|4.34|1.34|8.18K9,https://www.fantasypros.com/mlb/players/mike-burrows.php,Burrows,"1-1-0SV|4.34|1.34|8.18K9
",MiLB,2025
874,Brady Basso,ATH,SP,874,914.0,Brady Basso (ATH - SP),77,2-2-0SV|4.04|1.23|8.38K9,https://www.fantasypros.com/mlb/players/brady-basso.php,Basso,"2-2-0SV|4.04|1.23|8.38K9
",,2025
875,Jordan Leasure,CWS,RP,875,878.0,Jordan Leasure (CWS - RP),102,2-3-2SV|4.56|1.41|8.76K9,https://www.fantasypros.com/mlb/players/jordan-leasure.php,Leasure,"2-3-2SV|4.56|1.41|8.76K9
",,2025
876,Emilio Pagan,CIN,RP,876,948.0,Emilio Pagan (CIN - RP),150,3-3-3SV|4.31|1.25|9.26K9,https://www.fantasypros.com/mlb/players/emilio-pagan.php,Pagan,"3-3-3SV|4.31|1.25|9.26K9
",,2025
877,Zach DeLoach,CWS,OF,877,899.0,Zach DeLoach (CWS - OF),10,.209|3R|1HR|3RBI|1SB,https://www.fantasypros.com/mlb/players/zach-deloach.php,DeLoach,".209|3R|1HR|3RBI|1SB
",MiLB,2025
878,Liover Peguero,PIT,"2B,SS",878,879.0,"Liover Peguero (PIT - 2B,SS)",18,.228|6R|1HR|5RBI|2SB,https://www.fantasypros.com/mlb/players/liover-peguero.php,Peguero,".228|6R|1HR|5RBI|2SB
",MiLB,2025
879,Stuart Fairchild,CIN,OF,879,879.0,Stuart Fairchild (CIN - OF),83,.228|24R|6HR|22RBI|7SB,https://www.fantasypros.com/mlb/players/stuart-fairchild.php,Fairchild,".228|24R|6HR|22RBI|7SB
",,2025
880,Sawyer Gipson-Long,DET,SP,880,974.0,Sawyer Gipson-Long (DET - SP),67,2-2-0SV|4.04|1.23|8.25K9,https://www.fantasypros.com/mlb/players/sawyer-gipson-long.php,Gipson-Long,"2-2-0SV|4.04|1.23|8.25K9
",IL60,2025
881,Robby Snelling,MIA,SP,881,896.0,Robby Snelling (MIA - SP),22,1-1-0SV|4.89|1.50|6.70K9,https://www.fantasypros.com/mlb/players/robby-snelling.php,Snelling,"1-1-0SV|4.89|1.50|6.70K9
",MiLB,2025
882,J.T. Ginn,ATH,"RP,SP",882,957.0,"J.T. Ginn (ATH - RP,SP)",104,3-5-0SV|4.53|1.38|6.74K9,https://www.fantasypros.com/mlb/players/-ginn.php,Ginn,"3-5-0SV|4.53|1.38|6.74K9
",MiLB,2025
883,Rafael Marchan,PHI,C,883,942.0,Rafael Marchan (PHI - C),50,.232|13R|2HR|12RBI|1SB,https://www.fantasypros.com/mlb/players/rafael-marchan.php,Marchan,".232|13R|2HR|12RBI|1SB
",,2025
884,Keaton Winn,SF,SP,884,952.0,Keaton Winn (SF - SP),83,2-3-0SV|4.08|1.27|8.09K9,https://www.fantasypros.com/mlb/players/keaton-winn.php,Winn,"2-3-0SV|4.08|1.27|8.09K9
",MiLB,2025
885,Luken Baker,STL,DH,885,928.0,Luken Baker (STL - DH),59,.217|15R|6HR|18RBI|0SB,https://www.fantasypros.com/mlb/players/luken-baker.php,Baker,".217|15R|6HR|18RBI|0SB
",,2025
886,Joe Ross,PHI,"RP,SP",886,894.0,"Joe Ross (PHI - RP,SP)",93,3-3-0SV|4.44|1.37|7.60K9,https://www.fantasypros.com/mlb/players/joe-ross.php,Ross,"3-3-0SV|4.44|1.37|7.60K9
",,2025
887,Aaron Bummer,ATL,RP,887,892.0,Aaron Bummer (ATL - RP),166,4-3-1SV|3.32|1.28|10.31K9,https://www.fantasypros.com/mlb/players/aaron-bummer.php,Bummer,"4-3-1SV|3.32|1.28|10.31K9
",,2025
888,Clayton Beeter,NYY,"RP,SP",888,886.0,"Clayton Beeter (NYY - RP,SP)",63,1-1-0SV|3.77|1.28|10.42K9,https://www.fantasypros.com/mlb/players/clayton-beeter.php,Beeter,"1-1-0SV|3.77|1.28|10.42K9
",,2025
889,Trent Grisham,NYY,OF,889,905.0,Trent Grisham (NYY - OF),98,.207|27R|8HR|26RBI|4SB,https://www.fantasypros.com/mlb/players/trent-grisham.php,Grisham,".207|27R|8HR|26RBI|4SB
",,2025
890,Gustavo Campero,LAA,OF,890,890.0,Gustavo Campero (LAA - OF),13,.236|3R|1HR|3RBI|1SB,https://www.fantasypros.com/mlb/players/gustavo-campero.php,Campero,".236|3R|1HR|3RBI|1SB
",MiLB,2025
891,Ryan Zeferjahn,LAA,RP,891,958.0,Ryan Zeferjahn (LAA - RP),114,2-3-1SV|4.46|1.39|9.29K9,https://www.fantasypros.com/mlb/players/ryan-zeferjahn.php,Zeferjahn,"2-3-1SV|4.46|1.39|9.29K9
",,2025
892,Oscar Colas,CWS,OF,892,913.0,Oscar Colas (CWS - OF),63,.226|18R|4HR|17RBI|3SB,https://www.fantasypros.com/mlb/players/oscar-colas.php,Colas,".226|18R|4HR|17RBI|3SB
",MiLB,2025
893,Brandon Young,BAL,SP,893,976.0,Brandon Young (BAL - SP),54,2-1-0SV|3.98|1.27|8.45K9,https://www.fantasypros.com/mlb/players/brandon-young.php,Young,"2-1-0SV|3.98|1.27|8.45K9
",MiLB,2025
894,Sean Bouchard,COL,OF,894,950.0,Sean Bouchard (COL - OF),86,.240|23R|6HR|21RBI|4SB,https://www.fantasypros.com/mlb/players/sean-bouchard.php,Bouchard,".240|23R|6HR|21RBI|4SB
",,2025
895,Alex Freeland,LAD,SS,895,960.0,Alex Freeland (LAD - SS),10,.212|3R|1HR|2RBI|1SB,https://www.fantasypros.com/mlb/players/alex-freeland.php,Freeland,".212|3R|1HR|2RBI|1SB
",MiLB,2025
