,Index,AB,R,HR,RBI,SB,AVG,OBP,H,2B,3B,BBh,SO,SLG,OPS,PTS,Type,Link,IP,K,W,SV,ERA,WHIP,ER,BB,G,GS,L,CG,K9,ID,PlayerInfo,Name,Last,Team,Positions,Status,Projections,Rank,Player,RTS,NFBC,ADP,Positions_adp,PlayerInfo_adp,PhotoURL,Player_notes,Notes,PlayerInfo_notes,Name_notes,Last_notes,Team_notes,Positions_notes,Status_notes,Description,vsADP,PtsRank
0,Shohei Ohtani_LAD,571.0,121.0,45,108.0,24.0,0.28,0.38,160,29.0,6.0,92.0,163.0,0.591,0.971,531,P,https://www.fantasypros.com/mlb/players/shohei-ohtani.php,110.3,131.0,8.0,0.0,3.33,1.12,41.0,35.0,22.0,22.0,5.0,0.0,10.69,shohei-ohtani,"Shohei Ohtani (LAD - DH,SP)",Shohei Ohtani,Ohtani,LAD,"DH,SP",,".280|121R|45HR|108RBI|24SB
8-5-0SV|3.33|1.12|10.69K9",1,"Shohei Ohtani (LAD - DH,SP)",1,1,1.0,"DH,SP","Shohei Ohtani (LAD - DH,SP)",https://images.fantasypros.com/images/players/mlb/7354/headshot/70x70.png,"Shohei Ohtani (DH,SP - LAD)","There's no real debate at the top of 2026 fantasy drafts: In formats where he is considered one player, Shohei Ohtani remains the clear-cut 1.01 thanks to his unmatched two-way impact. Offensively, his 2026 projections again place him among the game's elite, with 45-plus home runs, triple-digit runs and RBI, and an on-base percentage north of .390 while continuing to anchor the Dodgers' lineup from the leadoff spot. The stolen base ceiling isn't what it was earlier in his career, but projected totals in the high teens still provide a valuable bonus atop his league-leading power and run production.

What truly separates Ohtani, however, is his return as a full-time starting pitcher. His 2026 projections peg him as a top-tier arm, capable of delivering ace-level strikeout totals, strong ratios, and double-digit wins in one of baseball's best team contexts. Even with some workload management baked in, Ohtani's ability to provide elite value on both sides of the ball gives fantasy managers a structural advantage no other player can match. As long as he's healthy, Ohtani isn't just the safest pick in fantasy baseball; he's still redefining what roster construction can look like.","Shohei Ohtani (LAD - DH,SP)",Shohei Ohtani,Ohtani,LAD,"DH,SP",,".280|121R|45HR|108RBI|24SB
8-5-0SV|3.33|1.12|10.69K9
There's no real debate at the top of 2026 fantasy drafts: In formats where he is considered one player, Shohei Ohtani remains the clear-cut 1.01 thanks to his unmatched two-way impact. Offensively, his 2026 projections again place him among the game's elite, with 45-plus home runs, triple-digit runs and RBI, and an on-base percentage north of .390 while continuing to anchor the Dodgers' lineup from the leadoff spot. The stolen base ceiling isn't what it was earlier in his career, but projected totals in the high teens still provide a valuable bonus atop his league-leading power and run production.

What truly separates Ohtani, however, is his return as a full-time starting pitcher. His 2026 projections peg him as a top-tier arm, capable of delivering ace-level strikeout totals, strong ratios, and double-digit wins in one of baseball's best team contexts. Even with some workload management baked in, Ohtani's ability to provide elite value on both sides of the ball gives fantasy managers a structural advantage no other player can match. As long as he's healthy, Ohtani isn't just the safest pick in fantasy baseball; he's still redefining what roster construction can look like.",0.0,1.0
1,Aaron Judge_NYY,529.0,109.0,47,112.0,9.0,0.289,0.414,153,26.0,1.0,113.0,162.0,0.609,1.023,519,H,https://www.fantasypros.com/mlb/players/aaron-judge.php,,,,,,,,,,,,,,aaron-judge,"Aaron Judge (NYY - DH,OF)",Aaron Judge,Judge,NYY,"DH,OF",,.289|109R|47HR|112RBI|9SB,2,"Aaron Judge (NYY - DH,OF)",2,2,2.0,"DH,OF","Aaron Judge (NYY - DH,OF)",https://images.fantasypros.com/images/players/mlb/4955/headshot/70x70.png,"Aaron Judge (CF,DH,RF - NYY)","Aaron Judge followed up his MVP-caliber 2025 with another elite power profile, delivering 53 HR, 1.144 OPS, and a career-best 12 SB. His 2026 projections still anticipate slight regression & around 43 HR and a .285 AVG, but the underlying rates (elite barrel%, top-tier OBP stability) remain intact. Even with natural aging curves factored in, Judge projects as one of the safest four-category anchors in fantasy. He remains a first-round bat with minimal risk thanks to bankable power and sustainable plate discipline.","Aaron Judge (NYY - DH,OF)",Aaron Judge,Judge,NYY,"DH,OF",,".289|109R|47HR|112RBI|9SB
Aaron Judge followed up his MVP-caliber 2025 with another elite power profile, delivering 53 HR, 1.144 OPS, and a career-best 12 SB. His 2026 projections still anticipate slight regression & around 43 HR and a .285 AVG, but the underlying rates (elite barrel%, top-tier OBP stability) remain intact. Even with natural aging curves factored in, Judge projects as one of the safest four-category anchors in fantasy. He remains a first-round bat with minimal risk thanks to bankable power and sustainable plate discipline.",0.0,2.0
2,Bobby Witt Jr._KC,602.0,101.0,28,91.0,34.0,0.292,0.346,176,38.0,5.0,49.0,111.0,0.514,0.86,478,H,https://www.fantasypros.com/mlb/players/bobby-witt-jr.php,,,,,,,,,,,,,,bobby-witt-jr,Bobby Witt Jr. (KC - SS),Bobby Witt Jr.,Witt Jr.,KC,SS,,.292|101R|28HR|91RBI|34SB,3,Bobby Witt Jr. (KC - SS),4,3,4.0,SS,Bobby Witt Jr. (KC - SS),https://images.fantasypros.com/images/players/mlb/6810/headshot/70x70.png,Bobby Witt Jr. (SS - KC),"Bobby Witt Jr. solidified his status as a top-tier fantasy building block, finishing 2025 with 31 HR, 49 SB, and a .298 average while cutting his chase rate for the second straight season. Projections for 2026 keep him squarely in the elite tier with 30+ HR, 40+ SB, and strong run production. The continued gains in swing decisions and contact quality suggest his breakout is fully sustainable. Witt is a top-three overall fantasy pick with league-winning category balance.",Bobby Witt Jr. (KC - SS),Bobby Witt Jr.,Witt Jr.,KC,SS,,".292|101R|28HR|91RBI|34SB
Bobby Witt Jr. solidified his status as a top-tier fantasy building block, finishing 2025 with 31 HR, 49 SB, and a .298 average while cutting his chase rate for the second straight season. Projections for 2026 keep him squarely in the elite tier with 30+ HR, 40+ SB, and strong run production. The continued gains in swing decisions and contact quality suggest his breakout is fully sustainable. Witt is a top-three overall fantasy pick with league-winning category balance.",1.0,8.0
3,Juan Soto_NYM,538.0,107.0,37,96.0,20.0,0.273,0.407,147,25.0,1.0,122.0,120.0,0.532,0.939,517,H,https://www.fantasypros.com/mlb/players/juan-soto.php,,,,,,,,,,,,,,juan-soto,Juan Soto (NYM - OF),Juan Soto,Soto,NYM,OF,,.273|107R|37HR|96RBI|20SB,4,Juan Soto (NYM - OF),3,4,4.0,OF,Juan Soto (NYM - OF),https://images.fantasypros.com/images/players/mlb/6906/headshot/70x70.png,Juan Soto (RF - NYM),"Juan Soto's first season with the Mets produced 43 HR, 37 SB, and a .396 OBP, marking his highest fantasy ceiling since 2021. His 2026 projections dial back the steals (a common trait across projection systems) but still expect mid-30s HR, with a slight batting-average uptick. The plate discipline remains near flawless, and his run-production environment should stay strong. Soto enters 2026 as a high-floor, high-ceiling first-round hitter whose across-the-board contributions make him one of the safest early picks.",Juan Soto (NYM - OF),Juan Soto,Soto,NYM,OF,,".273|107R|37HR|96RBI|20SB
Juan Soto's first season with the Mets produced 43 HR, 37 SB, and a .396 OBP, marking his highest fantasy ceiling since 2021. His 2026 projections dial back the steals (a common trait across projection systems) but still expect mid-30s HR, with a slight batting-average uptick. The plate discipline remains near flawless, and his run-production environment should stay strong. Soto enters 2026 as a high-floor, high-ceiling first-round hitter whose across-the-board contributions make him one of the safest early picks.",0.0,3.0
4,Jose Ramirez_CLE,581.0,89.0,27,89.0,33.0,0.272,0.343,158,34.0,3.0,62.0,77.0,0.481,0.824,488,H,https://www.fantasypros.com/mlb/players/jose-ramirez.php,,,,,,,,,,,,,,jose-ramirez,"Jose Ramirez (CLE - 3B,DH)",Jose Ramirez,Ramirez,CLE,"3B,DH",,.272|89R|27HR|89RBI|33SB,5,"Jose Ramirez (CLE - 3B,DH)",5,5,5.0,"3B,DH","Jose Ramirez (CLE - 3B,DH)",https://images.fantasypros.com/images/players/mlb/5288/headshot/70x70.png,"Jose Ramirez (3B,DH - CLE)","Jose Ramírez remained one of fantasy's most reliable five-category contributors in 2025, once again clearing 30 HR while adding strong run production and double-digit steals. His 2026 projections show only mild age-related regression, with power and speed both expected to remain intact thanks to elite contact quality and plate discipline. The year-over-year stability in his batted-ball profile reinforces his high floor. Ramírez continues to profile as a safe first-round cornerstone, especially valuable in formats that reward category balance.","Jose Ramirez (CLE - 3B,DH)",Jose Ramirez,Ramirez,CLE,"3B,DH",,".272|89R|27HR|89RBI|33SB
Jose Ramírez remained one of fantasy's most reliable five-category contributors in 2025, once again clearing 30 HR while adding strong run production and double-digit steals. His 2026 projections show only mild age-related regression, with power and speed both expected to remain intact thanks to elite contact quality and plate discipline. The year-over-year stability in his batted-ball profile reinforces his high floor. Ramírez continues to profile as a safe first-round cornerstone, especially valuable in formats that reward category balance.",0.0,6.0
5,Tarik Skubal_DET,,,20,,,,,149,,,,,,,514,P,https://www.fantasypros.com/mlb/players/tarik-skubal.php,193.3,232.0,14.0,0.0,2.79,0.98,60.0,41.0,31.0,31.0,8.0,0.0,10.8,tarik-skubal,Tarik Skubal (DET - SP),Tarik Skubal,Skubal,DET,SP,,14-8-0SV|2.79|0.98|10.80K9,6,Tarik Skubal (DET - SP),6,6,6.0,SP,Tarik Skubal (DET - SP),https://images.fantasypros.com/images/players/mlb/43633/headshot/70x70.png,Tarik Skubal (SP - DET),"Tarik Skubal dominated in 2025, posting ace-level ratios while maintaining elite strikeout and walk rates across a full workload (195 IP). His 2026 projections remain optimistic, forecasting another sub-3 ERA with a strong WHIP and strikeout volume. The sustainability is supported by stable velocity, plus command, and one of the league's best swinging-strike profiles. Skubal enters 2026 as a true fantasy ace and a reliable anchor for managers prioritizing pitching early.",Tarik Skubal (DET - SP),Tarik Skubal,Skubal,DET,SP,,"14-8-0SV|2.79|0.98|10.80K9
Tarik Skubal dominated in 2025, posting ace-level ratios while maintaining elite strikeout and walk rates across a full workload (195 IP). His 2026 projections remain optimistic, forecasting another sub-3 ERA with a strong WHIP and strikeout volume. The sustainability is supported by stable velocity, plus command, and one of the league's best swinging-strike profiles. Skubal enters 2026 as a true fantasy ace and a reliable anchor for managers prioritizing pitching early.",0.0,4.0
6,Corbin Carroll_ARI,559.0,100.0,27,85.0,35.0,0.259,0.339,145,29.0,10.0,68.0,134.0,0.49,0.83,433,H,https://www.fantasypros.com/mlb/players/corbin-carroll-of.php,,,,,,,,,,,,,,corbin-carroll-of,Corbin Carroll (ARI - OF),Corbin Carroll,Carroll,ARI,OF,,.259|100R|27HR|85RBI|35SB,7,Corbin Carroll (ARI - OF),7,7,7.0,OF,Corbin Carroll (ARI - OF),https://images.fantasypros.com/images/players/mlb/23993/headshot/70x70.png,"Corbin Carroll (CF,RF - ARI)","Carroll's 2025 season was uneven, as his power dipped and pitchers challenged him more aggressively in the zone, leading to less authoritative contact. His 2026 projections expect a rebound in both batting average and home runs, paired with elite stolen-base totals that remain his fantasy backbone. Improvements in chase rate late in 2025 offer optimism that his efficiency can stabilize. Carroll still carries early-round upside, but his fantasy value is increasingly driven by speed rather than across-the-board dominance.",Corbin Carroll (ARI - OF),Corbin Carroll,Carroll,ARI,OF,,".259|100R|27HR|85RBI|35SB
Carroll's 2025 season was uneven, as his power dipped and pitchers challenged him more aggressively in the zone, leading to less authoritative contact. His 2026 projections expect a rebound in both batting average and home runs, paired with elite stolen-base totals that remain his fantasy backbone. Improvements in chase rate late in 2025 offer optimism that his efficiency can stabilize. Carroll still carries early-round upside, but his fantasy value is increasingly driven by speed rather than across-the-board dominance.",0.0,11.0
7,Ronald Acuna Jr._ATL,543.0,102.0,29,81.0,24.0,0.281,0.379,153,26.0,2.0,85.0,133.0,0.498,0.877,433,H,https://www.fantasypros.com/mlb/players/ronald-acuna.php,,,,,,,,,,,,,,ronald-acuna,Ronald Acuna Jr. (ATL - OF),Ronald Acuna Jr.,Acuna Jr.,ATL,OF,,.281|102R|29HR|81RBI|24SB,8,Ronald Acuna Jr. (ATL - OF),8,8,8.0,OF,Ronald Acuna Jr. (ATL - OF),https://images.fantasypros.com/images/players/mlb/6966/headshot/70x70.png,Ronald Acuna Jr. (RF - ATL),"Ronald Acuna Jr.'s 2025 was uneven as he worked his way back from knee surgery, flashing his MVP-level ceiling early before fading in the second half. Looking ahead to 2026, fantasy projections still view him as a first-round caliber talent, forecasting roughly 135-145 games with elite across-the-board production in the neighborhood of 30 homers, 90 runs, 90 RBI, and 20-plus steals. Durability remains the clear risk. He has topped 150 games only twice outside of the shortened 2020 season, but the per-game impact is still unmatched when he's on the field. If Acuna slips even slightly in drafts due to health concerns, he's a strong pick under the ""anyone can get hurt"" philosophy. However, managers who prefer safer volume can justify pivoting to another elite bat.",Ronald Acuna Jr. (ATL - OF),Ronald Acuna Jr.,Acuna Jr.,ATL,OF,,".281|102R|29HR|81RBI|24SB
Ronald Acuna Jr.'s 2025 was uneven as he worked his way back from knee surgery, flashing his MVP-level ceiling early before fading in the second half. Looking ahead to 2026, fantasy projections still view him as a first-round caliber talent, forecasting roughly 135-145 games with elite across-the-board production in the neighborhood of 30 homers, 90 runs, 90 RBI, and 20-plus steals. Durability remains the clear risk. He has topped 150 games only twice outside of the shortened 2020 season, but the per-game impact is still unmatched when he's on the field. If Acuna slips even slightly in drafts due to health concerns, he's a strong pick under the ""anyone can get hurt"" philosophy. However, managers who prefer safer volume can justify pivoting to another elite bat.",0.0,12.0
8,Elly De La Cruz_CIN,574.0,90.0,23,81.0,40.0,0.262,0.334,150,32.0,6.0,63.0,170.0,0.459,0.793,372,H,https://www.fantasypros.com/mlb/players/elly-de-la-cruz.php,,,,,,,,,,,,,,elly-de-la-cruz,Elly De La Cruz (CIN - SS),Elly De La Cruz,De La Cruz,CIN,SS,,.262|90R|23HR|81RBI|40SB,9,Elly De La Cruz (CIN - SS),10,9,10.0,SS,Elly De La Cruz (CIN - SS),https://images.fantasypros.com/images/players/mlb/44884/headshot/70x70.png,Elly De La Cruz (SS - CIN),"Elly De La Cruz's 2025 season failed to showcase his elite fantasy ceiling. Fantasy managers expecting him to shore up the stolen base category were disappointed to see them drop from 67 to 37. However, after the season, the Reds revealed ELDC had played through a left quad strain for the entire second half, which is certainly supported by his first-half/second-half splits. Swing-and-miss remains part of his profile, though he did get his strikeout rate below 30% for the first time. His 2026 projections expect modest gains in efficiency rather than raw volume, with a stabilized strikeout rate supporting slightly better average and on-base results. The year-over-year trend in contact quality is encouraging, even if volatility persists. Elly remains a category-warping fantasy asset whose value hinges on embracing the variance.",Elly De La Cruz (CIN - SS),Elly De La Cruz,De La Cruz,CIN,SS,,".262|90R|23HR|81RBI|40SB
Elly De La Cruz's 2025 season failed to showcase his elite fantasy ceiling. Fantasy managers expecting him to shore up the stolen base category were disappointed to see them drop from 67 to 37. However, after the season, the Reds revealed ELDC had played through a left quad strain for the entire second half, which is certainly supported by his first-half/second-half splits. Swing-and-miss remains part of his profile, though he did get his strikeout rate below 30% for the first time. His 2026 projections expect modest gains in efficiency rather than raw volume, with a stabilized strikeout rate supporting slightly better average and on-base results. The year-over-year trend in contact quality is encouraging, even if volatility persists. Elly remains a category-warping fantasy asset whose value hinges on embracing the variance.",1.0,42.0
9,Paul Skenes_PIT,,,17,,,,,148,,,,,,,491,P,https://www.fantasypros.com/mlb/players/paul-skenes.php,189.0,227.0,14.0,0.0,2.83,1.04,59.0,49.0,32.0,32.0,8.0,0.0,10.81,paul-skenes,Paul Skenes (PIT - SP),Paul Skenes,Skenes,PIT,SP,,14-8-0SV|2.83|1.04|10.81K9,10,Paul Skenes (PIT - SP),9,11,10.0,SP,Paul Skenes (PIT - SP),https://images.fantasypros.com/images/players/mlb/47239/headshot/70x70.png,Paul Skenes (SP - PIT),"Paul Skenes lived up to the hype in 2025, overpowering hitters with elite velocity and swing-and-miss stuff while maintaining strong run prevention in his first extended MLB action. Sure, his record was 10-10, and he probably could have been a 20-game winner on almost any other team. His 2026 projections remain aggressive on strikeouts and ratios, and he is expected to pitch almost 200 innings after throwing 187 in 2025. The year-over-year takeaway is how quickly his command stabilized, limiting walks more than expected for a power arm. Skenes profiles as a high-impact fantasy SP1 whose value is driven by dominance rather than volume alone.",Paul Skenes (PIT - SP),Paul Skenes,Skenes,PIT,SP,,"14-8-0SV|2.83|1.04|10.81K9
Paul Skenes lived up to the hype in 2025, overpowering hitters with elite velocity and swing-and-miss stuff while maintaining strong run prevention in his first extended MLB action. Sure, his record was 10-10, and he probably could have been a 20-game winner on almost any other team. His 2026 projections remain aggressive on strikeouts and ratios, and he is expected to pitch almost 200 innings after throwing 187 in 2025. The year-over-year takeaway is how quickly his command stabilized, limiting walks more than expected for a power arm. Skenes profiles as a high-impact fantasy SP1 whose value is driven by dominance rather than volume alone.",0.0,5.0
10,Julio Rodriguez_SEA,599.0,90.0,29,91.0,26.0,0.272,0.325,163,28.0,3.0,47.0,145.0,0.484,0.81,397,H,https://www.fantasypros.com/mlb/players/julio-rodriguez-of.php,,,,,,,,,,,,,,julio-rodriguez-of,Julio Rodriguez (SEA - OF),Julio Rodriguez,Rodriguez,SEA,OF,,.272|90R|29HR|91RBI|26SB,11,Julio Rodriguez (SEA - OF),12,10,11.0,OF,Julio Rodriguez (SEA - OF),https://images.fantasypros.com/images/players/mlb/43685/headshot/70x70.png,Julio Rodriguez (CF - SEA),"Julio Rodriguez posted a strong but slightly underwhelming 2025 relative to his sky-high expectations, as his power output plateaued despite excellent durability and counting stats. The 2026 projections forecast a modest power rebound into the low-30s with continued double-digit steals. His underlying contact metrics remain strong, but launch-angle inconsistency has capped his home-run ceiling year over year. Rodríguez remains a foundational fantasy outfielder, though he now projects closer to the back half of the first round than the very top.",Julio Rodriguez (SEA - OF),Julio Rodriguez,Rodriguez,SEA,OF,,".272|90R|29HR|91RBI|26SB
Julio Rodriguez posted a strong but slightly underwhelming 2025 relative to his sky-high expectations, as his power output plateaued despite excellent durability and counting stats. The 2026 projections forecast a modest power rebound into the low-30s with continued double-digit steals. His underlying contact metrics remain strong, but launch-angle inconsistency has capped his home-run ceiling year over year. Rodríguez remains a foundational fantasy outfielder, though he now projects closer to the back half of the first round than the very top.",0.0,24.0
11,Garrett Crochet_BOS,,,19,,,,,148,,,,,,,467,P,https://www.fantasypros.com/mlb/players/garrett-crochet-p.php,184.1,224.0,13.0,0.0,3.03,1.06,62.0,47.0,31.0,31.0,8.0,0.0,10.95,garrett-crochet-p,Garrett Crochet (BOS - SP),Garrett Crochet,Crochet,BOS,SP,,13-8-0SV|3.03|1.06|10.95K9,12,Garrett Crochet (BOS - SP),11,12,12.0,SP,Garrett Crochet (BOS - SP),https://images.fantasypros.com/images/players/mlb/43886/headshot/70x70.png,Garrett Crochet (SP - BOS),"Garrett Crochet built on his breakout 2025 by sustaining elite strikeout rates and improved efficiency, alleviating many durability concerns that followed him earlier in his career. His 2026 projections continue to reflect frontline stuff, with strong K totals and solid ratios over a full starter's workload. The key development was improved pitch mix consistency, allowing him to turn lineups over more reliably. Crochet is a premium fantasy arm whose upside justifies an aggressive draft slot and should easily be one of the first three pitchers off the board.",Garrett Crochet (BOS - SP),Garrett Crochet,Crochet,BOS,SP,,"13-8-0SV|3.03|1.06|10.95K9
Garrett Crochet built on his breakout 2025 by sustaining elite strikeout rates and improved efficiency, alleviating many durability concerns that followed him earlier in his career. His 2026 projections continue to reflect frontline stuff, with strong K totals and solid ratios over a full starter's workload. The key development was improved pitch mix consistency, allowing him to turn lineups over more reliably. Crochet is a premium fantasy arm whose upside justifies an aggressive draft slot and should easily be one of the first three pitchers off the board.",0.0,9.0
12,Fernando Tatis Jr._SD,564.0,96.0,29,81.0,24.0,0.27,0.35,152,28.0,2.0,69.0,128.0,0.488,0.838,416,H,https://www.fantasypros.com/mlb/players/fernando-tatis-jr.php,,,,,,,,,,,,,,fernando-tatis-jr,Fernando Tatis Jr. (SD - OF),Fernando Tatis Jr.,Tatis Jr.,SD,OF,,.270|96R|29HR|81RBI|24SB,13,Fernando Tatis Jr. (SD - OF),14,14,14.0,OF,Fernando Tatis Jr. (SD - OF),https://images.fantasypros.com/images/players/mlb/6853/headshot/70x70.png,Fernando Tatis Jr. (RF - SD),"After two uneven seasons, Fernando Tatis Jr. re-established himself as an elite five-category force in 2025 and projects to remain there in 2026. Projections call for another 30-plus homer, 25-steal campaign with triple-digit runs atop the Padres lineup, supported by strong on-base skills and premium batted-ball quality. His improved plate discipline and reduced strikeout rate from last season point to a more stable batting-average floor than in earlier seasons. At the same time, underlying metrics suggest his power output still has room to grow. Entering his age-27 season with his role and health stabilized, Tatis profiles as a legitimate Top-5 overall fantasy upside play in 2026 drafts.",Fernando Tatis Jr. (SD - OF),Fernando Tatis Jr.,Tatis Jr.,SD,OF,,".270|96R|29HR|81RBI|24SB
After two uneven seasons, Fernando Tatis Jr. re-established himself as an elite five-category force in 2025 and projects to remain there in 2026. Projections call for another 30-plus homer, 25-steal campaign with triple-digit runs atop the Padres lineup, supported by strong on-base skills and premium batted-ball quality. His improved plate discipline and reduced strikeout rate from last season point to a more stable batting-average floor than in earlier seasons. At the same time, underlying metrics suggest his power output still has room to grow. Entering his age-27 season with his role and health stabilized, Tatis profiles as a legitimate Top-5 overall fantasy upside play in 2026 drafts.",1.0,16.0
13,Cal Raleigh_SEA,543.0,85.0,39,96.0,8.0,0.23,0.324,125,23.0,1.0,76.0,169.0,0.492,0.816,371,H,https://www.fantasypros.com/mlb/players/caleb-raleigh.php,,,,,,,,,,,,,,caleb-raleigh,"Cal Raleigh (SEA - C,DH)",Cal Raleigh,Raleigh,SEA,"C,DH",,.230|85R|39HR|96RBI|8SB,14,"Cal Raleigh (SEA - C,DH)",13,17,15.0,"C,DH","Cal Raleigh (SEA - C,DH)",https://images.fantasypros.com/images/players/mlb/8457/headshot/70x70.png,"Cal Raleigh (C,DH - SEA)","Cal Raleigh had the year of his life in 2025, smacking 60 home runs while batting .247, far and away his best batting average ever. He drove in 125 and scored 110 times for a Seattle Mariners team that came very close to the World Series. Catcher is such a thin position that it is tempting to spend an early-round pick on Raleigh to be able to set-and-forget the position. His 2026 projections again place him among the position's home run leaders, with playing time security supporting strong counting stats, but we aren't going to see a repeat of his career year, and that is the current draft cost for the Big Dumper. Do you still want to spend a second-round pick on him if he's ""only"" getting you 40 homers with a .230 batting average? If so, he's easily the best catcher on the board. If not, wait three or four rounds to pick from the second tier.","Cal Raleigh (SEA - C,DH)",Cal Raleigh,Raleigh,SEA,"C,DH",,".230|85R|39HR|96RBI|8SB
Cal Raleigh had the year of his life in 2025, smacking 60 home runs while batting .247, far and away his best batting average ever. He drove in 125 and scored 110 times for a Seattle Mariners team that came very close to the World Series. Catcher is such a thin position that it is tempting to spend an early-round pick on Raleigh to be able to set-and-forget the position. His 2026 projections again place him among the position's home run leaders, with playing time security supporting strong counting stats, but we aren't going to see a repeat of his career year, and that is the current draft cost for the Big Dumper. Do you still want to spend a second-round pick on him if he's ""only"" getting you 40 homers with a .230 batting average? If so, he's easily the best catcher on the board. If not, wait three or four rounds to pick from the second tier.",1.0,45.0
14,Junior Caminero_TB,567.0,83.0,36,100.0,5.0,0.273,0.322,155,26.0,1.0,41.0,118.0,0.519,0.841,402,H,https://www.fantasypros.com/mlb/players/junior-caminero.php,,,,,,,,,,,,,,junior-caminero,Junior Caminero (TB - 3B),Junior Caminero,Caminero,TB,3B,,.273|83R|36HR|100RBI|5SB,15,Junior Caminero (TB - 3B),17,13,15.0,3B,Junior Caminero (TB - 3B),https://images.fantasypros.com/images/players/mlb/45016/headshot/70x70.png,Junior Caminero (3B - TB),"Junior Caminero's first full MLB season in 2025 delivered flashes of elite raw power but came with expected growing pains in plate discipline. He hit 45 home runs, drove in 110, and scored 93 times. His barrel rate was a fantastic 14% with a 51.4% hard-hit rate. The power is very real. However, in 2026, the Rays shift out of the minor league park they played in and back to one of the worst hitting parks in the majors. His 2026 projections anticipate a small reduction in home runs because of this park switch; however, they also suggest improvement in his ratios as his approach matures in his age-22 season. The underlying exit velocity and hard-hit gains year over year support the power breakout narrative. Caminero profiles as a high-upside player at a weak position whose fantasy value rises quickly if the strikeout rate continues to normalize.",Junior Caminero (TB - 3B),Junior Caminero,Caminero,TB,3B,,".273|83R|36HR|100RBI|5SB
Junior Caminero's first full MLB season in 2025 delivered flashes of elite raw power but came with expected growing pains in plate discipline. He hit 45 home runs, drove in 110, and scored 93 times. His barrel rate was a fantastic 14% with a 51.4% hard-hit rate. The power is very real. However, in 2026, the Rays shift out of the minor league park they played in and back to one of the worst hitting parks in the majors. His 2026 projections anticipate a small reduction in home runs because of this park switch; however, they also suggest improvement in his ratios as his approach matures in his age-22 season. The underlying exit velocity and hard-hit gains year over year support the power breakout narrative. Caminero profiles as a high-upside player at a weak position whose fantasy value rises quickly if the strikeout rate continues to normalize.",0.0,20.0
15,Francisco Lindor_NYM,594.0,95.0,27,80.0,24.0,0.258,0.325,153,30.0,1.0,59.0,124.0,0.449,0.774,400,H,https://www.fantasypros.com/mlb/players/francisco-lindor.php,,,,,,,,,,,,,,francisco-lindor,Francisco Lindor (NYM - SS),Francisco Lindor,Lindor,NYM,SS,,.258|95R|27HR|80RBI|24SB,16,Francisco Lindor (NYM - SS),15,16,16.0,SS,Francisco Lindor (NYM - SS),https://images.fantasypros.com/images/players/mlb/4569/headshot/70x70.png,Francisco Lindor (SS - NYM),"Francisco Lindor remained a Mr. Consistent in 2025, once again delivering strong power-speed production with elite durability at shortstop. His 2026 projections show minimal regression, closer to a 25/25 season, supported by premium lineup placement and consistent plate discipline. While his raw ceiling has leveled off, the year-over-year stability in his profile is a feature, not a flaw. Lindor continues to offer one of the safest five-category floors among middle infielders, and you don't have to pay a first-round price to secure his services.",Francisco Lindor (NYM - SS),Francisco Lindor,Lindor,NYM,SS,,".258|95R|27HR|80RBI|24SB
Francisco Lindor remained a Mr. Consistent in 2025, once again delivering strong power-speed production with elite durability at shortstop. His 2026 projections show minimal regression, closer to a 25/25 season, supported by premium lineup placement and consistent plate discipline. While his raw ceiling has leveled off, the year-over-year stability in his profile is a feature, not a flaw. Lindor continues to offer one of the safest five-category floors among middle infielders, and you don't have to pay a first-round price to secure his services.",0.0,22.0
16,Gunnar Henderson_BAL,577.0,94.0,26,87.0,22.0,0.272,0.348,157,33.0,4.0,67.0,137.0,0.481,0.828,411,H,https://www.fantasypros.com/mlb/players/gunnar-henderson.php,,,,,,,,,,,,,,gunnar-henderson,Gunnar Henderson (BAL - SS),Gunnar Henderson,Henderson,BAL,SS,,.272|94R|26HR|87RBI|22SB,17,Gunnar Henderson (BAL - SS),19,15,17.0,SS,Gunnar Henderson (BAL - SS),https://images.fantasypros.com/images/players/mlb/23372/headshot/70x70.png,Gunnar Henderson (SS - BAL),"Gunnar Henderson backed up his 2024 breakout with a season during which he says he had a shoulder impingement for almost 75% of the year. His power dipped considerably, and even though he still stole 30 bags, it was obvious something was off. His 2026 projections expect a bounce-back year, projecting elite power production and strong run totals. Year-over-year gains in swing decisions suggest his profile is fully established rather than volatile. Shortstop is a stacked position, but Henderson remains one of the elite options for those looking to secure it early.",Gunnar Henderson (BAL - SS),Gunnar Henderson,Henderson,BAL,SS,,".272|94R|26HR|87RBI|22SB
Gunnar Henderson backed up his 2024 breakout with a season during which he says he had a shoulder impingement for almost 75% of the year. His power dipped considerably, and even though he still stole 30 bags, it was obvious something was off. His 2026 projections expect a bounce-back year, projecting elite power production and strong run totals. Year-over-year gains in swing decisions suggest his profile is fully established rather than volatile. Shortstop is a stacked position, but Henderson remains one of the elite options for those looking to secure it early.",0.0,18.0
17,Kyle Tucker_LAD,530.0,93.0,28,89.0,20.0,0.268,0.367,142,28.0,2.0,82.0,93.0,0.492,0.859,454,H,https://www.fantasypros.com/mlb/players/kyle-tucker.php,,,,,,,,,,,,,,kyle-tucker,"Kyle Tucker (LAD - DH,OF)",Kyle Tucker,Tucker,LAD,"DH,OF",,.268|93R|28HR|89RBI|20SB,18,"Kyle Tucker (LAD - DH,OF)",16,18,17.0,"DH,OF","Kyle Tucker (LAD - DH,OF)",https://images.fantasypros.com/images/players/mlb/6006/headshot/70x70.png,"Kyle Tucker (RF,DH - LAD)","Tucker delivered another well-rounded fantasy season in 2025, pairing plus power with double-digit steals and elite run production. He also delivered another season of murky injuries that diminished his output. His 2026 projections remain remarkably stable, reflecting how consistent his plate discipline and contact quality have been year over year. While there's little growth left in the profile, there's also minimal downside other than the injury history. Tucker remains a free agent, though his landing spot should not change his profile as a safe early-round outfielder who fits seamlessly into any roster build.","Kyle Tucker (LAD - DH,OF)",Kyle Tucker,Tucker,LAD,"DH,OF",,".268|93R|28HR|89RBI|20SB
Tucker delivered another well-rounded fantasy season in 2025, pairing plus power with double-digit steals and elite run production. He also delivered another season of murky injuries that diminished his output. His 2026 projections remain remarkably stable, reflecting how consistent his plate discipline and contact quality have been year over year. While there's little growth left in the profile, there's also minimal downside other than the injury history. Tucker remains a free agent, though his landing spot should not change his profile as a safe early-round outfielder who fits seamlessly into any roster build.",-1.0,10.0
18,Nick Kurtz_ATH,492.0,87.0,35,86.0,4.0,0.257,0.346,126,25.0,2.0,67.0,169.0,0.529,0.875,339,H,https://www.fantasypros.com/mlb/players/nick-kurtz.php,,,,,,,,,,,,,,nick-kurtz,Nick Kurtz (ATH - 1B),Nick Kurtz,Kurtz,ATH,1B,,.257|87R|35HR|86RBI|4SB,19,Nick Kurtz (ATH - 1B),18,19,18.0,1B,Nick Kurtz (ATH - 1B),https://images.fantasypros.com/images/players/mlb/7354364/headshot/70x70.png,Nick Kurtz (1B - ATH),"Nick Kurtz's 2025 rookie season showed the potential that made him a top prospect, highlighted by strong on-base skills but uneven in-game power as he adjusted to MLB pitching. His 2026 projections anticipate a small step forward in home runs, but his .290 batting average is a mirage (xBA of .249). The allure of what he is capable of will drive up his price on draft day, and it is difficult to argue with that dream as the A's continue to play 81 games in Sacramento. The volatility is real, and at age 23, he still has some growing pains to come. Even with all that, though, he'll go in the second round in 12-team leagues, so decide quickly if you want that on your squad.",Nick Kurtz (ATH - 1B),Nick Kurtz,Kurtz,ATH,1B,,".257|87R|35HR|86RBI|4SB
Nick Kurtz's 2025 rookie season showed the potential that made him a top prospect, highlighted by strong on-base skills but uneven in-game power as he adjusted to MLB pitching. His 2026 projections anticipate a small step forward in home runs, but his .290 batting average is a mirage (xBA of .249). The allure of what he is capable of will drive up his price on draft day, and it is difficult to argue with that dream as the A's continue to play 81 games in Sacramento. The volatility is real, and at age 23, he still has some growing pains to come. Even with all that, though, he'll go in the second round in 12-team leagues, so decide quickly if you want that on your squad.",-1.0,74.0
19,Vladimir Guerrero Jr._TOR,578.0,96.0,30,97.0,5.0,0.296,0.376,171,32.0,1.0,74.0,91.0,0.518,0.894,483,H,https://www.fantasypros.com/mlb/players/vladimir-guerrero-jr.php,,,,,,,,,,,,,,vladimir-guerrero-jr,"Vladimir Guerrero Jr. (TOR - 1B,DH)",Vladimir Guerrero Jr.,Guerrero Jr.,TOR,"1B,DH",,.296|96R|30HR|97RBI|5SB,20,"Vladimir Guerrero Jr. (TOR - 1B,DH)",21,20,20.0,"1B,DH","Vladimir Guerrero Jr. (TOR - 1B,DH)",https://images.fantasypros.com/images/players/mlb/6050/headshot/70x70.png,"Vladimir Guerrero Jr. (1B,DH - TOR)","Vladimir Guerrero Jr. rebounded nicely in 2025, hitting .292 with 23 HR, and his 2026 projections expect his power to climb back over 30 HR. His contact quality improved year over year, driven by more line-drive contact and a stabilizing strikeout rate. The projected power bounce is supported by underlying metrics, suggesting 2025 may have been closer to his floor than his median outcome. Vladdy profiles as a strong early-round value with legitimate top-five 1B upside if the HR surge materializes.","Vladimir Guerrero Jr. (TOR - 1B,DH)",Vladimir Guerrero Jr.,Guerrero Jr.,TOR,"1B,DH",,".296|96R|30HR|97RBI|5SB
Vladimir Guerrero Jr. rebounded nicely in 2025, hitting .292 with 23 HR, and his 2026 projections expect his power to climb back over 30 HR. His contact quality improved year over year, driven by more line-drive contact and a stabilizing strikeout rate. The projected power bounce is supported by underlying metrics, suggesting 2025 may have been closer to his floor than his median outcome. Vladdy profiles as a strong early-round value with legitimate top-five 1B upside if the HR surge materializes.",0.0,7.0
20,Kyle Schwarber_PHI,554.0,98.0,41,99.0,6.0,0.231,0.347,128,20.0,1.0,98.0,185.0,0.496,0.843,392,H,https://www.fantasypros.com/mlb/players/kyle-schwarber.php,,,,,,,,,,,,,,kyle-schwarber,Kyle Schwarber (PHI - DH),Kyle Schwarber,Schwarber,PHI,DH,,.231|98R|41HR|99RBI|6SB,21,Kyle Schwarber (PHI - DH),20,23,22.0,"DH,OF","Kyle Schwarber (PHI - DH,OF)",https://images.fantasypros.com/images/players/mlb/5686/headshot/70x70.png,Kyle Schwarber (DH - PHI),"Kyle Schwarber's 2025 profile remained extreme but effective, delivering elite home-run volume and run production while continuing to drag batting average, though not as much as in the past. He played in all 162 games, hit 56 home runs, drove in an MLB-leading 132, and scored 111 runs. His 2026 projections again place him among the league leaders in homers, with OBP formats propping up his overall value. Year over year, the power output has proven remarkably stable despite contact volatility. Schwarber remains a roster-construction play who fits best on teams built to absorb average risk in exchange for top-tier power.",Kyle Schwarber (PHI - DH),Kyle Schwarber,Schwarber,PHI,DH,,".231|98R|41HR|99RBI|6SB
Kyle Schwarber's 2025 profile remained extreme but effective, delivering elite home-run volume and run production while continuing to drag batting average, though not as much as in the past. He played in all 162 games, hit 56 home runs, drove in an MLB-leading 132, and scored 111 runs. His 2026 projections again place him among the league leaders in homers, with OBP formats propping up his overall value. Year over year, the power output has proven remarkably stable despite contact volatility. Schwarber remains a roster-construction play who fits best on teams built to absorb average risk in exchange for top-tier power.",1.0,28.0
21,Jackson Chourio_MIL,581.0,85.0,24,80.0,24.0,0.268,0.316,156,33.0,3.0,40.0,126.0,0.46,0.776,372,H,https://www.fantasypros.com/mlb/players/jackson-chourio.php,,,,,,,,,,,,,,jackson-chourio,Jackson Chourio (MIL - OF),Jackson Chourio,Chourio,MIL,OF,,.268|85R|24HR|80RBI|24SB,22,Jackson Chourio (MIL - OF),22,21,22.0,OF,Jackson Chourio (MIL - OF),https://images.fantasypros.com/images/players/mlb/44592/headshot/70x70.png,"Jackson Chourio (LF,RF,CF - MIL)",,Jackson Chourio (MIL - OF),Jackson Chourio,Chourio,MIL,OF,,".268|85R|24HR|80RBI|24SB
",0.0,43.0
22,Jazz Chisholm Jr._NYY,519.0,78.0,28,75.0,31.0,0.24,0.313,125,20.0,2.0,55.0,153.0,0.448,0.761,320,H,https://www.fantasypros.com/mlb/players/jasrado-chisholm.php,,,,,,,,,,,,,,jasrado-chisholm,"Jazz Chisholm Jr. (NYY - 2B,3B,OF)",Jazz Chisholm Jr.,Chisholm Jr.,NYY,"2B,3B,OF",,.240|78R|28HR|75RBI|31SB,23,"Jazz Chisholm Jr. (NYY - 2B,3B,OF)",23,22,22.0,"2B,3B","Jazz Chisholm Jr. (NYY - 2B,3B)",https://images.fantasypros.com/images/players/mlb/8449/headshot/70x70.png,"Jazz Chisholm Jr. (3B,CF,2B - NYY)","Jazz Chisholm's 2025 season was a reminder of both his upside and volatility, as power-speed contributions were once again offset by durability concerns and streaky efficiency. His 2026 projections bake in similar power and speed totals with right around 600 plate appearances, reflecting ongoing availability risk. When on the field, his per-game fantasy production remains strong, particularly in steals. Chisholm is best approached as a ceiling play rather than a foundational early-round option, but qualifying at third base does bump him up a few spots on draft boards.","Jazz Chisholm Jr. (NYY - 2B,3B,OF)",Jazz Chisholm Jr.,Chisholm Jr.,NYY,"2B,3B,OF",,".240|78R|28HR|75RBI|31SB
Jazz Chisholm's 2025 season was a reminder of both his upside and volatility, as power-speed contributions were once again offset by durability concerns and streaky efficiency. His 2026 projections bake in similar power and speed totals with right around 600 plate appearances, reflecting ongoing availability risk. When on the field, his per-game fantasy production remains strong, particularly in steals. Chisholm is best approached as a ceiling play rather than a foundational early-round option, but qualifying at third base does bump him up a few spots on draft boards.",-1.0,99.0
23,Yoshinobu Yamamoto_LAD,,,16,,,,,130,,,,,,,358,P,https://www.fantasypros.com/mlb/players/yoshinobu-yamamoto.php,156.0,170.0,12.0,0.0,3.28,1.14,57.0,48.0,27.0,27.0,6.0,0.0,9.81,yoshinobu-yamamoto,Yoshinobu Yamamoto (LAD - SP),Yoshinobu Yamamoto,Yamamoto,LAD,SP,,12-6-0SV|3.28|1.14|9.81K9,24,Yoshinobu Yamamoto (LAD - SP),25,24,24.0,SP,Yoshinobu Yamamoto (LAD - SP),https://images.fantasypros.com/images/players/mlb/48250/headshot/70x70.png,Yoshinobu Yamamoto (SP - LAD),"Yoshinobu Yamamoto followed up his MLB debut with a strong 2025, flashing elite command and swing-and-miss ability even as his workload was managed. That, however, went out the window when he threw 37-1/3 postseason innings, bringing his total to 210 in 2025. His 2026 projections show maintained excellent ratios and strikeout efficiency. The year-over-year improvement in pitch efficiency suggests he can work deeper into games moving forward. The biggest knock against Yamamoto is that he pitches for the Dodgers, who have a deep enough staff to go with a six-man rotation or rest elite starters down the stretch (fantasy playoffs) if they wish. In any case, Yamamoto profiles as a high-end fantasy starter whose value is anchored in ratios.",Yoshinobu Yamamoto (LAD - SP),Yoshinobu Yamamoto,Yamamoto,LAD,SP,,"12-6-0SV|3.28|1.14|9.81K9
Yoshinobu Yamamoto followed up his MLB debut with a strong 2025, flashing elite command and swing-and-miss ability even as his workload was managed. That, however, went out the window when he threw 37-1/3 postseason innings, bringing his total to 210 in 2025. His 2026 projections show maintained excellent ratios and strikeout efficiency. The year-over-year improvement in pitch efficiency suggests he can work deeper into games moving forward. The biggest knock against Yamamoto is that he pitches for the Dodgers, who have a deep enough staff to go with a six-man rotation or rest elite starters down the stretch (fantasy playoffs) if they wish. In any case, Yamamoto profiles as a high-end fantasy starter whose value is anchored in ratios.",0.0,58.0
24,Pete Alonso_BAL,579.0,87.0,35,100.0,2.0,0.25,0.322,145,26.0,1.0,61.0,152.0,0.487,0.809,379,H,https://www.fantasypros.com/mlb/players/peter-alonso.php,,,,,,,,,,,,,,peter-alonso,Pete Alonso (BAL - 1B),Pete Alonso,Alonso,BAL,1B,,.250|87R|35HR|100RBI|2SB,25,Pete Alonso (BAL - 1B),27,25,26.0,1B,Pete Alonso (BAL - 1B),https://images.fantasypros.com/images/players/mlb/6960/headshot/70x70.png,Pete Alonso (1B - BAL),"Pete Alonso once again supplied premium power in 2025, but continued erosion in batting average and on-base skills limited his category impact. His 2026 projections still forecast upper-tier home-run totals, though with muted run production compared to his peak seasons. The year-over-year trend shows narrowing fantasy utility as his value becomes increasingly HR-dependent. Alonso profiles best as a targeted power injection rather than a lineup anchor.",Pete Alonso (BAL - 1B),Pete Alonso,Alonso,BAL,1B,,".250|87R|35HR|100RBI|2SB
Pete Alonso once again supplied premium power in 2025, but continued erosion in batting average and on-base skills limited his category impact. His 2026 projections still forecast upper-tier home-run totals, though with muted run production compared to his peak seasons. The year-over-year trend shows narrowing fantasy utility as his value becomes increasingly HR-dependent. Alonso profiles best as a targeted power injection rather than a lineup anchor.",1.0,35.0
25,Cristopher Sanchez_PHI,,,17,,,,,174,,,,,,,414,P,https://www.fantasypros.com/mlb/players/cristopher-sanchez.php,192.5,185.0,14.0,0.0,3.22,1.16,69.0,49.0,31.0,31.0,8.0,0.0,8.65,cristopher-sanchez,Cristopher Sanchez (PHI - SP),Cristopher Sanchez,Sanchez,PHI,SP,,14-8-0SV|3.22|1.16|8.65K9,26,Cristopher Sanchez (PHI - SP),24,29,26.0,SP,Cristopher Sanchez (PHI - SP),https://images.fantasypros.com/images/players/mlb/39312/headshot/70x70.png,Cristopher Sanchez (SP - PHI),,Cristopher Sanchez (PHI - SP),Cristopher Sanchez,Sanchez,PHI,SP,,"14-8-0SV|3.22|1.16|8.65K9
",0.0,17.0
26,Trea Turner_PHI,573.0,86.0,18,69.0,26.0,0.279,0.327,160,29.0,4.0,40.0,114.0,0.438,0.764,359,H,https://www.fantasypros.com/mlb/players/trea-turner.php,,,,,,,,,,,,,,trea-turner,Trea Turner (PHI - SS),Trea Turner,Turner,PHI,SS,,.279|86R|18HR|69RBI|26SB,27,Trea Turner (PHI - SS),30,26,28.0,SS,Trea Turner (PHI - SS),https://images.fantasypros.com/images/players/mlb/5828/headshot/70x70.png,Trea Turner (SS - PHI),,Trea Turner (PHI - SS),Trea Turner,Turner,PHI,SS,,".279|86R|18HR|69RBI|26SB
",1.0,57.0
27,Ketel Marte_ARI,544.0,89.0,27,85.0,5.0,0.274,0.354,149,30.0,2.0,67.0,103.0,0.489,0.843,411,H,https://www.fantasypros.com/mlb/players/ketel-marte.php,,,,,,,,,,,,,,ketel-marte,"Ketel Marte (ARI - 2B,DH)",Ketel Marte,Marte,ARI,"2B,DH",,.274|89R|27HR|85RBI|5SB,28,"Ketel Marte (ARI - 2B,DH)",28,31,30.0,"2B,DH","Ketel Marte (ARI - 2B,DH)",https://images.fantasypros.com/images/players/mlb/5179/headshot/70x70.png,"Ketel Marte (2B,DH - ARI)",,"Ketel Marte (ARI - 2B,DH)",Ketel Marte,Marte,ARI,"2B,DH",,".274|89R|27HR|85RBI|5SB
",2.0,19.0
28,Pete Crow-Armstrong_CHC,553.0,79.0,23,76.0,33.0,0.249,0.292,138,28.0,5.0,34.0,145.0,0.441,0.733,324,H,https://www.fantasypros.com/mlb/players/pete-crow-armstrong.php,,,,,,,,,,,,,,pete-crow-armstrong,Pete Crow-Armstrong (CHC - OF),Pete Crow-Armstrong,Crow-Armstrong,CHC,OF,,.249|79R|23HR|76RBI|33SB,29,Pete Crow-Armstrong (CHC - OF),33,27,30.0,OF,Pete Crow-Armstrong (CHC - OF),https://images.fantasypros.com/images/players/mlb/23369/headshot/70x70.png,Pete Crow-Armstrong (CF - CHC),,Pete Crow-Armstrong (CHC - OF),Pete Crow-Armstrong,Crow-Armstrong,CHC,OF,,".249|79R|23HR|76RBI|33SB
",1.0,91.0
29,Hunter Brown_HOU,,,20,,,,,154,,,,,,,389,P,https://www.fantasypros.com/mlb/players/hunter-brown.php,180.1,196.0,12.0,0.0,3.51,1.18,70.0,59.0,31.0,31.0,9.0,0.0,9.79,hunter-brown,Hunter Brown (HOU - SP),Hunter Brown,Brown,HOU,SP,,12-9-0SV|3.51|1.18|9.79K9,30,Hunter Brown (HOU - SP),29,32,30.0,SP,Hunter Brown (HOU - SP),https://images.fantasypros.com/images/players/mlb/44176/headshot/70x70.png,Hunter Brown (SP - HOU),,Hunter Brown (HOU - SP),Hunter Brown,Brown,HOU,SP,,"12-9-0SV|3.51|1.18|9.79K9
",0.0,30.0
30,James Wood_WSH,545.0,85.0,26,77.0,17.0,0.258,0.346,141,30.0,2.0,73.0,181.0,0.46,0.807,327,H,https://www.fantasypros.com/mlb/players/james-wood.php,,,,,,,,,,,,,,james-wood,"James Wood (WSH - DH,OF)",James Wood,Wood,WSH,"DH,OF",,.258|85R|26HR|77RBI|17SB,31,"James Wood (WSH - DH,OF)",36,28,32.0,"DH,OF","James Wood (WSH - DH,OF)",https://images.fantasypros.com/images/players/mlb/44720/headshot/70x70.png,"James Wood (LF,DH - WSH)",,"James Wood (WSH - DH,OF)",James Wood,Wood,WSH,"DH,OF",,".258|85R|26HR|77RBI|17SB
",1.0,86.0
31,Yordan Alvarez_HOU,483.0,86.0,31,86.0,4.0,0.294,0.383,142,27.0,1.0,70.0,95.0,0.554,0.937,423,H,https://www.fantasypros.com/mlb/players/yordan-alvarez.php,,,,,,,,,,,,,,yordan-alvarez,"Yordan Alvarez (HOU - DH,OF)",Yordan Alvarez,Alvarez,HOU,"DH,OF",,.294|86R|31HR|86RBI|4SB,32,"Yordan Alvarez (HOU - DH,OF)",26,39,32.0,"DH,OF","Yordan Alvarez (HOU - DH,OF)",https://images.fantasypros.com/images/players/mlb/6461/headshot/70x70.png,"Yordan Alvarez (LF,DH - HOU)","Yordan Alvarez is shaping up as one of the more polarizing draft-day decisions in 2026 fantasy leagues. After an injury-marred 2025 season burned managers who invested a first- or early second-round pick, Alvarez now projects as a rebound bat with elite per-game production when healthy. Projection systems still view him as a middle-of-the-order force capable of strong four-category output, supported by his consistently elite plate skills and long track record of hard contact. The main complication is positional flexibility: Alvarez is expected to qualify only at DH in most formats, effectively locking him into a UTIL role and increasing roster rigidity. That added risk will likely suppress his ADP, but entering his age-29 season, the underlying talent suggests a strong bounce-back is well within reach. If the discount reflects health concerns rather than skill erosion, Alvarez becomes a calculated upside play worth considering at the right price.","Yordan Alvarez (HOU - DH,OF)",Yordan Alvarez,Alvarez,HOU,"DH,OF",,".294|86R|31HR|86RBI|4SB
Yordan Alvarez is shaping up as one of the more polarizing draft-day decisions in 2026 fantasy leagues. After an injury-marred 2025 season burned managers who invested a first- or early second-round pick, Alvarez now projects as a rebound bat with elite per-game production when healthy. Projection systems still view him as a middle-of-the-order force capable of strong four-category output, supported by his consistently elite plate skills and long track record of hard contact. The main complication is positional flexibility: Alvarez is expected to qualify only at DH in most formats, effectively locking him into a UTIL role and increasing roster rigidity. That added risk will likely suppress his ADP, but entering his age-29 season, the underlying talent suggests a strong bounce-back is well within reach. If the discount reflects health concerns rather than skill erosion, Alvarez becomes a calculated upside play worth considering at the right price.",0.0,13.0
32,Zach Neto_LAA,567.0,85.0,27,75.0,28.0,0.252,0.306,143,30.0,1.0,44.0,153.0,0.45,0.756,337,H,https://www.fantasypros.com/mlb/players/zach-neto.php,,,,,,,,,,,,,,zach-neto,Zach Neto (LAA - SS),Zach Neto,Neto,LAA,SS,,.252|85R|27HR|75RBI|28SB,33,Zach Neto (LAA - SS),35,30,32.0,SS,Zach Neto (LAA - SS),https://images.fantasypros.com/images/players/mlb/46294/headshot/70x70.png,Zach Neto (SS - LAA),,Zach Neto (LAA - SS),Zach Neto,Neto,LAA,SS,,".252|85R|27HR|75RBI|28SB
",-1.0,79.0
33,Manny Machado_SD,570.0,77.0,26,86.0,9.0,0.262,0.323,149,27.0,1.0,51.0,122.0,0.456,0.779,360,H,https://www.fantasypros.com/mlb/players/manny-machado.php,,,,,,,,,,,,,,manny-machado,"Manny Machado (SD - 3B,DH)",Manny Machado,Machado,SD,"3B,DH",,.262|77R|26HR|86RBI|9SB,34,"Manny Machado (SD - 3B,DH)",34,33,34.0,3B,Manny Machado (SD - 3B),https://images.fantasypros.com/images/players/mlb/3778/headshot/70x70.png,"Manny Machado (3B,DH - SD)",,"Manny Machado (SD - 3B,DH)",Manny Machado,Machado,SD,"3B,DH",,".262|77R|26HR|86RBI|9SB
",0.0,56.0
34,Bryan Woo_SEA,,,24,,,,,159,,,,,,,417,P,https://www.fantasypros.com/mlb/players/bryan-woo.php,188.1,189.0,13.0,0.0,3.43,1.06,72.0,41.0,31.0,31.0,9.0,0.0,9.04,bryan-woo,Bryan Woo (SEA - SP),Bryan Woo,Woo,SEA,SP,,13-9-0SV|3.43|1.06|9.04K9,35,Bryan Woo (SEA - SP),31,41,36.0,SP,Bryan Woo (SEA - SP),https://images.fantasypros.com/images/players/mlb/47011/headshot/70x70.png,Bryan Woo (SP - SEA),,Bryan Woo (SEA - SP),Bryan Woo,Woo,SEA,SP,,"13-9-0SV|3.43|1.06|9.04K9
",1.0,15.0
35,Logan Gilbert_SEA,,,21,,,,,137,,,,,,,385,P,https://www.fantasypros.com/mlb/players/logan-gilbert.php,165.5,183.0,11.0,0.0,3.42,1.06,63.0,38.0,29.0,29.0,8.0,0.0,9.95,logan-gilbert,Logan Gilbert (SEA - SP),Logan Gilbert,Gilbert,SEA,SP,,11-8-0SV|3.42|1.06|9.95K9,36,Logan Gilbert (SEA - SP),38,34,36.0,SP,Logan Gilbert (SEA - SP),https://images.fantasypros.com/images/players/mlb/7453/headshot/70x70.png,Logan Gilbert (SP - SEA),,Logan Gilbert (SEA - SP),Logan Gilbert,Gilbert,SEA,SP,,"11-8-0SV|3.42|1.06|9.95K9
",0.0,32.0
36,Chris Sale_ATL,,,18,,,,,136,,,,,,,400,P,https://www.fantasypros.com/mlb/players/chris-sale.php,163.5,198.0,12.0,0.0,3.29,1.1,60.0,43.0,27.0,27.0,7.0,0.0,10.9,chris-sale,Chris Sale (ATL - SP),Chris Sale,Sale,ATL,SP,,12-7-0SV|3.29|1.10|10.90K9,37,Chris Sale (ATL - SP),37,35,36.0,SP,Chris Sale (ATL - SP),https://images.fantasypros.com/images/players/mlb/3207/headshot/70x70.png,Chris Sale (SP - ATL),,Chris Sale (ATL - SP),Chris Sale,Sale,ATL,SP,,"12-7-0SV|3.29|1.10|10.90K9
",-1.0,23.0
37,Edwin Diaz_LAD,,,7,,,,,49,,,,,,,372,P,https://www.fantasypros.com/mlb/players/edwin-diaz.php,67.9,94.0,4.0,37.0,3.02,1.08,23.0,24.0,67.0,0.0,3.0,0.0,12.46,edwin-diaz,Edwin Diaz (LAD - RP),Edwin Diaz,Diaz,LAD,RP,,4-3-37SV|3.02|1.08|12.46K9,38,Edwin Diaz (LAD - RP),43,36,40.0,RP,Edwin Diaz (LAD - RP),https://images.fantasypros.com/images/players/mlb/5996/headshot/70x70.png,Edwin Diaz (RP - LAD),,Edwin Diaz (LAD - RP),Edwin Diaz,Diaz,LAD,RP,,"4-3-37SV|3.02|1.08|12.46K9
",2.0,44.0
38,Andres Munoz_SEA,,,5,,,,,47,,,,,,,322,P,https://www.fantasypros.com/mlb/players/andres-munoz-p.php,64.4,81.0,4.0,31.0,2.87,1.13,21.0,26.0,63.0,0.0,3.0,0.0,11.32,andres-munoz-p,Andres Munoz (SEA - RP),Andres Munoz,Munoz,SEA,RP,,4-3-31SV|2.87|1.13|11.32K9,39,Andres Munoz (SEA - RP),48,37,42.0,RP,Andres Munoz (SEA - RP),https://images.fantasypros.com/images/players/mlb/24281/headshot/70x70.png,Andres Munoz (RP - SEA),,Andres Munoz (SEA - RP),Andres Munoz,Munoz,SEA,RP,,"4-3-31SV|2.87|1.13|11.32K9
",3.0,94.0
39,Matt Olson_ATL,581.0,90.0,30,91.0,1.0,0.25,0.341,145,30.0,1.0,80.0,161.0,0.461,0.802,371,H,https://www.fantasypros.com/mlb/players/matt-olson.php,,,,,,,,,,,,,,matt-olson,Matt Olson (ATL - 1B),Matt Olson,Olson,ATL,1B,,.250|90R|30HR|91RBI|1SB,40,Matt Olson (ATL - 1B),39,46,42.0,1B,Matt Olson (ATL - 1B),https://images.fantasypros.com/images/players/mlb/5718/headshot/70x70.png,Matt Olson (1B - ATL),,Matt Olson (ATL - 1B),Matt Olson,Olson,ATL,1B,,".250|90R|30HR|91RBI|1SB
",2.0,46.0
40,Bryce Harper_PHI,539.0,86.0,27,89.0,10.0,0.271,0.362,146,32.0,1.0,77.0,134.0,0.489,0.851,395,H,https://www.fantasypros.com/mlb/players/bryce-harper.php,,,,,,,,,,,,,,bryce-harper,Bryce Harper (PHI - 1B),Bryce Harper,Harper,PHI,1B,,.271|86R|27HR|89RBI|10SB,41,Bryce Harper (PHI - 1B),41,44,42.0,1B,Bryce Harper (PHI - 1B),https://images.fantasypros.com/images/players/mlb/4293/headshot/70x70.png,Bryce Harper (1B - PHI),,Bryce Harper (PHI - 1B),Bryce Harper,Harper,PHI,1B,,".271|86R|27HR|89RBI|10SB
",1.0,25.0
41,Jacob deGrom_TEX,,,22,,,,,135,,,,,,,390,P,https://www.fantasypros.com/mlb/players/jacob-degrom.php,165.9,186.0,11.0,0.0,3.4,1.05,63.0,39.0,29.0,29.0,8.0,0.0,10.09,jacob-degrom,Jacob deGrom (TEX - SP),Jacob deGrom,deGrom,TEX,SP,,11-8-0SV|3.40|1.05|10.09K9,42,Jacob deGrom (TEX - SP),44,42,43.0,SP,Jacob deGrom (TEX - SP),https://images.fantasypros.com/images/players/mlb/4850/headshot/70x70.png,Jacob deGrom (SP - TEX),,Jacob deGrom (TEX - SP),Jacob deGrom,deGrom,TEX,SP,,"11-8-0SV|3.40|1.05|10.09K9
",1.0,29.0
42,Mason Miller_SD,,,6,,,,,41,,,,,,,375,P,https://www.fantasypros.com/mlb/players/mason-miller.php,67.2,105.0,4.0,32.0,2.46,0.98,18.0,25.0,63.0,0.0,2.0,0.0,14.06,mason-miller,Mason Miller (SD - RP),Mason Miller,Miller,SD,RP,,4-2-32SV|2.46|0.98|14.06K9,43,Mason Miller (SD - RP),50,38,44.0,RP,Mason Miller (SD - RP),https://images.fantasypros.com/images/players/mlb/45221/headshot/70x70.png,Mason Miller (RP - SD),,Mason Miller (SD - RP),Mason Miller,Miller,SD,RP,,"4-2-32SV|2.46|0.98|14.06K9
",1.0,39.0
43,Max Fried_NYY,,,18,,,,,163,,,,,,,386,P,https://www.fantasypros.com/mlb/players/max-fried.php,184.8,175.0,13.0,0.0,3.32,1.18,68.0,54.0,30.0,30.0,8.0,0.0,8.52,max-fried,Max Fried (NYY - SP),Max Fried,Fried,NYY,SP,,13-8-0SV|3.32|1.18|8.52K9,44,Max Fried (NYY - SP),32,58,45.0,SP,Max Fried (NYY - SP),https://images.fantasypros.com/images/players/mlb/4729/headshot/70x70.png,Max Fried (SP - NYY),,Max Fried (NYY - SP),Max Fried,Fried,NYY,SP,,"13-8-0SV|3.32|1.18|8.52K9
",1.0,31.0
44,Hunter Greene_CIN,,,26,,,,,143,,,,,,,393,P,https://www.fantasypros.com/mlb/players/hunter-greene.php,176.0,210.0,11.0,0.0,3.76,1.14,74.0,58.0,30.0,30.0,9.0,0.0,10.74,hunter-greene,Hunter Greene (CIN - SP),Hunter Greene,Greene,CIN,SP,,11-9-0SV|3.76|1.14|10.74K9,45,Hunter Greene (CIN - SP),47,45,46.0,SP,Hunter Greene (CIN - SP),https://images.fantasypros.com/images/players/mlb/6871/headshot/70x70.png,Hunter Greene (SP - CIN),,Hunter Greene (CIN - SP),Hunter Greene,Greene,CIN,SP,,"11-9-0SV|3.76|1.14|10.74K9
",1.0,27.0
45,Rafael Devers_SF,563.0,86.0,30,89.0,2.0,0.251,0.346,141,28.0,1.0,82.0,161.0,0.465,0.81,366,H,https://www.fantasypros.com/mlb/players/rafael-devers.php,,,,,,,,,,,,,,rafael-devers,"Rafael Devers (SF - 1B,3B,DH)",Rafael Devers,Devers,SF,"1B,3B,DH",,.251|86R|30HR|89RBI|2SB,46,"Rafael Devers (SF - 1B,3B,DH)",42,51,46.0,"1B,DH","Rafael Devers (SF - 1B,DH)",https://images.fantasypros.com/images/players/mlb/5175/headshot/70x70.png,"Rafael Devers (3B,DH,1B - SF)",,"Rafael Devers (SF - 1B,3B,DH)",Rafael Devers,Devers,SF,"1B,3B,DH",,".251|86R|30HR|89RBI|2SB
",0.0,51.0
46,Logan Webb_SF,,,16,,,,,187,,,,,,,402,P,https://www.fantasypros.com/mlb/players/logan-webb.php,196.7,185.0,13.0,0.0,3.35,1.19,73.0,46.0,31.0,31.0,10.0,0.0,8.46,logan-webb,Logan Webb (SF - SP),Logan Webb,Webb,SF,SP,,13-10-0SV|3.35|1.19|8.46K9,47,Logan Webb (SF - SP),40,57,48.0,SP,Logan Webb (SF - SP),https://images.fantasypros.com/images/players/mlb/8146/headshot/70x70.png,Logan Webb (SP - SF),,Logan Webb (SF - SP),Logan Webb,Webb,SF,SP,,"13-10-0SV|3.35|1.19|8.46K9
",1.0,21.0
47,Brent Rooker_ATH,568.0,87.0,32,94.0,6.0,0.26,0.332,148,31.0,2.0,61.0,162.0,0.49,0.821,368,H,https://www.fantasypros.com/mlb/players/brent-rooker.php,,,,,,,,,,,,,,brent-rooker,"Brent Rooker (ATH - DH,OF)",Brent Rooker,Rooker,ATH,"DH,OF",,.260|87R|32HR|94RBI|6SB,48,"Brent Rooker (ATH - DH,OF)",45,52,48.0,"DH,OF","Brent Rooker (ATH - DH,OF)",https://images.fantasypros.com/images/players/mlb/7318/headshot/70x70.png,"Brent Rooker (DH,RF - ATH)",,"Brent Rooker (ATH - DH,OF)",Brent Rooker,Rooker,ATH,"DH,OF",,".260|87R|32HR|94RBI|6SB
",0.0,48.0
48,Mookie Betts_LAD,554.0,90.0,22,79.0,9.0,0.267,0.345,148,30.0,3.0,66.0,75.0,0.453,0.798,420,H,https://www.fantasypros.com/mlb/players/mookie-betts.php,,,,,,,,,,,,,,mookie-betts,"Mookie Betts (LAD - OF,SS)",Mookie Betts,Betts,LAD,"OF,SS",,.267|90R|22HR|79RBI|9SB,49,"Mookie Betts (LAD - OF,SS)",51,48,50.0,SS,Mookie Betts (LAD - SS),https://images.fantasypros.com/images/players/mlb/4921/headshot/70x70.png,"Mookie Betts (SS,RF - LAD)",,"Mookie Betts (LAD - OF,SS)",Mookie Betts,Betts,LAD,"OF,SS",,".267|90R|22HR|79RBI|9SB
",1.0,14.0
49,Wyatt Langford_TEX,525.0,82.0,23,72.0,21.0,0.251,0.34,132,27.0,2.0,70.0,139.0,0.448,0.788,340,H,https://www.fantasypros.com/mlb/players/wyatt-langford.php,,,,,,,,,,,,,,wyatt-langford,"Wyatt Langford (TEX - DH,OF)",Wyatt Langford,Langford,TEX,"DH,OF",,.251|82R|23HR|72RBI|21SB,50,"Wyatt Langford (TEX - DH,OF)",54,47,50.0,OF,Wyatt Langford (TEX - OF),https://images.fantasypros.com/images/players/mlb/47238/headshot/70x70.png,"Wyatt Langford (LF,DH,CF - TEX)",,"Wyatt Langford (TEX - DH,OF)",Wyatt Langford,Langford,TEX,"DH,OF",,".251|82R|23HR|72RBI|21SB
",0.0,69.0
50,Jhoan Duran_PHI,,,5,,,,,56,,,,,,,326,P,https://www.fantasypros.com/mlb/players/jhoan-duran.php,68.4,79.0,4.0,31.0,2.92,1.13,22.0,21.0,68.0,0.0,3.0,0.0,10.39,jhoan-duran,Jhoan Duran (PHI - RP),Jhoan Duran,Duran,PHI,RP,,4-3-31SV|2.92|1.13|10.39K9,51,Jhoan Duran (PHI - RP),64,40,52.0,RP,Jhoan Duran (PHI - RP),https://images.fantasypros.com/images/players/mlb/8034/headshot/70x70.png,Jhoan Duran (RP - PHI),,Jhoan Duran (PHI - RP),Jhoan Duran,Duran,PHI,RP,,"4-3-31SV|2.92|1.13|10.39K9
",1.0,88.0
51,Cade Smith_CLE,,,7,,,,,56,,,,,,,338,P,https://www.fantasypros.com/mlb/players/cade-smith.php,71.0,91.0,4.0,30.0,3.03,1.09,24.0,22.0,70.0,0.0,3.0,0.0,11.54,cade-smith,Cade Smith (CLE - RP),Cade Smith,Smith,CLE,RP,,4-3-30SV|3.03|1.09|11.54K9,52,Cade Smith (CLE - RP),61,43,52.0,RP,Cade Smith (CLE - RP),https://images.fantasypros.com/images/players/mlb/45654/headshot/70x70.png,Cade Smith (RP - CLE),,Cade Smith (CLE - RP),Cade Smith,Smith,CLE,RP,,"4-3-30SV|3.03|1.09|11.54K9
",0.0,77.0
52,William Contreras_MIL,528.0,75.0,19,77.0,6.0,0.265,0.351,140,27.0,1.0,70.0,117.0,0.436,0.787,339,H,https://www.fantasypros.com/mlb/players/william-contreras.php,,,,,,,,,,,,,,william-contreras,"William Contreras (MIL - C,DH)",William Contreras,Contreras,MIL,"C,DH",,.265|75R|19HR|77RBI|6SB,53,"William Contreras (MIL - C,DH)",58,50,54.0,"C,DH","William Contreras (MIL - C,DH)",https://images.fantasypros.com/images/players/mlb/7659/headshot/70x70.png,"William Contreras (C,DH - MIL)",,"William Contreras (MIL - C,DH)",William Contreras,Contreras,MIL,"C,DH",,".265|75R|19HR|77RBI|6SB
",1.0,75.0
53,Freddie Freeman_LAD,560.0,86.0,23,88.0,8.0,0.275,0.351,154,33.0,2.0,66.0,120.0,0.462,0.813,395,H,https://www.fantasypros.com/mlb/players/freddie-freeman.php,,,,,,,,,,,,,,freddie-freeman,Freddie Freeman (LAD - 1B),Freddie Freeman,Freeman,LAD,1B,,.275|86R|23HR|88RBI|8SB,54,Freddie Freeman (LAD - 1B),46,64,55.0,1B,Freddie Freeman (LAD - 1B),https://images.fantasypros.com/images/players/mlb/3365/headshot/70x70.png,Freddie Freeman (1B - LAD),"Freddie Freeman remained a model of consistency in 2025, combining a strong batting average, on-base skills, and run production near the top of the Dodgers lineup. The only concerning stat on his profile was a large jump in strikeout rate to 20.4%, the first time since 2016 that it crossed the 20-percent mark. His 2026 projections show only modest age-related regression. If you draft him, you need to bake in lowered expectations regarding his consistency (147 games played each of the last two years) and fewer counting stats. Freeman remains a solid early-round corner infielder in fantasy, even factoring in that he will turn 37 in September, but he is not the pillar that he once was.",Freddie Freeman (LAD - 1B),Freddie Freeman,Freeman,LAD,1B,,".275|86R|23HR|88RBI|8SB
Freddie Freeman remained a model of consistency in 2025, combining a strong batting average, on-base skills, and run production near the top of the Dodgers lineup. The only concerning stat on his profile was a large jump in strikeout rate to 20.4%, the first time since 2016 that it crossed the 20-percent mark. His 2026 projections show only modest age-related regression. If you draft him, you need to bake in lowered expectations regarding his consistency (147 games played each of the last two years) and fewer counting stats. Freeman remains a solid early-round corner infielder in fantasy, even factoring in that he will turn 37 in September, but he is not the pillar that he once was.",1.0,26.0
54,Brice Turang_MIL,565.0,78.0,14,63.0,28.0,0.257,0.327,145,25.0,3.0,59.0,131.0,0.385,0.712,316,H,https://www.fantasypros.com/mlb/players/brice-turang.php,,,,,,,,,,,,,,brice-turang,Brice Turang (MIL - 2B),Brice Turang,Turang,MIL,2B,,.257|78R|14HR|63RBI|28SB,55,Brice Turang (MIL - 2B),49,61,55.0,2B,Brice Turang (MIL - 2B),https://images.fantasypros.com/images/players/mlb/6817/headshot/70x70.png,Brice Turang (2B - MIL),,Brice Turang (MIL - 2B),Brice Turang,Turang,MIL,2B,,".257|78R|14HR|63RBI|28SB
",0.0,105.0
55,Cole Ragans_KC,,,17,,,,,128,,,,,,,375,P,https://www.fantasypros.com/mlb/players/cole-ragans.php,160.1,194.0,11.0,0.0,3.35,1.15,60.0,57.0,28.0,28.0,8.0,0.0,10.91,cole-ragans,Cole Ragans (KC - SP),Cole Ragans,Ragans,KC,SP,,11-8-0SV|3.35|1.15|10.91K9,56,Cole Ragans (KC - SP),56,54,55.0,SP,Cole Ragans (KC - SP),https://images.fantasypros.com/images/players/mlb/6834/headshot/70x70.png,Cole Ragans (SP - KC),,Cole Ragans (KC - SP),Cole Ragans,Ragans,KC,SP,,"11-8-0SV|3.35|1.15|10.91K9
",-1.0,40.0
56,Roman Anthony_BOS,513.0,81.0,18,66.0,10.0,0.263,0.354,135,30.0,2.0,73.0,148.0,0.437,0.791,304,H,https://www.fantasypros.com/mlb/players/roman-anthony.php,,,,,,,,,,,,,,roman-anthony,"Roman Anthony (BOS - DH,OF)",Roman Anthony,Anthony,BOS,"DH,OF",,.263|81R|18HR|66RBI|10SB,57,"Roman Anthony (BOS - DH,OF)",59,53,56.0,OF,Roman Anthony (BOS - OF),https://images.fantasypros.com/images/players/mlb/46323/headshot/70x70.png,"Roman Anthony (CF,RF,DH,LF - BOS)",,"Roman Anthony (BOS - DH,OF)",Roman Anthony,Anthony,BOS,"DH,OF",,".263|81R|18HR|66RBI|10SB
",-1.0,131.0
57,Josh Naylor_SEA,540.0,71.0,22,80.0,15.0,0.259,0.322,140,27.0,1.0,50.0,92.0,0.434,0.756,365,H,https://www.fantasypros.com/mlb/players/josh-naylor.php,,,,,,,,,,,,,,josh-naylor,"Josh Naylor (SEA - 1B,DH)",Josh Naylor,Naylor,SEA,"1B,DH",,.259|71R|22HR|80RBI|15SB,58,"Josh Naylor (SEA - 1B,DH)",52,65,58.0,"1B,DH","Josh Naylor (SEA - 1B,DH)",https://images.fantasypros.com/images/players/mlb/6054/headshot/70x70.png,"Josh Naylor (1B,DH - SEA)",,"Josh Naylor (SEA - 1B,DH)",Josh Naylor,Naylor,SEA,"1B,DH",,".259|71R|22HR|80RBI|15SB
",0.0,53.0
58,Freddy Peralta_NYM,,,22,,,,,138,,,,,,,356,P,https://www.fantasypros.com/mlb/players/freddy-peralta.php,168.1,188.0,11.0,0.0,3.75,1.19,70.0,62.0,30.0,30.0,9.0,0.0,10.07,freddy-peralta,Freddy Peralta (NYM - SP),Freddy Peralta,Peralta,NYM,SP,,11-9-0SV|3.75|1.19|10.07K9,59,Freddy Peralta (NYM - SP),55,63,59.0,SP,Freddy Peralta (NYM - SP),https://images.fantasypros.com/images/players/mlb/7274/headshot/70x70.png,Freddy Peralta (SP - NYM),,Freddy Peralta (NYM - SP),Freddy Peralta,Peralta,NYM,SP,,"11-9-0SV|3.75|1.19|10.07K9
",0.0,61.0
59,CJ Abrams_WSH,548.0,78.0,18,65.0,29.0,0.251,0.3,138,30.0,4.0,38.0,116.0,0.416,0.716,327,H,https://www.fantasypros.com/mlb/players/cj-abrams.php,,,,,,,,,,,,,,cj-abrams,CJ Abrams (WSH - SS),CJ Abrams,Abrams,WSH,SS,,.251|78R|18HR|65RBI|29SB,60,CJ Abrams (WSH - SS),75,49,62.0,SS,CJ Abrams (WSH - SS),https://images.fantasypros.com/images/players/mlb/19879/headshot/70x70.png,CJ Abrams (SS - WSH),,CJ Abrams (WSH - SS),CJ Abrams,Abrams,WSH,SS,,".251|78R|18HR|65RBI|29SB
",2.0,87.0
60,Riley Greene_DET,558.0,80.0,27,86.0,4.0,0.259,0.326,144,26.0,3.0,56.0,172.0,0.463,0.789,312,H,https://www.fantasypros.com/mlb/players/riley-greene-of.php,,,,,,,,,,,,,,riley-greene-of,"Riley Greene (DET - DH,OF)",Riley Greene,Greene,DET,"DH,OF",,.259|80R|27HR|86RBI|4SB,61,"Riley Greene (DET - DH,OF)",53,71,62.0,"DH,OF","Riley Greene (DET - DH,OF)",https://images.fantasypros.com/images/players/mlb/19457/headshot/70x70.png,"Riley Greene (LF,CF,DH - DET)",,"Riley Greene (DET - DH,OF)",Riley Greene,Greene,DET,"DH,OF",,".259|80R|27HR|86RBI|4SB
",1.0,111.0
61,Ben Rice_NYY,469.0,71.0,25,73.0,5.0,0.245,0.323,115,23.0,2.0,54.0,113.0,0.47,0.793,307,H,https://www.fantasypros.com/mlb/players/ben-rice.php,,,,,,,,,,,,,,ben-rice,"Ben Rice (NYY - 1B,C,DH)",Ben Rice,Rice,NYY,"1B,C,DH",,.245|71R|25HR|73RBI|5SB,62,"Ben Rice (NYY - 1B,C,DH)",71,56,64.0,"1B,C,DH","Ben Rice (NYY - 1B,C,DH)",https://images.fantasypros.com/images/players/mlb/47445/headshot/70x70.png,"Ben Rice (1B,DH,C - NYY)",,"Ben Rice (NYY - 1B,C,DH)",Ben Rice,Rice,NYY,"1B,C,DH",,".245|71R|25HR|73RBI|5SB
",2.0,121.0
62,Shea Langeliers_ATH,473.0,70.0,28,75.0,5.0,0.251,0.308,119,24.0,1.0,39.0,120.0,0.487,0.795,298,H,https://www.fantasypros.com/mlb/players/shea-langeliers.php,,,,,,,,,,,,,,shea-langeliers,"Shea Langeliers (ATH - C,DH)",Shea Langeliers,Langeliers,ATH,"C,DH",,.251|70R|28HR|75RBI|5SB,63,"Shea Langeliers (ATH - C,DH)",74,55,64.0,C,Shea Langeliers (ATH - C),https://images.fantasypros.com/images/players/mlb/8246/headshot/70x70.png,"Shea Langeliers (C,DH - ATH)",,"Shea Langeliers (ATH - C,DH)",Shea Langeliers,Langeliers,ATH,"C,DH",,".251|70R|28HR|75RBI|5SB
",1.0,137.0
63,Joe Ryan_MIN,,,26,,,,,151,,,,,,,378,P,https://www.fantasypros.com/mlb/players/joe-ryan.php,175.0,190.0,11.0,0.0,3.82,1.1,74.0,42.0,30.0,30.0,9.0,0.0,9.77,joe-ryan,Joe Ryan (MIN - SP),Joe Ryan,Ryan,MIN,SP,,11-9-0SV|3.82|1.10|9.77K9,64,Joe Ryan (MIN - SP),65,66,66.0,SP,Joe Ryan (MIN - SP),https://images.fantasypros.com/images/players/mlb/43688/headshot/70x70.png,Joe Ryan (SP - MIN),,Joe Ryan (MIN - SP),Joe Ryan,Ryan,MIN,SP,,"11-9-0SV|3.82|1.10|9.77K9
",2.0,37.0
64,Austin Riley_ATL,573.0,82.0,28,89.0,3.0,0.259,0.317,149,29.0,2.0,49.0,165.0,0.466,0.783,325,H,https://www.fantasypros.com/mlb/players/austin-riley.php,,,,,,,,,,,,,,austin-riley,Austin Riley (ATL - 3B),Austin Riley,Riley,ATL,3B,,.259|82R|28HR|89RBI|3SB,65,Austin Riley (ATL - 3B),60,73,66.0,3B,Austin Riley (ATL - 3B),https://images.fantasypros.com/images/players/mlb/6022/headshot/70x70.png,Austin Riley (3B - ATL),,Austin Riley (ATL - 3B),Austin Riley,Riley,ATL,3B,,".259|82R|28HR|89RBI|3SB
",1.0,90.0
65,Josh Hader_HOU,,,8,,,,,47,,,,,,,339,P,https://www.fantasypros.com/mlb/players/josh-hader.php,66.0,90.0,4.0,33.0,3.24,1.08,24.0,25.0,63.0,0.0,3.0,0.0,12.27,josh-hader,Josh Hader (HOU - RP),Josh Hader,Hader,HOU,RP,,4-3-33SV|3.24|1.08|12.27K9,66,Josh Hader (HOU - RP),72,62,67.0,RP,Josh Hader (HOU - RP),https://images.fantasypros.com/images/players/mlb/5047/headshot/70x70.png,Josh Hader (RP - HOU),,Josh Hader (HOU - RP),Josh Hader,Hader,HOU,RP,,"4-3-33SV|3.24|1.08|12.27K9
",1.0,76.0
66,Blake Snell_LAD,,,17,,,,,117,,,,,,,335,P,https://www.fantasypros.com/mlb/players/blake-snell.php,148.1,179.0,11.0,0.0,3.5,1.21,58.0,63.0,26.0,26.0,7.0,0.0,10.88,blake-snell,Blake Snell (LAD - SP),Blake Snell,Snell,LAD,SP,,11-7-0SV|3.50|1.21|10.88K9,67,Blake Snell (LAD - SP),66,69,68.0,SP,Blake Snell (LAD - SP),https://images.fantasypros.com/images/players/mlb/5835/headshot/70x70.png,Blake Snell (SP - LAD),,Blake Snell (LAD - SP),Blake Snell,Snell,LAD,SP,,"11-7-0SV|3.50|1.21|10.88K9
",1.0,80.0
67,George Kirby_SEA,,,21,,,,,158,,,,,,,361,P,https://www.fantasypros.com/mlb/players/george-kirby.php,173.1,168.0,11.0,0.0,3.56,1.11,69.0,34.0,30.0,30.0,9.0,0.0,8.73,george-kirby,George Kirby (SEA - SP),George Kirby,Kirby,SEA,SP,,11-9-0SV|3.56|1.11|8.73K9,68,George Kirby (SEA - SP),67,70,68.0,SP,George Kirby (SEA - SP),https://images.fantasypros.com/images/players/mlb/20405/headshot/70x70.png,George Kirby (SP - SEA),,George Kirby (SEA - SP),George Kirby,Kirby,SEA,SP,,"11-9-0SV|3.56|1.11|8.73K9
",0.0,55.0
68,Geraldo Perdomo_ARI,548.0,86.0,13,62.0,20.0,0.264,0.353,145,28.0,4.0,75.0,86.0,0.396,0.749,377,H,https://www.fantasypros.com/mlb/players/geraldo-perdomo.php,,,,,,,,,,,,,,geraldo-perdomo,Geraldo Perdomo (ARI - SS),Geraldo Perdomo,Perdomo,ARI,SS,,.264|86R|13HR|62RBI|20SB,69,Geraldo Perdomo (ARI - SS),63,77,70.0,SS,Geraldo Perdomo (ARI - SS),https://images.fantasypros.com/images/players/mlb/43732/headshot/70x70.png,Geraldo Perdomo (SS - ARI),,Geraldo Perdomo (ARI - SS),Geraldo Perdomo,Perdomo,ARI,SS,,".264|86R|13HR|62RBI|20SB
",1.0,38.0
69,Jarren Duran_BOS,535.0,79.0,16,66.0,23.0,0.26,0.321,139,33.0,7.0,48.0,139.0,0.436,0.757,312,H,https://www.fantasypros.com/mlb/players/jarren-duran.php,,,,,,,,,,,,,,jarren-duran,Jarren Duran (BOS - OF),Jarren Duran,Duran,BOS,OF,,.260|79R|16HR|66RBI|23SB,70,Jarren Duran (BOS - OF),68,72,70.0,OF,Jarren Duran (BOS - OF),https://images.fantasypros.com/images/players/mlb/10054/headshot/70x70.png,"Jarren Duran (LF,CF - BOS)",,Jarren Duran (BOS - OF),Jarren Duran,Duran,BOS,OF,,".260|79R|16HR|66RBI|23SB
",0.0,112.0
70,Cody Bellinger_NYY,541.0,75.0,23,79.0,11.0,0.26,0.322,140,26.0,3.0,50.0,92.0,0.444,0.767,368,H,https://www.fantasypros.com/mlb/players/cody-bellinger.php,,,,,,,,,,,,,,cody-bellinger,"Cody Bellinger (NYY - 1B,DH,OF)",Cody Bellinger,Bellinger,NYY,"1B,DH,OF",,.260|75R|23HR|79RBI|11SB,71,"Cody Bellinger (NYY - 1B,DH,OF)",62,79,70.0,OF,Cody Bellinger (NYY - OF),https://images.fantasypros.com/images/players/mlb/6045/headshot/70x70.png,"Cody Bellinger (1B,CF,RF,DH,LF - NYY)",,"Cody Bellinger (NYY - 1B,DH,OF)",Cody Bellinger,Bellinger,NYY,"1B,DH,OF",,".260|75R|23HR|79RBI|11SB
",-1.0,49.0
71,Byron Buxton_MIN,490.0,80.0,28,74.0,17.0,0.249,0.308,122,26.0,4.0,42.0,148.0,0.49,0.798,306,H,https://www.fantasypros.com/mlb/players/byron-buxton.php,,,,,,,,,,,,,,byron-buxton,Byron Buxton (MIN - OF),Byron Buxton,Buxton,MIN,OF,,.249|80R|28HR|74RBI|17SB,72,Byron Buxton (MIN - OF),69,75,72.0,OF,Byron Buxton (MIN - OF),https://images.fantasypros.com/images/players/mlb/4672/headshot/70x70.png,Byron Buxton (CF - MIN),,Byron Buxton (MIN - OF),Byron Buxton,Buxton,MIN,OF,,".249|80R|28HR|74RBI|17SB
",0.0,124.0
72,Aroldis Chapman_BOS,,,6,,,,,43,,,,,,,316,P,https://www.fantasypros.com/mlb/players/aroldis-chapman.php,61.1,85.0,4.0,31.0,3.04,1.16,21.0,28.0,62.0,0.0,3.0,0.0,12.52,aroldis-chapman,Aroldis Chapman (BOS - RP),Aroldis Chapman,Chapman,BOS,RP,,4-3-31SV|3.04|1.16|12.52K9,73,Aroldis Chapman (BOS - RP),88,60,74.0,RP,Aroldis Chapman (BOS - RP),https://images.fantasypros.com/images/players/mlb/3068/headshot/70x70.png,Aroldis Chapman (RP - BOS),,Aroldis Chapman (BOS - RP),Aroldis Chapman,Chapman,BOS,RP,,"4-3-31SV|3.04|1.16|12.52K9
",1.0,106.0
73,Jackson Merrill_SD,556.0,78.0,22,78.0,8.0,0.268,0.317,149,31.0,4.0,40.0,117.0,0.461,0.778,342,H,https://www.fantasypros.com/mlb/players/jackson-merrill.php,,,,,,,,,,,,,,jackson-merrill,Jackson Merrill (SD - OF),Jackson Merrill,Merrill,SD,OF,,.268|78R|22HR|78RBI|8SB,74,Jackson Merrill (SD - OF),81,67,74.0,OF,Jackson Merrill (SD - OF),https://images.fantasypros.com/images/players/mlb/44756/headshot/70x70.png,Jackson Merrill (CF - SD),,Jackson Merrill (SD - OF),Jackson Merrill,Merrill,SD,OF,,".268|78R|22HR|78RBI|8SB
",0.0,67.0
74,David Bednar_NYY,,,7,,,,,52,,,,,,,314,P,https://www.fantasypros.com/mlb/players/david-bednar.php,65.2,77.0,4.0,31.0,3.38,1.14,24.0,22.0,65.0,0.0,3.0,0.0,10.63,david-bednar,David Bednar (NYY - RP),David Bednar,Bednar,NYY,RP,,4-3-31SV|3.38|1.14|10.63K9,75,David Bednar (NYY - RP),91,59,75.0,RP,David Bednar (NYY - RP),https://images.fantasypros.com/images/players/mlb/8451/headshot/70x70.png,David Bednar (RP - NYY),,David Bednar (NYY - RP),David Bednar,Bednar,NYY,RP,,"4-3-31SV|3.38|1.14|10.63K9
",0.0,109.0
75,Maikel Garcia_KC,579.0,83.0,13,65.0,27.0,0.271,0.332,157,32.0,4.0,54.0,94.0,0.406,0.738,371,H,https://www.fantasypros.com/mlb/players/maikel-garcia.php,,,,,,,,,,,,,,maikel-garcia,"Maikel Garcia (KC - 2B,3B,SS)",Maikel Garcia,Garcia,KC,"2B,3B,SS",,.271|83R|13HR|65RBI|27SB,76,"Maikel Garcia (KC - 2B,3B,SS)",70,81,76.0,"2B,3B,OF,SS","Maikel Garcia (KC - 2B,3B,OF,SS)",https://images.fantasypros.com/images/players/mlb/44626/headshot/70x70.png,"Maikel Garcia (2B,3B,SS - KC)",,"Maikel Garcia (KC - 2B,3B,SS)",Maikel Garcia,Garcia,KC,"2B,3B,SS",,".271|83R|13HR|65RBI|27SB
",0.0,47.0
76,Dylan Cease_TOR,,,22,,,,,148,,,,,,,382,P,https://www.fantasypros.com/mlb/players/dylan-cease.php,177.0,207.0,12.0,0.0,3.76,1.21,74.0,66.0,31.0,31.0,9.0,0.0,10.53,dylan-cease,Dylan Cease (TOR - SP),Dylan Cease,Cease,TOR,SP,,12-9-0SV|3.76|1.21|10.53K9,77,Dylan Cease (TOR - SP),73,78,76.0,SP,Dylan Cease (TOR - SP),https://images.fantasypros.com/images/players/mlb/6848/headshot/70x70.png,Dylan Cease (SP - TOR),,Dylan Cease (TOR - SP),Dylan Cease,Cease,TOR,SP,,"12-9-0SV|3.76|1.21|10.53K9
",-1.0,33.0
77,Hunter Goodman_COL,513.0,71.0,28,85.0,2.0,0.255,0.301,131,28.0,3.0,34.0,144.0,0.483,0.784,296,H,https://www.fantasypros.com/mlb/players/hunter-goodman.php,,,,,,,,,,,,,,hunter-goodman,"Hunter Goodman (COL - C,DH,OF)",Hunter Goodman,Goodman,COL,"C,DH,OF",,.255|71R|28HR|85RBI|2SB,78,"Hunter Goodman (COL - C,DH,OF)",85,68,76.0,"C,DH","Hunter Goodman (COL - C,DH)",https://images.fantasypros.com/images/players/mlb/45393/headshot/70x70.png,"Hunter Goodman (C,RF,DH - COL)",,"Hunter Goodman (COL - C,DH,OF)",Hunter Goodman,Goodman,COL,"C,DH,OF",,".255|71R|28HR|85RBI|2SB
",-2.0,141.0
78,George Springer_TOR,514.0,82.0,24,71.0,13.0,0.258,0.333,133,24.0,2.0,58.0,114.0,0.452,0.785,346,H,https://www.fantasypros.com/mlb/players/george-springer.php,,,,,,,,,,,,,,george-springer,"George Springer (TOR - DH,OF)",George Springer,Springer,TOR,"DH,OF",,.258|82R|24HR|71RBI|13SB,79,"George Springer (TOR - DH,OF)",57,100,78.0,"DH,OF","George Springer (TOR - DH,OF)",https://images.fantasypros.com/images/players/mlb/4614/headshot/70x70.png,"George Springer (RF,DH,CF,LF - TOR)",,"George Springer (TOR - DH,OF)",George Springer,Springer,TOR,"DH,OF",,".258|82R|24HR|71RBI|13SB
",-1.0,66.0
79,Jesus Luzardo_PHI,,,22,,,,,151,,,,,,,367,P,https://www.fantasypros.com/mlb/players/jesus-luzardo.php,173.6,190.0,11.0,0.0,3.67,1.18,71.0,55.0,30.0,30.0,9.0,0.0,9.85,jesus-luzardo,Jesus Luzardo (PHI - SP),Jesus Luzardo,Luzardo,PHI,SP,,11-9-0SV|3.67|1.18|9.85K9,80,Jesus Luzardo (PHI - SP),79,80,80.0,SP,Jesus Luzardo (PHI - SP),https://images.fantasypros.com/images/players/mlb/6889/headshot/70x70.png,Jesus Luzardo (SP - PHI),,Jesus Luzardo (PHI - SP),Jesus Luzardo,Luzardo,PHI,SP,,"11-9-0SV|3.67|1.18|9.85K9
",0.0,50.0
80,Spencer Schwellenbach_ATL,,,19,,,,,148,,,,,,,335,P,https://www.fantasypros.com/mlb/players/spencer-schwellenbach.php,162.1,158.0,11.0,0.0,3.6,1.14,65.0,37.0,27.0,27.0,8.0,0.0,8.77,spencer-schwellenbach,Spencer Schwellenbach (ATL - SP),Spencer Schwellenbach,Schwellenbach,ATL,SP,,11-8-0SV|3.60|1.14|8.77K9,81,Spencer Schwellenbach (ATL - SP),86,82,84.0,SP,Spencer Schwellenbach (ATL - SP),https://images.fantasypros.com/images/players/mlb/44729/headshot/70x70.png,Spencer Schwellenbach (SP - ATL),,Spencer Schwellenbach (ATL - SP),Spencer Schwellenbach,Schwellenbach,ATL,SP,,"11-8-0SV|3.60|1.14|8.77K9
",3.0,81.0
81,Vinnie Pasquantino_KC,556.0,76.0,25,87.0,1.0,0.262,0.325,146,30.0,2.0,52.0,91.0,0.461,0.786,382,H,https://www.fantasypros.com/mlb/players/vinnie-pasquantino.php,,,,,,,,,,,,,,vinnie-pasquantino,"Vinnie Pasquantino (KC - 1B,DH)",Vinnie Pasquantino,Pasquantino,KC,"1B,DH",,.262|76R|25HR|87RBI|1SB,82,"Vinnie Pasquantino (KC - 1B,DH)",84,84,84.0,"1B,DH","Vinnie Pasquantino (KC - 1B,DH)",https://images.fantasypros.com/images/players/mlb/44894/headshot/70x70.png,"Vinnie Pasquantino (1B,DH - KC)",,"Vinnie Pasquantino (KC - 1B,DH)",Vinnie Pasquantino,Pasquantino,KC,"1B,DH",,".262|76R|25HR|87RBI|1SB
",2.0,34.0
82,Devin Williams_NYM,,,6,,,,,49,,,,,,,324,P,https://www.fantasypros.com/mlb/players/devin-williams-p.php,66.0,86.0,4.0,31.0,3.25,1.17,24.0,28.0,67.0,0.0,3.0,0.0,11.73,devin-williams-p,Devin Williams (NYM - RP),Devin Williams,Williams,NYM,RP,,4-3-31SV|3.25|1.17|11.73K9,83,Devin Williams (NYM - RP),93,76,84.0,RP,Devin Williams (NYM - RP),https://images.fantasypros.com/images/players/mlb/27766/headshot/70x70.png,Devin Williams (RP - NYM),,Devin Williams (NYM - RP),Devin Williams,Williams,NYM,RP,,"4-3-31SV|3.25|1.17|11.73K9
",1.0,92.0
83,Seiya Suzuki_CHC,539.0,78.0,25,82.0,8.0,0.253,0.333,136,26.0,3.0,64.0,155.0,0.455,0.787,322,H,https://www.fantasypros.com/mlb/players/seiya-suzuki.php,,,,,,,,,,,,,,seiya-suzuki,"Seiya Suzuki (CHC - DH,OF)",Seiya Suzuki,Suzuki,CHC,"DH,OF",,.253|78R|25HR|82RBI|8SB,84,"Seiya Suzuki (CHC - DH,OF)",77,92,84.0,"DH,OF","Seiya Suzuki (CHC - DH,OF)",https://images.fantasypros.com/images/players/mlb/6973/headshot/70x70.png,"Seiya Suzuki (RF,DH,LF - CHC)",,"Seiya Suzuki (CHC - DH,OF)",Seiya Suzuki,Suzuki,CHC,"DH,OF",,".253|78R|25HR|82RBI|8SB
",0.0,95.0
84,Nick Pivetta_SD,,,27,,,,,154,,,,,,,366,P,https://www.fantasypros.com/mlb/players/nick-pivetta.php,178.4,193.0,11.0,0.0,3.95,1.17,78.0,54.0,31.0,31.0,10.0,0.0,9.74,nick-pivetta,Nick Pivetta (SD - SP),Nick Pivetta,Pivetta,SD,SP,,11-10-0SV|3.95|1.17|9.74K9,85,Nick Pivetta (SD - SP),78,91,84.0,SP,Nick Pivetta (SD - SP),https://images.fantasypros.com/images/players/mlb/6590/headshot/70x70.png,Nick Pivetta (SP - SD),,Nick Pivetta (SD - SP),Nick Pivetta,Pivetta,SD,SP,,"11-10-0SV|3.95|1.17|9.74K9
",-1.0,52.0
85,Kyle Bradish_BAL,,,17,,,,,129,,,,,,,314,P,https://www.fantasypros.com/mlb/players/kyle-bradish.php,148.0,158.0,10.0,0.0,3.6,1.19,59.0,47.0,27.0,27.0,7.0,0.0,9.61,kyle-bradish,Kyle Bradish (BAL - SP),Kyle Bradish,Bradish,BAL,SP,,10-7-0SV|3.60|1.19|9.61K9,86,Kyle Bradish (BAL - SP),87,83,85.0,SP,Kyle Bradish (BAL - SP),https://images.fantasypros.com/images/players/mlb/39964/headshot/70x70.png,Kyle Bradish (SP - BAL),,Kyle Bradish (BAL - SP),Kyle Bradish,Bradish,BAL,SP,,"10-7-0SV|3.60|1.19|9.61K9
",-1.0,110.0
86,Framber Valdez_FA,,,16,,,,,166,,,,,,,350,P,https://www.fantasypros.com/mlb/players/framber-valdez.php,180.4,171.0,12.0,0.0,3.54,1.26,71.0,60.0,30.0,30.0,9.0,0.0,8.53,framber-valdez,Framber Valdez (FA - SP),Framber Valdez,Valdez,FA,SP,FA,12-9-0SV|3.54|1.26|8.53K9,87,Framber Valdez (FA - SP),76,95,86.0,SP,Framber Valdez (FA - SP),https://images.fantasypros.com/images/players/mlb/7627/headshot/70x70.png,Framber Valdez (SP - FA),,Framber Valdez (FA - SP),Framber Valdez,Valdez,FA,SP,,"12-9-0SV|3.54|1.26|8.53K9
",-1.0,65.0
87,Randy Arozarena_SEA,568.0,84.0,22,71.0,23.0,0.233,0.312,132,26.0,1.0,65.0,171.0,0.406,0.718,297,H,https://www.fantasypros.com/mlb/players/randy-arozarena.php,,,,,,,,,,,,,,randy-arozarena,Randy Arozarena (SEA - OF),Randy Arozarena,Arozarena,SEA,OF,,.233|84R|22HR|71RBI|23SB,88,Randy Arozarena (SEA - OF),90,88,89.0,OF,Randy Arozarena (SEA - OF),https://images.fantasypros.com/images/players/mlb/6962/headshot/70x70.png,Randy Arozarena (LF - SEA),,Randy Arozarena (SEA - OF),Randy Arozarena,Arozarena,SEA,OF,,".233|84R|22HR|71RBI|23SB
",1.0,139.0
88,Agustin Ramirez_MIA,432.0,56.0,17,61.0,11.0,0.247,0.303,107,23.0,1.0,35.0,94.0,0.428,0.731,252,H,https://www.fantasypros.com/mlb/players/agustin-ramirez.php,,,,,,,,,,,,,,agustin-ramirez,"Agustin Ramirez (MIA - 1B,C,DH)",Agustin Ramirez,Ramirez,MIA,"1B,C,DH",,.247|56R|17HR|61RBI|11SB,89,"Agustin Ramirez (MIA - 1B,C,DH)",107,74,90.0,"C,DH","Agustin Ramirez (MIA - C,DH)",https://images.fantasypros.com/images/players/mlb/47304/headshot/70x70.png,"Agustin Ramirez (C,1B,DH - MIA)",,"Agustin Ramirez (MIA - 1B,C,DH)",Agustin Ramirez,Ramirez,MIA,"1B,C,DH",,".247|56R|17HR|61RBI|11SB
",1.0,230.0
89,Tyler Soderstrom_ATH,507.0,72.0,24,78.0,5.0,0.256,0.321,130,27.0,2.0,48.0,132.0,0.461,0.781,305,H,https://www.fantasypros.com/mlb/players/tyler-soderstrom.php,,,,,,,,,,,,,,tyler-soderstrom,"Tyler Soderstrom (ATH - 1B,OF)",Tyler Soderstrom,Soderstrom,ATH,"1B,OF",,.256|72R|24HR|78RBI|5SB,90,"Tyler Soderstrom (ATH - 1B,OF)",94,90,92.0,"1B,OF","Tyler Soderstrom (ATH - 1B,OF)",https://images.fantasypros.com/images/players/mlb/43845/headshot/70x70.png,"Tyler Soderstrom (1B,LF - ATH)",,"Tyler Soderstrom (ATH - 1B,OF)",Tyler Soderstrom,Soderstrom,ATH,"1B,OF",,".256|72R|24HR|78RBI|5SB
",2.0,130.0
90,Bo Bichette_NYM,575.0,77.0,18,78.0,6.0,0.285,0.332,163,31.0,2.0,41.0,102.0,0.442,0.773,353,H,https://www.fantasypros.com/mlb/players/bo-bichette.php,,,,,,,,,,,,,,bo-bichette,Bo Bichette (NYM - SS),Bo Bichette,Bichette,NYM,SS,,.285|77R|18HR|78RBI|6SB,91,Bo Bichette (NYM - SS),80,105,92.0,SS,Bo Bichette (NYM - SS),https://images.fantasypros.com/images/players/mlb/6808/headshot/70x70.png,Bo Bichette (SS - NYM),,Bo Bichette (NYM - SS),Bo Bichette,Bichette,NYM,SS,,".285|77R|18HR|78RBI|6SB
",1.0,62.0
91,Nico Hoerner_CHC,548.0,69.0,7,55.0,25.0,0.277,0.324,152,27.0,3.0,39.0,58.0,0.376,0.7,338,H,https://www.fantasypros.com/mlb/players/nico-hoerner.php,,,,,,,,,,,,,,nico-hoerner,Nico Hoerner (CHC - 2B),Nico Hoerner,Hoerner,CHC,2B,,.277|69R|7HR|55RBI|25SB,92,Nico Hoerner (CHC - 2B),83,104,94.0,2B,Nico Hoerner (CHC - 2B),https://images.fantasypros.com/images/players/mlb/7934/headshot/70x70.png,Nico Hoerner (2B - CHC),,Nico Hoerner (CHC - 2B),Nico Hoerner,Hoerner,CHC,2B,,".277|69R|7HR|55RBI|25SB
",2.0,78.0
92,Carlos Estevez_KC,,,9,,,,,62,,,,,,,265,P,https://www.fantasypros.com/mlb/players/carlos-estevez.php,66.6,61.0,3.0,30.0,4.28,1.29,32.0,24.0,66.0,0.0,3.0,0.0,8.24,carlos-estevez,Carlos Estevez (KC - RP),Carlos Estevez,Estevez,KC,RP,,3-3-30SV|4.28|1.29|8.24K9,93,Carlos Estevez (KC - RP),101,87,94.0,RP,Carlos Estevez (KC - RP),https://images.fantasypros.com/images/players/mlb/5929/headshot/70x70.png,Carlos Estevez (RP - KC),,Carlos Estevez (KC - RP),Carlos Estevez,Estevez,KC,RP,,"3-3-30SV|4.28|1.29|8.24K9
",1.0,203.0
93,Corey Seager_TEX,475.0,73.0,27,79.0,2.0,0.273,0.354,130,24.0,1.0,59.0,100.0,0.502,0.856,358,H,https://www.fantasypros.com/mlb/players/corey-seager.php,,,,,,,,,,,,,,corey-seager,Corey Seager (TEX - SS),Corey Seager,Seager,TEX,SS,,.273|73R|27HR|79RBI|2SB,94,Corey Seager (TEX - SS),92,98,95.0,SS,Corey Seager (TEX - SS),https://images.fantasypros.com/images/players/mlb/4805/headshot/70x70.png,Corey Seager (SS - TEX),,Corey Seager (TEX - SS),Corey Seager,Seager,TEX,SS,,".273|73R|27HR|79RBI|2SB
",1.0,59.0
94,Salvador Perez_KC,549.0,67.0,26,87.0,0.0,0.251,0.29,138,25.0,0.0,30.0,121.0,0.448,0.738,306,H,https://www.fantasypros.com/mlb/players/salvador-perez.php,,,,,,,,,,,,,,salvador-perez,"Salvador Perez (KC - 1B,C,DH)",Salvador Perez,Perez,KC,"1B,C,DH",,.251|67R|26HR|87RBI|0SB,95,"Salvador Perez (KC - 1B,C,DH)",99,97,98.0,"1B,C,DH","Salvador Perez (KC - 1B,C,DH)",https://images.fantasypros.com/images/players/mlb/4147/headshot/70x70.png,"Salvador Perez (C,1B,DH - KC)",,"Salvador Perez (KC - 1B,C,DH)",Salvador Perez,Perez,KC,"1B,C,DH",,".251|67R|26HR|87RBI|0SB
",3.0,125.0
95,Jeremy Pena_HOU,575.0,82.0,18,68.0,18.0,0.272,0.317,157,30.0,2.0,38.0,112.0,0.423,0.74,340,H,https://www.fantasypros.com/mlb/players/jeremy-pena.php,,,,,,,,,,,,,,jeremy-pena,Jeremy Pena (HOU - SS),Jeremy Pena,Pena,HOU,SS,,.272|82R|18HR|68RBI|18SB,96,Jeremy Pena (HOU - SS),104,94,99.0,SS,Jeremy Pena (HOU - SS),https://images.fantasypros.com/images/players/mlb/43642/headshot/70x70.png,Jeremy Pena (SS - HOU),,Jeremy Pena (HOU - SS),Jeremy Pena,Pena,HOU,SS,,".272|82R|18HR|68RBI|18SB
",3.0,70.0
96,Spencer Strider_ATL,,,21,,,,,133,,,,,,,323,P,https://www.fantasypros.com/mlb/players/spencer-strider.php,154.8,179.0,10.0,0.0,3.93,1.22,68.0,55.0,27.0,27.0,8.0,0.0,10.41,spencer-strider,Spencer Strider (ATL - SP),Spencer Strider,Strider,ATL,SP,,10-8-0SV|3.93|1.22|10.41K9,97,Spencer Strider (ATL - SP),100,99,100.0,SP,Spencer Strider (ATL - SP),https://images.fantasypros.com/images/players/mlb/44282/headshot/70x70.png,Spencer Strider (SP - ATL),,Spencer Strider (ATL - SP),Spencer Strider,Strider,ATL,SP,,"10-8-0SV|3.93|1.22|10.41K9
",3.0,93.0
97,Drake Baldwin_ATL,449.0,60.0,17,67.0,1.0,0.26,0.327,116,20.0,1.0,45.0,90.0,0.429,0.756,272,H,https://www.fantasypros.com/mlb/players/drake-baldwin.php,,,,,,,,,,,,,,drake-baldwin,"Drake Baldwin (ATL - C,DH)",Drake Baldwin,Baldwin,ATL,"C,DH",,.260|60R|17HR|67RBI|1SB,98,"Drake Baldwin (ATL - C,DH)",115,86,100.0,C,Drake Baldwin (ATL - C),https://images.fantasypros.com/images/players/mlb/46737/headshot/70x70.png,"Drake Baldwin (C,DH - ATL)",,"Drake Baldwin (ATL - C,DH)",Drake Baldwin,Baldwin,ATL,"C,DH",,".260|60R|17HR|67RBI|1SB
",2.0,190.0
98,Oneil Cruz_PIT,452.0,67.0,21,63.0,26.0,0.238,0.317,107,22.0,3.0,53.0,154.0,0.439,0.756,257,H,https://www.fantasypros.com/mlb/players/oneil-cruz-3b.php,,,,,,,,,,,,,,oneil-cruz-3b,"Oneil Cruz (PIT - OF,SS)",Oneil Cruz,Cruz,PIT,"OF,SS",,.238|67R|21HR|63RBI|26SB,99,"Oneil Cruz (PIT - OF,SS)",112,89,100.0,OF,Oneil Cruz (PIT - OF),https://images.fantasypros.com/images/players/mlb/39199/headshot/70x70.png,"Oneil Cruz (SS,CF - PIT)",,"Oneil Cruz (PIT - OF,SS)",Oneil Cruz,Cruz,PIT,"OF,SS",,".238|67R|21HR|63RBI|26SB
",1.0,224.0
99,Eugenio Suarez_FA,530.0,72.0,30,84.0,3.0,0.227,0.293,120,23.0,1.0,50.0,176.0,0.443,0.736,270,H,https://www.fantasypros.com/mlb/players/eugenio-suarez.php,,,,,,,,,,,,,,eugenio-suarez,Eugenio Suarez (FA - 3B),Eugenio Suarez,Suarez,FA,3B,FA,.227|72R|30HR|84RBI|3SB,100,Eugenio Suarez (FA - 3B),95,109,102.0,3B,Eugenio Suarez (FA - 3B),https://images.fantasypros.com/images/players/mlb/5332/headshot/70x70.png,Eugenio Suarez (3B - FA),,Eugenio Suarez (FA - 3B),Eugenio Suarez,Suarez,FA,3B,,".227|72R|30HR|84RBI|3SB
",2.0,193.0
100,Michael Harris II_ATL,506.0,67.0,19,68.0,17.0,0.268,0.303,136,25.0,3.0,25.0,105.0,0.445,0.747,297,H,https://www.fantasypros.com/mlb/players/michael-harris.php,,,,,,,,,,,,,,michael-harris,Michael Harris II (ATL - OF),Michael Harris II,Harris II,ATL,OF,,.268|67R|19HR|68RBI|17SB,101,Michael Harris II (ATL - OF),109,96,102.0,OF,Michael Harris II (ATL - OF),https://images.fantasypros.com/images/players/mlb/43924/headshot/70x70.png,Michael Harris II (CF - ATL),,Michael Harris II (ATL - OF),Michael Harris II,Harris II,ATL,OF,,".268|67R|19HR|68RBI|17SB
",1.0,140.0
101,Jose Altuve_HOU,552.0,77.0,20,73.0,12.0,0.261,0.323,144,26.0,1.0,51.0,106.0,0.423,0.746,340,H,https://www.fantasypros.com/mlb/players/jose-altuve.php,,,,,,,,,,,,,,jose-altuve,"Jose Altuve (HOU - 2B,DH,OF)",Jose Altuve,Altuve,HOU,"2B,DH,OF",,.261|77R|20HR|73RBI|12SB,102,"Jose Altuve (HOU - 2B,DH,OF)",96,110,103.0,"2B,DH,OF","Jose Altuve (HOU - 2B,DH,OF)",https://images.fantasypros.com/images/players/mlb/4334/headshot/70x70.png,"Jose Altuve (2B,LF,DH - HOU)",,"Jose Altuve (HOU - 2B,DH,OF)",Jose Altuve,Altuve,HOU,"2B,DH,OF",,".261|77R|20HR|73RBI|12SB
",1.0,71.0
102,Nolan McLean_NYM,,,16,,,,,136,,,,,,,283,P,https://www.fantasypros.com/mlb/players/nolan-mclean.php,151.7,147.0,10.0,0.0,3.78,1.29,64.0,59.0,27.0,27.0,8.0,0.0,8.72,nolan-mclean,"Nolan McLean (NYM - DH,SP)",Nolan McLean,McLean,NYM,"DH,SP",,10-8-0SV|3.78|1.29|8.72K9,103,"Nolan McLean (NYM - DH,SP)",103,103,103.0,SP,Nolan McLean (NYM - SP),https://images.fantasypros.com/images/players/mlb/missing/headshot/70x70.png,"Nolan McLean (DH,SP - NYM)",,"Nolan McLean (NYM - DH,SP)",Nolan McLean,McLean,NYM,"DH,SP",,"10-8-0SV|3.78|1.29|8.72K9
",0.0,163.0
103,Eury Perez_MIA,,,21,,,,,125,,,,,,,308,P,https://www.fantasypros.com/mlb/players/eury-perez-p.php,149.2,166.0,9.0,0.0,3.92,1.18,65.0,51.0,28.0,28.0,9.0,0.0,10.01,eury-perez-p,Eury Perez (MIA - SP),Eury Perez,Perez,MIA,SP,,9-9-0SV|3.92|1.18|10.01K9,104,Eury Perez (MIA - SP),114,93,104.0,SP,Eury Perez (MIA - SP),https://images.fantasypros.com/images/players/mlb/44610/headshot/70x70.png,Eury Perez (SP - MIA),,Eury Perez (MIA - SP),Eury Perez,Perez,MIA,SP,,"9-9-0SV|3.92|1.18|10.01K9
",0.0,119.0
104,Raisel Iglesias_ATL,,,8,,,,,59,,,,,,,283,P,https://www.fantasypros.com/mlb/players/raisel-iglesias.php,66.9,71.0,3.0,27.0,3.69,1.17,27.0,19.0,65.0,0.0,3.0,0.0,9.55,raisel-iglesias,Raisel Iglesias (ATL - RP),Raisel Iglesias,Iglesias,ATL,RP,,3-3-27SV|3.69|1.17|9.55K9,105,Raisel Iglesias (ATL - RP),125,85,105.0,RP,Raisel Iglesias (ATL - RP),https://images.fantasypros.com/images/players/mlb/5589/headshot/70x70.png,Raisel Iglesias (RP - ATL),,Raisel Iglesias (ATL - RP),Raisel Iglesias,Iglesias,ATL,RP,,"3-3-27SV|3.69|1.17|9.55K9
",0.0,164.0
105,Will Smith_LAD,432.0,68.0,19,68.0,3.0,0.259,0.345,112,22.0,1.0,57.0,97.0,0.455,0.8,293,H,https://www.fantasypros.com/mlb/players/will-smith-c.php,,,,,,,,,,,,,,will-smith-c,Will Smith (LAD - C),Will Smith,Smith,LAD,C,,.259|68R|19HR|68RBI|3SB,106,Will Smith (LAD - C),108,102,105.0,C,Will Smith (LAD - C),https://images.fantasypros.com/images/players/mlb/7671/headshot/70x70.png,Will Smith (C - LAD),,Will Smith (LAD - C),Will Smith,Smith,LAD,C,,".259|68R|19HR|68RBI|3SB
",-1.0,149.0
106,Christian Yelich_MIL,513.0,72.0,19,73.0,16.0,0.256,0.338,131,22.0,2.0,64.0,141.0,0.417,0.755,301,H,https://www.fantasypros.com/mlb/players/christian-yelich.php,,,,,,,,,,,,,,christian-yelich,"Christian Yelich (MIL - DH,OF)",Christian Yelich,Yelich,MIL,"DH,OF",,.256|72R|19HR|73RBI|16SB,107,"Christian Yelich (MIL - DH,OF)",98,114,106.0,"DH,OF","Christian Yelich (MIL - DH,OF)",https://images.fantasypros.com/images/players/mlb/4596/headshot/70x70.png,"Christian Yelich (LF,DH - MIL)",,"Christian Yelich (MIL - DH,OF)",Christian Yelich,Yelich,MIL,"DH,OF",,".256|72R|19HR|73RBI|16SB
",-1.0,134.0
107,Trevor Story_BOS,543.0,72.0,20,71.0,22.0,0.247,0.294,134,26.0,2.0,36.0,160.0,0.414,0.708,264,H,https://www.fantasypros.com/mlb/players/trevor-story.php,,,,,,,,,,,,,,trevor-story,Trevor Story (BOS - SS),Trevor Story,Story,BOS,SS,,.247|72R|20HR|71RBI|22SB,108,Trevor Story (BOS - SS),113,101,107.0,SS,Trevor Story (BOS - SS),https://images.fantasypros.com/images/players/mlb/4747/headshot/70x70.png,Trevor Story (SS - BOS),,Trevor Story (BOS - SS),Trevor Story,Story,BOS,SS,,".247|72R|20HR|71RBI|22SB
",-1.0,206.0
108,Alex Bregman_CHC,570.0,81.0,22,78.0,3.0,0.254,0.331,145,28.0,1.0,66.0,91.0,0.423,0.754,379,H,https://www.fantasypros.com/mlb/players/alex-bregman.php,,,,,,,,,,,,,,alex-bregman,Alex Bregman (CHC - 3B),Alex Bregman,Bregman,CHC,3B,,.254|81R|22HR|78RBI|3SB,109,Alex Bregman (CHC - 3B),105,112,108.0,3B,Alex Bregman (CHC - 3B),https://images.fantasypros.com/images/players/mlb/5973/headshot/70x70.png,Alex Bregman (3B - CHC),,Alex Bregman (CHC - 3B),Alex Bregman,Bregman,CHC,3B,,".254|81R|22HR|78RBI|3SB
",-1.0,36.0
109,Kevin Gausman_TOR,,,25,,,,,169,,,,,,,340,P,https://www.fantasypros.com/mlb/players/kevin-gausman.php,182.9,178.0,11.0,0.0,4.09,1.22,83.0,54.0,31.0,31.0,10.0,0.0,8.76,kevin-gausman,Kevin Gausman (TOR - SP),Kevin Gausman,Gausman,TOR,SP,,11-10-0SV|4.09|1.22|8.76K9,110,Kevin Gausman (TOR - SP),102,116,109.0,SP,Kevin Gausman (TOR - SP),https://images.fantasypros.com/images/players/mlb/4671/headshot/70x70.png,Kevin Gausman (SP - TOR),,Kevin Gausman (TOR - SP),Kevin Gausman,Gausman,TOR,SP,,"11-10-0SV|4.09|1.22|8.76K9
",-1.0,72.0
110,Yandy Diaz_TB,557.0,79.0,21,76.0,2.0,0.286,0.353,159,28.0,1.0,58.0,95.0,0.451,0.804,375,H,https://www.fantasypros.com/mlb/players/yandy-diaz.php,,,,,,,,,,,,,,yandy-diaz,"Yandy Diaz (TB - 1B,DH)",Yandy Diaz,Diaz,TB,"1B,DH",,.286|79R|21HR|76RBI|2SB,111,"Yandy Diaz (TB - 1B,DH)",89,133,111.0,"1B,DH","Yandy Diaz (TB - 1B,DH)",https://images.fantasypros.com/images/players/mlb/6677/headshot/70x70.png,"Yandy Diaz (1B,DH - TB)",,"Yandy Diaz (TB - 1B,DH)",Yandy Diaz,Diaz,TB,"1B,DH",,".286|79R|21HR|76RBI|2SB
",0.0,41.0
111,Tyler Glasnow_LAD,,,16,,,,,111,,,,,,,306,P,https://www.fantasypros.com/mlb/players/tyler-glasnow.php,136.5,158.0,10.0,0.0,3.63,1.17,55.0,49.0,24.0,24.0,6.0,0.0,10.42,tyler-glasnow,Tyler Glasnow (LAD - SP),Tyler Glasnow,Glasnow,LAD,SP,,10-6-0SV|3.63|1.17|10.42K9,112,Tyler Glasnow (LAD - SP),111,111,111.0,SP,Tyler Glasnow (LAD - SP),https://images.fantasypros.com/images/players/mlb/4587/headshot/70x70.png,Tyler Glasnow (SP - LAD),,Tyler Glasnow (LAD - SP),Tyler Glasnow,Glasnow,LAD,SP,,"10-6-0SV|3.63|1.17|10.42K9
",-1.0,126.0
112,Sonny Gray_BOS,,,21,,,,,162,,,,,,,357,P,https://www.fantasypros.com/mlb/players/sonny-gray.php,175.2,181.0,11.0,0.0,3.75,1.19,73.0,46.0,30.0,30.0,9.0,0.0,9.3,sonny-gray,Sonny Gray (BOS - SP),Sonny Gray,Gray,BOS,SP,,11-9-0SV|3.75|1.19|9.30K9,113,Sonny Gray (BOS - SP),97,127,112.0,SP,Sonny Gray (BOS - SP),https://images.fantasypros.com/images/players/mlb/4755/headshot/70x70.png,Sonny Gray (SP - BOS),,Sonny Gray (BOS - SP),Sonny Gray,Gray,BOS,SP,,"11-9-0SV|3.75|1.19|9.30K9
",-1.0,60.0
113,Michael Busch_CHC,494.0,74.0,25,72.0,3.0,0.246,0.324,121,24.0,2.0,57.0,141.0,0.454,0.778,291,H,https://www.fantasypros.com/mlb/players/michael-busch-2b.php,,,,,,,,,,,,,,michael-busch-2b,Michael Busch (CHC - 1B),Michael Busch,Busch,CHC,1B,,.246|74R|25HR|72RBI|3SB,114,Michael Busch (CHC - 1B),119,106,112.0,1B,Michael Busch (CHC - 1B),https://images.fantasypros.com/images/players/mlb/23859/headshot/70x70.png,Michael Busch (1B - CHC),,Michael Busch (CHC - 1B),Michael Busch,Busch,CHC,1B,,".246|74R|25HR|72RBI|3SB
",-2.0,150.0
114,Ryan Helsley_BAL,,,7,,,,,55,,,,,,,283,P,https://www.fantasypros.com/mlb/players/ryan-helsley.php,65.5,75.0,3.0,27.0,3.54,1.22,26.0,25.0,64.0,0.0,3.0,0.0,10.31,ryan-helsley,Ryan Helsley (BAL - RP),Ryan Helsley,Helsley,BAL,RP,,3-3-27SV|3.54|1.22|10.31K9,115,Ryan Helsley (BAL - RP),122,108,115.0,RP,Ryan Helsley (BAL - RP),https://images.fantasypros.com/images/players/mlb/7481/headshot/70x70.png,Ryan Helsley (RP - BAL),,Ryan Helsley (BAL - RP),Ryan Helsley,Helsley,BAL,RP,,"3-3-27SV|3.54|1.22|10.31K9
",0.0,165.0
115,Zack Wheeler_PHI,,,15,,,,,101,,,,,,,307,P,https://www.fantasypros.com/mlb/players/zack-wheeler.php,125.9,145.0,9.0,0.0,3.21,1.06,45.0,33.0,21.0,21.0,5.0,0.0,10.37,zack-wheeler,Zack Wheeler (PHI - SP),Zack Wheeler,Wheeler,PHI,SP,,9-5-0SV|3.21|1.06|10.37K9,116,Zack Wheeler (PHI - SP),82,149,116.0,SP,Zack Wheeler (PHI - SP),https://images.fantasypros.com/images/players/mlb/4603/headshot/70x70.png,Zack Wheeler (SP - PHI),,Zack Wheeler (PHI - SP),Zack Wheeler,Wheeler,PHI,SP,,"9-5-0SV|3.21|1.06|10.37K9
",0.0,122.0
116,Trevor Megill_MIL,,,8,,,,,55,,,,,,,242,P,https://www.fantasypros.com/mlb/players/trevor-megill.php,66.4,81.0,3.0,15.0,3.5,1.18,26.0,24.0,64.0,0.0,3.0,0.0,10.98,trevor-megill,Trevor Megill (MIL - RP),Trevor Megill,Megill,MIL,RP,,3-3-15SV|3.50|1.18|10.98K9,117,Trevor Megill (MIL - RP),121,113,117.0,RP,Trevor Megill (MIL - RP),https://images.fantasypros.com/images/players/mlb/10118/headshot/70x70.png,Trevor Megill (RP - MIL),,Trevor Megill (MIL - RP),Trevor Megill,Megill,MIL,RP,,"3-3-15SV|3.50|1.18|10.98K9
",0.0,242.0
117,Willy Adames_SF,574.0,82.0,26,79.0,11.0,0.232,0.316,133,26.0,2.0,70.0,166.0,0.424,0.74,319,H,https://www.fantasypros.com/mlb/players/willy-adames.php,,,,,,,,,,,,,,willy-adames,Willy Adames (SF - SS),Willy Adames,Adames,SF,SS,,.232|82R|26HR|79RBI|11SB,118,Willy Adames (SF - SS),116,118,117.0,SS,Willy Adames (SF - SS),https://images.fantasypros.com/images/players/mlb/5988/headshot/70x70.png,Willy Adames (SS - SF),,Willy Adames (SF - SS),Willy Adames,Adames,SF,SS,,".232|82R|26HR|79RBI|11SB
",-1.0,100.0
118,Yainer Diaz_HOU,478.0,58.0,18,66.0,1.0,0.269,0.302,129,24.0,1.0,23.0,87.0,0.441,0.744,270,H,https://www.fantasypros.com/mlb/players/yainer-diaz-c.php,,,,,,,,,,,,,,yainer-diaz-c,"Yainer Diaz (HOU - C,DH)",Yainer Diaz,Diaz,HOU,"C,DH",,.269|58R|18HR|66RBI|1SB,119,"Yainer Diaz (HOU - C,DH)",129,107,118.0,"C,DH","Yainer Diaz (HOU - C,DH)",https://images.fantasypros.com/images/players/mlb/45200/headshot/70x70.png,"Yainer Diaz (C,DH - HOU)",,"Yainer Diaz (HOU - C,DH)",Yainer Diaz,Diaz,HOU,"C,DH",,".269|58R|18HR|66RBI|1SB
",-1.0,194.0
119,Brandon Woodruff_MIL,,,22,,,,,132,,,,,,,322,P,https://www.fantasypros.com/mlb/players/brandon-woodruff.php,153.9,161.0,10.0,0.0,3.81,1.14,65.0,43.0,27.0,27.0,8.0,0.0,9.42,brandon-woodruff,Brandon Woodruff (MIL - SP),Brandon Woodruff,Woodruff,MIL,SP,,10-8-0SV|3.81|1.14|9.42K9,120,Brandon Woodruff (MIL - SP),124,115,120.0,SP,Brandon Woodruff (MIL - SP),https://images.fantasypros.com/images/players/mlb/6813/headshot/70x70.png,Brandon Woodruff (SP - MIL),,Brandon Woodruff (MIL - SP),Brandon Woodruff,Woodruff,MIL,SP,,"10-8-0SV|3.81|1.14|9.42K9
",0.0,96.0
120,Teoscar Hernandez_LAD,523.0,73.0,26,82.0,6.0,0.257,0.306,134,26.0,1.0,37.0,150.0,0.465,0.771,288,H,https://www.fantasypros.com/mlb/players/teoscar-hernandez.php,,,,,,,,,,,,,,teoscar-hernandez,Teoscar Hernandez (LAD - OF),Teoscar Hernandez,Hernandez,LAD,OF,,.257|73R|26HR|82RBI|6SB,121,Teoscar Hernandez (LAD - OF),123,121,122.0,OF,Teoscar Hernandez (LAD - OF),https://images.fantasypros.com/images/players/mlb/4846/headshot/70x70.png,"Teoscar Hernandez (LF,RF - LAD)",,Teoscar Hernandez (LAD - OF),Teoscar Hernandez,Hernandez,LAD,OF,,".257|73R|26HR|82RBI|6SB
",1.0,154.0
121,Chase Burns_CIN,,,17,,,,,113,,,,,,,283,P,https://www.fantasypros.com/mlb/players/chase-burns.php,129.8,154.0,8.0,0.0,3.75,1.2,54.0,43.0,29.0,24.0,7.0,0.0,10.68,chase-burns,"Chase Burns (CIN - RP,SP)",Chase Burns,Burns,CIN,"RP,SP",,8-7-0SV|3.75|1.20|10.68K9,122,"Chase Burns (CIN - RP,SP)",128,119,124.0,"RP,SP","Chase Burns (CIN - RP,SP)",https://images.fantasypros.com/images/players/mlb/44722/headshot/70x70.png,"Chase Burns (SP,RP - CIN)",,"Chase Burns (CIN - RP,SP)",Chase Burns,Burns,CIN,"RP,SP",,"8-7-0SV|3.75|1.20|10.68K9
",2.0,166.0
122,Jordan Westburg_BAL,534.0,78.0,24,74.0,6.0,0.26,0.309,139,27.0,3.0,38.0,131.0,0.456,0.765,309,H,https://www.fantasypros.com/mlb/players/jordan-westburg.php,,,,,,,,,,,,,,jordan-westburg,"Jordan Westburg (BAL - 2B,3B,DH)",Jordan Westburg,Westburg,BAL,"2B,3B,DH",,.260|78R|24HR|74RBI|6SB,123,"Jordan Westburg (BAL - 2B,3B,DH)",126,125,126.0,"2B,3B","Jordan Westburg (BAL - 2B,3B)",https://images.fantasypros.com/images/players/mlb/43831/headshot/70x70.png,"Jordan Westburg (2B,3B,DH - BAL)",,"Jordan Westburg (BAL - 2B,3B,DH)",Jordan Westburg,Westburg,BAL,"2B,3B,DH",,".260|78R|24HR|74RBI|6SB
",3.0,117.0
123,Pablo Lopez_MIN,,,21,,,,,159,,,,,,,328,P,https://www.fantasypros.com/mlb/players/pablo-lopez.php,169.2,167.0,10.0,0.0,3.9,1.2,73.0,44.0,29.0,29.0,9.0,0.0,8.88,pablo-lopez,Pablo Lopez (MIN - SP),Pablo Lopez,Lopez,MIN,SP,,10-9-0SV|3.90|1.20|8.88K9,124,Pablo Lopez (MIN - SP),118,137,128.0,SP,Pablo Lopez (MIN - SP),https://images.fantasypros.com/images/players/mlb/7289/headshot/70x70.png,Pablo Lopez (SP - MIN),,Pablo Lopez (MIN - SP),Pablo Lopez,Lopez,MIN,SP,,"10-9-0SV|3.90|1.20|8.88K9
",4.0,85.0
124,Kyle Stowers_MIA,500.0,68.0,24,75.0,4.0,0.24,0.313,120,24.0,2.0,53.0,160.0,0.439,0.752,262,H,https://www.fantasypros.com/mlb/players/kyle-stowers.php,,,,,,,,,,,,,,kyle-stowers,Kyle Stowers (MIA - OF),Kyle Stowers,Stowers,MIA,OF,,.240|68R|24HR|75RBI|4SB,125,Kyle Stowers (MIA - OF),136,120,128.0,OF,Kyle Stowers (MIA - OF),https://images.fantasypros.com/images/players/mlb/22314/headshot/70x70.png,"Kyle Stowers (LF,RF,CF - MIA)",,Kyle Stowers (MIA - OF),Kyle Stowers,Stowers,MIA,OF,,".240|68R|24HR|75RBI|4SB
",3.0,211.0
125,Brandon Nimmo_TEX,556.0,81.0,21,71.0,9.0,0.251,0.323,139,26.0,2.0,59.0,138.0,0.425,0.747,315,H,https://www.fantasypros.com/mlb/players/brandon-nimmo.php,,,,,,,,,,,,,,brandon-nimmo,Brandon Nimmo (TEX - OF),Brandon Nimmo,Nimmo,TEX,OF,,.251|81R|21HR|71RBI|9SB,126,Brandon Nimmo (TEX - OF),117,142,130.0,OF,Brandon Nimmo (TEX - OF),https://images.fantasypros.com/images/players/mlb/4685/headshot/70x70.png,"Brandon Nimmo (LF,CF - TEX)",,Brandon Nimmo (TEX - OF),Brandon Nimmo,Nimmo,TEX,OF,,".251|81R|21HR|71RBI|9SB
",4.0,108.0
126,Robert Suarez_ATL,,,8,,,,,59,,,,,,,215,P,https://www.fantasypros.com/mlb/players/robert-suarez.php,67.5,72.0,4.0,10.0,3.61,1.18,27.0,21.0,66.0,0.0,3.0,0.0,9.6,robert-suarez,Robert Suarez (ATL - RP),Robert Suarez,Suarez,ATL,RP,,4-3-10SV|3.61|1.18|9.60K9,127,Robert Suarez (ATL - RP),131,131,131.0,RP,Robert Suarez (ATL - RP),https://images.fantasypros.com/images/players/mlb/45030/headshot/70x70.png,Robert Suarez (RP - ATL),,Robert Suarez (ATL - RP),Robert Suarez,Suarez,ATL,RP,,"4-3-10SV|3.61|1.18|9.60K9
",4.0,266.0
127,Jo Adell_LAA,503.0,69.0,30,80.0,9.0,0.237,0.291,119,21.0,2.0,38.0,149.0,0.467,0.758,281,H,https://www.fantasypros.com/mlb/players/jo-adell.php,,,,,,,,,,,,,,jo-adell,Jo Adell (LAA - OF),Jo Adell,Adell,LAA,OF,,.237|69R|30HR|80RBI|9SB,128,Jo Adell (LAA - OF),137,129,133.0,OF,Jo Adell (LAA - OF),https://images.fantasypros.com/images/players/mlb/6899/headshot/70x70.png,"Jo Adell (RF,CF - LAA)",,Jo Adell (LAA - OF),Jo Adell,Adell,LAA,OF,,".237|69R|30HR|80RBI|9SB
",5.0,171.0
128,Cam Schlittler_NYY,,,17,,,,,117,,,,,,,236,P,https://www.fantasypros.com/mlb/players/cam-schlittler.php,129.7,129.0,8.0,0.0,4.05,1.3,58.0,51.0,24.0,24.0,7.0,0.0,8.95,cam-schlittler,Cam Schlittler (NYY - SP),Cam Schlittler,Schlittler,NYY,SP,,8-7-0SV|4.05|1.30|8.95K9,129,Cam Schlittler (NYY - SP),134,132,133.0,SP,Cam Schlittler (NYY - SP),https://images.fantasypros.com/images/players/mlb/missing/headshot/70x70.png,Cam Schlittler (SP - NYY),,Cam Schlittler (NYY - SP),Cam Schlittler,Schlittler,NYY,SP,,"8-7-0SV|4.05|1.30|8.95K9
",4.0,247.0
129,Jackson Holliday_BAL,489.0,74.0,15,56.0,15.0,0.25,0.327,122,24.0,2.0,56.0,121.0,0.4,0.727,275,H,https://www.fantasypros.com/mlb/players/jackson-holliday.php,,,,,,,,,,,,,,jackson-holliday,Jackson Holliday (BAL - 2B),Jackson Holliday,Holliday,BAL,2B,,.250|74R|15HR|56RBI|15SB,130,Jackson Holliday (BAL - 2B),133,135,134.0,"2B,SS","Jackson Holliday (BAL - 2B,SS)",https://images.fantasypros.com/images/players/mlb/46268/headshot/70x70.png,Jackson Holliday (2B - BAL),,Jackson Holliday (BAL - 2B),Jackson Holliday,Holliday,BAL,2B,,".250|74R|15HR|56RBI|15SB
",4.0,183.0
130,Andy Pages_LAD,515.0,72.0,23,74.0,10.0,0.255,0.303,131,28.0,1.0,35.0,123.0,0.446,0.749,299,H,https://www.fantasypros.com/mlb/players/andy-pages.php,,,,,,,,,,,,,,andy-pages,Andy Pages (LAD - OF),Andy Pages,Pages,LAD,OF,,.255|72R|23HR|74RBI|10SB,131,Andy Pages (LAD - OF),150,122,136.0,OF,Andy Pages (LAD - OF),https://images.fantasypros.com/images/players/mlb/43671/headshot/70x70.png,"Andy Pages (CF,RF,LF - LAD)",,Andy Pages (LAD - OF),Andy Pages,Pages,LAD,OF,,".255|72R|23HR|74RBI|10SB
",5.0,136.0
131,Nathan Eovaldi_TEX,,,20,,,,,149,,,,,,,353,P,https://www.fantasypros.com/mlb/players/nathan-eovaldi.php,169.2,163.0,11.0,0.0,3.52,1.14,66.0,43.0,28.0,28.0,8.0,0.0,8.67,nathan-eovaldi,Nathan Eovaldi (TEX - SP),Nathan Eovaldi,Eovaldi,TEX,SP,,11-8-0SV|3.52|1.14|8.67K9,132,Nathan Eovaldi (TEX - SP),110,163,136.0,SP,Nathan Eovaldi (TEX - SP),https://images.fantasypros.com/images/players/mlb/4423/headshot/70x70.png,Nathan Eovaldi (SP - TEX),,Nathan Eovaldi (TEX - SP),Nathan Eovaldi,Eovaldi,TEX,SP,,"11-8-0SV|3.52|1.14|8.67K9
",4.0,63.0
132,Luis Robert Jr._NYM,479.0,64.0,20,61.0,29.0,0.235,0.293,113,21.0,1.0,39.0,148.0,0.409,0.701,242,H,https://www.fantasypros.com/mlb/players/luis-robert.php,,,,,,,,,,,,,,luis-robert,Luis Robert Jr. (NYM - OF),Luis Robert Jr.,Robert Jr.,NYM,OF,,.235|64R|20HR|61RBI|29SB,133,Luis Robert Jr. (NYM - OF),152,123,138.0,OF,Luis Robert Jr. (NYM - OF),https://images.fantasypros.com/images/players/mlb/6935/headshot/70x70.png,Luis Robert Jr. (CF - NYM),,Luis Robert Jr. (NYM - OF),Luis Robert Jr.,Robert Jr.,NYM,OF,,".235|64R|20HR|61RBI|29SB
",5.0,243.0
133,Jeff Hoffman_TOR,,,8,,,,,52,,,,,,,279,P,https://www.fantasypros.com/mlb/players/jeff-hoffman.php,63.8,75.0,3.0,26.0,3.59,1.17,25.0,23.0,64.0,0.0,3.0,0.0,10.58,jeff-hoffman,Jeff Hoffman (TOR - RP),Jeff Hoffman,Hoffman,TOR,RP,,3-3-26SV|3.59|1.17|10.58K9,134,Jeff Hoffman (TOR - RP),159,117,138.0,RP,Jeff Hoffman (TOR - RP),https://images.fantasypros.com/images/players/mlb/6014/headshot/70x70.png,Jeff Hoffman (RP - TOR),,Jeff Hoffman (TOR - RP),Jeff Hoffman,Hoffman,TOR,RP,,"3-3-26SV|3.59|1.17|10.58K9
",4.0,174.0
134,Jakob Marsee_MIA,490.0,70.0,13,51.0,31.0,0.231,0.318,113,23.0,4.0,63.0,127.0,0.366,0.684,272,H,https://www.fantasypros.com/mlb/players/jakob-marsee.php,,,,,,,,,,,,,,jakob-marsee,Jakob Marsee (MIA - OF),Jakob Marsee,Marsee,MIA,OF,,.231|70R|13HR|51RBI|31SB,135,Jakob Marsee (MIA - OF),130,146,138.0,OF,Jakob Marsee (MIA - OF),https://images.fantasypros.com/images/players/mlb/missing/headshot/70x70.png,"Jakob Marsee (CF,LF - MIA)",,Jakob Marsee (MIA - OF),Jakob Marsee,Marsee,MIA,OF,,".231|70R|13HR|51RBI|31SB
",3.0,191.0
135,Michael King_SD,,,22,,,,,148,,,,,,,330,P,https://www.fantasypros.com/mlb/players/michael-king.php,167.7,173.0,11.0,0.0,3.86,1.23,72.0,58.0,30.0,30.0,9.0,0.0,9.28,michael-king,Michael King (SD - SP),Michael King,King,SD,SP,,11-9-0SV|3.86|1.23|9.28K9,136,Michael King (SD - SP),135,141,138.0,SP,Michael King (SD - SP),https://images.fantasypros.com/images/players/mlb/8489/headshot/70x70.png,Michael King (SP - SD),,Michael King (SD - SP),Michael King,King,SD,SP,,"11-9-0SV|3.86|1.23|9.28K9
",2.0,84.0
136,Taylor Ward_BAL,551.0,78.0,26,80.0,5.0,0.242,0.321,133,25.0,2.0,64.0,153.0,0.437,0.758,316,H,https://www.fantasypros.com/mlb/players/taylor-ward.php,,,,,,,,,,,,,,taylor-ward,Taylor Ward (BAL - OF),Taylor Ward,Ward,BAL,OF,,.242|78R|26HR|80RBI|5SB,137,Taylor Ward (BAL - OF),120,157,138.0,OF,Taylor Ward (BAL - OF),https://images.fantasypros.com/images/players/mlb/6071/headshot/70x70.png,Taylor Ward (LF - BAL),,Taylor Ward (BAL - OF),Taylor Ward,Ward,BAL,OF,,".242|78R|26HR|80RBI|5SB
",1.0,107.0
137,Jacob Misiorowski_MIL,,,18,,,,,115,,,,,,,277,P,https://www.fantasypros.com/mlb/players/jacob-misiorowski.php,140.3,160.0,8.0,0.0,3.98,1.3,62.0,67.0,34.0,25.0,7.0,0.0,10.26,jacob-misiorowski,"Jacob Misiorowski (MIL - RP,SP)",Jacob Misiorowski,Misiorowski,MIL,"RP,SP",,8-7-0SV|3.98|1.30|10.26K9,138,"Jacob Misiorowski (MIL - RP,SP)",149,128,138.0,SP,Jacob Misiorowski (MIL - SP),https://images.fantasypros.com/images/players/mlb/46366/headshot/70x70.png,"Jacob Misiorowski (SP,RP - MIL)",,"Jacob Misiorowski (MIL - RP,SP)",Jacob Misiorowski,Misiorowski,MIL,"RP,SP",,"8-7-0SV|3.98|1.30|10.26K9
",0.0,180.0
138,Luke Keaschall_MIN,467.0,68.0,12,55.0,23.0,0.266,0.336,124,26.0,2.0,49.0,92.0,0.403,0.74,295,H,https://www.fantasypros.com/mlb/players/luke-keaschall.php,,,,,,,,,,,,,,luke-keaschall,Luke Keaschall (MIN - 2B),Luke Keaschall,Keaschall,MIN,2B,,.266|68R|12HR|55RBI|23SB,139,Luke Keaschall (MIN - 2B),141,139,140.0,2B,Luke Keaschall (MIN - 2B),https://images.fantasypros.com/images/players/mlb/47176/headshot/70x70.png,Luke Keaschall (2B - MIN),,Luke Keaschall (MIN - 2B),Luke Keaschall,Keaschall,MIN,2B,,".266|68R|12HR|55RBI|23SB
",1.0,146.0
139,Nick Lodolo_CIN,,,21,,,,,141,,,,,,,279,P,https://www.fantasypros.com/mlb/players/nick-lodolo.php,149.4,149.0,9.0,0.0,4.07,1.21,68.0,41.0,27.0,27.0,9.0,0.0,8.98,nick-lodolo,Nick Lodolo (CIN - SP),Nick Lodolo,Lodolo,CIN,SP,,9-9-0SV|4.07|1.21|8.98K9,140,Nick Lodolo (CIN - SP),147,134,140.0,SP,Nick Lodolo (CIN - SP),https://images.fantasypros.com/images/players/mlb/6953/headshot/70x70.png,Nick Lodolo (SP - CIN),,Nick Lodolo (CIN - SP),Nick Lodolo,Lodolo,CIN,SP,,"9-9-0SV|4.07|1.21|8.98K9
",0.0,175.0
140,Pete Fairbanks_MIA,,,7,,,,,55,,,,,,,260,P,https://www.fantasypros.com/mlb/players/pete-fairbanks.php,63.7,65.0,3.0,25.0,3.6,1.22,26.0,22.0,62.0,0.0,3.0,0.0,9.18,pete-fairbanks,Pete Fairbanks (MIA - RP),Pete Fairbanks,Fairbanks,MIA,RP,,3-3-25SV|3.60|1.22|9.18K9,141,Pete Fairbanks (MIA - RP),156,126,141.0,RP,Pete Fairbanks (MIA - RP),https://images.fantasypros.com/images/players/mlb/19909/headshot/70x70.png,Pete Fairbanks (RP - MIA),,Pete Fairbanks (MIA - RP),Pete Fairbanks,Fairbanks,MIA,RP,,"3-3-25SV|3.60|1.22|9.18K9
",0.0,218.0
141,Trey Yesavage_TOR,,,18,,,,,117,,,,,,,283,P,https://www.fantasypros.com/mlb/players/trey-yesavage.php,139.1,156.0,8.0,0.0,3.88,1.26,60.0,57.0,30.0,25.0,7.0,0.0,10.09,trey-yesavage,Trey Yesavage (TOR - SP),Trey Yesavage,Yesavage,TOR,SP,,8-7-0SV|3.88|1.26|10.09K9,142,Trey Yesavage (TOR - SP),127,155,141.0,SP,Trey Yesavage (TOR - SP),https://images.fantasypros.com/images/players/mlb/missing/headshot/70x70.png,Trey Yesavage (SP - TOR),,Trey Yesavage (TOR - SP),Trey Yesavage,Yesavage,TOR,SP,,"8-7-0SV|3.88|1.26|10.09K9
",-1.0,167.0
142,Ivan Herrera_STL,468.0,69.0,17,62.0,8.0,0.268,0.345,126,22.0,1.0,55.0,106.0,0.431,0.776,288,H,https://www.fantasypros.com/mlb/players/ivan-herrera.php,,,,,,,,,,,,,,ivan-herrera,"Ivan Herrera (STL - C,DH)",Ivan Herrera,Herrera,STL,"C,DH",,.268|69R|17HR|62RBI|8SB,143,"Ivan Herrera (STL - C,DH)",106,177,142.0,"C,DH","Ivan Herrera (STL - C,DH)",https://images.fantasypros.com/images/players/mlb/43691/headshot/70x70.png,"Ivan Herrera (C,DH - STL)",,"Ivan Herrera (STL - C,DH)",Ivan Herrera,Herrera,STL,"C,DH",,".268|69R|17HR|62RBI|8SB
",-1.0,155.0
143,Lawrence Butler_ATH,488.0,68.0,21,64.0,18.0,0.242,0.309,118,25.0,2.0,47.0,141.0,0.428,0.737,266,H,https://www.fantasypros.com/mlb/players/lawrence-butler.php,,,,,,,,,,,,,,lawrence-butler,Lawrence Butler (ATH - OF),Lawrence Butler,Butler,ATH,OF,,.242|68R|21HR|64RBI|18SB,144,Lawrence Butler (ATH - OF),140,143,142.0,OF,Lawrence Butler (ATH - OF),https://images.fantasypros.com/images/players/mlb/45753/headshot/70x70.png,"Lawrence Butler (RF,CF - ATH)",,Lawrence Butler (ATH - OF),Lawrence Butler,Butler,ATH,OF,,".242|68R|21HR|64RBI|18SB
",-2.0,200.0
144,Kenley Jansen_DET,,,8,,,,,51,,,,,,,246,P,https://www.fantasypros.com/mlb/players/kenley-jansen.php,60.3,62.0,3.0,24.0,3.94,1.2,26.0,22.0,59.0,0.0,3.0,0.0,9.25,kenley-jansen,Kenley Jansen (DET - RP),Kenley Jansen,Jansen,DET,RP,,3-3-24SV|3.94|1.20|9.25K9,145,Kenley Jansen (DET - RP),160,124,142.0,RP,Kenley Jansen (DET - RP),https://images.fantasypros.com/images/players/mlb/3630/headshot/70x70.png,Kenley Jansen (RP - DET),,Kenley Jansen (DET - RP),Kenley Jansen,Jansen,DET,RP,,"3-3-24SV|3.94|1.20|9.25K9
",-3.0,235.0
145,Emilio Pagan_CIN,,,11,,,,,57,,,,,,,273,P,https://www.fantasypros.com/mlb/players/emilio-pagan.php,66.9,74.0,3.0,26.0,4.01,1.2,30.0,23.0,67.0,0.0,3.0,0.0,9.96,emilio-pagan,Emilio Pagan (CIN - RP),Emilio Pagan,Pagan,CIN,RP,,3-3-26SV|4.01|1.20|9.96K9,146,Emilio Pagan (CIN - RP),148,136,142.0,RP,Emilio Pagan (CIN - RP),https://images.fantasypros.com/images/players/mlb/7143/headshot/70x70.png,Emilio Pagan (RP - CIN),,Emilio Pagan (CIN - RP),Emilio Pagan,Pagan,CIN,RP,,"3-3-26SV|4.01|1.20|9.96K9
",-4.0,188.0
146,Adley Rutschman_BAL,488.0,67.0,17,65.0,1.0,0.251,0.335,122,24.0,1.0,61.0,88.0,0.415,0.749,306,H,https://www.fantasypros.com/mlb/players/adley-rutschman.php,,,,,,,,,,,,,,adley-rutschman,"Adley Rutschman (BAL - C,DH)",Adley Rutschman,Rutschman,BAL,"C,DH",,.251|67R|17HR|65RBI|1SB,147,"Adley Rutschman (BAL - C,DH)",138,153,146.0,C,Adley Rutschman (BAL - C),https://images.fantasypros.com/images/players/mlb/8022/headshot/70x70.png,"Adley Rutschman (C,DH - BAL)",,"Adley Rutschman (BAL - C,DH)",Adley Rutschman,Rutschman,BAL,"C,DH",,".251|67R|17HR|65RBI|1SB
",-1.0,127.0
147,Sandy Alcantara_MIA,,,21,,,,,173,,,,,,,283,P,https://www.fantasypros.com/mlb/players/sandy-alcantara.php,177.0,147.0,10.0,0.0,4.21,1.28,83.0,54.0,30.0,30.0,11.0,0.0,7.47,sandy-alcantara,Sandy Alcantara (MIA - SP),Sandy Alcantara,Alcantara,MIA,SP,,10-11-0SV|4.21|1.28|7.47K9,148,Sandy Alcantara (MIA - SP),143,154,148.0,SP,Sandy Alcantara (MIA - SP),https://images.fantasypros.com/images/players/mlb/7109/headshot/70x70.png,Sandy Alcantara (SP - MIA),,Sandy Alcantara (MIA - SP),Sandy Alcantara,Alcantara,MIA,SP,,"10-11-0SV|4.21|1.28|7.47K9
",0.0,168.0
148,Daniel Palencia_CHC,,,7,,,,,57,,,,,,,290,P,https://www.fantasypros.com/mlb/players/daniel-palencia.php,67.9,77.0,3.0,28.0,3.67,1.25,28.0,28.0,66.0,0.0,3.0,0.0,10.21,daniel-palencia,Daniel Palencia (CHC - RP),Daniel Palencia,Palencia,CHC,RP,,3-3-28SV|3.67|1.25|10.21K9,149,Daniel Palencia (CHC - RP),154,145,150.0,RP,Daniel Palencia (CHC - RP),https://images.fantasypros.com/images/players/mlb/44792/headshot/70x70.png,Daniel Palencia (RP - CHC),,Daniel Palencia (CHC - RP),Daniel Palencia,Palencia,CHC,RP,,"3-3-28SV|3.67|1.25|10.21K9
",1.0,152.0
149,Gavin Williams_CLE,,,21,,,,,147,,,,,,,302,P,https://www.fantasypros.com/mlb/players/gavin-williams.php,167.3,169.0,10.0,0.0,4.03,1.31,75.0,72.0,30.0,30.0,10.0,0.0,9.09,gavin-williams,Gavin Williams (CLE - SP),Gavin Williams,Williams,CLE,SP,,10-10-0SV|4.03|1.31|9.09K9,150,Gavin Williams (CLE - SP),151,150,150.0,SP,Gavin Williams (CLE - SP),https://images.fantasypros.com/images/players/mlb/44694/headshot/70x70.png,Gavin Williams (SP - CLE),,Gavin Williams (CLE - SP),Gavin Williams,Williams,CLE,SP,,"10-10-0SV|4.03|1.31|9.09K9
",0.0,133.0
150,Noelvi Marte_CIN,501.0,67.0,18,63.0,16.0,0.252,0.3,126,25.0,2.0,34.0,124.0,0.418,0.718,265,H,https://www.fantasypros.com/mlb/players/noelvi-marte.php,,,,,,,,,,,,,,noelvi-marte,"Noelvi Marte (CIN - 3B,OF)",Noelvi Marte,Marte,CIN,"3B,OF",,.252|67R|18HR|63RBI|16SB,151,"Noelvi Marte (CIN - 3B,OF)",172,130,151.0,"3B,OF","Noelvi Marte (CIN - 3B,OF)",https://images.fantasypros.com/images/players/mlb/8284/headshot/70x70.png,"Noelvi Marte (3B,RF - CIN)",,"Noelvi Marte (CIN - 3B,OF)",Noelvi Marte,Marte,CIN,"3B,OF",,".252|67R|18HR|63RBI|16SB
",0.0,204.0
151,Emmet Sheehan_LAD,,,19,,,,,110,,,,,,,289,P,https://www.fantasypros.com/mlb/players/emmet-sheehan.php,132.5,152.0,8.0,0.0,3.81,1.17,56.0,45.0,35.0,22.0,6.0,0.0,10.32,emmet-sheehan,Emmet Sheehan (LAD - SP),Emmet Sheehan,Sheehan,LAD,SP,,8-6-0SV|3.81|1.17|10.32K9,152,Emmet Sheehan (LAD - SP),164,140,152.0,SP,Emmet Sheehan (LAD - SP),https://images.fantasypros.com/images/players/mlb/45411/headshot/70x70.png,Emmet Sheehan (SP - LAD),,Emmet Sheehan (LAD - SP),Emmet Sheehan,Sheehan,LAD,SP,,"8-6-0SV|3.81|1.17|10.32K9
",0.0,153.0
152,Luis Castillo_SEA,,,25,,,,,163,,,,,,,332,P,https://www.fantasypros.com/mlb/players/luis-castillo.php,178.1,166.0,11.0,0.0,3.94,1.2,78.0,51.0,30.0,30.0,10.0,0.0,8.39,luis-castillo,Luis Castillo (SEA - SP),Luis Castillo,Castillo,SEA,SP,,11-10-0SV|3.94|1.20|8.39K9,153,Luis Castillo (SEA - SP),145,162,154.0,SP,Luis Castillo (SEA - SP),https://images.fantasypros.com/images/players/mlb/3679/headshot/70x70.png,Luis Castillo (SP - SEA),,Luis Castillo (SEA - SP),Luis Castillo,Castillo,SEA,SP,,"11-10-0SV|3.94|1.20|8.39K9
",1.0,83.0
153,Ceddanne Rafaela_BOS,517.0,67.0,17,63.0,21.0,0.254,0.289,131,28.0,3.0,26.0,119.0,0.415,0.703,275,H,https://www.fantasypros.com/mlb/players/ceddanne-rafaela.php,,,,,,,,,,,,,,ceddanne-rafaela,"Ceddanne Rafaela (BOS - 2B,OF,SS)",Ceddanne Rafaela,Rafaela,BOS,"2B,OF,SS",,.254|67R|17HR|63RBI|21SB,154,"Ceddanne Rafaela (BOS - 2B,OF,SS)",170,138,154.0,"2B,OF","Ceddanne Rafaela (BOS - 2B,OF)",https://images.fantasypros.com/images/players/mlb/45510/headshot/70x70.png,"Ceddanne Rafaela (SS,CF,2B - BOS)",,"Ceddanne Rafaela (BOS - 2B,OF,SS)",Ceddanne Rafaela,Rafaela,BOS,"2B,OF,SS",,".254|67R|17HR|63RBI|21SB
",0.0,184.0
154,Shane Bieber_TOR,,,18,,,,,133,,,,,,,256,P,https://www.fantasypros.com/mlb/players/shane-bieber.php,138.2,125.0,9.0,0.0,3.9,1.21,60.0,35.0,24.0,24.0,7.0,0.0,8.14,shane-bieber,Shane Bieber (TOR - SP),Shane Bieber,Bieber,TOR,SP,,9-7-0SV|3.90|1.21|8.14K9,155,Shane Bieber (TOR - SP),157,151,154.0,SP,Shane Bieber (TOR - SP),https://images.fantasypros.com/images/players/mlb/7178/headshot/70x70.png,Shane Bieber (SP - TOR),,Shane Bieber (TOR - SP),Shane Bieber,Bieber,TOR,SP,,"9-7-0SV|3.90|1.21|8.14K9
",-1.0,225.0
155,Trevor Rogers_BAL,,,21,,,,,157,,,,,,,273,P,https://www.fantasypros.com/mlb/players/trevor-rogers.php,164.5,141.0,10.0,0.0,4.14,1.29,76.0,55.0,28.0,28.0,9.0,0.0,7.71,trevor-rogers,Trevor Rogers (BAL - SP),Trevor Rogers,Rogers,BAL,SP,,10-9-0SV|4.14|1.29|7.71K9,156,Trevor Rogers (BAL - SP),142,169,156.0,SP,Trevor Rogers (BAL - SP),https://images.fantasypros.com/images/players/mlb/6995/headshot/70x70.png,Trevor Rogers (SP - BAL),,Trevor Rogers (BAL - SP),Trevor Rogers,Rogers,BAL,SP,,"10-9-0SV|4.14|1.29|7.71K9
",0.0,189.0
156,Ozzie Albies_ATL,534.0,68.0,17,69.0,10.0,0.251,0.308,134,27.0,2.0,44.0,89.0,0.409,0.716,319,H,https://www.fantasypros.com/mlb/players/ozhaino-albies.php,,,,,,,,,,,,,,ozhaino-albies,Ozzie Albies (ATL - 2B),Ozzie Albies,Albies,ATL,2B,,.251|68R|17HR|69RBI|10SB,157,Ozzie Albies (ATL - 2B),146,165,156.0,2B,Ozzie Albies (ATL - 2B),https://images.fantasypros.com/images/players/mlb/5980/headshot/70x70.png,Ozzie Albies (2B - ATL),,Ozzie Albies (ATL - 2B),Ozzie Albies,Albies,ATL,2B,,".251|68R|17HR|69RBI|10SB
",-1.0,101.0
157,Ryan Pepiot_TB,,,26,,,,,150,,,,,,,310,P,https://www.fantasypros.com/mlb/players/ryan-pepiot.php,168.4,171.0,10.0,0.0,4.17,1.25,78.0,60.0,31.0,31.0,10.0,0.0,9.14,ryan-pepiot,Ryan Pepiot (TB - SP),Ryan Pepiot,Pepiot,TB,SP,,10-10-0SV|4.17|1.25|9.14K9,158,Ryan Pepiot (TB - SP),167,147,157.0,SP,Ryan Pepiot (TB - SP),https://images.fantasypros.com/images/players/mlb/38313/headshot/70x70.png,Ryan Pepiot (SP - TB),,Ryan Pepiot (TB - SP),Ryan Pepiot,Pepiot,TB,SP,,"10-10-0SV|4.17|1.25|9.14K9
",-1.0,115.0
158,Chandler Simpson_TB,402.0,51.0,2,33.0,39.0,0.282,0.323,113,16.0,3.0,24.0,48.0,0.346,0.669,240,H,https://www.fantasypros.com/mlb/players/chandler-simpson.php,,,,,,,,,,,,,,chandler-simpson,Chandler Simpson (TB - OF),Chandler Simpson,Simpson,TB,OF,,.282|51R|2HR|33RBI|39SB,159,Chandler Simpson (TB - OF),162,152,157.0,OF,Chandler Simpson (TB - OF),https://images.fantasypros.com/images/players/mlb/missing/headshot/70x70.png,"Chandler Simpson (LF,CF - TB)",,Chandler Simpson (TB - OF),Chandler Simpson,Simpson,TB,OF,,".282|51R|2HR|33RBI|39SB
",-2.0,245.0
159,Ian Happ_CHC,553.0,80.0,21,76.0,8.0,0.239,0.335,132,29.0,1.0,80.0,152.0,0.413,0.748,319,H,https://www.fantasypros.com/mlb/players/ian-happ.php,,,,,,,,,,,,,,ian-happ,Ian Happ (CHC - OF),Ian Happ,Happ,CHC,OF,,.239|80R|21HR|76RBI|8SB,160,Ian Happ (CHC - OF),139,178,158.0,OF,Ian Happ (CHC - OF),https://images.fantasypros.com/images/players/mlb/6008/headshot/70x70.png,Ian Happ (LF - CHC),,Ian Happ (CHC - OF),Ian Happ,Happ,CHC,OF,,".239|80R|21HR|76RBI|8SB
",-2.0,102.0
160,Steven Kwan_CLE,566.0,79.0,9,55.0,18.0,0.273,0.34,154,28.0,2.0,58.0,59.0,0.379,0.719,365,H,https://www.fantasypros.com/mlb/players/steven-kwan.php,,,,,,,,,,,,,,steven-kwan,Steven Kwan (CLE - OF),Steven Kwan,Kwan,CLE,OF,,.273|79R|9HR|55RBI|18SB,161,Steven Kwan (CLE - OF),153,164,158.0,OF,Steven Kwan (CLE - OF),https://images.fantasypros.com/images/players/mlb/44349/headshot/70x70.png,Steven Kwan (LF - CLE),,Steven Kwan (CLE - OF),Steven Kwan,Kwan,CLE,OF,,".273|79R|9HR|55RBI|18SB
",-3.0,54.0
161,Dansby Swanson_CHC,555.0,71.0,20,71.0,15.0,0.239,0.303,133,24.0,2.0,51.0,155.0,0.402,0.706,274,H,https://www.fantasypros.com/mlb/players/dansby-swanson.php,,,,,,,,,,,,,,dansby-swanson,Dansby Swanson (CHC - SS),Dansby Swanson,Swanson,CHC,SS,,.239|71R|20HR|71RBI|15SB,162,Dansby Swanson (CHC - SS),174,144,159.0,SS,Dansby Swanson (CHC - SS),https://images.fantasypros.com/images/players/mlb/5965/headshot/70x70.png,Dansby Swanson (SS - CHC),,Dansby Swanson (CHC - SS),Dansby Swanson,Swanson,CHC,SS,,".239|71R|20HR|71RBI|15SB
",-3.0,185.0
162,Robbie Ray_SF,,,25,,,,,153,,,,,,,310,P,https://www.fantasypros.com/mlb/players/robbie-ray.php,171.4,178.0,10.0,0.0,4.28,1.28,81.0,67.0,30.0,30.0,10.0,0.0,9.35,robbie-ray,Robbie Ray (SF - SP),Robbie Ray,Ray,SF,SP,,10-10-0SV|4.28|1.28|9.35K9,163,Robbie Ray (SF - SP),173,148,160.0,SP,Robbie Ray (SF - SP),https://images.fantasypros.com/images/players/mlb/5484/headshot/70x70.png,Robbie Ray (SP - SF),,Robbie Ray (SF - SP),Robbie Ray,Ray,SF,SP,,"10-10-0SV|4.28|1.28|9.35K9
",-3.0,116.0
163,Alejandro Kirk_TOR,423.0,56.0,15,59.0,1.0,0.27,0.342,114,20.0,0.0,47.0,59.0,0.426,0.769,284,H,https://www.fantasypros.com/mlb/players/alejandro-kirk.php,,,,,,,,,,,,,,alejandro-kirk,Alejandro Kirk (TOR - C),Alejandro Kirk,Kirk,TOR,C,,.270|56R|15HR|59RBI|1SB,164,Alejandro Kirk (TOR - C),166,156,161.0,C,Alejandro Kirk (TOR - C),https://images.fantasypros.com/images/players/mlb/43675/headshot/70x70.png,Alejandro Kirk (C - TOR),,Alejandro Kirk (TOR - C),Alejandro Kirk,Kirk,TOR,C,,".270|56R|15HR|59RBI|1SB
",-3.0,160.0
164,Shota Imanaga_CHC,,,26,,,,,145,,,,,,,284,P,https://www.fantasypros.com/mlb/players/shota-imanaga.php,154.8,140.0,10.0,0.0,4.14,1.16,71.0,35.0,27.0,27.0,9.0,0.0,8.14,shota-imanaga,Shota Imanaga (CHC - SP),Shota Imanaga,Imanaga,CHC,SP,,10-9-0SV|4.14|1.16|8.14K9,165,Shota Imanaga (CHC - SP),161,172,166.0,SP,Shota Imanaga (CHC - SP),https://images.fantasypros.com/images/players/mlb/6979/headshot/70x70.png,Shota Imanaga (SP - CHC),,Shota Imanaga (CHC - SP),Shota Imanaga,Imanaga,CHC,SP,,"10-9-0SV|4.14|1.16|8.14K9
",1.0,161.0
165,Abner Uribe_MIL,,,6,,,,,55,,,,,,,281,P,https://www.fantasypros.com/mlb/players/abner-uribe.php,71.3,84.0,4.0,19.0,3.02,1.22,24.0,31.0,72.0,0.0,3.0,0.0,10.6,abner-uribe,Abner Uribe (MIL - RP),Abner Uribe,Uribe,MIL,RP,,4-3-19SV|3.02|1.22|10.60K9,166,Abner Uribe (MIL - RP),165,170,168.0,RP,Abner Uribe (MIL - RP),https://images.fantasypros.com/images/players/mlb/45146/headshot/70x70.png,Abner Uribe (RP - MIL),,Abner Uribe (MIL - RP),Abner Uribe,Uribe,MIL,RP,,"4-3-19SV|3.02|1.22|10.60K9
",2.0,172.0
166,Drew Rasmussen_TB,,,19,,,,,149,,,,,,,307,P,https://www.fantasypros.com/mlb/players/drew-rasmussen.php,161.2,147.0,10.0,0.0,3.73,1.19,67.0,43.0,30.0,30.0,9.0,0.0,8.21,drew-rasmussen,"Drew Rasmussen (TB - RP,SP)",Drew Rasmussen,Rasmussen,TB,"RP,SP",,10-9-0SV|3.73|1.19|8.21K9,167,"Drew Rasmussen (TB - RP,SP)",180,158,169.0,SP,Drew Rasmussen (TB - SP),https://images.fantasypros.com/images/players/mlb/43665/headshot/70x70.png,"Drew Rasmussen (SP,RP - TB)",,"Drew Rasmussen (TB - RP,SP)",Drew Rasmussen,Rasmussen,TB,"RP,SP",,"10-9-0SV|3.73|1.19|8.21K9
",2.0,123.0
167,Colson Montgomery_CWS,498.0,65.0,23,70.0,3.0,0.222,0.291,111,20.0,2.0,49.0,162.0,0.414,0.705,230,H,https://www.fantasypros.com/mlb/players/colson-montgomery.php,,,,,,,,,,,,,,colson-montgomery,"Colson Montgomery (CWS - 3B,SS)",Colson Montgomery,Montgomery,CWS,"3B,SS",,.222|65R|23HR|70RBI|3SB,168,"Colson Montgomery (CWS - 3B,SS)",132,213,172.0,"3B,SS","Colson Montgomery (CWS - 3B,SS)",https://images.fantasypros.com/images/players/mlb/44692/headshot/70x70.png,"Colson Montgomery (SS,3B - CWS)",,"Colson Montgomery (CWS - 3B,SS)",Colson Montgomery,Montgomery,CWS,"3B,SS",,".222|65R|23HR|70RBI|3SB
",4.0,255.0
168,Carlos Rodon_NYY,,,22,,,,,130,,,,,,,296,P,https://www.fantasypros.com/mlb/players/carlos-rodon.php,151.1,160.0,10.0,0.0,4.03,1.22,68.0,55.0,26.0,26.0,8.0,0.0,9.53,carlos-rodon,Carlos Rodon (NYY - SP),Carlos Rodon,Rodon,NYY,SP,,10-8-0SV|4.03|1.22|9.53K9,169,Carlos Rodon (NYY - SP),155,190,172.0,SP,Carlos Rodon (NYY - SP),https://images.fantasypros.com/images/players/mlb/5674/headshot/70x70.png,Carlos Rodon (SP - NYY),,Carlos Rodon (NYY - SP),Carlos Rodon,Rodon,NYY,SP,,"10-8-0SV|4.03|1.22|9.53K9
",3.0,142.0
169,Bubba Chandler_PIT,,,19,,,,,141,,,,,,,249,P,https://www.fantasypros.com/mlb/players/bubba-chandler.php,149.3,140.0,8.0,0.0,4.26,1.32,71.0,56.0,33.0,26.0,9.0,0.0,8.44,bubba-chandler,Bubba Chandler (PIT - SP),Bubba Chandler,Chandler,PIT,SP,,8-9-0SV|4.26|1.32|8.44K9,170,Bubba Chandler (PIT - SP),185,161,173.0,SP,Bubba Chandler (PIT - SP),https://images.fantasypros.com/images/players/mlb/missing/headshot/70x70.png,Bubba Chandler (SP - PIT),,Bubba Chandler (PIT - SP),Bubba Chandler,Chandler,PIT,SP,,"8-9-0SV|4.26|1.32|8.44K9
",3.0,231.0
170,Jacob Wilson_ATH,515.0,68.0,12,62.0,6.0,0.296,0.337,153,30.0,1.0,31.0,48.0,0.425,0.762,340,H,https://www.fantasypros.com/mlb/players/jacob-wilson-ss.php,,,,,,,,,,,,,,jacob-wilson-ss,Jacob Wilson (ATH - SS),Jacob Wilson,Wilson,ATH,SS,,.296|68R|12HR|62RBI|6SB,171,Jacob Wilson (ATH - SS),179,167,173.0,SS,Jacob Wilson (ATH - SS),https://images.fantasypros.com/images/players/mlb/47235/headshot/70x70.png,Jacob Wilson (SS - ATH),,Jacob Wilson (ATH - SS),Jacob Wilson,Wilson,ATH,SS,,".296|68R|12HR|62RBI|6SB
",2.0,73.0
171,Jurickson Profar_ATL,531.0,76.0,18,69.0,9.0,0.25,0.336,133,25.0,1.0,68.0,102.0,0.402,0.737,334,H,https://www.fantasypros.com/mlb/players/jurickson-profar.php,,,,,,,,,,,,,,jurickson-profar,Jurickson Profar (ATL - OF),Jurickson Profar,Profar,ATL,OF,,.250|76R|18HR|69RBI|9SB,172,Jurickson Profar (ATL - OF),168,180,174.0,OF,Jurickson Profar (ATL - OF),https://images.fantasypros.com/images/players/mlb/4581/headshot/70x70.png,Jurickson Profar (LF - ATL),,Jurickson Profar (ATL - OF),Jurickson Profar,Profar,ATL,OF,,".250|76R|18HR|69RBI|9SB
",2.0,82.0
172,Jonathan Aranda_TB,483.0,67.0,20,71.0,1.0,0.261,0.336,126,23.0,1.0,55.0,139.0,0.435,0.771,266,H,https://www.fantasypros.com/mlb/players/jonathan-aranda.php,,,,,,,,,,,,,,jonathan-aranda,"Jonathan Aranda (TB - 1B,DH)",Jonathan Aranda,Aranda,TB,"1B,DH",,.261|67R|20HR|71RBI|1SB,173,"Jonathan Aranda (TB - 1B,DH)",169,179,174.0,1B,Jonathan Aranda (TB - 1B),https://images.fantasypros.com/images/players/mlb/45018/headshot/70x70.png,"Jonathan Aranda (1B,DH - TB)",,"Jonathan Aranda (TB - 1B,DH)",Jonathan Aranda,Aranda,TB,"1B,DH",,".261|67R|20HR|71RBI|1SB
",1.0,201.0
173,Brandon Lowe_PIT,487.0,68.0,23,70.0,5.0,0.242,0.306,118,23.0,1.0,45.0,139.0,0.439,0.745,261,H,https://www.fantasypros.com/mlb/players/brandon-lowe.php,,,,,,,,,,,,,,brandon-lowe,"Brandon Lowe (PIT - 2B,DH)",Brandon Lowe,Lowe,PIT,"2B,DH",,.242|68R|23HR|70RBI|5SB,174,"Brandon Lowe (PIT - 2B,DH)",177,173,175.0,2B,Brandon Lowe (PIT - 2B),https://images.fantasypros.com/images/players/mlb/7236/headshot/70x70.png,"Brandon Lowe (2B,DH - PIT)",,"Brandon Lowe (PIT - 2B,DH)",Brandon Lowe,Lowe,PIT,"2B,DH",,".242|68R|23HR|70RBI|5SB
",1.0,214.0
174,Dennis Santana_PIT,,,8,,,,,64,,,,,,,260,P,https://www.fantasypros.com/mlb/players/dennis-santana.php,68.9,64.0,4.0,25.0,3.99,1.28,31.0,24.0,68.0,0.0,3.0,0.0,8.36,dennis-santana,Dennis Santana (PIT - RP),Dennis Santana,Santana,PIT,RP,,4-3-25SV|3.99|1.28|8.36K9,175,Dennis Santana (PIT - RP),193,159,176.0,RP,Dennis Santana (PIT - RP),https://images.fantasypros.com/images/players/mlb/7410/headshot/70x70.png,Dennis Santana (RP - PIT),,Dennis Santana (PIT - RP),Dennis Santana,Santana,PIT,RP,,"4-3-25SV|3.99|1.28|8.36K9
",1.0,219.0
175,Willson Contreras_BOS,474.0,68.0,21,72.0,5.0,0.248,0.32,118,23.0,1.0,50.0,140.0,0.44,0.761,260,H,https://www.fantasypros.com/mlb/players/willson-contreras.php,,,,,,,,,,,,,,willson-contreras,"Willson Contreras (BOS - 1B,C,DH)",Willson Contreras,Contreras,BOS,"1B,C,DH",,.248|68R|21HR|72RBI|5SB,176,"Willson Contreras (BOS - 1B,C,DH)",158,198,178.0,1B,Willson Contreras (BOS - 1B),https://images.fantasypros.com/images/players/mlb/5919/headshot/70x70.png,"Willson Contreras (C,DH,1B - BOS)",,"Willson Contreras (BOS - 1B,C,DH)",Willson Contreras,Contreras,BOS,"1B,C,DH",,".248|68R|21HR|72RBI|5SB
",2.0,220.0
176,Christian Walker_HOU,525.0,69.0,26,78.0,3.0,0.229,0.294,121,22.0,1.0,48.0,150.0,0.424,0.718,270,H,https://www.fantasypros.com/mlb/players/christian-walker.php,,,,,,,,,,,,,,christian-walker,Christian Walker (HOU - 1B),Christian Walker,Walker,HOU,1B,,.229|69R|26HR|78RBI|3SB,177,Christian Walker (HOU - 1B),171,185,178.0,1B,Christian Walker (HOU - 1B),https://images.fantasypros.com/images/players/mlb/4905/headshot/70x70.png,Christian Walker (1B - HOU),,Christian Walker (HOU - 1B),Christian Walker,Walker,HOU,1B,,".229|69R|26HR|78RBI|3SB
",1.0,195.0
177,Mike Trout_LAA,448.0,68.0,25,70.0,4.0,0.235,0.338,105,18.0,2.0,70.0,159.0,0.455,0.793,260,H,https://www.fantasypros.com/mlb/players/mike-trout.php,,,,,,,,,,,,,,mike-trout,"Mike Trout (LAA - DH,OF)",Mike Trout,Trout,LAA,"DH,OF",,.235|68R|25HR|70RBI|4SB,178,"Mike Trout (LAA - DH,OF)",163,194,178.0,"DH,OF","Mike Trout (LAA - DH,OF)",https://images.fantasypros.com/images/players/mlb/3785/headshot/70x70.png,"Mike Trout (CF,RF,DH - LAA)",,"Mike Trout (LAA - DH,OF)",Mike Trout,Trout,LAA,"DH,OF",,".235|68R|25HR|70RBI|4SB
",0.0,221.0
178,Ranger Suarez_BOS,,,19,,,,,162,,,,,,,312,P,https://www.fantasypros.com/mlb/players/ranger-suarez.php,169.5,150.0,11.0,0.0,3.72,1.24,70.0,49.0,29.0,29.0,9.0,0.0,7.96,ranger-suarez,Ranger Suarez (BOS - SP),Ranger Suarez,Suarez,BOS,SP,,11-9-0SV|3.72|1.24|7.96K9,179,Ranger Suarez (BOS - SP),175,183,179.0,SP,Ranger Suarez (BOS - SP),https://images.fantasypros.com/images/players/mlb/7247/headshot/70x70.png,Ranger Suarez (SP - BOS),,Ranger Suarez (BOS - SP),Ranger Suarez,Suarez,BOS,SP,,"11-9-0SV|3.72|1.24|7.96K9
",0.0,113.0
179,Matt Chapman_SF,542.0,78.0,24,77.0,9.0,0.236,0.323,128,28.0,2.0,70.0,155.0,0.428,0.751,312,H,https://www.fantasypros.com/mlb/players/matt-chapman.php,,,,,,,,,,,,,,matt-chapman,Matt Chapman (SF - 3B),Matt Chapman,Chapman,SF,3B,,.236|78R|24HR|77RBI|9SB,180,Matt Chapman (SF - 3B),190,171,180.0,3B,Matt Chapman (SF - 3B),https://images.fantasypros.com/images/players/mlb/6315/headshot/70x70.png,Matt Chapman (3B - SF),,Matt Chapman (SF - 3B),Matt Chapman,Chapman,SF,3B,,".236|78R|24HR|77RBI|9SB
",0.0,114.0
180,Alec Burleson_STL,523.0,66.0,19,73.0,5.0,0.269,0.321,140,25.0,1.0,40.0,82.0,0.436,0.757,326,H,https://www.fantasypros.com/mlb/players/alec-burleson.php,,,,,,,,,,,,,,alec-burleson,"Alec Burleson (STL - 1B,DH,OF)",Alec Burleson,Burleson,STL,"1B,DH,OF",,.269|66R|19HR|73RBI|5SB,181,"Alec Burleson (STL - 1B,DH,OF)",178,189,184.0,"1B,DH,OF","Alec Burleson (STL - 1B,DH,OF)",https://images.fantasypros.com/images/players/mlb/43889/headshot/70x70.png,"Alec Burleson (LF,RF,DH,1B - STL)",,"Alec Burleson (STL - 1B,DH,OF)",Alec Burleson,Burleson,STL,"1B,DH,OF",,".269|66R|19HR|73RBI|5SB
",3.0,89.0
181,Tanner Bibee_CLE,,,25,,,,,166,,,,,,,322,P,https://www.fantasypros.com/mlb/players/tanner-bibee.php,178.6,165.0,10.0,0.0,4.04,1.23,80.0,53.0,31.0,31.0,10.0,0.0,8.31,tanner-bibee,Tanner Bibee (CLE - SP),Tanner Bibee,Bibee,CLE,SP,,10-10-0SV|4.04|1.23|8.31K9,182,Tanner Bibee (CLE - SP),186,184,185.0,SP,Tanner Bibee (CLE - SP),https://images.fantasypros.com/images/players/mlb/45056/headshot/70x70.png,Tanner Bibee (SP - CLE),,Tanner Bibee (CLE - SP),Tanner Bibee,Bibee,CLE,SP,,"10-10-0SV|4.04|1.23|8.31K9
",3.0,97.0
182,Samuel Basallo_BAL,364.0,48.0,16,50.0,3.0,0.242,0.301,88,17.0,1.0,31.0,95.0,0.423,0.724,192,H,https://www.fantasypros.com/mlb/players/samuel-basallo.php,,,,,,,,,,,,,,samuel-basallo,"Samuel Basallo (BAL - 1B,C)",Samuel Basallo,Basallo,BAL,"1B,C",,.242|48R|16HR|50RBI|3SB,183,"Samuel Basallo (BAL - 1B,C)",204,168,186.0,C,Samuel Basallo (BAL - C),https://images.fantasypros.com/images/players/mlb/missing/headshot/70x70.png,"Samuel Basallo (C,1B - BAL)",,"Samuel Basallo (BAL - 1B,C)",Samuel Basallo,Basallo,BAL,"1B,C",,".242|48R|16HR|50RBI|3SB
",3.0,279.0
183,Kyle Teel_CWS,388.0,52.0,12,45.0,5.0,0.246,0.329,96,17.0,1.0,48.0,112.0,0.388,0.717,187,H,https://www.fantasypros.com/mlb/players/kyle-teel.php,,,,,,,,,,,,,,kyle-teel,"Kyle Teel (CWS - C,DH)",Kyle Teel,Teel,CWS,"C,DH",,.246|52R|12HR|45RBI|5SB,184,"Kyle Teel (CWS - C,DH)",191,182,186.0,C,Kyle Teel (CWS - C),https://images.fantasypros.com/images/players/mlb/47214/headshot/70x70.png,"Kyle Teel (C,DH - CWS)",,"Kyle Teel (CWS - C,DH)",Kyle Teel,Teel,CWS,"C,DH",,".246|52R|12HR|45RBI|5SB
",2.0,280.0
184,Cade Horton_CHC,,,17,,,,,122,,,,,,,224,P,https://www.fantasypros.com/mlb/players/cade-horton.php,130.6,115.0,8.0,0.0,4.13,1.26,60.0,43.0,24.0,24.0,7.0,0.0,7.92,cade-horton,Cade Horton (CHC - SP),Cade Horton,Horton,CHC,SP,,8-7-0SV|4.13|1.26|7.92K9,185,Cade Horton (CHC - SP),181,193,187.0,SP,Cade Horton (CHC - SP),https://images.fantasypros.com/images/players/mlb/46423/headshot/70x70.png,Cade Horton (SP - CHC),,Cade Horton (CHC - SP),Cade Horton,Horton,CHC,SP,,"8-7-0SV|4.13|1.26|7.92K9
",2.0,263.0
185,Spencer Torkelson_DET,536.0,73.0,26,79.0,2.0,0.232,0.315,124,27.0,1.0,65.0,159.0,0.425,0.74,294,H,https://www.fantasypros.com/mlb/players/spencer-torkelson-if.php,,,,,,,,,,,,,,spencer-torkelson-if,"Spencer Torkelson (DET - 1B,DH)",Spencer Torkelson,Torkelson,DET,"1B,DH",,.232|73R|26HR|79RBI|2SB,186,"Spencer Torkelson (DET - 1B,DH)",188,186,187.0,1B,Spencer Torkelson (DET - 1B),https://images.fantasypros.com/images/players/mlb/43877/headshot/70x70.png,"Spencer Torkelson (1B,DH - DET)",,"Spencer Torkelson (DET - 1B,DH)",Spencer Torkelson,Torkelson,DET,"1B,DH",,".232|73R|26HR|79RBI|2SB
",1.0,147.0
186,Dylan Crews_WSH,495.0,63.0,16,61.0,23.0,0.238,0.294,118,21.0,3.0,39.0,121.0,0.396,0.69,256,H,https://www.fantasypros.com/mlb/players/dylan-crews.php,,,,,,,,,,,,,,dylan-crews,Dylan Crews (WSH - OF),Dylan Crews,Crews,WSH,OF,,.238|63R|16HR|61RBI|23SB,187,Dylan Crews (WSH - OF),213,166,190.0,OF,Dylan Crews (WSH - OF),https://images.fantasypros.com/images/players/mlb/8269/headshot/70x70.png,"Dylan Crews (RF,CF - WSH)",,Dylan Crews (WSH - OF),Dylan Crews,Crews,WSH,OF,,".238|63R|16HR|61RBI|23SB
",3.0,226.0
187,Gabriel Moreno_ARI,389.0,52.0,10,53.0,4.0,0.276,0.345,107,20.0,1.0,41.0,75.0,0.417,0.762,235,H,https://www.fantasypros.com/mlb/players/gabriel-moreno.php,,,,,,,,,,,,,,gabriel-moreno,Gabriel Moreno (ARI - C),Gabriel Moreno,Moreno,ARI,C,,.276|52R|10HR|53RBI|4SB,188,Gabriel Moreno (ARI - C),206,175,190.0,C,Gabriel Moreno (ARI - C),https://images.fantasypros.com/images/players/mlb/44003/headshot/70x70.png,Gabriel Moreno (C - ARI),,Gabriel Moreno (ARI - C),Gabriel Moreno,Moreno,ARI,C,,".276|52R|10HR|53RBI|4SB
",2.0,250.0
188,Xavier Edwards_MIA,514.0,68.0,4,45.0,27.0,0.279,0.341,144,23.0,4.0,48.0,81.0,0.362,0.703,296,H,https://www.fantasypros.com/mlb/players/xavier-edwards-ss.php,,,,,,,,,,,,,,xavier-edwards-ss,"Xavier Edwards (MIA - 2B,SS)",Xavier Edwards,Edwards,MIA,"2B,SS",,.279|68R|4HR|45RBI|27SB,189,"Xavier Edwards (MIA - 2B,SS)",205,176,190.0,"2B,SS","Xavier Edwards (MIA - 2B,SS)",https://images.fantasypros.com/images/players/mlb/40137/headshot/70x70.png,"Xavier Edwards (SS,2B - MIA)",,"Xavier Edwards (MIA - 2B,SS)",Xavier Edwards,Edwards,MIA,"2B,SS",,".279|68R|4HR|45RBI|27SB
",1.0,143.0
189,Isaac Paredes_HOU,397.0,59.0,19,58.0,1.0,0.244,0.331,97,18.0,1.0,52.0,78.0,0.432,0.763,266,H,https://www.fantasypros.com/mlb/players/isaac-paredes.php,,,,,,,,,,,,,,isaac-paredes,"Isaac Paredes (HOU - 3B,DH)",Isaac Paredes,Paredes,HOU,"3B,DH",,.244|59R|19HR|58RBI|1SB,190,"Isaac Paredes (HOU - 3B,DH)",194,188,191.0,3B,Isaac Paredes (HOU - 3B),https://images.fantasypros.com/images/players/mlb/10050/headshot/70x70.png,"Isaac Paredes (3B,DH - HOU)",,"Isaac Paredes (HOU - 3B,DH)",Isaac Paredes,Paredes,HOU,"3B,DH",,".244|59R|19HR|58RBI|1SB
",1.0,202.0
190,Addison Barger_TOR,417.0,57.0,17,57.0,4.0,0.242,0.305,101,24.0,1.0,38.0,111.0,0.429,0.734,225,H,https://www.fantasypros.com/mlb/players/addison-barger.php,,,,,,,,,,,,,,addison-barger,"Addison Barger (TOR - 3B,OF)",Addison Barger,Barger,TOR,"3B,OF",,.242|57R|17HR|57RBI|4SB,191,"Addison Barger (TOR - 3B,OF)",199,187,193.0,"3B,OF","Addison Barger (TOR - 3B,OF)",https://images.fantasypros.com/images/players/mlb/45361/headshot/70x70.png,"Addison Barger (3B,RF - TOR)",,"Addison Barger (TOR - 3B,OF)",Addison Barger,Barger,TOR,"3B,OF",,".242|57R|17HR|57RBI|4SB
",2.0,260.0
191,Edward Cabrera_CHC,,,16,,,,,118,,,,,,,265,P,https://www.fantasypros.com/mlb/players/edward-cabrera-p.php,137.1,145.0,9.0,0.0,3.96,1.26,60.0,55.0,26.0,26.0,8.0,0.0,9.52,edward-cabrera-p,Edward Cabrera (CHC - SP),Edward Cabrera,Cabrera,CHC,SP,,9-8-0SV|3.96|1.26|9.52K9,192,Edward Cabrera (CHC - SP),187,200,194.0,SP,Edward Cabrera (CHC - SP),https://images.fantasypros.com/images/players/mlb/39222/headshot/70x70.png,Edward Cabrera (SP - CHC),,Edward Cabrera (CHC - SP),Edward Cabrera,Cabrera,CHC,SP,,"9-8-0SV|3.96|1.26|9.52K9
",2.0,205.0
192,Brenton Doyle_COL,511.0,67.0,19,65.0,20.0,0.248,0.298,127,24.0,3.0,36.0,149.0,0.412,0.71,254,H,https://www.fantasypros.com/mlb/players/brenton-doyle.php,,,,,,,,,,,,,,brenton-doyle,Brenton Doyle (COL - OF),Brenton Doyle,Doyle,COL,OF,,.248|67R|19HR|65RBI|20SB,193,Brenton Doyle (COL - OF),228,160,194.0,OF,Brenton Doyle (COL - OF),https://images.fantasypros.com/images/players/mlb/45599/headshot/70x70.png,Brenton Doyle (CF - COL),,Brenton Doyle (COL - OF),Brenton Doyle,Doyle,COL,OF,,".248|67R|19HR|65RBI|20SB
",1.0,229.0
193,Daylen Lile_WSH,484.0,62.0,11,58.0,14.0,0.264,0.314,128,26.0,7.0,35.0,95.0,0.414,0.728,277,H,https://www.fantasypros.com/mlb/players/daylen-lile.php,,,,,,,,,,,,,,daylen-lile,"Daylen Lile (WSH - DH,OF)",Daylen Lile,Lile,WSH,"DH,OF",,.264|62R|11HR|58RBI|14SB,194,"Daylen Lile (WSH - DH,OF)",184,204,194.0,OF,Daylen Lile (WSH - OF),https://images.fantasypros.com/images/players/mlb/44757/headshot/70x70.png,"Daylen Lile (LF,CF,RF,DH - WSH)",,"Daylen Lile (WSH - DH,OF)",Daylen Lile,Lile,WSH,"DH,OF",,".264|62R|11HR|58RBI|14SB
",0.0,181.0
194,MacKenzie Gore_TEX,,,21,,,,,144,,,,,,,321,P,https://www.fantasypros.com/mlb/players/mackenzie-gore.php,162.0,179.0,10.0,0.0,3.94,1.26,71.0,60.0,29.0,29.0,9.0,0.0,9.94,mackenzie-gore,MacKenzie Gore (TEX - SP),MacKenzie Gore,Gore,TEX,SP,,10-9-0SV|3.94|1.26|9.94K9,195,MacKenzie Gore (TEX - SP),182,207,194.0,SP,MacKenzie Gore (TEX - SP),https://images.fantasypros.com/images/players/mlb/7146/headshot/70x70.png,MacKenzie Gore (SP - TEX),,MacKenzie Gore (TEX - SP),MacKenzie Gore,Gore,TEX,SP,,"10-9-0SV|3.94|1.26|9.94K9
",-1.0,98.0
195,Francisco Alvarez_NYM,380.0,51.0,19,56.0,1.0,0.235,0.307,89,16.0,1.0,40.0,108.0,0.43,0.737,205,H,https://www.fantasypros.com/mlb/players/francisco-alvarez.php,,,,,,,,,,,,,,francisco-alvarez,Francisco Alvarez (NYM - C),Francisco Alvarez,Alvarez,NYM,C,,.235|51R|19HR|56RBI|1SB,196,Francisco Alvarez (NYM - C),209,181,195.0,C,Francisco Alvarez (NYM - C),https://images.fantasypros.com/images/players/mlb/43686/headshot/70x70.png,Francisco Alvarez (C - NYM),,Francisco Alvarez (NYM - C),Francisco Alvarez,Alvarez,NYM,C,,".235|51R|19HR|56RBI|1SB
",-1.0,272.0
196,Bryan Reynolds_PIT,568.0,76.0,19,75.0,6.0,0.253,0.32,144,29.0,3.0,56.0,155.0,0.416,0.736,296,H,https://www.fantasypros.com/mlb/players/bryan-reynolds.php,,,,,,,,,,,,,,bryan-reynolds,"Bryan Reynolds (PIT - DH,OF)",Bryan Reynolds,Reynolds,PIT,"DH,OF",,.253|76R|19HR|75RBI|6SB,197,"Bryan Reynolds (PIT - DH,OF)",200,197,198.0,"DH,OF","Bryan Reynolds (PIT - DH,OF)",https://images.fantasypros.com/images/players/mlb/6818/headshot/70x70.png,"Bryan Reynolds (LF,RF,DH - PIT)",,"Bryan Reynolds (PIT - DH,OF)",Bryan Reynolds,Reynolds,PIT,"DH,OF",,".253|76R|19HR|75RBI|6SB
",1.0,144.0
197,Bryson Stott_PHI,516.0,68.0,13,60.0,23.0,0.255,0.321,131,24.0,3.0,51.0,95.0,0.388,0.709,308,H,https://www.fantasypros.com/mlb/players/bryson-stott-ss.php,,,,,,,,,,,,,,bryson-stott-ss,"Bryson Stott (PHI - 2B,SS)",Bryson Stott,Stott,PHI,"2B,SS",,.255|68R|13HR|60RBI|23SB,198,"Bryson Stott (PHI - 2B,SS)",211,191,201.0,"2B,SS","Bryson Stott (PHI - 2B,SS)",https://images.fantasypros.com/images/players/mlb/22308/headshot/70x70.png,"Bryson Stott (2B,SS - PHI)",,"Bryson Stott (PHI - 2B,SS)",Bryson Stott,Stott,PHI,"2B,SS",,".255|68R|13HR|60RBI|23SB
",3.0,120.0
198,Royce Lewis_MIN,462.0,59.0,20,64.0,10.0,0.247,0.303,114,23.0,1.0,37.0,108.0,0.43,0.733,261,H,https://www.fantasypros.com/mlb/players/royce-lewis.php,,,,,,,,,,,,,,royce-lewis,"Royce Lewis (MIN - 3B,DH)",Royce Lewis,Lewis,MIN,"3B,DH",,.247|59R|20HR|64RBI|10SB,199,"Royce Lewis (MIN - 3B,DH)",225,192,208.0,3B,Royce Lewis (MIN - 3B),https://images.fantasypros.com/images/players/mlb/6967/headshot/70x70.png,"Royce Lewis (3B,DH - MIN)",,"Royce Lewis (MIN - 3B,DH)",Royce Lewis,Lewis,MIN,"3B,DH",,".247|59R|20HR|64RBI|10SB
",9.0,215.0
199,Jose Caballero_NYY,285.0,39.0,6,28.0,32.0,0.223,0.301,64,13.0,1.0,32.0,83.0,0.339,0.64,145,H,https://www.fantasypros.com/mlb/players/jose-caballero.php,,,,,,,,,,,,,,jose-caballero,"Jose Caballero (NYY - 2B,3B,OF,SS)",Jose Caballero,Caballero,NYY,"2B,3B,OF,SS",,.223|39R|6HR|28RBI|32SB,200,"Jose Caballero (NYY - 2B,3B,OF,SS)",189,229,209.0,"2B,3B,OF,SS","Jose Caballero (NYY - 2B,3B,OF,SS)",https://images.fantasypros.com/images/players/mlb/26984/headshot/70x70.png,"Jose Caballero (2B,3B,SS,RF,LF - NYY)",,"Jose Caballero (NYY - 2B,3B,OF,SS)",Jose Caballero,Caballero,NYY,"2B,3B,OF,SS",,".223|39R|6HR|28RBI|32SB
",9.0,292.0
200,Sal Frelick_MIL,465.0,59.0,8,49.0,16.0,0.261,0.323,122,21.0,3.0,42.0,74.0,0.372,0.695,264,H,https://www.fantasypros.com/mlb/players/sal-frelick.php,,,,,,,,,,,,,,sal-frelick,Sal Frelick (MIL - OF),Sal Frelick,Frelick,MIL,OF,,.261|59R|8HR|49RBI|16SB,201,Sal Frelick (MIL - OF),222,196,209.0,OF,Sal Frelick (MIL - OF),https://images.fantasypros.com/images/players/mlb/44675/headshot/70x70.png,"Sal Frelick (LF,CF,RF - MIL)",,Sal Frelick (MIL - OF),Sal Frelick,Frelick,MIL,OF,,".261|59R|8HR|49RBI|16SB
",8.0,207.0
201,Kris Bubic_KC,,,15,,,,,131,,,,,,,264,P,https://www.fantasypros.com/mlb/players/kris-bubic.php,141.1,135.0,8.0,0.0,3.8,1.26,60.0,47.0,34.0,24.0,7.0,0.0,8.61,kris-bubic,"Kris Bubic (KC - RP,SP)",Kris Bubic,Bubic,KC,"RP,SP",,8-7-0SV|3.80|1.26|8.61K9,202,"Kris Bubic (KC - RP,SP)",202,216,209.0,SP,Kris Bubic (KC - SP),https://images.fantasypros.com/images/players/mlb/7933/headshot/70x70.png,"Kris Bubic (RP,SP - KC)",,"Kris Bubic (KC - RP,SP)",Kris Bubic,Bubic,KC,"RP,SP",,"8-7-0SV|3.80|1.26|8.61K9
",7.0,208.0
202,Ryan Walker_SF,,,6,,,,,57,,,,,,,278,P,https://www.fantasypros.com/mlb/players/ryan-walker-.php,64.6,68.0,3.0,27.0,3.47,1.2,25.0,20.0,63.0,0.0,3.0,0.0,9.47,ryan-walker-,Ryan Walker (SF - RP),Ryan Walker,Walker,SF,RP,,3-3-27SV|3.47|1.20|9.47K9,203,Ryan Walker (SF - RP),214,206,210.0,RP,Ryan Walker (SF - RP),https://images.fantasypros.com/images/players/mlb/45949/headshot/70x70.png,Ryan Walker (RP - SF),,Ryan Walker (SF - RP),Ryan Walker,Walker,SF,RP,,"3-3-27SV|3.47|1.20|9.47K9
",7.0,177.0
203,Jasson Dominguez_NYY,326.0,46.0,11,39.0,16.0,0.244,0.316,80,15.0,1.0,34.0,92.0,0.403,0.719,169,H,https://www.fantasypros.com/mlb/players/jasson-dominguez.php,,,,,,,,,,,,,,jasson-dominguez,"Jasson Dominguez (NYY - DH,OF)",Jasson Dominguez,Dominguez,NYY,"DH,OF",,.244|46R|11HR|39RBI|16SB,204,"Jasson Dominguez (NYY - DH,OF)",227,199,213.0,OF,Jasson Dominguez (NYY - OF),https://images.fantasypros.com/images/players/mlb/8513/headshot/70x70.png,"Jasson Dominguez (LF,DH - NYY)",,"Jasson Dominguez (NYY - DH,OF)",Jasson Dominguez,Dominguez,NYY,"DH,OF",,".244|46R|11HR|39RBI|16SB
",9.0,283.0
204,Andrew Abbott_CIN,,,28,,,,,159,,,,,,,274,P,https://www.fantasypros.com/mlb/players/andrew-abbott.php,166.0,152.0,9.0,0.0,4.4,1.28,81.0,53.0,29.0,29.0,10.0,0.0,8.24,andrew-abbott,Andrew Abbott (CIN - SP),Andrew Abbott,Abbott,CIN,SP,,9-10-0SV|4.40|1.28|8.24K9,205,Andrew Abbott (CIN - SP),208,218,213.0,SP,Andrew Abbott (CIN - SP),https://images.fantasypros.com/images/players/mlb/44726/headshot/70x70.png,Andrew Abbott (SP - CIN),,Andrew Abbott (CIN - SP),Andrew Abbott,Abbott,CIN,SP,,"9-10-0SV|4.40|1.28|8.24K9
",8.0,186.0
205,Anthony Santander_TOR,495.0,67.0,25,74.0,2.0,0.229,0.301,113,22.0,1.0,51.0,126.0,0.428,0.729,281,H,https://www.fantasypros.com/mlb/players/anthony-santander.php,,,,,,,,,,,,,,anthony-santander,"Anthony Santander (TOR - DH,OF)",Anthony Santander,Santander,TOR,"DH,OF",,.229|67R|25HR|74RBI|2SB,206,"Anthony Santander (TOR - DH,OF)",207,222,214.0,"DH,OF","Anthony Santander (TOR - DH,OF)",https://images.fantasypros.com/images/players/mlb/4903/headshot/70x70.png,"Anthony Santander (RF,DH - TOR)",,"Anthony Santander (TOR - DH,OF)",Anthony Santander,Santander,TOR,"DH,OF",,".229|67R|25HR|74RBI|2SB
",8.0,173.0
206,Matthew Boyd_CHC,,,22,,,,,151,,,,,,,291,P,https://www.fantasypros.com/mlb/players/matt-boyd.php,162.5,146.0,10.0,0.0,4.03,1.23,73.0,48.0,29.0,29.0,9.0,0.0,8.09,matt-boyd,Matthew Boyd (CHC - SP),Matthew Boyd,Boyd,CHC,SP,,10-9-0SV|4.03|1.23|8.09K9,207,Matthew Boyd (CHC - SP),197,233,215.0,SP,Matthew Boyd (CHC - SP),https://images.fantasypros.com/images/players/mlb/5003/headshot/70x70.png,Matthew Boyd (SP - CHC),,Matthew Boyd (CHC - SP),Matthew Boyd,Boyd,CHC,SP,,"10-9-0SV|4.03|1.23|8.09K9
",8.0,151.0
207,Daulton Varsho_TOR,489.0,67.0,24,69.0,9.0,0.226,0.288,110,23.0,3.0,43.0,139.0,0.43,0.718,261,H,https://www.fantasypros.com/mlb/players/daulton-varsho.php,,,,,,,,,,,,,,daulton-varsho,Daulton Varsho (TOR - OF),Daulton Varsho,Varsho,TOR,OF,,.226|67R|24HR|69RBI|9SB,208,Daulton Varsho (TOR - OF),229,201,215.0,OF,Daulton Varsho (TOR - OF),https://images.fantasypros.com/images/players/mlb/7551/headshot/70x70.png,"Daulton Varsho (LF,CF - TOR)",,Daulton Varsho (TOR - OF),Daulton Varsho,Varsho,TOR,OF,,".226|67R|24HR|69RBI|9SB
",7.0,216.0
208,Carter Jensen_KC,311.0,42.0,11,41.0,4.0,0.241,0.318,75,16.0,2.0,35.0,87.0,0.407,0.726,163,H,https://www.fantasypros.com/mlb/players/carter-jensen.php,,,,,,,,,,,,,,carter-jensen,Carter Jensen (KC - C),Carter Jensen,Jensen,KC,C,,.241|42R|11HR|41RBI|4SB,209,Carter Jensen (KC - C),233,202,218.0,C,Carter Jensen (KC - C),https://images.fantasypros.com/images/players/mlb/missing/headshot/70x70.png,Carter Jensen (C - KC),,Carter Jensen (KC - C),Carter Jensen,Jensen,KC,C,,".241|42R|11HR|41RBI|4SB
",9.0,287.0
209,J.T. Realmuto_PHI,422.0,53.0,14,53.0,7.0,0.249,0.299,105,21.0,2.0,30.0,112.0,0.404,0.703,204,H,https://www.fantasypros.com/mlb/players/jt-realmuto.php,,,,,,,,,,,,,,jt-realmuto,J.T. Realmuto (PHI - C),J.T. Realmuto,Realmuto,PHI,C,,.249|53R|14HR|53RBI|7SB,210,J.T. Realmuto (PHI - C),226,209,218.0,C,J.T. Realmuto (PHI - C),https://images.fantasypros.com/images/players/mlb/5371/headshot/70x70.png,J.T. Realmuto (C - PHI),,J.T. Realmuto (PHI - C),J.T. Realmuto,Realmuto,PHI,C,,".249|53R|14HR|53RBI|7SB
",8.0,274.0
210,Trent Grisham_NYY,455.0,71.0,23,62.0,6.0,0.222,0.322,101,18.0,1.0,67.0,132.0,0.423,0.745,263,H,https://www.fantasypros.com/mlb/players/trent-grisham.php,,,,,,,,,,,,,,trent-grisham,Trent Grisham (NYY - OF),Trent Grisham,Grisham,NYY,OF,,.222|71R|23HR|62RBI|6SB,211,Trent Grisham (NYY - OF),196,246,221.0,OF,Trent Grisham (NYY - OF),https://images.fantasypros.com/images/players/mlb/7502/headshot/70x70.png,Trent Grisham (CF - NYY),,Trent Grisham (NYY - OF),Trent Grisham,Grisham,NYY,OF,,".222|71R|23HR|62RBI|6SB
",10.0,209.0
211,Shane Baz_BAL,,,22,,,,,147,,,,,,,288,P,https://www.fantasypros.com/mlb/players/shane-baz.php,161.0,158.0,10.0,0.0,4.18,1.28,75.0,58.0,29.0,29.0,9.0,0.0,8.83,shane-baz,Shane Baz (BAL - SP),Shane Baz,Baz,BAL,SP,,10-9-0SV|4.18|1.28|8.83K9,212,Shane Baz (BAL - SP),240,203,222.0,SP,Shane Baz (BAL - SP),https://images.fantasypros.com/images/players/mlb/7158/headshot/70x70.png,Shane Baz (SP - BAL),,Shane Baz (BAL - SP),Shane Baz,Baz,BAL,SP,,"10-9-0SV|4.18|1.28|8.83K9
",10.0,156.0
212,Austin Wells_NYY,401.0,52.0,18,55.0,4.0,0.226,0.292,91,19.0,1.0,38.0,110.0,0.412,0.705,203,H,https://www.fantasypros.com/mlb/players/austin-wells.php,,,,,,,,,,,,,,austin-wells,Austin Wells (NYY - C),Austin Wells,Wells,NYY,C,,.226|52R|18HR|55RBI|4SB,213,Austin Wells (NYY - C),219,226,222.0,C,Austin Wells (NYY - C),https://images.fantasypros.com/images/players/mlb/43803/headshot/70x70.png,Austin Wells (C - NYY),,Austin Wells (NYY - C),Austin Wells,Wells,NYY,C,,".226|52R|18HR|55RBI|4SB
",9.0,275.0
213,Jorge Polanco_NYM,449.0,61.0,20,66.0,5.0,0.244,0.317,110,21.0,0.0,48.0,103.0,0.431,0.748,268,H,https://www.fantasypros.com/mlb/players/jorge-polanco.php,,,,,,,,,,,,,,jorge-polanco,"Jorge Polanco (NYM - 2B,DH)",Jorge Polanco,Polanco,NYM,"2B,DH",,.244|61R|20HR|66RBI|5SB,214,"Jorge Polanco (NYM - 2B,DH)",215,232,224.0,"2B,3B,DH","Jorge Polanco (NYM - 2B,3B,DH)",https://images.fantasypros.com/images/players/mlb/5354/headshot/70x70.png,"Jorge Polanco (2B,DH - NYM)",,"Jorge Polanco (NYM - 2B,DH)",Jorge Polanco,Polanco,NYM,"2B,DH",,".244|61R|20HR|66RBI|5SB
",10.0,196.0
214,Ramon Laureano_SD,459.0,62.0,19,65.0,8.0,0.245,0.3,112,22.0,2.0,36.0,135.0,0.428,0.728,231,H,https://www.fantasypros.com/mlb/players/ramon-laureano.php,,,,,,,,,,,,,,ramon-laureano,Ramon Laureano (SD - OF),Ramon Laureano,Laureano,SD,OF,,.245|62R|19HR|65RBI|8SB,215,Ramon Laureano (SD - OF),223,224,224.0,OF,Ramon Laureano (SD - OF),https://images.fantasypros.com/images/players/mlb/6740/headshot/70x70.png,"Ramon Laureano (LF,RF,CF - SD)",,Ramon Laureano (SD - OF),Ramon Laureano,Laureano,SD,OF,,".245|62R|19HR|65RBI|8SB
",9.0,254.0
215,Shane McClanahan_TB,,,17,,,,,118,,,,,,,277,P,https://www.fantasypros.com/mlb/players/shane-mcclanahan.php,134.3,139.0,8.0,0.0,3.64,1.18,54.0,41.0,24.0,24.0,7.0,0.0,9.31,shane-mcclanahan,Shane McClanahan (TB - SP),Shane McClanahan,McClanahan,TB,SP,,8-7-0SV|3.64|1.18|9.31K9,216,Shane McClanahan (TB - SP),198,250,224.0,SP,Shane McClanahan (TB - SP),https://images.fantasypros.com/images/players/mlb/7487/headshot/70x70.png,Shane McClanahan (SP - TB),,Shane McClanahan (TB - SP),Shane McClanahan,McClanahan,TB,SP,,"8-7-0SV|3.64|1.18|9.31K9
",8.0,182.0
216,Marcus Semien_NYM,543.0,72.0,19,70.0,9.0,0.24,0.308,130,24.0,2.0,54.0,102.0,0.398,0.706,319,H,https://www.fantasypros.com/mlb/players/marcus-semien.php,,,,,,,,,,,,,,marcus-semien,Marcus Semien (NYM - 2B),Marcus Semien,Semien,NYM,2B,,.240|72R|19HR|70RBI|9SB,217,Marcus Semien (NYM - 2B),201,248,224.0,2B,Marcus Semien (NYM - 2B),https://images.fantasypros.com/images/players/mlb/4544/headshot/70x70.png,Marcus Semien (2B - NYM),,Marcus Semien (NYM - 2B),Marcus Semien,Semien,NYM,2B,,".240|72R|19HR|70RBI|9SB
",7.0,103.0
217,Mark Vientos_NYM,392.0,51.0,19,58.0,1.0,0.242,0.298,95,17.0,1.0,31.0,113.0,0.435,0.733,199,H,https://www.fantasypros.com/mlb/players/mark-vientos.php,,,,,,,,,,,,,,mark-vientos,"Mark Vientos (NYM - 3B,DH)",Mark Vientos,Vientos,NYM,"3B,DH",,.242|51R|19HR|58RBI|1SB,218,"Mark Vientos (NYM - 3B,DH)",195,255,225.0,"3B,DH","Mark Vientos (NYM - 3B,DH)",https://images.fantasypros.com/images/players/mlb/6940/headshot/70x70.png,"Mark Vientos (3B,DH - NYM)",,"Mark Vientos (NYM - 3B,DH)",Mark Vientos,Vientos,NYM,"3B,DH",,".242|51R|19HR|58RBI|1SB
",7.0,276.0
218,Merrill Kelly_ARI,,,23,,,,,171,,,,,,,303,P,https://www.fantasypros.com/mlb/players/merrill-kelly.php,177.5,158.0,11.0,0.0,4.17,1.27,82.0,55.0,30.0,30.0,10.0,0.0,8.01,merrill-kelly,Merrill Kelly (ARI - SP),Merrill Kelly,Kelly,ARI,SP,,11-10-0SV|4.17|1.27|8.01K9,219,Merrill Kelly (ARI - SP),217,234,226.0,SP,Merrill Kelly (ARI - SP),https://images.fantasypros.com/images/players/mlb/8374/headshot/70x70.png,Merrill Kelly (SP - ARI),,Merrill Kelly (ARI - SP),Merrill Kelly,Kelly,ARI,SP,,"11-10-0SV|4.17|1.27|8.01K9
",7.0,132.0
219,Sal Stewart_CIN,430.0,58.0,17,62.0,6.0,0.263,0.326,113,24.0,1.0,40.0,94.0,0.447,0.773,262,H,https://www.fantasypros.com/mlb/players/sal-stewart.php,,,,,,,,,,,,,,sal-stewart,"Sal Stewart (CIN - 1B,2B,3B)",Sal Stewart,Stewart,CIN,"1B,2B,3B",,.263|58R|17HR|62RBI|6SB,220,"Sal Stewart (CIN - 1B,2B,3B)",237,215,226.0,1B,Sal Stewart (CIN - 1B),https://images.fantasypros.com/images/players/mlb/missing/headshot/70x70.png,"Sal Stewart (2B,3B,1B - CIN)",,"Sal Stewart (CIN - 1B,2B,3B)",Sal Stewart,Stewart,CIN,"1B,2B,3B",,".263|58R|17HR|62RBI|6SB
",6.0,212.0
220,Heliot Ramos_SF,541.0,72.0,21,71.0,6.0,0.253,0.311,137,24.0,2.0,46.0,145.0,0.424,0.735,279,H,https://www.fantasypros.com/mlb/players/heliot-ramos-of.php,,,,,,,,,,,,,,heliot-ramos-of,Heliot Ramos (SF - OF),Heliot Ramos,Ramos,SF,OF,,.253|72R|21HR|71RBI|6SB,221,Heliot Ramos (SF - OF),235,217,226.0,OF,Heliot Ramos (SF - OF),https://images.fantasypros.com/images/players/mlb/10033/headshot/70x70.png,"Heliot Ramos (LF,CF - SF)",,Heliot Ramos (SF - OF),Heliot Ramos,Ramos,SF,OF,,".253|72R|21HR|71RBI|6SB
",5.0,176.0
221,Connelly Early_BOS,,,5,,,,,47,,,,,,,106,P,https://www.fantasypros.com/mlb/players/connelly-early.php,52.7,54.0,3.0,0.0,3.66,1.25,21.0,19.0,24.0,7.0,3.0,0.0,9.22,connelly-early,Connelly Early (BOS - SP),Connelly Early,Early,BOS,SP,,3-3-0SV|3.66|1.25|9.22K9,222,Connelly Early (BOS - SP),230,223,226.0,SP,Connelly Early (BOS - SP),https://images.fantasypros.com/images/players/mlb/missing/headshot/70x70.png,Connelly Early (SP - BOS),,Connelly Early (BOS - SP),Connelly Early,Early,BOS,SP,,"3-3-0SV|3.66|1.25|9.22K9
",4.0,294.0
222,Giancarlo Stanton_NYY,387.0,54.0,26,67.0,1.0,0.227,0.301,88,14.0,0.0,41.0,135.0,0.469,0.769,209,H,https://www.fantasypros.com/mlb/players/giancarlo-stanton.php,,,,,,,,,,,,,,giancarlo-stanton,"Giancarlo Stanton (NYY - DH,OF)",Giancarlo Stanton,Stanton,NYY,"DH,OF",,.227|54R|26HR|67RBI|1SB,223,"Giancarlo Stanton (NYY - DH,OF)",203,251,227.0,"DH,OF","Giancarlo Stanton (NYY - DH,OF)",https://images.fantasypros.com/images/players/mlb/3783/headshot/70x70.png,"Giancarlo Stanton (DH,RF - NYY)",,"Giancarlo Stanton (NYY - DH,OF)",Giancarlo Stanton,Stanton,NYY,"DH,OF",,".227|54R|26HR|67RBI|1SB
",4.0,270.0
223,Matt McLain_CIN,476.0,63.0,17,58.0,15.0,0.235,0.308,112,23.0,2.0,50.0,150.0,0.397,0.705,225,H,https://www.fantasypros.com/mlb/players/matt-mclain.php,,,,,,,,,,,,,,matt-mclain,"Matt McLain (CIN - 2B,SS)",Matt McLain,McLain,CIN,"2B,SS",,.235|63R|17HR|58RBI|15SB,224,"Matt McLain (CIN - 2B,SS)",243,211,227.0,2B,Matt McLain (CIN - 2B),https://images.fantasypros.com/images/players/mlb/7953/headshot/70x70.png,"Matt McLain (2B,SS - CIN)",,"Matt McLain (CIN - 2B,SS)",Matt McLain,McLain,CIN,"2B,SS",,".235|63R|17HR|58RBI|15SB
",3.0,261.0
224,Kerry Carpenter_DET,424.0,59.0,22,65.0,2.0,0.252,0.302,107,18.0,3.0,30.0,110.0,0.468,0.769,243,H,https://www.fantasypros.com/mlb/players/kerry-carpenter.php,,,,,,,,,,,,,,kerry-carpenter,"Kerry Carpenter (DET - DH,OF)",Kerry Carpenter,Carpenter,DET,"DH,OF",,.252|59R|22HR|65RBI|2SB,225,"Kerry Carpenter (DET - DH,OF)",246,212,229.0,"DH,OF","Kerry Carpenter (DET - DH,OF)",https://images.fantasypros.com/images/players/mlb/45596/headshot/70x70.png,"Kerry Carpenter (RF,DH,LF - DET)",,"Kerry Carpenter (DET - DH,OF)",Kerry Carpenter,Carpenter,DET,"DH,OF",,".252|59R|22HR|65RBI|2SB
",4.0,240.0
225,Spencer Steer_CIN,492.0,66.0,19,68.0,10.0,0.237,0.315,117,25.0,2.0,56.0,120.0,0.412,0.726,283,H,https://www.fantasypros.com/mlb/players/spencer-steer.php,,,,,,,,,,,,,,spencer-steer,"Spencer Steer (CIN - 1B,DH,OF)",Spencer Steer,Steer,CIN,"1B,DH,OF",,.237|66R|19HR|68RBI|10SB,226,"Spencer Steer (CIN - 1B,DH,OF)",218,240,229.0,"1B,OF","Spencer Steer (CIN - 1B,OF)",https://images.fantasypros.com/images/players/mlb/44364/headshot/70x70.png,"Spencer Steer (1B,LF,DH - CIN)",,"Spencer Steer (CIN - 1B,DH,OF)",Spencer Steer,Steer,CIN,"1B,DH,OF",,".237|66R|19HR|68RBI|10SB
",3.0,169.0
226,Zac Gallen_FA,,,24,,,,,172,,,,,,,301,P,https://www.fantasypros.com/mlb/players/zac-gallen.php,177.4,168.0,11.0,0.0,4.26,1.3,84.0,59.0,31.0,30.0,11.0,0.0,8.52,zac-gallen,Zac Gallen (FA - SP),Zac Gallen,Gallen,FA,SP,FA,11-11-0SV|4.26|1.30|8.52K9,227,Zac Gallen (FA - SP),232,227,230.0,SP,Zac Gallen (FA - SP),https://images.fantasypros.com/images/players/mlb/7245/headshot/70x70.png,Zac Gallen (SP - FA),,Zac Gallen (FA - SP),Zac Gallen,Gallen,FA,SP,,"11-11-0SV|4.26|1.30|8.52K9
",3.0,135.0
227,Konnor Griffin_PIT,324.0,43.0,9,40.0,18.0,0.258,0.306,84,16.0,1.0,22.0,89.0,0.397,0.703,162,H,https://www.fantasypros.com/mlb/players/konnor-griffin.php,,,,,,,,,,,,,,konnor-griffin,Konnor Griffin (PIT - OF),Konnor Griffin,Griffin,PIT,OF,NRI,.258|43R|9HR|40RBI|18SB,228,Konnor Griffin (PIT - OF),216,244,230.0,"OF,SS","Konnor Griffin (PIT - OF,SS)",https://images.fantasypros.com/images/players/mlb/missing/headshot/70x70.png,Konnor Griffin (CF - PIT),,Konnor Griffin (PIT - OF),Konnor Griffin,Griffin,PIT,OF,,".258|43R|9HR|40RBI|18SB
",2.0,288.0
228,Aaron Nola_PHI,,,25,,,,,164,,,,,,,309,P,https://www.fantasypros.com/mlb/players/aaron-nola.php,171.6,163.0,10.0,0.0,4.16,1.23,79.0,47.0,30.0,30.0,10.0,0.0,8.55,aaron-nola,Aaron Nola (PHI - SP),Aaron Nola,Nola,PHI,SP,,10-10-0SV|4.16|1.23|8.55K9,229,Aaron Nola (PHI - SP),251,210,230.0,SP,Aaron Nola (PHI - SP),https://images.fantasypros.com/images/players/mlb/5682/headshot/70x70.png,Aaron Nola (SP - PHI),,Aaron Nola (PHI - SP),Aaron Nola,Nola,PHI,SP,,"10-10-0SV|4.16|1.23|8.55K9
",1.0,118.0
229,Gleyber Torres_DET,564.0,79.0,18,69.0,6.0,0.258,0.341,145,26.0,1.0,71.0,111.0,0.401,0.741,342,H,https://www.fantasypros.com/mlb/players/gleyber-torres.php,,,,,,,,,,,,,,gleyber-torres,"Gleyber Torres (DET - 2B,DH)",Gleyber Torres,Torres,DET,"2B,DH",,.258|79R|18HR|69RBI|6SB,230,"Gleyber Torres (DET - 2B,DH)",220,242,231.0,2B,Gleyber Torres (DET - 2B),https://images.fantasypros.com/images/players/mlb/5133/headshot/70x70.png,"Gleyber Torres (2B,DH - DET)",,"Gleyber Torres (DET - 2B,DH)",Gleyber Torres,Torres,DET,"2B,DH",,".258|79R|18HR|69RBI|6SB
",1.0,68.0
230,Mickey Moniak_COL,422.0,59.0,19,60.0,9.0,0.258,0.297,109,21.0,4.0,24.0,114.0,0.463,0.76,233,H,https://www.fantasypros.com/mlb/players/mckenzie-moniak.php,,,,,,,,,,,,,,mckenzie-moniak,"Mickey Moniak (COL - DH,OF)",Mickey Moniak,Moniak,COL,"DH,OF",,.258|59R|19HR|60RBI|9SB,231,"Mickey Moniak (COL - DH,OF)",224,239,232.0,OF,Mickey Moniak (COL - OF),https://images.fantasypros.com/images/players/mlb/8368/headshot/70x70.png,"Mickey Moniak (CF,RF,DH,LF - COL)",,"Mickey Moniak (COL - DH,OF)",Mickey Moniak,Moniak,COL,"DH,OF",,".258|59R|19HR|60RBI|9SB
",1.0,252.0
231,Xander Bogaerts_SD,510.0,65.0,13,60.0,15.0,0.263,0.324,134,25.0,1.0,46.0,100.0,0.4,0.724,287,H,https://www.fantasypros.com/mlb/players/xander-bogaerts.php,,,,,,,,,,,,,,xander-bogaerts,"Xander Bogaerts (SD - 2B,SS)",Xander Bogaerts,Bogaerts,SD,"2B,SS",,.263|65R|13HR|60RBI|15SB,232,"Xander Bogaerts (SD - 2B,SS)",234,231,232.0,SS,Xander Bogaerts (SD - SS),https://images.fantasypros.com/images/players/mlb/4347/headshot/70x70.png,"Xander Bogaerts (2B,SS - SD)",,"Xander Bogaerts (SD - 2B,SS)",Xander Bogaerts,Bogaerts,SD,"2B,SS",,".263|65R|13HR|60RBI|15SB
",0.0,158.0
232,Otto Lopez_MIA,503.0,60.0,11,57.0,15.0,0.265,0.316,133,25.0,2.0,38.0,84.0,0.393,0.709,283,H,https://www.fantasypros.com/mlb/players/otto-lopez.php,,,,,,,,,,,,,,otto-lopez,"Otto Lopez (MIA - 2B,SS)",Otto Lopez,Lopez,MIA,"2B,SS",,.265|60R|11HR|57RBI|15SB,233,"Otto Lopez (MIA - 2B,SS)",247,219,233.0,"2B,SS","Otto Lopez (MIA - 2B,SS)",https://images.fantasypros.com/images/players/mlb/10618/headshot/70x70.png,"Otto Lopez (2B,SS - MIA)",,"Otto Lopez (MIA - 2B,SS)",Otto Lopez,Lopez,MIA,"2B,SS",,".265|60R|11HR|57RBI|15SB
",0.0,170.0
233,Ezequiel Tovar_COL,584.0,79.0,21,74.0,10.0,0.263,0.301,154,33.0,3.0,32.0,154.0,0.435,0.736,296,H,https://www.fantasypros.com/mlb/players/ezequiel-tovar.php,,,,,,,,,,,,,,ezequiel-tovar,Ezequiel Tovar (COL - SS),Ezequiel Tovar,Tovar,COL,SS,,.263|79R|21HR|74RBI|10SB,234,Ezequiel Tovar (COL - SS),264,205,234.0,SS,Ezequiel Tovar (COL - SS),https://images.fantasypros.com/images/players/mlb/45000/headshot/70x70.png,Ezequiel Tovar (SS - COL),,Ezequiel Tovar (COL - SS),Ezequiel Tovar,Tovar,COL,SS,,".263|79R|21HR|74RBI|10SB
",0.0,145.0
234,Jack Flaherty_DET,,,22,,,,,145,,,,,,,319,P,https://www.fantasypros.com/mlb/players/jack-flaherty.php,162.1,176.0,10.0,0.0,3.99,1.24,72.0,56.0,29.0,29.0,9.0,0.0,9.77,jack-flaherty,Jack Flaherty (DET - SP),Jack Flaherty,Flaherty,DET,SP,,10-9-0SV|3.99|1.24|9.77K9,235,Jack Flaherty (DET - SP),239,230,234.0,SP,Jack Flaherty (DET - SP),https://images.fantasypros.com/images/players/mlb/6021/headshot/70x70.png,Jack Flaherty (SP - DET),,Jack Flaherty (DET - SP),Jack Flaherty,Flaherty,DET,SP,,"10-9-0SV|3.99|1.24|9.77K9
",-1.0,104.0
235,Gerrit Cole_NYY,,,18,,,,,107,,,,,,,242,P,https://www.fantasypros.com/mlb/players/gerrit-cole.php,120.7,123.0,8.0,0.0,3.89,1.18,52.0,36.0,21.0,21.0,6.0,0.0,9.17,gerrit-cole,Gerrit Cole (NYY - SP),Gerrit Cole,Cole,NYY,SP,,8-6-0SV|3.89|1.18|9.17K9,236,Gerrit Cole (NYY - SP),192,279,236.0,SP,Gerrit Cole (NYY - SP),https://images.fantasypros.com/images/players/mlb/4656/headshot/70x70.png,Gerrit Cole (SP - NYY),,Gerrit Cole (NYY - SP),Gerrit Cole,Cole,NYY,SP,,"8-6-0SV|3.89|1.18|9.17K9
",0.0,244.0
236,Roki Sasaki_LAD,,,15,,,,,111,,,,,,,208,P,https://www.fantasypros.com/mlb/players/roki-sasaki.php,120.3,115.0,7.0,0.0,4.25,1.31,57.0,47.0,33.0,19.0,6.0,0.0,8.6,roki-sasaki,Roki Sasaki (LAD - SP),Roki Sasaki,Sasaki,LAD,SP,,7-6-0SV|4.25|1.31|8.60K9,237,Roki Sasaki (LAD - SP),258,214,236.0,SP,Roki Sasaki (LAD - SP),https://images.fantasypros.com/images/players/mlb/7354019/headshot/70x70.png,Roki Sasaki (SP - LAD),,Roki Sasaki (LAD - SP),Roki Sasaki,Sasaki,LAD,SP,,"7-6-0SV|4.25|1.31|8.60K9
",-1.0,271.0
237,Jac Caglianone_KC,445.0,58.0,18,62.0,3.0,0.242,0.299,108,20.0,2.0,36.0,108.0,0.42,0.72,236,H,https://www.fantasypros.com/mlb/players/jac-caglianone.php,,,,,,,,,,,,,,jac-caglianone,"Jac Caglianone (KC - 1B,OF)",Jac Caglianone,Caglianone,KC,"1B,OF",,.242|58R|18HR|62RBI|3SB,238,"Jac Caglianone (KC - 1B,OF)",252,220,236.0,"1B,OF","Jac Caglianone (KC - 1B,OF)",https://images.fantasypros.com/images/players/mlb/7354363/headshot/70x70.png,"Jac Caglianone (1B,RF - KC)",,"Jac Caglianone (KC - 1B,OF)",Jac Caglianone,Caglianone,KC,"1B,OF",,".242|58R|18HR|62RBI|3SB
",-2.0,248.0
238,Matt Shaw_CHC,219.0,30.0,7,26.0,9.0,0.239,0.306,52,10.0,1.0,21.0,50.0,0.388,0.693,123,H,https://www.fantasypros.com/mlb/players/matt-shaw.php,,,,,,,,,,,,,,matt-shaw,"Matt Shaw (CHC - 2B,3B,SS)",Matt Shaw,Shaw,CHC,"2B,3B,SS",,.239|30R|7HR|26RBI|9SB,239,"Matt Shaw (CHC - 2B,3B,SS)",280,195,238.0,3B,Matt Shaw (CHC - 3B),https://images.fantasypros.com/images/players/mlb/47221/headshot/70x70.png,"Matt Shaw (2B,3B,SS - CHC)",,"Matt Shaw (CHC - 2B,3B,SS)",Matt Shaw,Shaw,CHC,"2B,3B,SS",,".239|30R|7HR|26RBI|9SB
",-1.0,293.0
239,Luis Arraez_FA,548.0,69.0,5,55.0,8.0,0.301,0.34,165,27.0,3.0,32.0,26.0,0.389,0.729,353,H,https://www.fantasypros.com/mlb/players/luis-arraez.php,,,,,,,,,,,,,,luis-arraez,"Luis Arraez (FA - 1B,2B,DH)",Luis Arraez,Arraez,FA,"1B,2B,DH",FA,.301|69R|5HR|55RBI|8SB,240,"Luis Arraez (FA - 1B,2B,DH)",212,268,240.0,"1B,2B,DH","Luis Arraez (FA - 1B,2B,DH)",https://images.fantasypros.com/images/players/mlb/8162/headshot/70x70.png,"Luis Arraez (1B,2B,DH - FA)",,"Luis Arraez (FA - 1B,2B,DH)",Luis Arraez,Arraez,FA,"1B,2B,DH",,".301|69R|5HR|55RBI|8SB
",0.0,64.0
240,Wilyer Abreu_BOS,432.0,61.0,21,66.0,8.0,0.247,0.326,107,23.0,1.0,50.0,120.0,0.448,0.774,262,H,https://www.fantasypros.com/mlb/players/wilyer-abreu.php,,,,,,,,,,,,,,wilyer-abreu,Wilyer Abreu (BOS - OF),Wilyer Abreu,Abreu,BOS,OF,,.247|61R|21HR|66RBI|8SB,241,Wilyer Abreu (BOS - OF),245,236,240.0,OF,Wilyer Abreu (BOS - OF),https://images.fantasypros.com/images/players/mlb/45630/headshot/70x70.png,Wilyer Abreu (RF - BOS),,Wilyer Abreu (BOS - OF),Wilyer Abreu,Abreu,BOS,OF,,".247|61R|21HR|66RBI|8SB
",-1.0,213.0
241,Kyle Manzardo_CLE,468.0,62.0,24,72.0,2.0,0.235,0.311,110,23.0,1.0,51.0,124.0,0.443,0.753,271,H,https://www.fantasypros.com/mlb/players/kyle-manzardo.php,,,,,,,,,,,,,,kyle-manzardo,"Kyle Manzardo (CLE - 1B,DH)",Kyle Manzardo,Manzardo,CLE,"1B,DH",,.235|62R|24HR|72RBI|2SB,242,"Kyle Manzardo (CLE - 1B,DH)",248,237,242.0,"1B,DH","Kyle Manzardo (CLE - 1B,DH)",https://images.fantasypros.com/images/players/mlb/44758/headshot/70x70.png,"Kyle Manzardo (DH,1B - CLE)",,"Kyle Manzardo (CLE - 1B,DH)",Kyle Manzardo,Manzardo,CLE,"1B,DH",,".235|62R|24HR|72RBI|2SB
",0.0,192.0
242,Caleb Durbin_MIL,488.0,60.0,11,55.0,22.0,0.25,0.303,122,26.0,2.0,37.0,63.0,0.375,0.678,298,H,https://www.fantasypros.com/mlb/players/caleb-durbin.php,,,,,,,,,,,,,,caleb-durbin,"Caleb Durbin (MIL - 2B,3B)",Caleb Durbin,Durbin,MIL,"2B,3B",,.250|60R|11HR|55RBI|22SB,243,"Caleb Durbin (MIL - 2B,3B)",244,243,244.0,"2B,3B","Caleb Durbin (MIL - 2B,3B)",https://images.fantasypros.com/images/players/mlb/45944/headshot/70x70.png,"Caleb Durbin (2B,3B - MIL)",,"Caleb Durbin (MIL - 2B,3B)",Caleb Durbin,Durbin,MIL,"2B,3B",,".250|60R|11HR|55RBI|22SB
",1.0,138.0
243,Adolis Garcia_PHI,502.0,64.0,23,72.0,11.0,0.234,0.288,118,24.0,1.0,38.0,143.0,0.424,0.712,255,H,https://www.fantasypros.com/mlb/players/jose-adolis-garcia.php,,,,,,,,,,,,,,jose-adolis-garcia,"Adolis Garcia (PHI - DH,OF)",Adolis Garcia,Garcia,PHI,"DH,OF",,.234|64R|23HR|72RBI|11SB,244,"Adolis Garcia (PHI - DH,OF)",241,247,244.0,OF,Adolis Garcia (PHI - OF),https://images.fantasypros.com/images/players/mlb/6901/headshot/70x70.png,"Adolis Garcia (RF,DH - PHI)",,"Adolis Garcia (PHI - DH,OF)",Adolis Garcia,Garcia,PHI,"DH,OF",,".234|64R|23HR|72RBI|11SB
",0.0,227.0
244,Jordan Beck_COL,465.0,62.0,15,61.0,15.0,0.249,0.31,116,24.0,3.0,41.0,144.0,0.412,0.722,225,H,https://www.fantasypros.com/mlb/players/jordan-beck.php,,,,,,,,,,,,,,jordan-beck,Jordan Beck (COL - OF),Jordan Beck,Beck,COL,OF,,.249|62R|15HR|61RBI|15SB,245,Jordan Beck (COL - OF),268,221,244.0,OF,Jordan Beck (COL - OF),https://images.fantasypros.com/images/players/mlb/46291/headshot/70x70.png,"Jordan Beck (LF,RF - COL)",,Jordan Beck (COL - OF),Jordan Beck,Beck,COL,OF,,".249|62R|15HR|61RBI|15SB
",-1.0,262.0
245,Dillon Dingler_DET,366.0,43.0,12,45.0,1.0,0.244,0.293,89,18.0,1.0,26.0,99.0,0.396,0.689,160,H,https://www.fantasypros.com/mlb/players/dillon-dingler.php,,,,,,,,,,,,,,dillon-dingler,Dillon Dingler (DET - C),Dillon Dingler,Dingler,DET,C,,.244|43R|12HR|45RBI|1SB,246,Dillon Dingler (DET - C),283,208,246.0,C,Dillon Dingler (DET - C),https://images.fantasypros.com/images/players/mlb/43821/headshot/70x70.png,Dillon Dingler (C - DET),,Dillon Dingler (DET - C),Dillon Dingler,Dingler,DET,C,,".244|43R|12HR|45RBI|1SB
",0.0,289.0
246,Logan O'Hoppe_LAA,395.0,47.0,18,52.0,2.0,0.23,0.284,91,14.0,1.0,30.0,122.0,0.409,0.693,168,H,https://www.fantasypros.com/mlb/players/logan-ohoppe.php,,,,,,,,,,,,,,logan-ohoppe,Logan O'Hoppe (LAA - C),Logan O'Hoppe,O'Hoppe,LAA,C,,.230|47R|18HR|52RBI|2SB,247,Logan O'Hoppe (LAA - C),256,235,246.0,C,Logan O'Hoppe (LAA - C),https://images.fantasypros.com/images/players/mlb/43987/headshot/70x70.png,Logan O'Hoppe (C - LAA),,Logan O'Hoppe (LAA - C),Logan O'Hoppe,O'Hoppe,LAA,C,,".230|47R|18HR|52RBI|2SB
",-1.0,284.0
247,Bryan Abreu_HOU,,,7,,,,,53,,,,,,,221,P,https://www.fantasypros.com/mlb/players/bryan-abreu.php,68.7,90.0,4.0,4.0,3.27,1.18,25.0,28.0,67.0,0.0,3.0,0.0,11.79,bryan-abreu,Bryan Abreu (HOU - RP),Bryan Abreu,Abreu,HOU,RP,,4-3-4SV|3.27|1.18|11.79K9,248,Bryan Abreu (HOU - RP),221,272,246.0,RP,Bryan Abreu (HOU - RP),https://images.fantasypros.com/images/players/mlb/8384/headshot/70x70.png,Bryan Abreu (RP - HOU),,Bryan Abreu (HOU - RP),Bryan Abreu,Abreu,HOU,RP,,"4-3-4SV|3.27|1.18|11.79K9
",-2.0,264.0
248,Noah Cameron_KC,,,19,,,,,143,,,,,,,226,P,https://www.fantasypros.com/mlb/players/noah-cameron.php,145.4,121.0,8.0,0.0,4.27,1.31,69.0,48.0,26.0,26.0,9.0,0.0,7.49,noah-cameron,Noah Cameron (KC - SP),Noah Cameron,Cameron,KC,SP,,8-9-0SV|4.27|1.31|7.49K9,249,Noah Cameron (KC - SP),236,258,247.0,SP,Noah Cameron (KC - SP),https://images.fantasypros.com/images/players/mlb/47086/headshot/70x70.png,Noah Cameron (SP - KC),,Noah Cameron (KC - SP),Noah Cameron,Cameron,KC,SP,,"8-9-0SV|4.27|1.31|7.49K9
",-2.0,257.0
249,Max Muncy_LAD,367.0,58.0,20,59.0,3.0,0.222,0.336,82,15.0,1.0,63.0,108.0,0.436,0.772,234,H,https://www.fantasypros.com/mlb/players/max-muncy.php,,,,,,,,,,,,,,max-muncy,Max Muncy (LAD - 3B),Max Muncy,Muncy,LAD,3B,,.222|58R|20HR|59RBI|3SB,250,Max Muncy (LAD - 3B),242,254,248.0,3B,Max Muncy (LAD - 3B),https://images.fantasypros.com/images/players/mlb/5207/headshot/70x70.png,Max Muncy (3B - LAD),,Max Muncy (LAD - 3B),Max Muncy,Muncy,LAD,3B,,".222|58R|20HR|59RBI|3SB
",-2.0,251.0
250,JJ Wetherholt_STL,290.0,36.0,7,33.0,6.0,0.246,0.315,71,14.0,1.0,29.0,59.0,0.368,0.683,153,H,https://www.fantasypros.com/mlb/players/jj-wetherholt.php,,,,,,,,,,,,,,jj-wetherholt,JJ Wetherholt (STL - SS),JJ Wetherholt,Wetherholt,STL,SS,MiLB,.246|36R|7HR|33RBI|6SB,251,JJ Wetherholt (STL - SS),210,288,249.0,"2B,3B,SS","JJ Wetherholt (STL - 2B,3B,SS)",https://images.fantasypros.com/images/players/mlb/missing/headshot/70x70.png,JJ Wetherholt (SS - STL),,JJ Wetherholt (STL - SS),JJ Wetherholt,Wetherholt,STL,SS,,".246|36R|7HR|33RBI|6SB
",-2.0,290.0
251,Griffin Jax_TB,,,7,,,,,57,,,,,,,260,P,https://www.fantasypros.com/mlb/players/griffin-jax.php,68.6,85.0,4.0,14.0,3.15,1.12,24.0,20.0,68.0,0.0,3.0,0.0,11.15,griffin-jax,Griffin Jax (TB - RP),Griffin Jax,Jax,TB,RP,,4-3-14SV|3.15|1.12|11.15K9,252,Griffin Jax (TB - RP),260,238,249.0,RP,Griffin Jax (TB - RP),https://images.fantasypros.com/images/players/mlb/43669/headshot/70x70.png,Griffin Jax (RP - TB),,Griffin Jax (TB - RP),Griffin Jax,Jax,TB,RP,,"4-3-14SV|3.15|1.12|11.15K9
",-3.0,222.0
252,TJ Friedl_CIN,500.0,71.0,14,54.0,11.0,0.245,0.323,122,21.0,2.0,58.0,97.0,0.379,0.702,284,H,https://www.fantasypros.com/mlb/players/terry-friedl.php,,,,,,,,,,,,,,terry-friedl,TJ Friedl (CIN - OF),TJ Friedl,Friedl,CIN,OF,,.245|71R|14HR|54RBI|11SB,253,TJ Friedl (CIN - OF),238,262,250.0,OF,TJ Friedl (CIN - OF),https://images.fantasypros.com/images/players/mlb/8358/headshot/70x70.png,TJ Friedl (CF - CIN),,TJ Friedl (CIN - OF),TJ Friedl,Friedl,CIN,OF,,".245|71R|14HR|54RBI|11SB
",-3.0,162.0
253,Joe Musgrove_SD,,,21,,,,,144,,,,,,,278,P,https://www.fantasypros.com/mlb/players/joe-musgrove.php,151.2,142.0,9.0,0.0,3.99,1.21,67.0,40.0,27.0,27.0,9.0,0.0,8.45,joe-musgrove,Joe Musgrove (SD - SP),Joe Musgrove,Musgrove,SD,SP,,9-9-0SV|3.99|1.21|8.45K9,254,Joe Musgrove (SD - SP),250,257,254.0,SP,Joe Musgrove (SD - SP),https://images.fantasypros.com/images/players/mlb/5883/headshot/70x70.png,Joe Musgrove (SP - SD),,Joe Musgrove (SD - SP),Joe Musgrove,Musgrove,SD,SP,,"9-9-0SV|3.99|1.21|8.45K9
",0.0,178.0
254,Tyler Stephenson_CIN,382.0,48.0,14,50.0,1.0,0.237,0.311,90,18.0,1.0,41.0,121.0,0.4,0.711,172,H,https://www.fantasypros.com/mlb/players/tyler-stephenson.php,,,,,,,,,,,,,,tyler-stephenson,"Tyler Stephenson (CIN - C,DH)",Tyler Stephenson,Stephenson,CIN,"C,DH",,.237|48R|14HR|50RBI|1SB,255,"Tyler Stephenson (CIN - C,DH)",271,241,256.0,C,Tyler Stephenson (CIN - C),https://images.fantasypros.com/images/players/mlb/6024/headshot/70x70.png,"Tyler Stephenson (C,DH - CIN)",,"Tyler Stephenson (CIN - C,DH)",Tyler Stephenson,Stephenson,CIN,"C,DH",,".237|48R|14HR|50RBI|1SB
",1.0,282.0
255,Alec Bohm_PHI,525.0,66.0,15,71.0,3.0,0.271,0.321,142,27.0,2.0,38.0,91.0,0.414,0.735,306,H,https://www.fantasypros.com/mlb/players/alec-bohm.php,,,,,,,,,,,,,,alec-bohm,"Alec Bohm (PHI - 1B,3B)",Alec Bohm,Bohm,PHI,"1B,3B",,.271|66R|15HR|71RBI|3SB,256,"Alec Bohm (PHI - 1B,3B)",254,261,258.0,"1B,3B","Alec Bohm (PHI - 1B,3B)",https://images.fantasypros.com/images/players/mlb/7921/headshot/70x70.png,"Alec Bohm (3B,1B - PHI)",,"Alec Bohm (PHI - 1B,3B)",Alec Bohm,Bohm,PHI,"1B,3B",,".271|66R|15HR|71RBI|3SB
",2.0,128.0
256,Jordan Leasure_CWS,,,9,,,,,55,,,,,,,227,P,https://www.fantasypros.com/mlb/players/jordan-leasure.php,65.2,72.0,3.0,17.0,4.05,1.29,29.0,29.0,67.0,0.0,3.0,0.0,9.94,jordan-leasure,Jordan Leasure (CWS - RP),Jordan Leasure,Leasure,CWS,RP,,3-3-17SV|4.05|1.29|9.94K9,257,Jordan Leasure (CWS - RP),231,286,258.0,RP,Jordan Leasure (CWS - RP),https://images.fantasypros.com/images/players/mlb/47411/headshot/70x70.png,Jordan Leasure (RP - CWS),,Jordan Leasure (CWS - RP),Jordan Leasure,Leasure,CWS,RP,,"3-3-17SV|4.05|1.29|9.94K9
",1.0,256.0
257,Jack Leiter_TEX,,,22,,,,,138,,,,,,,255,P,https://www.fantasypros.com/mlb/players/jack-leiter.php,152.6,147.0,9.0,0.0,4.38,1.31,74.0,62.0,28.0,28.0,10.0,0.0,8.67,jack-leiter,"Jack Leiter (TEX - RP,SP)",Jack Leiter,Leiter,TEX,"RP,SP",,9-10-0SV|4.38|1.31|8.67K9,258,"Jack Leiter (TEX - RP,SP)",267,252,260.0,SP,Jack Leiter (TEX - SP),https://images.fantasypros.com/images/players/mlb/43712/headshot/70x70.png,"Jack Leiter (SP,RP - TEX)",,"Jack Leiter (TEX - RP,SP)",Jack Leiter,Leiter,TEX,"RP,SP",,"9-10-0SV|4.38|1.31|8.67K9
",2.0,228.0
258,Bryce Miller_SEA,,,21,,,,,134,,,,,,,249,P,https://www.fantasypros.com/mlb/players/bryce-miller.php,143.4,128.0,9.0,0.0,4.21,1.23,67.0,43.0,26.0,26.0,8.0,0.0,8.03,bryce-miller,Bryce Miller (SEA - SP),Bryce Miller,Miller,SEA,SP,,9-8-0SV|4.21|1.23|8.03K9,259,Bryce Miller (SEA - SP),275,245,260.0,SP,Bryce Miller (SEA - SP),https://images.fantasypros.com/images/players/mlb/45184/headshot/70x70.png,Bryce Miller (SP - SEA),,Bryce Miller (SEA - SP),Bryce Miller,Miller,SEA,SP,,"9-8-0SV|4.21|1.23|8.03K9
",1.0,232.0
259,Quinn Priester_MIL,,,19,,,,,163,,,,,,,267,P,https://www.fantasypros.com/mlb/players/quinn-priester.php,165.9,136.0,10.0,0.0,4.09,1.31,75.0,54.0,29.0,29.0,10.0,0.0,7.38,quinn-priester,"Quinn Priester (MIL - RP,SP)",Quinn Priester,Priester,MIL,"RP,SP",,10-10-0SV|4.09|1.31|7.38K9,260,"Quinn Priester (MIL - RP,SP)",249,276,262.0,"RP,SP","Quinn Priester (MIL - RP,SP)",https://images.fantasypros.com/images/players/mlb/23367/headshot/70x70.png,"Quinn Priester (SP,RP - MIL)",,"Quinn Priester (MIL - RP,SP)",Quinn Priester,Priester,MIL,"RP,SP",,"10-10-0SV|4.09|1.31|7.38K9
",2.0,197.0
260,Ryan O'Hearn_PIT,462.0,60.0,14,62.0,3.0,0.264,0.332,122,23.0,2.0,47.0,97.0,0.416,0.748,267,H,https://www.fantasypros.com/mlb/players/ryan-ohearn.php,,,,,,,,,,,,,,ryan-ohearn,"Ryan O'Hearn (PIT - 1B,DH,OF)",Ryan O'Hearn,O'Hearn,PIT,"1B,DH,OF",,.264|60R|14HR|62RBI|3SB,261,"Ryan O'Hearn (PIT - 1B,DH,OF)",255,280,268.0,"1B,DH,OF","Ryan O'Hearn (PIT - 1B,DH,OF)",https://images.fantasypros.com/images/players/mlb/6681/headshot/70x70.png,"Ryan O'Hearn (1B,DH,RF - PIT)",,"Ryan O'Hearn (PIT - 1B,DH,OF)",Ryan O'Hearn,O'Hearn,PIT,"1B,DH,OF",,".264|60R|14HR|62RBI|3SB
",7.0,198.0
261,Ryne Nelson_ARI,,,22,,,,,163,,,,,,,260,P,https://www.fantasypros.com/mlb/players/ryne-nelson.php,162.9,134.0,10.0,0.0,4.33,1.28,78.0,46.0,29.0,29.0,9.0,0.0,7.4,ryne-nelson,"Ryne Nelson (ARI - RP,SP)",Ryne Nelson,Nelson,ARI,"RP,SP",,10-9-0SV|4.33|1.28|7.40K9,262,"Ryne Nelson (ARI - RP,SP)",278,260,269.0,"RP,SP","Ryne Nelson (ARI - RP,SP)",https://images.fantasypros.com/images/players/mlb/38389/headshot/70x70.png,"Ryne Nelson (SP,RP - ARI)",,"Ryne Nelson (ARI - RP,SP)",Ryne Nelson,Nelson,ARI,"RP,SP",,"10-9-0SV|4.33|1.28|7.40K9
",7.0,223.0
262,Colton Cowser_BAL,445.0,62.0,20,60.0,12.0,0.229,0.305,102,21.0,1.0,48.0,156.0,0.414,0.719,213,H,https://www.fantasypros.com/mlb/players/colton-cowser.php,,,,,,,,,,,,,,colton-cowser,Colton Cowser (BAL - OF),Colton Cowser,Cowser,BAL,OF,,.229|62R|20HR|60RBI|12SB,263,Colton Cowser (BAL - OF),291,249,270.0,OF,Colton Cowser (BAL - OF),https://images.fantasypros.com/images/players/mlb/44669/headshot/70x70.png,"Colton Cowser (LF,CF,RF - BAL)",,Colton Cowser (BAL - OF),Colton Cowser,Cowser,BAL,OF,,".229|62R|20HR|60RBI|12SB
",7.0,267.0
263,Shane Smith_CWS,,,23,,,,,151,,,,,,,263,P,https://www.fantasypros.com/mlb/players/shane-smith.php,162.1,151.0,8.0,0.0,4.39,1.31,79.0,61.0,29.0,29.0,10.0,0.0,8.38,shane-smith,"Shane Smith (CWS - RP,SP)",Shane Smith,Smith,CWS,"RP,SP",,8-10-0SV|4.39|1.31|8.38K9,264,"Shane Smith (CWS - RP,SP)",266,274,270.0,SP,Shane Smith (CWS - SP),https://images.fantasypros.com/images/players/mlb/7354099/headshot/70x70.png,"Shane Smith (SP,RP - CWS)",,"Shane Smith (CWS - RP,SP)",Shane Smith,Smith,CWS,"RP,SP",,"8-10-0SV|4.39|1.31|8.38K9
",6.0,210.0
264,Kevin McGonigle_DET,236.0,32.0,7,28.0,6.0,0.255,0.327,60,13.0,1.0,25.0,38.0,0.397,0.724,149,H,https://www.fantasypros.com/mlb/players/kevin-mcgonigle.php,,,,,,,,,,,,,,kevin-mcgonigle,"Kevin McGonigle (DET - 2B,SS)",Kevin McGonigle,McGonigle,DET,"2B,SS",MiLB,.255|32R|7HR|28RBI|6SB,265,"Kevin McGonigle (DET - 2B,SS)",253,290,272.0,SS,Kevin McGonigle (DET - SS),https://images.fantasypros.com/images/players/mlb/missing/headshot/70x70.png,"Kevin McGonigle (2B,SS - DET)",,"Kevin McGonigle (DET - 2B,SS)",Kevin McGonigle,McGonigle,DET,"2B,SS",,".255|32R|7HR|28RBI|6SB
",7.0,291.0
265,Hurston Waldrep_ATL,,,16,,,,,137,,,,,,,213,P,https://www.fantasypros.com/mlb/players/hurston-waldrep.php,141.3,125.0,8.0,0.0,4.43,1.41,69.0,61.0,26.0,26.0,8.0,0.0,7.96,hurston-waldrep,Hurston Waldrep (ATL - SP),Hurston Waldrep,Waldrep,ATL,SP,,8-8-0SV|4.43|1.41|7.96K9,266,Hurston Waldrep (ATL - SP),285,259,272.0,SP,Hurston Waldrep (ATL - SP),https://images.fantasypros.com/images/players/mlb/47232/headshot/70x70.png,Hurston Waldrep (SP - ATL),,Hurston Waldrep (ATL - SP),Hurston Waldrep,Waldrep,ATL,SP,,"8-8-0SV|4.43|1.41|7.96K9
",6.0,268.0
266,Brendan Donovan_STL,504.0,68.0,12,58.0,5.0,0.272,0.336,137,26.0,1.0,49.0,76.0,0.404,0.74,306,H,https://www.fantasypros.com/mlb/players/brendan-donovan.php,,,,,,,,,,,,,,brendan-donovan,"Brendan Donovan (STL - 2B,OF)",Brendan Donovan,Donovan,STL,"2B,OF",,.272|68R|12HR|58RBI|5SB,267,"Brendan Donovan (STL - 2B,OF)",261,283,272.0,"2B,OF,SS","Brendan Donovan (STL - 2B,OF,SS)",https://images.fantasypros.com/images/players/mlb/45005/headshot/70x70.png,"Brendan Donovan (2B,LF - STL)",,"Brendan Donovan (STL - 2B,OF)",Brendan Donovan,Donovan,STL,"2B,OF",,".272|68R|12HR|58RBI|5SB
",5.0,129.0
267,Carlos Correa_HOU,488.0,65.0,16,66.0,1.0,0.264,0.331,129,24.0,1.0,49.0,107.0,0.42,0.751,278,H,https://www.fantasypros.com/mlb/players/carlos-correa.php,,,,,,,,,,,,,,carlos-correa,"Carlos Correa (HOU - 3B,SS)",Carlos Correa,Correa,HOU,"3B,SS",,.264|65R|16HR|66RBI|1SB,268,"Carlos Correa (HOU - 3B,SS)",282,266,274.0,"3B,SS","Carlos Correa (HOU - 3B,SS)",https://images.fantasypros.com/images/players/mlb/4673/headshot/70x70.png,"Carlos Correa (SS,3B - HOU)",,"Carlos Correa (HOU - 3B,SS)",Carlos Correa,Correa,HOU,"3B,SS",,".264|65R|16HR|66RBI|1SB
",6.0,179.0
268,Edwin Uceta_TB,,,10,,,,,61,,,,,,,248,P,https://www.fantasypros.com/mlb/players/edwin-uceta.php,72.1,85.0,4.0,12.0,3.75,1.2,30.0,26.0,69.0,0.0,3.0,0.0,10.61,edwin-uceta,Edwin Uceta (TB - RP),Edwin Uceta,Uceta,TB,RP,,4-3-12SV|3.75|1.20|10.61K9,269,Edwin Uceta (TB - RP),281,270,276.0,RP,Edwin Uceta (TB - RP),https://images.fantasypros.com/images/players/mlb/43645/headshot/70x70.png,Edwin Uceta (RP - TB),,Edwin Uceta (TB - RP),Edwin Uceta,Uceta,TB,RP,,"4-3-12SV|3.75|1.20|10.61K9
",7.0,233.0
269,Casey Mize_DET,,,21,,,,,153,,,,,,,261,P,https://www.fantasypros.com/mlb/players/casey-mize.php,155.8,134.0,9.0,0.0,4.16,1.26,72.0,43.0,29.0,29.0,9.0,0.0,7.74,casey-mize,Casey Mize (DET - SP),Casey Mize,Mize,DET,SP,,9-9-0SV|4.16|1.26|7.74K9,270,Casey Mize (DET - SP),286,267,276.0,SP,Casey Mize (DET - SP),https://images.fantasypros.com/images/players/mlb/7399/headshot/70x70.png,Casey Mize (SP - DET),,Casey Mize (DET - SP),Casey Mize,Mize,DET,SP,,"9-9-0SV|4.16|1.26|7.74K9
",6.0,217.0
270,Troy Melton_DET,,,17,,,,,115,,,,,,,198,P,https://www.fantasypros.com/mlb/players/troy-melton.php,119.9,105.0,6.0,0.0,4.26,1.29,57.0,40.0,38.0,18.0,7.0,0.0,7.88,troy-melton,"Troy Melton (DET - RP,SP)",Troy Melton,Melton,DET,"RP,SP",,6-7-0SV|4.26|1.29|7.88K9,271,"Troy Melton (DET - RP,SP)",277,277,277.0,"RP,SP","Troy Melton (DET - RP,SP)",https://images.fantasypros.com/images/players/mlb/missing/headshot/70x70.png,"Troy Melton (SP,RP - DET)",,"Troy Melton (DET - RP,SP)",Troy Melton,Melton,DET,"RP,SP",,"6-7-0SV|4.26|1.29|7.88K9
",6.0,278.0
271,Ernie Clement_TOR,517.0,61.0,10,57.0,9.0,0.265,0.299,137,29.0,2.0,25.0,58.0,0.386,0.685,294,H,https://www.fantasypros.com/mlb/players/ernie-clement.php,,,,,,,,,,,,,,ernie-clement,"Ernie Clement (TOR - 1B,2B,3B,SS)",Ernie Clement,Clement,TOR,"1B,2B,3B,SS",,.265|61R|10HR|57RBI|9SB,272,"Ernie Clement (TOR - 1B,2B,3B,SS)",270,285,278.0,"1B,2B,3B,SS","Ernie Clement (TOR - 1B,2B,3B,SS)",https://images.fantasypros.com/images/players/mlb/8532/headshot/70x70.png,"Ernie Clement (3B,SS,2B,1B - TOR)",,"Ernie Clement (TOR - 1B,2B,3B,SS)",Ernie Clement,Clement,TOR,"1B,2B,3B,SS",,".265|61R|10HR|57RBI|9SB
",6.0,148.0
272,Logan Henderson_MIL,,,19,,,,,107,,,,,,,226,P,https://www.fantasypros.com/mlb/players/logan-henderson.php,118.3,120.0,6.0,0.0,4.11,1.21,54.0,36.0,32.0,19.0,6.0,0.0,9.13,logan-henderson,Logan Henderson (MIL - SP),Logan Henderson,Henderson,MIL,SP,,6-6-0SV|4.11|1.21|9.13K9,273,Logan Henderson (MIL - SP),257,301,279.0,SP,Logan Henderson (MIL - SP),https://images.fantasypros.com/images/players/mlb/45145/headshot/70x70.png,Logan Henderson (SP - MIL),,Logan Henderson (MIL - SP),Logan Henderson,Henderson,MIL,SP,,"6-6-0SV|4.11|1.21|9.13K9
",6.0,258.0
273,Luis Gil_NYY,,,14,,,,,86,,,,,,,167,P,https://www.fantasypros.com/mlb/players/luis-gil.php,98.7,98.0,5.0,0.0,4.34,1.34,48.0,47.0,38.0,13.0,5.0,0.0,8.94,luis-gil,Luis Gil (NYY - SP),Luis Gil,Gil,NYY,SP,,5-5-0SV|4.34|1.34|8.94K9,274,Luis Gil (NYY - SP),259,364,312.0,SP,Luis Gil (NYY - SP),https://images.fantasypros.com/images/players/mlb/39290/headshot/70x70.png,Luis Gil (SP - NYY),,Luis Gil (NYY - SP),Luis Gil,Gil,NYY,SP,,"5-5-0SV|4.34|1.34|8.94K9
",38.0,285.0
274,Parker Messick_CLE,,,16,,,,,120,,,,,,,205,P,https://www.fantasypros.com/mlb/players/parker-messick.php,123.6,112.0,7.0,0.0,4.15,1.31,57.0,42.0,23.0,23.0,8.0,0.0,8.16,parker-messick,Parker Messick (CLE - SP),Parker Messick,Messick,CLE,SP,,7-8-0SV|4.15|1.31|8.16K9,275,Parker Messick (CLE - SP),262,313,288.0,SP,Parker Messick (CLE - SP),https://images.fantasypros.com/images/players/mlb/missing/headshot/70x70.png,Parker Messick (SP - CLE),,Parker Messick (CLE - SP),Parker Messick,Messick,CLE,SP,,"7-8-0SV|4.15|1.31|8.16K9
",13.0,273.0
275,Cody Ponce_TOR,,,19,,,,,131,,,,,,,267,P,https://www.fantasypros.com/mlb/players/cody-ponce-p.php,140.7,145.0,8.0,0.0,4.04,1.25,63.0,45.0,36.0,23.0,8.0,0.0,9.28,cody-ponce-p,Cody Ponce (TOR - RP),Cody Ponce,Ponce,TOR,RP,,8-8-0SV|4.04|1.25|9.28K9,276,Cody Ponce (TOR - RP),263,337,300.0,"RP,SP","Cody Ponce (TOR - RP,SP)",https://images.fantasypros.com/images/players/mlb/39168/headshot/70x70.png,Cody Ponce (RP - TOR),,Cody Ponce (TOR - RP),Cody Ponce,Ponce,TOR,RP,,"8-8-0SV|4.04|1.25|9.28K9
",24.0,199.0
276,Reese Olson_DET,,,15,,,,,125,,,,,,,239,P,https://www.fantasypros.com/mlb/players/reese-olson.php,134.1,124.0,8.0,0.0,3.96,1.26,59.0,44.0,29.0,24.0,8.0,0.0,8.32,reese-olson,Reese Olson (DET - SP),Reese Olson,Olson,DET,SP,,8-8-0SV|3.96|1.26|8.32K9,277,Reese Olson (DET - SP),265,300,282.0,SP,Reese Olson (DET - SP),https://images.fantasypros.com/images/players/mlb/44805/headshot/70x70.png,Reese Olson (SP - DET),,Reese Olson (DET - SP),Reese Olson,Olson,DET,SP,,"8-8-0SV|3.96|1.26|8.32K9
",5.0,246.0
277,Brady Singer_CIN,,,25,,,,,169,,,,,,,274,P,https://www.fantasypros.com/mlb/players/brady-singer.php,170.6,156.0,10.0,0.0,4.41,1.32,84.0,55.0,30.0,30.0,11.0,0.0,8.23,brady-singer,Brady Singer (CIN - SP),Brady Singer,Singer,CIN,SP,,10-11-0SV|4.41|1.32|8.23K9,278,Brady Singer (CIN - SP),269,325,297.0,SP,Brady Singer (CIN - SP),https://images.fantasypros.com/images/players/mlb/6811/headshot/70x70.png,Brady Singer (SP - CIN),,Brady Singer (CIN - SP),Brady Singer,Singer,CIN,SP,,"10-11-0SV|4.41|1.32|8.23K9
",19.0,187.0
278,Miguel Vargas_CWS,492.0,65.0,17,65.0,7.0,0.237,0.317,117,28.0,2.0,58.0,107.0,0.408,0.725,288,H,https://www.fantasypros.com/mlb/players/miguel-vargas.php,,,,,,,,,,,,,,miguel-vargas,"Miguel Vargas (CWS - 1B,3B,OF)",Miguel Vargas,Vargas,CWS,"1B,3B,OF",,.237|65R|17HR|65RBI|7SB,279,"Miguel Vargas (CWS - 1B,3B,OF)",287,282,284.0,"1B,3B","Miguel Vargas (CWS - 1B,3B)",https://images.fantasypros.com/images/players/mlb/8301/headshot/70x70.png,"Miguel Vargas (3B,LF,1B - CWS)",,"Miguel Vargas (CWS - 1B,3B,OF)",Miguel Vargas,Vargas,CWS,"1B,3B,OF",,".237|65R|17HR|65RBI|7SB
",5.0,157.0
279,Andrew Saalfrank_ARI,,,6,,,,,62,,,,,,,199,P,https://www.fantasypros.com/mlb/players/andrew-saalfrank.php,65.0,57.0,3.0,15.0,4.08,1.41,29.0,30.0,61.0,0.0,3.0,0.0,7.89,andrew-saalfrank,Andrew Saalfrank (ARI - RP),Andrew Saalfrank,Saalfrank,ARI,RP,,3-3-15SV|4.08|1.41|7.89K9,280,Andrew Saalfrank (ARI - RP),272,575,424.0,RP,Andrew Saalfrank (ARI - RP),https://images.fantasypros.com/images/players/mlb/missing/headshot/70x70.png,Andrew Saalfrank (RP - ARI),,Andrew Saalfrank (ARI - RP),Andrew Saalfrank,Saalfrank,ARI,RP,,"3-3-15SV|4.08|1.41|7.89K9
",144.0,277.0
280,Kodai Senga_NYM,,,14,,,,,102,,,,,,,211,P,https://www.fantasypros.com/mlb/players/kodai-senga.php,115.4,115.0,7.0,0.0,4.02,1.31,51.0,50.0,29.0,20.0,6.0,0.0,8.97,kodai-senga,Kodai Senga (NYM - SP),Kodai Senga,Senga,NYM,SP,,7-6-0SV|4.02|1.31|8.97K9,281,Kodai Senga (NYM - SP),273,304,288.0,SP,Kodai Senga (NYM - SP),https://images.fantasypros.com/images/players/mlb/6917/headshot/70x70.png,Kodai Senga (SP - NYM),,Kodai Senga (NYM - SP),Kodai Senga,Senga,NYM,SP,,"7-6-0SV|4.02|1.31|8.97K9
",7.0,269.0
281,Mike Burrows_HOU,,,19,,,,,124,,,,,,,232,P,https://www.fantasypros.com/mlb/players/mike-burrows.php,132.3,129.0,7.0,0.0,4.21,1.28,62.0,46.0,31.0,24.0,8.0,0.0,8.78,mike-burrows,Mike Burrows (HOU - SP),Mike Burrows,Burrows,HOU,SP,,7-8-0SV|4.21|1.28|8.78K9,282,Mike Burrows (HOU - SP),274,345,310.0,"RP,SP","Mike Burrows (HOU - RP,SP)",https://images.fantasypros.com/images/players/mlb/45460/headshot/70x70.png,Mike Burrows (SP - HOU),,Mike Burrows (HOU - SP),Mike Burrows,Burrows,HOU,SP,,"7-8-0SV|4.21|1.28|8.78K9
",28.0,253.0
282,Chase DeLauter_CLE,450.0,55.0,14,56.0,4.0,0.25,0.313,112,24.0,1.0,42.0,93.0,0.398,0.712,245,H,https://www.fantasypros.com/mlb/players/chase-delauter.php,,,,,,,,,,,,,,chase-delauter,Chase DeLauter (CLE - OF),Chase DeLauter,DeLauter,CLE,OF,,.250|55R|14HR|56RBI|4SB,283,Chase DeLauter (CLE - OF),276,308,292.0,OF,Chase DeLauter (CLE - OF),https://images.fantasypros.com/images/players/mlb/missing/headshot/70x70.png,"Chase DeLauter (CF,RF - CLE)",,Chase DeLauter (CLE - OF),Chase DeLauter,DeLauter,CLE,OF,,".250|55R|14HR|56RBI|4SB
",9.0,236.0
283,Justin Crawford_PHI,353.0,46.0,6,36.0,20.0,0.266,0.316,94,17.0,2.0,25.0,80.0,0.37,0.685,180,H,https://www.fantasypros.com/mlb/players/justin-crawford.php,,,,,,,,,,,,,,justin-crawford,Justin Crawford (PHI - OF),Justin Crawford,Crawford,PHI,OF,NRI,.266|46R|6HR|36RBI|20SB,284,Justin Crawford (PHI - OF),279,320,300.0,OF,Justin Crawford (PHI - OF),https://images.fantasypros.com/images/players/mlb/missing/headshot/70x70.png,Justin Crawford (CF - PHI),,Justin Crawford (PHI - OF),Justin Crawford,Crawford,PHI,OF,,".266|46R|6HR|36RBI|20SB
",16.0,281.0
284,Riley O'Brien_STL,,,6,,,,,57,,,,,,,226,P,https://www.fantasypros.com/mlb/players/riley-obrien.php,65.1,66.0,3.0,16.0,3.65,1.31,26.0,28.0,64.0,0.0,3.0,0.0,9.12,riley-obrien,Riley O'Brien (STL - RP),Riley O'Brien,O'Brien,STL,RP,,3-3-16SV|3.65|1.31|9.12K9,285,Riley O'Brien (STL - RP),298,281,290.0,RP,Riley O'Brien (STL - RP),https://images.fantasypros.com/images/players/mlb/8620/headshot/70x70.png,Riley O'Brien (RP - STL),,Riley O'Brien (STL - RP),Riley O'Brien,O'Brien,STL,RP,,"3-3-16SV|3.65|1.31|9.12K9
",5.0,259.0
285,Joey Cantillo_CLE,,,16,,,,,118,,,,,,,243,P,https://www.fantasypros.com/mlb/players/joey-cantillo.php,132.9,137.0,6.0,0.0,3.98,1.32,59.0,57.0,43.0,20.0,7.0,0.0,9.28,joey-cantillo,"Joey Cantillo (CLE - RP,SP)",Joey Cantillo,Cantillo,CLE,"RP,SP",,6-7-0SV|3.98|1.32|9.28K9,286,"Joey Cantillo (CLE - RP,SP)",292,287,290.0,"RP,SP","Joey Cantillo (CLE - RP,SP)",https://images.fantasypros.com/images/players/mlb/43689/headshot/70x70.png,"Joey Cantillo (SP,RP - CLE)",,"Joey Cantillo (CLE - RP,SP)",Joey Cantillo,Cantillo,CLE,"RP,SP",,"6-7-0SV|3.98|1.32|9.28K9
",4.0,241.0
286,Grayson Rodriguez_LAA,,,16,,,,,110,,,,,,,244,P,https://www.fantasypros.com/mlb/players/grayson-rodriguez.php,122.7,129.0,8.0,0.0,3.84,1.23,52.0,41.0,22.0,22.0,7.0,0.0,9.46,grayson-rodriguez,Grayson Rodriguez (LAA - SP),Grayson Rodriguez,Rodriguez,LAA,SP,IL10,8-7-0SV|3.84|1.23|9.46K9,287,Grayson Rodriguez (LAA - SP),284,307,296.0,SP,Grayson Rodriguez (LAA - SP),https://images.fantasypros.com/images/players/mlb/7924/headshot/70x70.png,Grayson Rodriguez (SP - LAA),,Grayson Rodriguez (LAA - SP),Grayson Rodriguez,Rodriguez,LAA,SP,,"8-7-0SV|3.84|1.23|9.46K9
",9.0,238.0
287,Robert Garcia_TEX,,,7,,,,,57,,,,,,,236,P,https://www.fantasypros.com/mlb/players/robert-garcia.php,64.3,69.0,3.0,18.0,3.68,1.25,26.0,23.0,65.0,0.0,3.0,0.0,9.66,robert-garcia,Robert Garcia (TEX - RP),Robert Garcia,Garcia,TEX,RP,,3-3-18SV|3.68|1.25|9.66K9,288,Robert Garcia (TEX - RP),288,327,308.0,RP,Robert Garcia (TEX - RP),https://images.fantasypros.com/images/players/mlb/47023/headshot/70x70.png,Robert Garcia (RP - TEX),,Robert Garcia (TEX - RP),Robert Garcia,Garcia,TEX,RP,,"3-3-18SV|3.68|1.25|9.66K9
",20.0,249.0
288,Clay Holmes_NYM,,,15,,,,,150,,,,,,,245,P,https://www.fantasypros.com/mlb/players/clay-holmes.php,156.3,125.0,10.0,0.0,4.02,1.35,70.0,61.0,29.0,29.0,9.0,0.0,7.2,clay-holmes,"Clay Holmes (NYM - RP,SP)",Clay Holmes,Holmes,NYM,"RP,SP",,10-9-0SV|4.02|1.35|7.20K9,289,"Clay Holmes (NYM - RP,SP)",289,348,318.0,SP,Clay Holmes (NYM - SP),https://images.fantasypros.com/images/players/mlb/6584/headshot/70x70.png,"Clay Holmes (RP,SP - NYM)",,"Clay Holmes (NYM - RP,SP)",Clay Holmes,Holmes,NYM,"RP,SP",,"10-9-0SV|4.02|1.35|7.20K9
",29.0,237.0
289,Seth Lugo_KC,,,23,,,,,160,,,,,,,244,P,https://www.fantasypros.com/mlb/players/seth-lugo.php,160.6,134.0,9.0,0.0,4.45,1.32,79.0,52.0,28.0,28.0,10.0,0.0,7.51,seth-lugo,Seth Lugo (KC - SP),Seth Lugo,Lugo,KC,SP,,9-10-0SV|4.45|1.32|7.51K9,290,Seth Lugo (KC - SP),290,342,316.0,SP,Seth Lugo (KC - SP),https://images.fantasypros.com/images/players/mlb/5890/headshot/70x70.png,Seth Lugo (SP - KC),,Seth Lugo (KC - SP),Seth Lugo,Lugo,KC,SP,,"9-10-0SV|4.45|1.32|7.51K9
",26.0,239.0
290,Jameson Taillon_CHC,,,26,,,,,162,,,,,,,247,P,https://www.fantasypros.com/mlb/players/jameson-taillon.php,161.3,125.0,10.0,0.0,4.49,1.25,80.0,40.0,28.0,28.0,10.0,0.0,6.97,jameson-taillon,Jameson Taillon (CHC - SP),Jameson Taillon,Taillon,CHC,SP,,10-10-0SV|4.49|1.25|6.97K9,291,Jameson Taillon (CHC - SP),293,306,300.0,SP,Jameson Taillon (CHC - SP),https://images.fantasypros.com/images/players/mlb/4657/headshot/70x70.png,Jameson Taillon (SP - CHC),,Jameson Taillon (CHC - SP),Jameson Taillon,Taillon,CHC,SP,,"10-10-0SV|4.49|1.25|6.97K9
",9.0,234.0
291,David Peterson_NYM,,,17,,,,,163,,,,,,,286,P,https://www.fantasypros.com/mlb/players/david-peterson.php,169.3,149.0,11.0,0.0,3.93,1.34,74.0,64.0,29.0,29.0,9.0,0.0,7.92,david-peterson,David Peterson (NYM - SP),David Peterson,Peterson,NYM,SP,,11-9-0SV|3.93|1.34|7.92K9,292,David Peterson (NYM - SP),295,370,332.0,SP,David Peterson (NYM - SP),https://images.fantasypros.com/images/players/mlb/7275/headshot/70x70.png,David Peterson (SP - NYM),,David Peterson (NYM - SP),David Peterson,Peterson,NYM,SP,,"11-9-0SV|3.93|1.34|7.92K9
",40.0,159.0
292,Carson Benge_NYM,360.0,46.0,10,40.0,8.0,0.229,0.299,82,17.0,2.0,36.0,96.0,0.365,0.664,167,H,https://www.fantasypros.com/mlb/players/carson-benge.php,,,,,,,,,,,,,,carson-benge,Carson Benge (NYM - OF),Carson Benge,Benge,NYM,OF,MiLB,.229|46R|10HR|40RBI|8SB,293,Carson Benge (NYM - OF),296,371,334.0,OF,Carson Benge (NYM - OF),https://images.fantasypros.com/images/players/mlb/missing/headshot/70x70.png,Carson Benge (CF - NYM),,Carson Benge (NYM - OF),Carson Benge,Benge,NYM,OF,,".229|46R|10HR|40RBI|8SB
",41.0,286.0
293,Tyler Mahle_SF,,,18,,,,,135,,,,,,,221,P,https://www.fantasypros.com/mlb/players/tyler-mahle.php,138.5,115.0,8.0,0.0,4.21,1.29,65.0,43.0,25.0,25.0,9.0,0.0,7.47,tyler-mahle,Tyler Mahle (SF - SP),Tyler Mahle,Mahle,SF,SP,,8-9-0SV|4.21|1.29|7.47K9,294,Tyler Mahle (SF - SP),297,374,336.0,SP,Tyler Mahle (SF - SP),https://images.fantasypros.com/images/players/mlb/6637/headshot/70x70.png,Tyler Mahle (SP - SF),,Tyler Mahle (SF - SP),Tyler Mahle,Mahle,SF,SP,,"8-9-0SV|4.21|1.29|7.47K9
",42.0,265.0
