,AB,R,HR,RBI,SB,AVG,OBP,H,2B,3B,BBh,SO,SLG,OPS,PTS,Rost%,Unnamed: 17,Unnamed: 18,Type,Link,IP,K,W,SV,ERA,WHIP,ER,BB,G,GS,L,CG,K9,ID,PlayerInfo,Name,Last,Team,Positions,Status,Projections,Rank,Player,Yahoo,CBS,RTS,NFBC,FT,ADP,Positions_adp,PlayerInfo_adp,vsADP,PhotoURL,Player_notes,Notes,PlayerInfo_notes,Name_notes,Last_notes,Team_notes,Positions_notes,Status_notes,Description,PtsRank
0,561.0,115.0,42,110.0,33.0,0.287,0.376,161,30.0,5.0,80.0,149.0,0.586,0.962,526,100%,,100%,P,https://www.fantasypros.com/mlb/players/shohei-ohtani.php,114.3,133.0,8.0,0.0,3.43,1.13,44.0,39.0,20.0,20.0,5.0,0.0,10.47,shohei-ohtani,"Shohei Ohtani (LAD - DH,SP)",Shohei Ohtani,Ohtani,LAD,"DH,SP",,".287|115R|42HR|110RBI|33SB
8-5-0SV|3.43|1.13|10.47K9",1,"Shohei Ohtani (LAD - DH,SP)",,1.0,1.0,1.0,1.0,1.0,"DH,SP","Shohei Ohtani (LAD - DH,SP)",0.0,https://images.fantasypros.com/images/players/mlb/7354/headshot/70x70.png,"Shohei Ohtani (DH,SP - LAD)","Shohei Ohtani silenced any skeptics questioning his value after he was ruled out as a pitcher for 2024. The 30-year-old phenom delivered an unforgettable season, making a strong case as the top fantasy asset for managers who used him in their UTIL slot. Ohtani introduced the unprecedented 50/50 club, racking up 134 runs scored, 130 RBIs, and an extraordinary slash line of .311/.391/1.039. His .336 ISO and 9.1 WAR further highlighted his dominance. As a key piece of the Dodgers' lineup, he played a pivotal role in their championship run, earning his first World Series title. Expected to resume pitching in 2025, Ohtani offers an added bonus to his already unmatched fantasy value. Drafting him at 1.1 is a no-brainer, as his upside is unparalleled barring any unexpected injury.","Shohei Ohtani (LAD - DH,SP)",Shohei Ohtani,Ohtani,LAD,"DH,SP",,".287|115R|42HR|110RBI|33SB
8-5-0SV|3.43|1.13|10.47K9
Shohei Ohtani silenced any skeptics questioning his value after he was ruled out as a pitcher for 2024. The 30-year-old phenom delivered an unforgettable season, making a strong case as the top fantasy asset for managers who used him in their UTIL slot. Ohtani introduced the unprecedented 50/50 club, racking up 134 runs scored, 130 RBIs, and an extraordinary slash line of .311/.391/1.039. His .336 ISO and 9.1 WAR further highlighted his dominance. As a key piece of the Dodgers' lineup, he played a pivotal role in their championship run, earning his first World Series title. Expected to resume pitching in 2025, Ohtani offers an added bonus to his already unmatched fantasy value. Drafting him at 1.1 is a no-brainer, as his upside is unparalleled barring any unexpected injury.",1.0
1,606.0,104.0,30,95.0,34.0,0.295,0.348,179,36.0,8.0,49.0,109.0,0.533,0.881,499,99%,99%,100%,H,https://www.fantasypros.com/mlb/players/bobby-witt-jr.php,,,,,,,,,,,,,,bobby-witt-jr,Bobby Witt Jr. (KC - SS),Bobby Witt Jr.,Witt Jr.,KC,SS,,.295|104R|30HR|95RBI|34SB,3,Bobby Witt Jr. (KC - SS),2.0,2.0,2.0,2.0,3.0,2.0,SS,Bobby Witt Jr. (KC - SS),-1.0,https://images.fantasypros.com/images/players/mlb/6810/headshot/70x70.png,Bobby Witt Jr. (SS - KC),"Bobby Witt Jr is the poster child for ""five-category fantasy asset."" In 2024, the 24-year-old smacked 32 home runs, scored 125, knocked in 109, and stole 31 bases. On top of this, he slashed .332/.389/.588 and now has an argument to be the top overall pick in 2025. He reduced his K% from 17.4 to 15.0 and raised his BB% from 5.8 to 8.0. The only blemish on his Statcast page is a high chase rate (32.1%), but with 100th percentile sprint speed (30.5) and sitting above the 90th percentile in xwOBA, xBA, xSLG, avgEV, and barrel percentage, we can let it go. Shortstop is a deep position, but Witt stands alone at the top of the heap.",Bobby Witt Jr. (KC - SS),Bobby Witt Jr.,Witt Jr.,KC,SS,,".295|104R|30HR|95RBI|34SB
Bobby Witt Jr is the poster child for ""five-category fantasy asset."" In 2024, the 24-year-old smacked 32 home runs, scored 125, knocked in 109, and stole 31 bases. On top of this, he slashed .332/.389/.588 and now has an argument to be the top overall pick in 2025. He reduced his K% from 17.4 to 15.0 and raised his BB% from 5.8 to 8.0. The only blemish on his Statcast page is a high chase rate (32.1%), but with 100th percentile sprint speed (30.5) and sitting above the 90th percentile in xwOBA, xBA, xSLG, avgEV, and barrel percentage, we can let it go. Shortstop is a deep position, but Witt stands alone at the top of the heap.",4.0
2,529.0,108.0,48,119.0,8.0,0.285,0.408,151,26.0,1.0,110.0,168.0,0.613,1.021,512,99%,99%,100%,H,https://www.fantasypros.com/mlb/players/aaron-judge.php,,,,,,,,,,,,,,aaron-judge,"Aaron Judge (NYY - DH,OF)",Aaron Judge,Judge,NYY,"DH,OF",,.285|108R|48HR|119RBI|8SB,4,"Aaron Judge (NYY - DH,OF)",3.0,3.0,3.0,3.0,4.0,3.0,"DH,OF","Aaron Judge (NYY - DH,OF)",-1.0,https://images.fantasypros.com/images/players/mlb/4955/headshot/70x70.png,"Aaron Judge (CF,DH - NYY)","Aaron Judge roared back to form in 2024, reclaiming his spot as one of fantasy baseball's most dominant hitters. He topped MLB with 58 home runs and 144 RBIs while posting a phenomenal .322/.458/.701 slash line. Judge also showed improved plate discipline, reduced strikeouts, and remained healthy through 704 plate appearances. Along the way, he scored 122 runs and even chipped in 10 stolen bases. While Juan Soto's presence in the Yankees lineup provided some support, Judge's production should remain elite even without him in 2025. At 32 years old, durability is a minor concern, but the Yankees have effectively managed his workload by balancing his time between the outfield and designated hitter. Leading the league with an 11.2 WAR, Judge is a lock to dominate four of the five offensive categories in standard 5x5 leagues, making him a no-doubt top-three pick in drafts.","Aaron Judge (NYY - DH,OF)",Aaron Judge,Judge,NYY,"DH,OF",,".285|108R|48HR|119RBI|8SB
Aaron Judge roared back to form in 2024, reclaiming his spot as one of fantasy baseball's most dominant hitters. He topped MLB with 58 home runs and 144 RBIs while posting a phenomenal .322/.458/.701 slash line. Judge also showed improved plate discipline, reduced strikeouts, and remained healthy through 704 plate appearances. Along the way, he scored 122 runs and even chipped in 10 stolen bases. While Juan Soto's presence in the Yankees lineup provided some support, Judge's production should remain elite even without him in 2025. At 32 years old, durability is a minor concern, but the Yankees have effectively managed his workload by balancing his time between the outfield and designated hitter. Leading the league with an 11.2 WAR, Judge is a lock to dominate four of the five offensive categories in standard 5x5 leagues, making him a no-doubt top-three pick in drafts.",3.0
3,586.0,96.0,25,81.0,52.0,0.255,0.325,150,32.0,8.0,60.0,198.0,0.464,0.789,366,100%,100%,100%,H,https://www.fantasypros.com/mlb/players/elly-de-la-cruz.php,,,,,,,,,,,,,,elly-de-la-cruz,Elly De La Cruz (CIN - SS),Elly De La Cruz,De La Cruz,CIN,SS,,.255|96R|25HR|81RBI|52SB,5,Elly De La Cruz (CIN - SS),4.0,4.0,4.0,4.0,6.0,4.0,SS,Elly De La Cruz (CIN - SS),-1.0,https://images.fantasypros.com/images/players/mlb/44884/headshot/70x70.png,Elly De La Cruz (SS - CIN),"There are two primary ways to win the stolen base category in 2025 fantasy baseball. You can wait and hodge-podge together a few guys to get there. Or you can draft Elly De La Cruz. The 22-year-old shortstop arrived in speedster fashion in 2024, racking up 67 stolen bases in 160 games. He also hit 25 home runs and scored 105 runs. Sure, his K% is in the sixth percentile at 31.3, and he isn't going to do much for your batting average. However, he can single-handedly deliver an SB win in weekly H2H leagues. Interestingly, ELDC hit more home runs away from Great American Ball Park (13 to 12), so there is room for growth with his power numbers if he unlocks that cheat code of a home stadium. Elly is a first-round draft pick with significant upside in 2025.",Elly De La Cruz (CIN - SS),Elly De La Cruz,De La Cruz,CIN,SS,,".255|96R|25HR|81RBI|52SB
There are two primary ways to win the stolen base category in 2025 fantasy baseball. You can wait and hodge-podge together a few guys to get there. Or you can draft Elly De La Cruz. The 22-year-old shortstop arrived in speedster fashion in 2024, racking up 67 stolen bases in 160 games. He also hit 25 home runs and scored 105 runs. Sure, his K% is in the sixth percentile at 31.3, and he isn't going to do much for your batting average. However, he can single-handedly deliver an SB win in weekly H2H leagues. Interestingly, ELDC hit more home runs away from Great American Ball Park (13 to 12), so there is room for growth with his power numbers if he unlocks that cheat code of a home stadium. Elly is a first-round draft pick with significant upside in 2025.",52.0
4,587.0,92.0,29,95.0,29.0,0.274,0.342,161,36.0,3.0,60.0,79.0,0.497,0.839,498,99%,99%,100%,H,https://www.fantasypros.com/mlb/players/jose-ramirez.php,,,,,,,,,,,,,,jose-ramirez,"Jose Ramirez (CLE - 3B,DH)",Jose Ramirez,Ramirez,CLE,"3B,DH",,.274|92R|29HR|95RBI|29SB,6,"Jose Ramirez (CLE - 3B,DH)",5.0,5.0,5.0,5.0,5.0,5.0,"3B,DH","Jose Ramirez (CLE - 3B,DH)",-1.0,https://images.fantasypros.com/images/players/mlb/5288/headshot/70x70.png,"Jose Ramirez (3B,DH - CLE)","While it may seem unbelievable, Jose Ramirez remains underrated. The 32-year-old third baseman seems to fly under the radar every year, and every year, he simply does what he's been doing pretty much since he came into the league. In 2024, he tied his career high in home runs at 39, drove in 118, scored 114, and stole 41 bases. His OBP took a small dip (.335), but his average settled exactly on his career number of .279. Still, it is guaranteed that in at least one league you're in, everyone will look past him anyway. Imagine ignoring the guy who came within one homer of being the first third baseman in history to post a 40/40 season. Coming out of the first round of your draft with Jose Ramirez is one of the safest plays you can make in 2025 fantasy.","Jose Ramirez (CLE - 3B,DH)",Jose Ramirez,Ramirez,CLE,"3B,DH",,".274|92R|29HR|95RBI|29SB
While it may seem unbelievable, Jose Ramirez remains underrated. The 32-year-old third baseman seems to fly under the radar every year, and every year, he simply does what he's been doing pretty much since he came into the league. In 2024, he tied his career high in home runs at 39, drove in 118, scored 114, and stole 41 bases. His OBP took a small dip (.335), but his average settled exactly on his career number of .279. Still, it is guaranteed that in at least one league you're in, everyone will look past him anyway. Imagine ignoring the guy who came within one homer of being the first third baseman in history to post a 40/40 season. Coming out of the first round of your draft with Jose Ramirez is one of the safest plays you can make in 2025 fantasy.",5.0
5,532.0,107.0,34,96.0,9.0,0.277,0.417,148,28.0,2.0,127.0,111.0,0.529,0.945,517,100%,100%,100%,H,https://www.fantasypros.com/mlb/players/juan-soto.php,,,,,,,,,,,,,,juan-soto,Juan Soto (NYM - OF),Juan Soto,Soto,NYM,OF,,.277|107R|34HR|96RBI|9SB,7,Juan Soto (NYM - OF),6.0,6.0,6.0,7.0,7.0,6.0,OF,Juan Soto (NYM - OF),-1.0,https://images.fantasypros.com/images/players/mlb/6906/headshot/70x70.png,Juan Soto (RF - NYM),"Juan Soto's 2024 performance reinforced why he's a fantasy powerhouse and contributed to his record-setting deal with the New York Mets this offseason. At just 26 years old by the end of the season, Soto demonstrated exceptional durability by appearing in 157 games. He excelled in his trademark areas, boasting a .419 on-base percentage and a .288 batting average. Soto also delivered career highs with 41 home runs and 128 runs scored while contributing 109 RBIs and seven stolen bases. There are some unknowns regarding his supporting case in New York. While Francisco Lindor is an elite option ahead of him in the order, the rest of their lineup remains an enigma depending on what else they do in free agency. Either way, Soto gives you plenty of opportunity to rack up counting stats. Just beware of a small letdown following the massive contract.",Juan Soto (NYM - OF),Juan Soto,Soto,NYM,OF,,".277|107R|34HR|96RBI|9SB
Juan Soto's 2024 performance reinforced why he's a fantasy powerhouse and contributed to his record-setting deal with the New York Mets this offseason. At just 26 years old by the end of the season, Soto demonstrated exceptional durability by appearing in 157 games. He excelled in his trademark areas, boasting a .419 on-base percentage and a .288 batting average. Soto also delivered career highs with 41 home runs and 128 runs scored while contributing 109 RBIs and seven stolen bases. There are some unknowns regarding his supporting case in New York. While Francisco Lindor is an elite option ahead of him in the order, the rest of their lineup remains an enigma depending on what else they do in free agency. Either way, Soto gives you plenty of opportunity to rack up counting stats. Just beware of a small letdown following the massive contract.",2.0
6,582.0,104.0,31,90.0,16.0,0.273,0.353,159,31.0,6.0,72.0,150.0,0.509,0.862,429,99%,99%,100%,H,https://www.fantasypros.com/mlb/players/gunnar-henderson.php,,,,,,,,,,,,,,gunnar-henderson,Gunnar Henderson (BAL - SS),Gunnar Henderson,Henderson,BAL,SS,,.273|104R|31HR|90RBI|16SB,8,Gunnar Henderson (BAL - SS),8.0,7.0,7.0,6.0,8.0,7.0,SS,Gunnar Henderson (BAL - SS),-1.0,https://images.fantasypros.com/images/players/mlb/23372/headshot/70x70.png,Gunnar Henderson (SS - BAL),"Gunnar Henderson made the most of his second full season in the majors. He hit 37 home runs, scored 118 runs, drove in 92, and stole 21 bases. Perhaps most impressively, his batting average jumped to .281 from .255 the year before. He sits in the 97th percentile of hard-hit rate (53.9%), and the rest of his batting profile suggests more of 2024 to come. He dropped his K% from 25.6 to 22.1 and raised his walk rate to 10.8 from 9.0, which is exactly the type of growth you hope to see in a player's second year. Still just 23 years old, Henderson is a first-round talent whose Steamer projections align with what we saw last season. Even though the shortstop position is deep, Gunnar is in that top-5 echelon and worth the high investment.",Gunnar Henderson (BAL - SS),Gunnar Henderson,Henderson,BAL,SS,,".273|104R|31HR|90RBI|16SB
Gunnar Henderson made the most of his second full season in the majors. He hit 37 home runs, scored 118 runs, drove in 92, and stole 21 bases. Perhaps most impressively, his batting average jumped to .281 from .255 the year before. He sits in the 97th percentile of hard-hit rate (53.9%), and the rest of his batting profile suggests more of 2024 to come. He dropped his K% from 25.6 to 22.1 and raised his walk rate to 10.8 from 9.0, which is exactly the type of growth you hope to see in a player's second year. Still just 23 years old, Henderson is a first-round talent whose Steamer projections align with what we saw last season. Even though the shortstop position is deep, Gunnar is in that top-5 echelon and worth the high investment.",15.0
7,546.0,91.0,29,92.0,22.0,0.274,0.367,150,30.0,2.0,80.0,97.0,0.495,0.862,464,100%,100%,100%,H,https://www.fantasypros.com/mlb/players/kyle-tucker.php,,,,,,,,,,,,,,kyle-tucker,Kyle Tucker (CHC - OF),Kyle Tucker,Tucker,CHC,OF,,.274|91R|29HR|92RBI|22SB,9,Kyle Tucker (CHC - OF),9.0,8.0,8.0,8.0,9.0,8.0,OF,Kyle Tucker (CHC - OF),-1.0,https://images.fantasypros.com/images/players/mlb/6006/headshot/70x70.png,Kyle Tucker (RF - CHC),"Kyle Tucker's 2024 was a lost year due to a leg fracture that limited him to only 78 games. He still managed 23 home runs and 11 stolen bases in only 277 at-bats, and he ended the season with more walks (56) than strikeouts (54). An offseason trade landed Tucker in Chicago to play his contract year with the Cubs. Wrigley Field is middle-of-the-pack when it comes to ballpark factors for lefties with extreme pull tendencies, but Tucker is such a solid all-around hitter that the difference should be negligible compared to Minute Maid Park. Assuming his leg is completely healed, the 27-year-old will be out for a massive payday in 2025, and there is every reason to take him in the first round to anchor your outfield.",Kyle Tucker (CHC - OF),Kyle Tucker,Tucker,CHC,OF,,".274|91R|29HR|92RBI|22SB
Kyle Tucker's 2024 was a lost year due to a leg fracture that limited him to only 78 games. He still managed 23 home runs and 11 stolen bases in only 277 at-bats, and he ended the season with more walks (56) than strikeouts (54). An offseason trade landed Tucker in Chicago to play his contract year with the Cubs. Wrigley Field is middle-of-the-pack when it comes to ballpark factors for lefties with extreme pull tendencies, but Tucker is such a solid all-around hitter that the difference should be negligible compared to Minute Maid Park. Assuming his leg is completely healed, the 27-year-old will be out for a massive payday in 2025, and there is every reason to take him in the first round to anchor your outfield.",10.0
8,567.0,102.0,27,91.0,15.0,0.278,0.364,158,33.0,3.0,77.0,91.0,0.493,0.857,474,100%,100%,100%,H,https://www.fantasypros.com/mlb/players/mookie-betts.php,,,,,,,,,,,,,,mookie-betts,"Mookie Betts (LAD - OF,SS)",Mookie Betts,Betts,LAD,"OF,SS",,.278|102R|27HR|91RBI|15SB,10,"Mookie Betts (LAD - OF,SS)",7.0,9.0,9.0,11.0,10.0,9.0,"2B,OF,SS","Mookie Betts (LAD - 2B,OF,SS)",-1.0,https://images.fantasypros.com/images/players/mlb/4921/headshot/70x70.png,"Mookie Betts (SS,RF - LAD)","Mookie Betts got off to a torrid start in 2024 before a hand injury took out a chunk of his season and left him with only 116 games played. As hand injuries are wont to do, it sapped a bit of his power (19 HR), but he still reached 75 runs and RBIs while stealing 16 bases, his highest total since 2019. Betts's Statcast profile is one of a player who is simply really good at hitting baseballs. He is in the 90th percentile or higher in xwOBA, xBA, squared-up percentage, chase rate, whiff rate, strikeout percentage, and walk percentage. His 11% strikeout rate stands out in particular. Betts will have shortstop and outfield eligibility in all leagues and, depending on the format, may carry 2B as well. One of the most solid draft strategies in 2024 was ""just draft all the Dodgers,"" and 2025 doesn't look much different. Betts is the table setter and a star in all fantasy formats.","Mookie Betts (LAD - OF,SS)",Mookie Betts,Betts,LAD,"OF,SS",,".278|102R|27HR|91RBI|15SB
Mookie Betts got off to a torrid start in 2024 before a hand injury took out a chunk of his season and left him with only 116 games played. As hand injuries are wont to do, it sapped a bit of his power (19 HR), but he still reached 75 runs and RBIs while stealing 16 bases, his highest total since 2019. Betts's Statcast profile is one of a player who is simply really good at hitting baseballs. He is in the 90th percentile or higher in xwOBA, xBA, squared-up percentage, chase rate, whiff rate, strikeout percentage, and walk percentage. His 11% strikeout rate stands out in particular. Betts will have shortstop and outfield eligibility in all leagues and, depending on the format, may carry 2B as well. One of the most solid draft strategies in 2024 was ""just draft all the Dodgers,"" and 2025 doesn't look much different. Betts is the table setter and a star in all fantasy formats.",8.0
9,573.0,105.0,23,77.0,40.0,0.259,0.337,148,27.0,10.0,68.0,127.0,0.46,0.797,428,99%,99%,100%,H,https://www.fantasypros.com/mlb/players/corbin-carroll-of.php,,,,,,,,,,,,,,corbin-carroll-of,Corbin Carroll (ARI - OF),Corbin Carroll,Carroll,ARI,OF,,.259|105R|23HR|77RBI|40SB,11,Corbin Carroll (ARI - OF),10.0,12.0,10.0,9.0,11.0,10.0,OF,Corbin Carroll (ARI - OF),-1.0,https://images.fantasypros.com/images/players/mlb/23993/headshot/70x70.png,"Corbin Carroll (CF,RF - ARI)","Corbin Carroll experienced the common sophomore slump after a standout Rookie of the Year campaign, though his performance improved in the second half of the season. Despite this rebound, he fell short of expectations tied to his first-round ADP. Carroll managed to hit 22 home runs (11 in August alone), surpassed his rookie run total with 121 scored (compared to 116 in 2023), and ended just two RBI shy of his debut season's mark. However, his slash line took a notable hit, dropping to .231/.322/.428 from .285/.362/.506. His stolen bases also declined, with 35 steals in 2024 compared to 54 the previous year, even though he played in more games. Carroll's potential as a five-category contributor remains appealing, and his final stats will likely land between his rookie and sophomore campaigns. However, fantasy managers may feel more comfortable selecting him in the second round rather than the first.",Corbin Carroll (ARI - OF),Corbin Carroll,Carroll,ARI,OF,,".259|105R|23HR|77RBI|40SB
Corbin Carroll experienced the common sophomore slump after a standout Rookie of the Year campaign, though his performance improved in the second half of the season. Despite this rebound, he fell short of expectations tied to his first-round ADP. Carroll managed to hit 22 home runs (11 in August alone), surpassed his rookie run total with 121 scored (compared to 116 in 2023), and ended just two RBI shy of his debut season's mark. However, his slash line took a notable hit, dropping to .231/.322/.428 from .285/.362/.506. His stolen bases also declined, with 35 steals in 2024 compared to 54 the previous year, even though he played in more games. Carroll's potential as a five-category contributor remains appealing, and his final stats will likely land between his rookie and sophomore campaigns. However, fantasy managers may feel more comfortable selecting him in the second round rather than the first.",16.0
10,596.0,96.0,28,86.0,23.0,0.257,0.325,153,31.0,2.0,60.0,127.0,0.457,0.782,412,100%,100%,100%,H,https://www.fantasypros.com/mlb/players/francisco-lindor.php,,,,,,,,,,,,,,francisco-lindor,Francisco Lindor (NYM - SS),Francisco Lindor,Lindor,NYM,SS,,.257|96R|28HR|86RBI|23SB,12,Francisco Lindor (NYM - SS),12.0,10.0,12.0,15.0,13.0,12.0,SS,Francisco Lindor (NYM - SS),0.0,https://images.fantasypros.com/images/players/mlb/4569/headshot/70x70.png,Francisco Lindor (SS - NYM),"Francisco Lindor followed up his 30/30 season in 2023 with another outstanding performance in 2024. He hit 33 home runs, scored 107 runs, drove in 91, and stole 29 bases in 152 games. He slashed .273/.344/.500, contributing to his career-high xwOBA of .382. The 31-year-old just keeps on keeping on, causing many in the fantasy community to overlook him in that top echelon of shortstops. Lindor will get a boost hitting in front of the newly-acquired Juan Soto, possibly leading to another 30/30 season with 100 runs scored. There are no ""Buyer Beware"" stickers for one of the highest-floor fantasy players in the game.",Francisco Lindor (NYM - SS),Francisco Lindor,Lindor,NYM,SS,,".257|96R|28HR|86RBI|23SB
Francisco Lindor followed up his 30/30 season in 2023 with another outstanding performance in 2024. He hit 33 home runs, scored 107 runs, drove in 91, and stole 29 bases in 152 games. He slashed .273/.344/.500, contributing to his career-high xwOBA of .382. The 31-year-old just keeps on keeping on, causing many in the fantasy community to overlook him in that top echelon of shortstops. Lindor will get a boost hitting in front of the newly-acquired Juan Soto, possibly leading to another 30/30 season with 100 runs scored. There are no ""Buyer Beware"" stickers for one of the highest-floor fantasy players in the game.",21.0
11,566.0,95.0,33,90.0,21.0,0.275,0.338,155,31.0,2.0,54.0,137.0,0.515,0.854,413,100%,100%,100%,H,https://www.fantasypros.com/mlb/players/fernando-tatis-jr.php,,,,,,,,,,,,,,fernando-tatis-jr,Fernando Tatis Jr. (SD - OF),Fernando Tatis Jr.,Tatis Jr.,SD,OF,,.275|95R|33HR|90RBI|21SB,13,Fernando Tatis Jr. (SD - OF),13.0,11.0,15.0,10.0,15.0,13.0,OF,Fernando Tatis Jr. (SD - OF),0.0,https://images.fantasypros.com/images/players/mlb/6853/headshot/70x70.png,Fernando Tatis Jr. (RF - SD),"Fernando Tatis Jr. dealt with injuries during the 2024 season but remained highly productive when on the field. Over 102 games, he delivered 21 home runs, 64 runs scored, 49 RBI, and 11 stolen bases. His Statcast metrics remain elite, ranking in the 99th percentile for hard-hit rate and in the 97th percentile for both average exit velocity and expected batting average. While his days of swiping 25+ bases may be behind him, Tatis continues to provide excellent power and strong ratios. If the Padres bolster their lineup through free agency, his counting stats could see a notable boost.",Fernando Tatis Jr. (SD - OF),Fernando Tatis Jr.,Tatis Jr.,SD,OF,,".275|95R|33HR|90RBI|21SB
Fernando Tatis Jr. dealt with injuries during the 2024 season but remained highly productive when on the field. Over 102 games, he delivered 21 home runs, 64 runs scored, 49 RBI, and 11 stolen bases. His Statcast metrics remain elite, ranking in the 99th percentile for hard-hit rate and in the 97th percentile for both average exit velocity and expected batting average. While his days of swiping 25+ bases may be behind him, Tatis continues to provide excellent power and strong ratios. If the Padres bolster their lineup through free agency, his counting stats could see a notable boost.",20.0
12,,,15,,,,,133,,,,,,,448,99%,99%,100%,P,https://www.fantasypros.com/mlb/players/paul-skenes.php,172.0,211.0,12.0,0.0,2.83,1.05,54.0,48.0,30.0,30.0,7.0,0.0,11.04,paul-skenes,Paul Skenes (PIT - SP),Paul Skenes,Skenes,PIT,SP,,12-7-0SV|2.83|1.05|11.04K9,14,Paul Skenes (PIT - SP),14.0,14.0,11.0,12.0,14.0,13.0,SP,Paul Skenes (PIT - SP),-1.0,https://images.fantasypros.com/images/players/mlb/47239/headshot/70x70.png,Paul Skenes (SP - PIT),"It is rare for a rookie to live up to the superstar spotlight, but Paul Skenes arrived in 2024 and jumped right into the superstar role. The 22-year-old went 11-3 with a 1.96 ERA and 0.95 WHIP. He struck out 170 batters in only 133 innings, and hitters looked lost against him in almost every start. Skenes had a sterling 5.31 K/BB rate and featured a full five-pitch arsenal to decimate opposing batters. The only demerit to his resume was that his xERA was 2.53, but that is just splitting hairs at this point. Skenes carries some slight risk because of his hard-throwing nature, but he has not had arm trouble up to this point in his career. It's a coin flip between him and Tarik Skubal for fantasy SP1 in 2025, and no one will begrudge a fantasy manager who wants the young fireballer.",Paul Skenes (PIT - SP),Paul Skenes,Skenes,PIT,SP,,"12-7-0SV|2.83|1.05|11.04K9
It is rare for a rookie to live up to the superstar spotlight, but Paul Skenes arrived in 2024 and jumped right into the superstar role. The 22-year-old went 11-3 with a 1.96 ERA and 0.95 WHIP. He struck out 170 batters in only 133 innings, and hitters looked lost against him in almost every start. Skenes had a sterling 5.31 K/BB rate and featured a full five-pitch arsenal to decimate opposing batters. The only demerit to his resume was that his xERA was 2.53, but that is just splitting hairs at this point. Skenes carries some slight risk because of his hard-throwing nature, but he has not had arm trouble up to this point in his career. It's a coin flip between him and Tarik Skubal for fantasy SP1 in 2025, and no one will begrudge a fantasy manager who wants the young fireballer.",12.0
13,586.0,94.0,31,99.0,5.0,0.298,0.371,175,35.0,1.0,69.0,94.0,0.523,0.894,485,99%,99%,100%,H,https://www.fantasypros.com/mlb/players/vladimir-guerrero-jr.php,,,,,,,,,,,,,,vladimir-guerrero-jr,"Vladimir Guerrero Jr. (TOR - 1B,DH)",Vladimir Guerrero Jr.,Guerrero Jr.,TOR,"1B,DH",,.298|94R|31HR|99RBI|5SB,15,"Vladimir Guerrero Jr. (TOR - 1B,DH)",11.0,13.0,14.0,13.0,16.0,13.0,"1B,3B,DH","Vladimir Guerrero Jr. (TOR - 1B,3B,DH)",-2.0,https://images.fantasypros.com/images/players/mlb/6050/headshot/70x70.png,"Vladimir Guerrero Jr. (1B,DH - TOR)","Vladimir Guerrero Jr was the top first baseman in 2024 fantasy baseball. If that surprises you, it shouldn't. The 25-year-old has demonstrated an elite ability to hit since he entered the league in 2019. Last year, in an ugly Toronto lineup, Vladdy hit 30 home runs, drove in 103, and scored 98 himself. He slashed an impressive .323/.396/.544. Some of those numbers may have resulted from an abnormally high .342 BABIP, but they're not outrageous compared to his career averages. The Blue Jays recently added some protection for Vladdy in the form of Anthony Santander, but the really good news for Vladdy is that he will be a highly coveted free agent after this season. Fantasy managers should jump all over the opportunity to take advantage of the young superstar.","Vladimir Guerrero Jr. (TOR - 1B,DH)",Vladimir Guerrero Jr.,Guerrero Jr.,TOR,"1B,DH",,".298|94R|31HR|99RBI|5SB
Vladimir Guerrero Jr was the top first baseman in 2024 fantasy baseball. If that surprises you, it shouldn't. The 25-year-old has demonstrated an elite ability to hit since he entered the league in 2019. Last year, in an ugly Toronto lineup, Vladdy hit 30 home runs, drove in 103, and scored 98 himself. He slashed an impressive .323/.396/.544. Some of those numbers may have resulted from an abnormally high .342 BABIP, but they're not outrageous compared to his career averages. The Blue Jays recently added some protection for Vladdy in the form of Anthony Santander, but the really good news for Vladdy is that he will be a highly coveted free agent after this season. Fantasy managers should jump all over the opportunity to take advantage of the young superstar.",7.0
14,,,18,,,,,150,,,,,,,491,99%,99%,100%,P,https://www.fantasypros.com/mlb/players/tarik-skubal.php,190.4,221.0,14.0,0.0,2.88,1.01,61.0,41.0,31.0,31.0,8.0,0.0,10.45,tarik-skubal,Tarik Skubal (DET - SP),Tarik Skubal,Skubal,DET,SP,,14-8-0SV|2.88|1.01|10.45K9,16,Tarik Skubal (DET - SP),17.0,17.0,13.0,16.0,12.0,15.0,SP,Tarik Skubal (DET - SP),-1.0,https://images.fantasypros.com/images/players/mlb/43633/headshot/70x70.png,Tarik Skubal (SP - DET),"Tarik Skubal tore into the 2024 season and walked away with the AL Cy Young Award. The 27-year-old went 18-4, threw 192 innings, and struck out 228. His sparkling ERA of 2.39 and FIP of 2.49 went along with his 91st-percentile K% (30.3). He also had an elite walk rate of 4.6%. It's not bad for a guy people were concerned about coming off flexor tendon surgery. Skubal combines an effective 4-seam fastball with a devastating changeup that induced a 46.1 Whiff% in 2024. There is nothing in Skubal's profile to give fantasy managers pause, and he is projected to get right up to the 200-inning mark while pitching in a pitcher-friendly ballpark. It's a debate between him and Paul Skenes for who the true SP1 is in 2025, but Skubal brings plenty of stability to the position for fantasy managers.",Tarik Skubal (DET - SP),Tarik Skubal,Skubal,DET,SP,,"14-8-0SV|2.88|1.01|10.45K9
Tarik Skubal tore into the 2024 season and walked away with the AL Cy Young Award. The 27-year-old went 18-4, threw 192 innings, and struck out 228. His sparkling ERA of 2.39 and FIP of 2.49 went along with his 91st-percentile K% (30.3). He also had an elite walk rate of 4.6%. It's not bad for a guy people were concerned about coming off flexor tendon surgery. Skubal combines an effective 4-seam fastball with a devastating changeup that induced a 46.1 Whiff% in 2024. There is nothing in Skubal's profile to give fantasy managers pause, and he is projected to get right up to the 200-inning mark while pitching in a pitcher-friendly ballpark. It's a debate between him and Paul Skenes for who the true SP1 is in 2025, but Skubal brings plenty of stability to the position for fantasy managers.",6.0
15,594.0,90.0,27,86.0,28.0,0.277,0.329,164,28.0,2.0,47.0,154.0,0.472,0.801,377,99%,99%,99%,H,https://www.fantasypros.com/mlb/players/julio-rodriguez-of.php,,,,,,,,,,,,,,julio-rodriguez-of,Julio Rodriguez (SEA - OF),Julio Rodriguez,Rodriguez,SEA,OF,,.277|90R|27HR|86RBI|28SB,17,Julio Rodriguez (SEA - OF),16.0,16.0,16.0,14.0,17.0,16.0,OF,Julio Rodriguez (SEA - OF),-1.0,https://images.fantasypros.com/images/players/mlb/43685/headshot/70x70.png,Julio Rodriguez (CF - SEA),"Julio Rodriguez's performance across the months is a rollercoaster worth noting. From April through October, his batting averages fluctuated as follows: .256, .274, .206, .375, .234, and .328. J-Rod possesses undeniable five-category potential; however, his production in 2024 showed some decline compared to the previous year. His home runs dropped from 32 to 20, while his runs and RBIs dipped to 76 and 68, respectively. Fantasy managers were also let down by a reduction in stolen bases, going from 37 to 24. Rodriguez's approach at the plate left room for improvement, as evidenced by a 25.4% strikeout rate, a mere 6.2% walk rate, and an alarming 37.4% chase rate. On the bright side, his slash line-.273/.325/.409-was consistent with his 2023 numbers. While Rodriguez might spark debates on draft day, his immense upside keeps him firmly in OF1 territory. Just brace yourself for the potential highs and lows throughout the season.",Julio Rodriguez (SEA - OF),Julio Rodriguez,Rodriguez,SEA,OF,,".277|90R|27HR|86RBI|28SB
Julio Rodriguez's performance across the months is a rollercoaster worth noting. From April through October, his batting averages fluctuated as follows: .256, .274, .206, .375, .234, and .328. J-Rod possesses undeniable five-category potential; however, his production in 2024 showed some decline compared to the previous year. His home runs dropped from 32 to 20, while his runs and RBIs dipped to 76 and 68, respectively. Fantasy managers were also let down by a reduction in stolen bases, going from 37 to 24. Rodriguez's approach at the plate left room for improvement, as evidenced by a 25.4% strikeout rate, a mere 6.2% walk rate, and an alarming 37.4% chase rate. On the bright side, his slash line-.273/.325/.409-was consistent with his 2023 numbers. While Rodriguez might spark debates on draft day, his immense upside keeps him firmly in OF1 territory. Just brace yourself for the potential highs and lows throughout the season.",42.0
16,515.0,92.0,35,99.0,3.0,0.301,0.387,155,30.0,2.0,72.0,101.0,0.578,0.965,468,99%,99%,100%,H,https://www.fantasypros.com/mlb/players/yordan-alvarez.php,,,,,,,,,,,,,,yordan-alvarez,"Yordan Alvarez (HOU - DH,OF)",Yordan Alvarez,Alvarez,HOU,"DH,OF",,.301|92R|35HR|99RBI|3SB,18,"Yordan Alvarez (HOU - DH,OF)",15.0,15.0,17.0,17.0,18.0,16.0,"DH,OF","Yordan Alvarez (HOU - DH,OF)",-2.0,https://images.fantasypros.com/images/players/mlb/6461/headshot/70x70.png,"Yordan Alvarez (LF,DH - HOU)","Yordan Alvarez set a career-high by playing in 147 games this season. He showcased his power with 35 home runs, complemented by 88 runs scored, 86 RBIs, and a career-best six stolen bases. Alvarez posted an impressive .308/.392/.567 slash line, ranking within the Top 7 across several key offensive categories in all of baseball. While his walk rate dipped from 13.9% to 10.9%, his strikeout rate also improved, reflecting a continued ability to make selective, quality swings. Although stolen bases won't be a significant part of his game, Alvarez remains a reliable contributor in four key categories, cementing his status as a strong first-round option heading into 2025.","Yordan Alvarez (HOU - DH,OF)",Yordan Alvarez,Alvarez,HOU,"DH,OF",,".301|92R|35HR|99RBI|3SB
Yordan Alvarez set a career-high by playing in 147 games this season. He showcased his power with 35 home runs, complemented by 88 runs scored, 86 RBIs, and a career-best six stolen bases. Alvarez posted an impressive .308/.392/.567 slash line, ranking within the Top 7 across several key offensive categories in all of baseball. While his walk rate dipped from 13.9% to 10.9%, his strikeout rate also improved, reflecting a continued ability to make selective, quality swings. Although stolen bases won't be a significant part of his game, Alvarez remains a reliable contributor in four key categories, cementing his status as a strong first-round option heading into 2025.",9.0
17,589.0,85.0,23,83.0,27.0,0.268,0.317,158,30.0,4.0,43.0,134.0,0.45,0.768,372,99%,99%,99%,H,https://www.fantasypros.com/mlb/players/jackson-chourio.php,,,,,,,,,,,,,,jackson-chourio,Jackson Chourio (MIL - OF),Jackson Chourio,Chourio,MIL,OF,,.268|85R|23HR|83RBI|27SB,19,Jackson Chourio (MIL - OF),18.0,20.0,18.0,18.0,21.0,19.0,OF,Jackson Chourio (MIL - OF),0.0,https://images.fantasypros.com/images/players/mlb/44592/headshot/70x70.png,"Jackson Chourio (LF,RF - MIL)","Welcome to the big leagues, Jackson Chourio! The highly-anticipated rookie faced early challenges, struggling through April and May, which led many fantasy managers to drop him. However, those who stayed patient or picked him up later reaped the rewards. The 20-year-old finished the season with an impressive stat line: 21 home runs, 22 stolen bases, and a .275/.327/.464 slash line, mirroring the promise he showed during his stellar 2023 Double-A campaign. He also contributed 80 runs and 79 RBIs, impressive numbers considering the Brewers' lineup often struggled to generate offense. While his Chase% and BB% highlight areas for growth, these are typical for young players adjusting to MLB pitching. Fantasy managers can look forward to slight improvements in his power and speed, with a 25/25 season well within reach as he continues to develop.",Jackson Chourio (MIL - OF),Jackson Chourio,Chourio,MIL,OF,,".268|85R|23HR|83RBI|27SB
Welcome to the big leagues, Jackson Chourio! The highly-anticipated rookie faced early challenges, struggling through April and May, which led many fantasy managers to drop him. However, those who stayed patient or picked him up later reaped the rewards. The 20-year-old finished the season with an impressive stat line: 21 home runs, 22 stolen bases, and a .275/.327/.464 slash line, mirroring the promise he showed during his stellar 2023 Double-A campaign. He also contributed 80 runs and 79 RBIs, impressive numbers considering the Brewers' lineup often struggled to generate offense. While his Chase% and BB% highlight areas for growth, these are typical for young players adjusting to MLB pitching. Fantasy managers can look forward to slight improvements in his power and speed, with a 25/25 season well within reach as he continues to develop.",49.0
18,548.0,91.0,29,92.0,10.0,0.279,0.372,153,35.0,1.0,82.0,139.0,0.506,0.878,422,100%,100%,100%,H,https://www.fantasypros.com/mlb/players/bryce-harper.php,,,,,,,,,,,,,,bryce-harper,Bryce Harper (PHI - 1B),Bryce Harper,Harper,PHI,1B,,.279|91R|29HR|92RBI|10SB,20,Bryce Harper (PHI - 1B),20.0,18.0,21.0,19.0,20.0,20.0,1B,Bryce Harper (PHI - 1B),0.0,https://images.fantasypros.com/images/players/mlb/4293/headshot/70x70.png,Bryce Harper (1B - PHI),"Bryce Harper stayed relatively healthy in 2024, playing in 145 games, his highest total since 2019. He hit 30 bombs, drove in 87, scored 85, and stole seven bases. His slash line remained an ever-impressive .285/.373/.525, and he has an elite walk rate of 12%. Of note, his strikeout rate has seen a slight increase for three consecutive years, but it remains within his normal career average. His 2025 projections put him back in the 30/100/100 range. The 32-year-old will only have first-base eligibility, but he should be one of the first three off the board at that position.",Bryce Harper (PHI - 1B),Bryce Harper,Harper,PHI,1B,,".279|91R|29HR|92RBI|10SB
Bryce Harper stayed relatively healthy in 2024, playing in 145 games, his highest total since 2019. He hit 30 bombs, drove in 87, scored 85, and stole seven bases. His slash line remained an ever-impressive .285/.373/.525, and he has an elite walk rate of 12%. Of note, his strikeout rate has seen a slight increase for three consecutive years, but it remains within his normal career average. His 2025 projections put him back in the 30/100/100 range. The 32-year-old will only have first-base eligibility, but he should be one of the first three off the board at that position.",18.0
19,,,22,,,,,162,,,,,,,457,100%,100%,100%,P,https://www.fantasypros.com/mlb/players/zack-wheeler.php,197.2,210.0,14.0,0.0,3.3,1.08,72.0,51.0,31.0,31.0,8.0,0.0,9.58,zack-wheeler,Zack Wheeler (PHI - SP),Zack Wheeler,Wheeler,PHI,SP,,14-8-0SV|3.30|1.08|9.58K9,21,Zack Wheeler (PHI - SP),24.0,21.0,20.0,21.0,19.0,21.0,SP,Zack Wheeler (PHI - SP),0.0,https://images.fantasypros.com/images/players/mlb/4603/headshot/70x70.png,Zack Wheeler (SP - PHI),"Zack Wheeler remains an underrated starting pitcher, which is amazing, considering he reached the 200-inning mark while maintaining a 2.57 ERA and 0.95 WHIP in 2024. He struck out 224 batters with a 28.5 K% and was in the 95th percentile of chase percentage. Opposing batters look lost against his six-pitch arsenal, and he can put away hitters with any one of them. Wheeler will turn 35 in May, and while that may give some drafters pause, he remains an excellent SP1 option in 2025.",Zack Wheeler (PHI - SP),Zack Wheeler,Wheeler,PHI,SP,,"14-8-0SV|3.30|1.08|9.58K9
Zack Wheeler remains an underrated starting pitcher, which is amazing, considering he reached the 200-inning mark while maintaining a 2.57 ERA and 0.95 WHIP in 2024. He struck out 224 batters with a 28.5 K% and was in the 95th percentile of chase percentage. Opposing batters look lost against his six-pitch arsenal, and he can put away hitters with any one of them. Wheeler will turn 35 in May, and while that may give some drafters pause, he remains an excellent SP1 option in 2025.",11.0
20,593.0,92.0,18,72.0,30.0,0.266,0.323,158,39.0,8.0,49.0,149.0,0.451,0.774,363,99%,99%,99%,H,https://www.fantasypros.com/mlb/players/jarren-duran.php,,,,,,,,,,,,,,jarren-duran,Jarren Duran (BOS - OF),Jarren Duran,Duran,BOS,OF,,.266|92R|18HR|72RBI|30SB,22,Jarren Duran (BOS - OF),22.0,22.0,19.0,20.0,22.0,21.0,OF,Jarren Duran (BOS - OF),-1.0,https://images.fantasypros.com/images/players/mlb/10054/headshot/70x70.png,"Jarren Duran (LF,CF - BOS)","Jarren Duran made a significant impact in 2024, proving to be a tremendous asset for fantasy managers who rostered him. Over 160 games, he tallied 111 runs, 34 stolen bases, 21 home runs, and 75 RBIs. Duran also showcased an impressive .285/.342/.492 slash line, establishing himself as a high-tier five-category contributor worthy of early-round consideration. While he occasionally struggles with plate discipline, reflected in his average Whiff% and K%, his 2024 batting average slightly outpaced expectations. Even so, he projects to deliver another 20/30 season with around 100 runs, solidifying his value as a reliable OF2, especially in formats requiring five outfielders.",Jarren Duran (BOS - OF),Jarren Duran,Duran,BOS,OF,,".266|92R|18HR|72RBI|30SB
Jarren Duran made a significant impact in 2024, proving to be a tremendous asset for fantasy managers who rostered him. Over 160 games, he tallied 111 runs, 34 stolen bases, 21 home runs, and 75 RBIs. Duran also showcased an impressive .285/.342/.492 slash line, establishing himself as a high-tier five-category contributor worthy of early-round consideration. While he occasionally struggles with plate discipline, reflected in his average Whiff% and K%, his 2024 batting average slightly outpaced expectations. Even so, he projects to deliver another 20/30 season with around 100 runs, solidifying his value as a reliable OF2, especially in formats requiring five outfielders.",54.0
21,598.0,91.0,21,78.0,24.0,0.279,0.323,167,32.0,2.0,40.0,125.0,0.449,0.772,374,99%,99%,99%,H,https://www.fantasypros.com/mlb/players/trea-turner.php,,,,,,,,,,,,,,trea-turner,Trea Turner (PHI - SS),Trea Turner,Turner,PHI,SS,,.279|91R|21HR|78RBI|24SB,23,Trea Turner (PHI - SS),21.0,19.0,25.0,25.0,26.0,23.0,SS,Trea Turner (PHI - SS),0.0,https://images.fantasypros.com/images/players/mlb/5828/headshot/70x70.png,Trea Turner (SS - PHI),"Trea Turner missed a large chunk of the 2024 season with a hamstring injury that also undermined his ability to steal bases. In 121 games, he stole 19, the lowest total of his career. He did pop 21 home runs, scored 88 runs, and drove in 62. The most encouraging thing from him in 2024 was a return to his high batting average, ending at .295 on the year. Turner is on the wrong side of 30, but he still bats in a powerful Phillies lineup with plenty of talent around him to boost his counting stats. However, he is no longer in the upper echelon of shortstops, which makes him cheaper on draft day, but don't expect the Turner of old to cement your stolen base count.",Trea Turner (PHI - SS),Trea Turner,Turner,PHI,SS,,".279|91R|21HR|78RBI|24SB
Trea Turner missed a large chunk of the 2024 season with a hamstring injury that also undermined his ability to steal bases. In 121 games, he stole 19, the lowest total of his career. He did pop 21 home runs, scored 88 runs, and drove in 62. The most encouraging thing from him in 2024 was a return to his high batting average, ending at .295 on the year. Turner is on the wrong side of 30, but he still bats in a powerful Phillies lineup with plenty of talent around him to boost his counting stats. However, he is no longer in the upper echelon of shortstops, which makes him cheaper on draft day, but don't expect the Turner of old to cement your stolen base count.",46.0
22,562.0,92.0,22,88.0,11.0,0.287,0.367,161,35.0,2.0,72.0,106.0,0.476,0.843,430,99%,99%,100%,H,https://www.fantasypros.com/mlb/players/freddie-freeman.php,,,,,,,,,,,,,,freddie-freeman,Freddie Freeman (LAD - 1B),Freddie Freeman,Freeman,LAD,1B,,.287|92R|22HR|88RBI|11SB,24,Freddie Freeman (LAD - 1B),19.0,24.0,24.0,24.0,25.0,23.0,1B,Freddie Freeman (LAD - 1B),-1.0,https://images.fantasypros.com/images/players/mlb/3365/headshot/70x70.png,Freddie Freeman (1B - LAD),"Freddie Freeman dealt with an ankle injury in 2024 that limited him to 147 games, his lowest total since 2017. He also failed to hit .300 for the first time since 2019. Some of this is attributable to an outlier BABIP of .306, well below his career average. However, the rest of his fantasy profile remained strong as he hit 22 homers, drove in 89, scored 81 times, and stole nine bases. Freeman will be playing his age-35 season, which could scare off some managers on draft day, but he still bats squarely in the middle of the best lineup in baseball and has not shown any indications of serious decline. He remains a safe bet to set-and-forget in your first base slot.",Freddie Freeman (LAD - 1B),Freddie Freeman,Freeman,LAD,1B,,".287|92R|22HR|88RBI|11SB
Freddie Freeman dealt with an ankle injury in 2024 that limited him to 147 games, his lowest total since 2017. He also failed to hit .300 for the first time since 2019. Some of this is attributable to an outlier BABIP of .306, well below his career average. However, the rest of his fantasy profile remained strong as he hit 22 homers, drove in 89, scored 81 times, and stole nine bases. Freeman will be playing his age-35 season, which could scare off some managers on draft day, but he still bats squarely in the middle of the best lineup in baseball and has not shown any indications of serious decline. He remains a safe bet to set-and-forget in your first base slot.",14.0
23,549.0,89.0,27,86.0,7.0,0.274,0.352,150,30.0,3.0,66.0,112.0,0.489,0.841,407,99%,99%,100%,H,https://www.fantasypros.com/mlb/players/ketel-marte.php,,,,,,,,,,,,,,ketel-marte,"Ketel Marte (ARI - 2B,DH)",Ketel Marte,Marte,ARI,"2B,DH",,.274|89R|27HR|86RBI|7SB,25,"Ketel Marte (ARI - 2B,DH)",27.0,23.0,23.0,27.0,23.0,25.0,"2B,DH","Ketel Marte (ARI - 2B,DH)",0.0,https://images.fantasypros.com/images/players/mlb/5179/headshot/70x70.png,"Ketel Marte (2B,DH - ARI)","Ketel Marte went off in 2024, setting new career highs in home runs (36) and RBIs (95). He added 93 runs and seven stolen bases while slashing .292/.372/.560, rewarding fantasy managers who took him on draft day and catapulting him into the 2B1 position heading into 2025. Marte missed some time last season with an ankle injury and has only played in 150 or more games twice in his career, so there is some injury risk baked in. However, at age 31, he seems primed for another monster season and is one of only two second basemen capable of a 30/100/100 season. Draft him with confidence.","Ketel Marte (ARI - 2B,DH)",Ketel Marte,Marte,ARI,"2B,DH",,".274|89R|27HR|86RBI|7SB
Ketel Marte went off in 2024, setting new career highs in home runs (36) and RBIs (95). He added 93 runs and seven stolen bases while slashing .292/.372/.560, rewarding fantasy managers who took him on draft day and catapulting him into the 2B1 position heading into 2025. Marte missed some time last season with an ankle injury and has only played in 150 or more games twice in his career, so there is some injury risk baked in. However, at age 31, he seems primed for another monster season and is one of only two second basemen capable of a 30/100/100 season. Draft him with confidence.",22.0
24,531.0,79.0,26,77.0,34.0,0.248,0.311,132,22.0,3.0,49.0,150.0,0.447,0.758,329,96%,99%,93%,H,https://www.fantasypros.com/mlb/players/jasrado-chisholm.php,,,,,,,,,,,,,,jasrado-chisholm,"Jazz Chisholm Jr. (NYY - 3B,OF)",Jazz Chisholm Jr.,Chisholm Jr.,NYY,"3B,OF",,.248|79R|26HR|77RBI|34SB,26,"Jazz Chisholm Jr. (NYY - 3B,OF)",25.0,25.0,22.0,22.0,31.0,25.0,"3B,OF","Jazz Chisholm Jr. (NYY - 3B,OF)",-1.0,https://images.fantasypros.com/images/players/mlb/8449/headshot/70x70.png,"Jazz Chisholm Jr. (3B,CF - NYY)","Jazz Chisholm finally delivered on his potential by staying healthy in 2024, playing 147 games between Miami and New York. The 26-year-old showcased his versatility, gaining third base eligibility while being a key contributor across multiple categories. Chisholm posted 24 home runs, 40 stolen bases, 74 runs scored, and 73 RBIs. If the Yankees bolster their lineup, his counting stats could climb in 2025. While his Statcast metrics remain unimpressive, his .256/.324/.436 slash line represents a reasonable expectation for fantasy managers. Focus on his power-speed combo, boosted by Yankee Stadium's short right field and his 82nd-percentile sprint speed, and cross your fingers for a full season of health.","Jazz Chisholm Jr. (NYY - 3B,OF)",Jazz Chisholm Jr.,Chisholm Jr.,NYY,"3B,OF",,".248|79R|26HR|77RBI|34SB
Jazz Chisholm finally delivered on his potential by staying healthy in 2024, playing 147 games between Miami and New York. The 26-year-old showcased his versatility, gaining third base eligibility while being a key contributor across multiple categories. Chisholm posted 24 home runs, 40 stolen bases, 74 runs scored, and 73 RBIs. If the Yankees bolster their lineup, his counting stats could climb in 2025. While his Statcast metrics remain unimpressive, his .256/.324/.436 slash line represents a reasonable expectation for fantasy managers. Focus on his power-speed combo, boosted by Yankee Stadium's short right field and his 82nd-percentile sprint speed, and cross your fingers for a full season of health.",100.0
25,586.0,80.0,23,85.0,15.0,0.275,0.317,161,32.0,5.0,36.0,108.0,0.467,0.784,384,99%,99%,99%,H,https://www.fantasypros.com/mlb/players/jackson-merrill.php,,,,,,,,,,,,,,jackson-merrill,Jackson Merrill (SD - OF),Jackson Merrill,Merrill,SD,OF,,.275|80R|23HR|85RBI|15SB,27,Jackson Merrill (SD - OF),26.0,26.0,26.0,26.0,36.0,28.0,OF,Jackson Merrill (SD - OF),1.0,https://images.fantasypros.com/images/players/mlb/44756/headshot/70x70.png,Jackson Merrill (CF - SD),"Jackson Merrill made a significant impact for the Padres in 2024. The 21-year-old transitioned seamlessly from Double-A to the majors, delivering an impressive season. He tallied 24 home runs, 77 runs scored, 90 RBIs, and 16 stolen bases, all while maintaining a .292/.326/.500 slash line. These stats are supported by elite underlying metrics, including a .308 xBA (98th percentile), .547 xSLG (96th percentile), and .376 xwOBA (94th percentile). While Merrill's 4.9% walk rate and tendency to chase pitches leave room for improvement, his production more than compensates. Fantasy managers can confidently target him as a strong OF2 option, with 2025 projections aligning closely with his standout 2024 season, making him worth a third-round pick in upcoming drafts.",Jackson Merrill (SD - OF),Jackson Merrill,Merrill,SD,OF,,".275|80R|23HR|85RBI|15SB
Jackson Merrill made a significant impact for the Padres in 2024. The 21-year-old transitioned seamlessly from Double-A to the majors, delivering an impressive season. He tallied 24 home runs, 77 runs scored, 90 RBIs, and 16 stolen bases, all while maintaining a .292/.326/.500 slash line. These stats are supported by elite underlying metrics, including a .308 xBA (98th percentile), .547 xSLG (96th percentile), and .376 xwOBA (94th percentile). While Merrill's 4.9% walk rate and tendency to chase pitches leave room for improvement, his production more than compensates. Fantasy managers can confidently target him as a strong OF2 option, with 2025 projections aligning closely with his standout 2024 season, making him worth a third-round pick in upcoming drafts.",34.0
26,577.0,90.0,33,102.0,1.0,0.251,0.34,145,30.0,1.0,78.0,159.0,0.48,0.82,392,99%,99%,99%,H,https://www.fantasypros.com/mlb/players/matt-olson.php,,,,,,,,,,,,,,matt-olson,Matt Olson (ATL - 1B),Matt Olson,Olson,ATL,1B,,.251|90R|33HR|102RBI|1SB,28,Matt Olson (ATL - 1B),23.0,29.0,27.0,33.0,30.0,28.0,1B,Matt Olson (ATL - 1B),0.0,https://images.fantasypros.com/images/players/mlb/5718/headshot/70x70.png,Matt Olson (1B - ATL),"Matt Olson followed his career year in 2023 with a bit of a dud (especially concerning his draft cost) in 2024. He failed to hit 30 home runs for the first time since 2018, ending with 29 after smacking 54 the year before. He also came up just short of 100 RBIs with 98. Olson's walk rate decreased, and his 12.4 barrel percentage was the lowest in seven years. So, what can we expect from the first baseman this season? Assuming the Atlanta lineup returns to good health, his counting stats should rebound, and chances are he will get to 35 home runs again. If there is a discount on draft day, don't be afraid to scoop him up and assume regression will land him in the range we're used to. Just don't expect 2023 numbers again.",Matt Olson (ATL - 1B),Matt Olson,Olson,ATL,1B,,".251|90R|33HR|102RBI|1SB
Matt Olson followed his career year in 2023 with a bit of a dud (especially concerning his draft cost) in 2024. He failed to hit 30 home runs for the first time since 2018, ending with 29 after smacking 54 the year before. He also came up just short of 100 RBIs with 98. Olson's walk rate decreased, and his 12.4 barrel percentage was the lowest in seven years. So, what can we expect from the first baseman this season? Assuming the Atlanta lineup returns to good health, his counting stats should rebound, and chances are he will get to 35 home runs again. If there is a discount on draft day, don't be afraid to scoop him up and assume regression will land him in the range we're used to. Just don't expect 2023 numbers again.",29.0
27,462.0,92.0,24,69.0,36.0,0.291,0.374,134,25.0,2.0,61.0,98.0,0.508,0.882,399,99%,99%,99%,H,https://www.fantasypros.com/mlb/players/ronald-acuna.php,,,,,,,,,,,,,,ronald-acuna,Ronald Acuna Jr. (ATL - OF),Ronald Acuna Jr.,Acuna Jr.,ATL,OF,,.291|92R|24HR|69RBI|36SB,29,Ronald Acuna Jr. (ATL - OF),32.0,30.0,31.0,28.0,24.0,29.0,OF,Ronald Acuna Jr. (ATL - OF),0.0,https://images.fantasypros.com/images/players/mlb/6966/headshot/70x70.png,Ronald Acuna Jr. (RF - ATL),"Ronald Acuña Jr. was limited to just 48 games in 2024 after suffering a torn ACL, a devastating blow to many fantasy rosters. His status for Opening Day 2025 remains uncertain, raising echoes of his situation heading into 2023. That year, Acuña bounced back from a prior knee injury to deliver one of the most remarkable fantasy performances ever, with 41 home runs, 149 runs scored, 106 RBIs, and an incredible 73 stolen bases. While replicating those stats in 2025 may be a tall order, few players at age 27 possess his unique blend of power and speed. Expect a slight draft-day discount due to the injury concerns, but monitor updates on his recovery to ensure his absence won't extend into the season's early weeks.",Ronald Acuna Jr. (ATL - OF),Ronald Acuna Jr.,Acuna Jr.,ATL,OF,,".291|92R|24HR|69RBI|36SB
Ronald Acuña Jr. was limited to just 48 games in 2024 after suffering a torn ACL, a devastating blow to many fantasy rosters. His status for Opening Day 2025 remains uncertain, raising echoes of his situation heading into 2023. That year, Acuña bounced back from a prior knee injury to deliver one of the most remarkable fantasy performances ever, with 41 home runs, 149 runs scored, 106 RBIs, and an incredible 73 stolen bases. While replicating those stats in 2025 may be a tall order, few players at age 27 possess his unique blend of power and speed. Expect a slight draft-day discount due to the injury concerns, but monitor updates on his recovery to ensure his absence won't extend into the season's early weeks.",24.0
28,,,24,,,,,164,,,,,,,441,99%,99%,100%,P,https://www.fantasypros.com/mlb/players/logan-gilbert.php,195.2,201.0,13.0,0.0,3.39,1.06,74.0,42.0,31.0,31.0,9.0,1.0,9.27,logan-gilbert,Logan Gilbert (SEA - SP),Logan Gilbert,Gilbert,SEA,SP,,13-9-0SV|3.39|1.06|9.27K9,30,Logan Gilbert (SEA - SP),31.0,31.0,28.0,29.0,29.0,30.0,SP,Logan Gilbert (SEA - SP),0.0,https://images.fantasypros.com/images/players/mlb/7453/headshot/70x70.png,Logan Gilbert (SP - SEA),"Logan Gilbert led all of MLB in innings pitched with 208 2/3 in 2024. He struck out 220 batters on his way to a 3.23 ERA and a microscopic 0.89 WHIP. His xERA and xFIP suggest these numbers could have been even better. Gilbert simply doesn't walk people, evidenced by his 4.6% walk rate. He pitches in a pitcher-friendly ballpark and averaged over six innings per appearance last season, making him even more valuable in leagues that feature Quality Starts over wins. Gilbert should be one of the top five or six pitchers off the board in 2025 and is an excellent choice for a fantasy team's SP1.",Logan Gilbert (SEA - SP),Logan Gilbert,Gilbert,SEA,SP,,"13-9-0SV|3.39|1.06|9.27K9
Logan Gilbert led all of MLB in innings pitched with 208 2/3 in 2024. He struck out 220 batters on his way to a 3.23 ERA and a microscopic 0.89 WHIP. His xERA and xFIP suggest these numbers could have been even better. Gilbert simply doesn't walk people, evidenced by his 4.6% walk rate. He pitches in a pitcher-friendly ballpark and averaged over six innings per appearance last season, making him even more valuable in leagues that feature Quality Starts over wins. Gilbert should be one of the top five or six pitchers off the board in 2025 and is an excellent choice for a fantasy team's SP1.",13.0
29,586.0,93.0,32,96.0,2.0,0.27,0.332,158,32.0,2.0,55.0,159.0,0.496,0.829,380,98%,99%,98%,H,https://www.fantasypros.com/mlb/players/austin-riley.php,,,,,,,,,,,,,,austin-riley,Austin Riley (ATL - 3B),Austin Riley,Riley,ATL,3B,,.270|93R|32HR|96RBI|2SB,31,Austin Riley (ATL - 3B),28.0,28.0,30.0,30.0,33.0,30.0,3B,Austin Riley (ATL - 3B),-1.0,https://images.fantasypros.com/images/players/mlb/6022/headshot/70x70.png,Austin Riley (3B - ATL),"Austin Riley took a step back in 2024 after three years of stellar production. A right-hand fracture ended his season in August after appearing in only 110 games. He struggled in the games he did play, only hitting 19 home runs and slashing an uncharacteristic .256/.322/.461. Fantasy managers can essentially write off the year and trust that the 27-year-old will return to the slugging machine he was in 2021-2023. With a healthier lineup around him, his counting stats should get back to the 30/90/90 that is worth drafting in the third round.",Austin Riley (ATL - 3B),Austin Riley,Riley,ATL,3B,,".270|93R|32HR|96RBI|2SB
Austin Riley took a step back in 2024 after three years of stellar production. A right-hand fracture ended his season in August after appearing in only 110 games. He struggled in the games he did play, only hitting 19 home runs and slashing an uncharacteristic .256/.322/.461. Fantasy managers can essentially write off the year and trust that the 27-year-old will return to the slugging machine he was in 2021-2023. With a healthier lineup around him, his counting stats should get back to the 30/90/90 that is worth drafting in the third round.",38.0
30,560.0,88.0,30,94.0,4.0,0.27,0.346,151,33.0,2.0,65.0,137.0,0.503,0.849,401,99%,99%,99%,H,https://www.fantasypros.com/mlb/players/rafael-devers.php,,,,,,,,,,,,,,rafael-devers,Rafael Devers (BOS - 3B),Rafael Devers,Devers,BOS,3B,,.270|88R|30HR|94RBI|4SB,32,Rafael Devers (BOS - 3B),30.0,32.0,33.0,32.0,28.0,31.0,3B,Rafael Devers (BOS - 3B),-1.0,https://images.fantasypros.com/images/players/mlb/5175/headshot/70x70.png,Rafael Devers (3B - BOS),"Rafael Devers offers a level of consistency that only one other third baseman on the board can give, but at a Round 3 cost. In 2024, he hit 28 homers, scored 87 runs, and drove in 83. He slashed .272/.354/.516 while playing in 138 games. Devers dealt with shoulder issues, which probably caused the career-high 24.5% K rate, but his 11.1% walk rate was also the highest of his career. If the rest of the Red Sox lineup can stay healthy, Devers's counting stats should return closer to the 30/100/100 area in 2025. He's worth the pick.",Rafael Devers (BOS - 3B),Rafael Devers,Devers,BOS,3B,,".270|88R|30HR|94RBI|4SB
Rafael Devers offers a level of consistency that only one other third baseman on the board can give, but at a Round 3 cost. In 2024, he hit 28 homers, scored 87 runs, and drove in 83. He slashed .272/.354/.516 while playing in 138 games. Devers dealt with shoulder issues, which probably caused the career-high 24.5% K rate, but his 11.1% walk rate was also the highest of his career. If the rest of the Red Sox lineup can stay healthy, Devers's counting stats should return closer to the 30/100/100 area in 2025. He's worth the pick.",23.0
31,574.0,80.0,29,94.0,8.0,0.266,0.325,153,28.0,1.0,50.0,123.0,0.47,0.795,384,99%,99%,100%,H,https://www.fantasypros.com/mlb/players/manny-machado.php,,,,,,,,,,,,,,manny-machado,"Manny Machado (SD - 3B,DH)",Manny Machado,Machado,SD,"3B,DH",,.266|80R|29HR|94RBI|8SB,33,"Manny Machado (SD - 3B,DH)",29.0,34.0,35.0,34.0,32.0,33.0,"3B,DH","Manny Machado (SD - 3B,DH)",0.0,https://images.fantasypros.com/images/players/mlb/3778/headshot/70x70.png,"Manny Machado (3B,DH - SD)","Manny Machado continued to produce, even in his age-31 season, and provided fantasy managers with 152 games played for the third time in the last four years. He hit 29 homers, drove in 105, scored 77, and somehow got to 11 steals. His slash line of .275/.325/.472 remains aligned with his career numbers. The primary blemish on Machado's growing resume is that his walk rate has declined for four straight years, which should eventually impact his batting average more than we would like. However, you cannot argue with history, and Machado has hit 28 or more home runs every year since 2015 (save for 2020). As far as the hot corner goes, he remains squarely in Tier 1 heading into 2025.","Manny Machado (SD - 3B,DH)",Manny Machado,Machado,SD,"3B,DH",,".266|80R|29HR|94RBI|8SB
Manny Machado continued to produce, even in his age-31 season, and provided fantasy managers with 152 games played for the third time in the last four years. He hit 29 homers, drove in 105, scored 77, and somehow got to 11 steals. His slash line of .275/.325/.472 remains aligned with his career numbers. The primary blemish on Machado's growing resume is that his walk rate has declined for four straight years, which should eventually impact his batting average more than we would like. However, you cannot argue with history, and Machado has hit 28 or more home runs every year since 2015 (save for 2020). As far as the hot corner goes, he remains squarely in Tier 1 heading into 2025.",35.0
32,548.0,81.0,23,83.0,7.0,0.271,0.35,149,30.0,1.0,67.0,132.0,0.457,0.807,358,99%,99%,100%,H,https://www.fantasypros.com/mlb/players/william-contreras.php,,,,,,,,,,,,,,william-contreras,"William Contreras (MIL - C,DH)",William Contreras,Contreras,MIL,"C,DH",,.271|81R|23HR|83RBI|7SB,34,"William Contreras (MIL - C,DH)",44.0,36.0,29.0,23.0,35.0,33.0,"C,DH","William Contreras (MIL - C,DH)",-1.0,https://images.fantasypros.com/images/players/mlb/7659/headshot/70x70.png,"William Contreras (C,DH - MIL)","It was only a matter of time before William Contreras became the top catcher in fantasy baseball, and his usage is one big reason why. The 27-year-old appeared in 155 games, catching 120 while serving as DH in 35. It is hard to find that level of consistency at the backstop position, but his numbers also stand alone. He hit 23 home runs, scored 99 runs, drove in 92, and stole nine bases. Perhaps his best trait compared to his peers is that he is an asset to your ratio numbers. He slashed .281/.365/.466 in 2024, which is not an aberration compared to his career. Aside from having to use an early pick on him, there isn't much downside to the younger Contreras.","William Contreras (MIL - C,DH)",William Contreras,Contreras,MIL,"C,DH",,".271|81R|23HR|83RBI|7SB
It was only a matter of time before William Contreras became the top catcher in fantasy baseball, and his usage is one big reason why. The 27-year-old appeared in 155 games, catching 120 while serving as DH in 35. It is hard to find that level of consistency at the backstop position, but his numbers also stand alone. He hit 23 home runs, scored 99 runs, drove in 92, and stole nine bases. Perhaps his best trait compared to his peers is that he is an asset to your ratio numbers. He slashed .281/.365/.466 in 2024, which is not an aberration compared to his career. Aside from having to use an early pick on him, there isn't much downside to the younger Contreras.",63.0
33,,,20,,,,,164,,,,,,,392,99%,99%,100%,P,https://www.fantasypros.com/mlb/players/corbin-burnes.php,187.8,185.0,13.0,0.0,3.53,1.16,74.0,54.0,31.0,31.0,8.0,0.0,8.87,corbin-burnes,Corbin Burnes (ARI - SP),Corbin Burnes,Burnes,ARI,SP,,13-8-0SV|3.53|1.16|8.87K9,35,Corbin Burnes (ARI - SP),33.0,33.0,34.0,35.0,34.0,34.0,SP,Corbin Burnes (ARI - SP),-1.0,https://images.fantasypros.com/images/players/mlb/7251/headshot/70x70.png,Corbin Burnes (SP - ARI),"Corbin Burnes started 32 games for the Orioles in 2024, throwing 194 1/3 innings while striking out 181 batters. He had a shiny 2.92 ERA and 1.10 WHIP and signed a six-year contract with the Diamondbacks in the offseason. Now entering his age-30 season, there are a couple of red flags regarding the righty going forward. The biggest one is his K%, which continued its decline for the fifth year in a row. Last year's 23.1 strikeout rate moved him directly into the 50th percentile of pitchers, which is a tough pill to swallow for many fantasy managers. The good news is that his other underlying metrics remain strong, though his ERA will probably land closer to 3.4 than the 2.9 we enjoyed in 2024. Overall, Burnes is still an ace, albeit not at the same level he once was.",Corbin Burnes (ARI - SP),Corbin Burnes,Burnes,ARI,SP,,"13-8-0SV|3.53|1.16|8.87K9
Corbin Burnes started 32 games for the Orioles in 2024, throwing 194 1/3 innings while striking out 181 batters. He had a shiny 2.92 ERA and 1.10 WHIP and signed a six-year contract with the Diamondbacks in the offseason. Now entering his age-30 season, there are a couple of red flags regarding the righty going forward. The biggest one is his K%, which continued its decline for the fifth year in a row. Last year's 23.1 strikeout rate moved him directly into the 50th percentile of pitchers, which is a tough pill to swallow for many fantasy managers. The good news is that his other underlying metrics remain strong, though his ERA will probably land closer to 3.4 than the 2.9 we enjoyed in 2024. Overall, Burnes is still an ace, albeit not at the same level he once was.",30.0
34,,,16,,,,,122,,,,,,,395,99%,99%,100%,P,https://www.fantasypros.com/mlb/players/garrett-crochet-p.php,153.6,200.0,12.0,0.0,3.14,1.09,54.0,46.0,30.0,30.0,7.0,0.0,11.72,garrett-crochet-p,Garrett Crochet (BOS - SP),Garrett Crochet,Crochet,BOS,SP,,12-7-0SV|3.14|1.09|11.72K9,36,Garrett Crochet (BOS - SP),36.0,39.0,36.0,31.0,40.0,36.0,SP,Garrett Crochet (BOS - SP),0.0,https://images.fantasypros.com/images/players/mlb/43886/headshot/70x70.png,Garrett Crochet (SP - BOS),"Garrett Crochet arrived in 2024 for his first year as a full-time starter and dazzled to the tune of a 3.58 ERA and 1.07 WHIP. He threw 146 innings and struck out 209 batters while winning only six games on the most historically awful baseball team in MLB. Now he has moved to Boston, which is less friendly to pitchers, but he may enjoy the luxury of a competent defense and some run support. Now that he has one full season as a starter, his innings should increase in 2025, making him a valuable SP1 in all formats.",Garrett Crochet (BOS - SP),Garrett Crochet,Crochet,BOS,SP,,"12-7-0SV|3.14|1.09|11.72K9
Garrett Crochet arrived in 2024 for his first year as a full-time starter and dazzled to the tune of a 3.58 ERA and 1.07 WHIP. He threw 146 innings and struck out 209 batters while winning only six games on the most historically awful baseball team in MLB. Now he has moved to Boston, which is less friendly to pitchers, but he may enjoy the luxury of a competent defense and some run support. Now that he has one full season as a starter, his innings should increase in 2025, making him a valuable SP1 in all formats.",27.0
35,,,17,,,,,140,,,,,,,427,99%,99%,100%,P,https://www.fantasypros.com/mlb/players/chris-sale.php,170.0,207.0,13.0,0.0,3.12,1.08,59.0,44.0,29.0,29.0,7.0,0.0,10.96,chris-sale,Chris Sale (ATL - SP),Chris Sale,Sale,ATL,SP,,13-7-0SV|3.12|1.08|10.96K9,37,Chris Sale (ATL - SP),37.0,38.0,32.0,39.0,38.0,37.0,SP,Chris Sale (ATL - SP),0.0,https://images.fantasypros.com/images/players/mlb/3207/headshot/70x70.png,Chris Sale (SP - ATL),"Chris Sale has perenially been the ""If he can stay healthy"" pitcher, and in 2024, he finally showed us what that looked like. In his age-35 season, Sale pitched 177 2/3 innings, held a fantasy-happy 18-3 record, struck out 225 batters, and had a 2.38 ERA with a 1.01 WHIP. It was his best year since 2017, so now the question is: Does he have another one of these in him? Pitchers at age 36 are risky, and part of what made Sale's 2024 so magical was his low draft-day cost. At this point, he will cost you a third-round pick, which seems too high for someone with his profile. However, we circle back to the ""If he can stay healthy"" mantra; if he can offer a repeat, he'll return value in spades. How much risk you want to take in your SP1 slot is up to you.",Chris Sale (ATL - SP),Chris Sale,Sale,ATL,SP,,"13-7-0SV|3.12|1.08|10.96K9
Chris Sale has perenially been the ""If he can stay healthy"" pitcher, and in 2024, he finally showed us what that looked like. In his age-35 season, Sale pitched 177 2/3 innings, held a fantasy-happy 18-3 record, struck out 225 batters, and had a 2.38 ERA with a 1.01 WHIP. It was his best year since 2017, so now the question is: Does he have another one of these in him? Pitchers at age 36 are risky, and part of what made Sale's 2024 so magical was his low draft-day cost. At this point, he will cost you a third-round pick, which seems too high for someone with his profile. However, we circle back to the ""If he can stay healthy"" mantra; if he can offer a repeat, he'll return value in spades. How much risk you want to take in your SP1 slot is up to you.",17.0
36,569.0,87.0,35,100.0,4.0,0.241,0.32,137,25.0,1.0,66.0,152.0,0.475,0.794,379,99%,99%,99%,H,https://www.fantasypros.com/mlb/players/peter-alonso.php,,,,,,,,,,,,,,peter-alonso,Pete Alonso (NYM - 1B),Pete Alonso,Alonso,NYM,1B,,.241|87R|35HR|100RBI|4SB,38,Pete Alonso (NYM - 1B),34.0,37.0,38.0,42.0,39.0,38.0,1B,Pete Alonso (NYM - 1B),0.0,https://images.fantasypros.com/images/players/mlb/6960/headshot/70x70.png,Pete Alonso (1B - NYM),"Pete Alonso continued to mash the ball in 2024, hitting 34 home runs, though this was his career-low total and probably not the number fantasy managers were hoping for when they drafted him. After a lengthy offseason of rumors, Alonso is returning to New York to bat behind Francisco Lindor and Juan Soto. Projections have him nearing the 40-homer mark, and he should get back to 100 RBIs easily with those two ahead of him. Just be aware that his numbers are trending in the wrong direction to be the monster power source he used to be in fantasy.",Pete Alonso (NYM - 1B),Pete Alonso,Alonso,NYM,1B,,".241|87R|35HR|100RBI|4SB
Pete Alonso continued to mash the ball in 2024, hitting 34 home runs, though this was his career-low total and probably not the number fantasy managers were hoping for when they drafted him. After a lengthy offseason of rumors, Alonso is returning to New York to bat behind Francisco Lindor and Juan Soto. Projections have him nearing the 40-homer mark, and he should get back to 100 RBIs easily with those two ahead of him. Just be aware that his numbers are trending in the wrong direction to be the monster power source he used to be in fantasy.",40.0
37,484.0,77.0,29,81.0,2.0,0.281,0.353,136,27.0,1.0,54.0,95.0,0.522,0.875,380,99%,99%,99%,H,https://www.fantasypros.com/mlb/players/corey-seager.php,,,,,,,,,,,,,,corey-seager,Corey Seager (TEX - SS),Corey Seager,Seager,TEX,SS,,.281|77R|29HR|81RBI|2SB,39,Corey Seager (TEX - SS),39.0,27.0,41.0,41.0,43.0,38.0,SS,Corey Seager (TEX - SS),-1.0,https://images.fantasypros.com/images/players/mlb/4805/headshot/70x70.png,Corey Seager (SS - TEX),"In 2024, Corey Seager hit 30 home runs for the third year in a row; unfortunately, he also dealt with a variety of injuries that limited him to 123 games. This seems to be the profile for the 30-year-old shortstop at this point. Seager can hit the cover off the ball, hits for average, and gets on base at a wild clip. He'll score 80+ runs and drive in 75+. The only issue for fantasy managers is that he has played more than 150 games only twice in his career since 2015. You'll need to consider an IL stint when drafting him, but he is a cheaper, high-end choice at shortstop than the top tier.",Corey Seager (TEX - SS),Corey Seager,Seager,TEX,SS,,".281|77R|29HR|81RBI|2SB
In 2024, Corey Seager hit 30 home runs for the third year in a row; unfortunately, he also dealt with a variety of injuries that limited him to 123 games. This seems to be the profile for the 30-year-old shortstop at this point. Seager can hit the cover off the ball, hits for average, and gets on base at a wild clip. He'll score 80+ runs and drive in 75+. The only issue for fantasy managers is that he has played more than 150 games only twice in his career since 2015. You'll need to consider an IL stint when drafting him, but he is a cheaper, high-end choice at shortstop than the top tier.",39.0
38,,,19,,,,,149,,,,,,,393,99%,99%,100%,P,https://www.fantasypros.com/mlb/players/cole-ragans.php,179.5,204.0,12.0,0.0,3.52,1.2,70.0,67.0,31.0,31.0,9.0,1.0,10.23,cole-ragans,Cole Ragans (KC - SP),Cole Ragans,Ragans,KC,SP,,12-9-0SV|3.52|1.20|10.23K9,40,Cole Ragans (KC - SP),42.0,35.0,40.0,43.0,37.0,39.0,SP,Cole Ragans (KC - SP),-1.0,https://images.fantasypros.com/images/players/mlb/6834/headshot/70x70.png,Cole Ragans (SP - KC),"Cole Ragans was a hot entity heading into the 2024 fantasy season, and he delivered on expectations. He pitched 186 1/3 innings, struck out 223 batters, and ended with a 3.14 ERA and a 1.14 WHIP. His xERA and xFIP mostly backed up these numbers, and his 29.3% K rate landed him in the 88th percentile of the league. He walked a few more batters than fantasy managers would have liked (8.8 BB%) and seemed to run out of steam near the end of the season. However, he has plenty of upside heading into 2025 and can hold down a fantasy rotation's SP1 spot.",Cole Ragans (KC - SP),Cole Ragans,Ragans,KC,SP,,"12-9-0SV|3.52|1.20|10.23K9
Cole Ragans was a hot entity heading into the 2024 fantasy season, and he delivered on expectations. He pitched 186 1/3 innings, struck out 223 batters, and ended with a 3.14 ERA and a 1.14 WHIP. His xERA and xFIP mostly backed up these numbers, and his 29.3% K rate landed him in the 88th percentile of the league. He walked a few more batters than fantasy managers would have liked (8.8 BB%) and seemed to run out of steam near the end of the season. However, he has plenty of upside heading into 2025 and can hold down a fantasy rotation's SP1 spot.",28.0
39,,,21,,,,,146,,,,,,,420,99%,99%,100%,P,https://www.fantasypros.com/mlb/players/dylan-cease.php,184.3,217.0,13.0,0.0,3.5,1.17,72.0,68.0,31.0,31.0,9.0,1.0,10.6,dylan-cease,Dylan Cease (SD - SP),Dylan Cease,Cease,SD,SP,,13-9-0SV|3.50|1.17|10.60K9,41,Dylan Cease (SD - SP),43.0,42.0,43.0,45.0,41.0,43.0,SP,Dylan Cease (SD - SP),2.0,https://images.fantasypros.com/images/players/mlb/6848/headshot/70x70.png,Dylan Cease (SP - SD),"Dylan Cease escaped from the White Sox in time to deliver a steady season as the Padres' ace. The 28-year-old struck out 224 batters in 189 1/3 innings on his way to a 3.47 ERA and a 1.07 WHIP. He is in the 92nd percentile in Whiff% (32.4) and maintained a 29.4 K%. He set a new career-low walk rate at 8.5%, impressive for a pitcher who has struggled with free passes for much of his career. Cease will provide fantasy managers with a steady stream of strikeouts and 30+ starts. Just don't expect a return of his 2022 numbers anytime soon.",Dylan Cease (SD - SP),Dylan Cease,Cease,SD,SP,,"13-9-0SV|3.50|1.17|10.60K9
Dylan Cease escaped from the White Sox in time to deliver a steady season as the Padres' ace. The 28-year-old struck out 224 batters in 189 1/3 innings on his way to a 3.47 ERA and a 1.07 WHIP. He is in the 92nd percentile in Whiff% (32.4) and maintained a 29.4 K%. He set a new career-low walk rate at 8.5%, impressive for a pitcher who has struggled with free passes for much of his career. Cease will provide fantasy managers with a steady stream of strikeouts and 30+ starts. Just don't expect a return of his 2022 numbers anytime soon.",19.0
40,549.0,79.0,25,81.0,21.0,0.253,0.32,139,30.0,3.0,54.0,179.0,0.457,0.777,309,90%,99%,81%,H,https://www.fantasypros.com/mlb/players/oneil-cruz-3b.php,,,,,,,,,,,,,,oneil-cruz-3b,"Oneil Cruz (PIT - OF,SS)",Oneil Cruz,Cruz,PIT,"OF,SS",,.253|79R|25HR|81RBI|21SB,42,"Oneil Cruz (PIT - OF,SS)",50.0,40.0,39.0,37.0,50.0,43.0,"OF,SS","Oneil Cruz (PIT - OF,SS)",1.0,https://images.fantasypros.com/images/players/mlb/39199/headshot/70x70.png,"Oneil Cruz (SS,CF - PIT)","Oneil Cruz had his first healthy season in the majors and produced a 20/20 season while also picking up dual eligibility by moving to the outfield. The 26-year-old played 146 games, scoring 72 runs, knocking in 76, and slashing .259/.324/.449. The downside of Cruz is his propensity to strikeout (30.2% K-rate). He sits in the 97th percentile or higher in average exit velocity, barrel percentage, hard hit percentage, and bat speed. The talent is there to get to a 25/25 season; just don't expect him to hit much above .250.","Oneil Cruz (PIT - OF,SS)",Oneil Cruz,Cruz,PIT,"OF,SS",,".253|79R|25HR|81RBI|21SB
Oneil Cruz had his first healthy season in the majors and produced a 20/20 season while also picking up dual eligibility by moving to the outfield. The 26-year-old played 146 games, scoring 72 runs, knocking in 76, and slashing .259/.324/.449. The downside of Cruz is his propensity to strikeout (30.2% K-rate). He sits in the 97th percentile or higher in average exit velocity, barrel percentage, hard hit percentage, and bat speed. The talent is there to get to a 25/25 season; just don't expect him to hit much above .250.",129.0
41,543.0,95.0,37,94.0,4.0,0.226,0.342,122,21.0,1.0,97.0,191.0,0.475,0.818,360,97%,99%,95%,H,https://www.fantasypros.com/mlb/players/kyle-schwarber.php,,,,,,,,,,,,,,kyle-schwarber,Kyle Schwarber (PHI - DH),Kyle Schwarber,Schwarber,PHI,DH,,.226|95R|37HR|94RBI|4SB,43,Kyle Schwarber (PHI - DH),35.0,49.0,45.0,66.0,27.0,44.0,"DH,OF","Kyle Schwarber (PHI - DH,OF)",1.0,https://images.fantasypros.com/images/players/mlb/5686/headshot/70x70.png,Kyle Schwarber (DH - PHI),"Kyle Schwarber delivered another stellar season, showcasing his trademark consistency by blasting 38 home runs, crossing the plate 110 times, and driving in 104 runs. In 2024, he added a .248 batting average to his résumé, stole five bases, and kept his strikeout total under 200 for the first time since 2021-a season in which he played just 113 games. At 31 years old, Schwarber's skill set remains well-suited for maintaining his production. Batting in the heart of a potent Phillies lineup, he's primed to keep racking up numbers. With free agency looming after 2025, he could also bring an extra edge to his performance. Just be prepared to balance out his impact on your team's batting average while enjoying the power surge.",Kyle Schwarber (PHI - DH),Kyle Schwarber,Schwarber,PHI,DH,,".226|95R|37HR|94RBI|4SB
Kyle Schwarber delivered another stellar season, showcasing his trademark consistency by blasting 38 home runs, crossing the plate 110 times, and driving in 104 runs. In 2024, he added a .248 batting average to his résumé, stole five bases, and kept his strikeout total under 200 for the first time since 2021-a season in which he played just 113 games. At 31 years old, Schwarber's skill set remains well-suited for maintaining his production. Batting in the heart of a potent Phillies lineup, he's primed to keep racking up numbers. With free agency looming after 2025, he could also bring an extra edge to his performance. Just be prepared to balance out his impact on your team's batting average while enjoying the power surge.",60.0
42,572.0,86.0,20,68.0,17.0,0.269,0.33,154,30.0,1.0,52.0,110.0,0.428,0.758,361,99%,99%,99%,H,https://www.fantasypros.com/mlb/players/jose-altuve.php,,,,,,,,,,,,,,jose-altuve,Jose Altuve (HOU - 2B),Jose Altuve,Altuve,HOU,2B,,.269|86R|20HR|68RBI|17SB,44,Jose Altuve (HOU - 2B),41.0,41.0,46.0,52.0,42.0,44.0,2B,Jose Altuve (HOU - 2B),0.0,https://images.fantasypros.com/images/players/mlb/4334/headshot/70x70.png,Jose Altuve (2B - HOU),"Jose Altuve bounced back from his injury-plagued 2023 and played 153 for the Astros in 2024. He hit 20 home runs and stole 22 bases, the most since 2017. However, he is now entering his age-35 season, and we need to ask if the decline is in store sooner rather than later. His expected stats suggest Altuve experienced more luck than usual last season. His xBA was .262, compared to his final line of .295. Hix xSLG is perhaps even more concerning, dropping below .400 for the first time since 2015. The chances of him reaching 20 steals again seem low, but he can still get to the 15 mark fairly easily. Second base remains a difficult position to fill, so Altuve still has plenty of value. But don't pay for the player of yesteryear in case Father Time arrives early in 2025.",Jose Altuve (HOU - 2B),Jose Altuve,Altuve,HOU,2B,,".269|86R|20HR|68RBI|17SB
Jose Altuve bounced back from his injury-plagued 2023 and played 153 for the Astros in 2024. He hit 20 home runs and stole 22 bases, the most since 2017. However, he is now entering his age-35 season, and we need to ask if the decline is in store sooner rather than later. His expected stats suggest Altuve experienced more luck than usual last season. His xBA was .262, compared to his final line of .295. Hix xSLG is perhaps even more concerning, dropping below .400 for the first time since 2015. The chances of him reaching 20 steals again seem low, but he can still get to the 15 mark fairly easily. Second base remains a difficult position to fill, so Altuve still has plenty of value. But don't pay for the player of yesteryear in case Father Time arrives early in 2025.",56.0
43,,,5,,,,,56,,,,,,,343,99%,99%,100%,P,https://www.fantasypros.com/mlb/players/emmanuel-clase.php,68.9,67.0,4.0,35.0,2.63,1.02,20.0,14.0,66.0,0.0,3.0,0.0,8.75,emmanuel-clase,Emmanuel Clase (CLE - RP),Emmanuel Clase,Clase,CLE,RP,,4-3-35SV|2.63|1.02|8.75K9,45,Emmanuel Clase (CLE - RP),38.0,43.0,44.0,38.0,64.0,45.0,RP,Emmanuel Clase (CLE - RP),0.0,https://images.fantasypros.com/images/players/mlb/27356/headshot/70x70.png,Emmanuel Clase (RP - CLE),"Emmanuel Clase fell just short of leading MLB in saves for the third year in a row. He still closed 47 games for the Guardians, setting the team's single-season record. Clase threw 74 1/3 innings with a microscopic 0.61 ERA and 0.66 WHIP. Clase offers a devastating combo of cutter/slider that keeps opposing batters off balance and unable to make good contact. He also doesn't walk people. However, he doesn't strike many out (K% of 24.4), but the trade-off is well worth it to have the top closer on a good team. Clase is RP1 in 2025, and it's not close.",Emmanuel Clase (CLE - RP),Emmanuel Clase,Clase,CLE,RP,,"4-3-35SV|2.63|1.02|8.75K9
Emmanuel Clase fell just short of leading MLB in saves for the third year in a row. He still closed 47 games for the Guardians, setting the team's single-season record. Clase threw 74 1/3 innings with a microscopic 0.61 ERA and 0.66 WHIP. Clase offers a devastating combo of cutter/slider that keeps opposing batters off balance and unable to make good contact. He also doesn't walk people. However, he doesn't strike many out (K% of 24.4), but the trade-off is well worth it to have the top closer on a good team. Clase is RP1 in 2025, and it's not close.",77.0
44,,,17,,,,,117,,,,,,,391,99%,99%,100%,P,https://www.fantasypros.com/mlb/players/blake-snell.php,159.0,207.0,12.0,0.0,3.34,1.17,59.0,70.0,29.0,29.0,6.0,1.0,11.72,blake-snell,Blake Snell (LAD - SP),Blake Snell,Snell,LAD,SP,,12-6-0SV|3.34|1.17|11.72K9,46,Blake Snell (LAD - SP),40.0,46.0,48.0,49.0,47.0,46.0,SP,Blake Snell (LAD - SP),0.0,https://images.fantasypros.com/images/players/mlb/5835/headshot/70x70.png,Blake Snell (SP - LAD),"The story is often the same with Blake Snell. He can be absolutely brilliant on the mound, as he was in the second half of last season following a return from injury. He had a 114:30 K:BB ratio in that time and looked like the Cy Young Award winner he is. However, early in the season, he was atrocious and caused many fantasy managers to question whether to throw him on the waiver wire versus riding the roller coaster. Snell will have games that single-handedly ruin your ratios in a weekly H2H matchup, and then he will turn around and win you the next three. His underlying metrics are brilliant, but minus the walks, which have always been problematic. And now that he is playing in Los Angeles, he should get a boost in win totals and plenty of run support. Keep in mind that Snell has only pitched 180 innings twice in his career, so drafting him most likely means an IL stint or two, but if you get the ""Good"" version, it'll be worth the tradeoff.",Blake Snell (LAD - SP),Blake Snell,Snell,LAD,SP,,"12-6-0SV|3.34|1.17|11.72K9
The story is often the same with Blake Snell. He can be absolutely brilliant on the mound, as he was in the second half of last season following a return from injury. He had a 114:30 K:BB ratio in that time and looked like the Cy Young Award winner he is. However, early in the season, he was atrocious and caused many fantasy managers to question whether to throw him on the waiver wire versus riding the roller coaster. Snell will have games that single-handedly ruin your ratios in a weekly H2H matchup, and then he will turn around and win you the next three. His underlying metrics are brilliant, but minus the walks, which have always been problematic. And now that he is playing in Los Angeles, he should get a boost in win totals and plenty of run support. Keep in mind that Snell has only pitched 180 innings twice in his career, so drafting him most likely means an IL stint or two, but if you get the ""Good"" version, it'll be worth the tradeoff.",31.0
45,527.0,79.0,21,75.0,18.0,0.263,0.334,139,29.0,4.0,56.0,119.0,0.453,0.786,351,96%,98%,95%,H,https://www.fantasypros.com/mlb/players/wyatt-langford.php,,,,,,,,,,,,,,wyatt-langford,"Wyatt Langford (TEX - DH,OF)",Wyatt Langford,Langford,TEX,"DH,OF",,.263|79R|21HR|75RBI|18SB,47,"Wyatt Langford (TEX - DH,OF)",54.0,48.0,42.0,40.0,48.0,46.0,"DH,OF","Wyatt Langford (TEX - DH,OF)",-1.0,https://images.fantasypros.com/images/players/mlb/47238/headshot/70x70.png,"Wyatt Langford (LF,DH - TEX)","Wyatt Langford entered the 2024 season as one of the most anticipated rookies, and his debut campaign was a rollercoaster ride. He finished on a high note, posting a .300 batting average in September while launching eight of his 16 home runs and collecting 20 RBI and 25 runs during the month. Langford appears to have navigated the typical challenges of a rookie season, potentially setting himself up to avoid the notorious ""sophomore slump."" Fantasy managers can reasonably expect a 20/20 season (he tallied 16 homers and 19 steals in 2024), with the potential for improved counting stats if the Texas lineup remains healthy. He's a reliable OF2/OF3 option with plenty of upside for fantasy rosters.","Wyatt Langford (TEX - DH,OF)",Wyatt Langford,Langford,TEX,"DH,OF",,".263|79R|21HR|75RBI|18SB
Wyatt Langford entered the 2024 season as one of the most anticipated rookies, and his debut campaign was a rollercoaster ride. He finished on a high note, posting a .300 batting average in September while launching eight of his 16 home runs and collecting 20 RBI and 25 runs during the month. Langford appears to have navigated the typical challenges of a rookie season, potentially setting himself up to avoid the notorious ""sophomore slump."" Fantasy managers can reasonably expect a 20/20 season (he tallied 16 homers and 19 steals in 2024), with the potential for improved counting stats if the Texas lineup remains healthy. He's a reliable OF2/OF3 option with plenty of upside for fantasy rosters.",70.0
46,548.0,83.0,22,76.0,19.0,0.283,0.326,155,29.0,3.0,34.0,115.0,0.469,0.795,355,96%,99%,92%,H,https://www.fantasypros.com/mlb/players/michael-harris.php,,,,,,,,,,,,,,michael-harris,Michael Harris II (ATL - OF),Michael Harris II,Harris II,ATL,OF,,.283|83R|22HR|76RBI|19SB,48,Michael Harris II (ATL - OF),47.0,45.0,50.0,36.0,57.0,47.0,OF,Michael Harris II (ATL - OF),-1.0,https://images.fantasypros.com/images/players/mlb/43924/headshot/70x70.png,Michael Harris II (CF - ATL),"Michael Harris faced challenges in 2024 due to injuries, which appeared to impact his on-field performance. The 23-year-old also experienced some bad luck, as his .264/.304/.418 slash line fell short of his expected stats (.288 xBA and .470 xSLG). Despite this, he managed to tally 16 home runs and 10 stolen bases, showcasing his potential if he can maintain his health. However, Harris has played fewer games than fantasy managers would hope for from a fourth-round pick in each of his first two seasons. While he remains a strong option, his injury history adds risk, making him a less secure choice as an OF2.",Michael Harris II (ATL - OF),Michael Harris II,Harris II,ATL,OF,,".283|83R|22HR|76RBI|19SB
Michael Harris faced challenges in 2024 due to injuries, which appeared to impact his on-field performance. The 23-year-old also experienced some bad luck, as his .264/.304/.418 slash line fell short of his expected stats (.288 xBA and .470 xSLG). Despite this, he managed to tally 16 home runs and 10 stolen bases, showcasing his potential if he can maintain his health. However, Harris has played fewer games than fantasy managers would hope for from a fourth-round pick in each of his first two seasons. While he remains a strong option, his injury history adds risk, making him a less secure choice as an OF2.",64.0
47,547.0,82.0,35,92.0,8.0,0.254,0.326,139,25.0,2.0,59.0,183.0,0.504,0.83,333,94%,99%,89%,H,https://www.fantasypros.com/mlb/players/brent-rooker.php,,,,,,,,,,,,,,brent-rooker,Brent Rooker (ATH - DH),Brent Rooker,Rooker,ATH,DH,,.254|82R|35HR|92RBI|8SB,49,Brent Rooker (ATH - DH),48.0,51.0,37.0,59.0,44.0,48.0,"DH,OF","Brent Rooker (ATH - DH,OF)",-1.0,https://images.fantasypros.com/images/players/mlb/7318/headshot/70x70.png,Brent Rooker (DH - ATH),"Brent Rooker delivered a standout fantasy season in 2024, launching 39 home runs, driving in 112 runs, scoring 82 times, and even adding 11 stolen bases. His impressive .293/.365/.562 slash line, however, is unlikely to hold up in 2025, as it significantly outpaces his career .243 batting average. The good news is that Rooker's power is legitimate, supported by a .570 xSLG and a 97th percentile Barrel Rate (16.6%). While his 28.8% strikeout rate showed improvement, it still raises concerns, particularly since players at 30 years old rarely sustain such progress. The Athletics' move to Sutter Health Park in Sacramento-a park that favors hitters-could enhance Rooker's counting stats next season. Though he'll start 2025 with only DH eligibility, his potential for 40 home runs places him among an elite group of power hitters, making him a worthwhile addition to fantasy rosters.",Brent Rooker (ATH - DH),Brent Rooker,Rooker,ATH,DH,,".254|82R|35HR|92RBI|8SB
Brent Rooker delivered a standout fantasy season in 2024, launching 39 home runs, driving in 112 runs, scoring 82 times, and even adding 11 stolen bases. His impressive .293/.365/.562 slash line, however, is unlikely to hold up in 2025, as it significantly outpaces his career .243 batting average. The good news is that Rooker's power is legitimate, supported by a .570 xSLG and a 97th percentile Barrel Rate (16.6%). While his 28.8% strikeout rate showed improvement, it still raises concerns, particularly since players at 30 years old rarely sustain such progress. The Athletics' move to Sutter Health Park in Sacramento-a park that favors hitters-could enhance Rooker's counting stats next season. Though he'll start 2025 with only DH eligibility, his potential for 40 home runs places him among an elite group of power hitters, making him a worthwhile addition to fantasy rosters.",94.0
48,568.0,82.0,21,82.0,12.0,0.263,0.314,149,33.0,3.0,42.0,99.0,0.443,0.757,371,99%,99%,98%,H,https://www.fantasypros.com/mlb/players/ozhaino-albies.php,,,,,,,,,,,,,,ozhaino-albies,Ozzie Albies (ATL - 2B),Ozzie Albies,Albies,ATL,2B,,.263|82R|21HR|82RBI|12SB,50,Ozzie Albies (ATL - 2B),46.0,44.0,51.0,56.0,46.0,49.0,2B,Ozzie Albies (ATL - 2B),-1.0,https://images.fantasypros.com/images/players/mlb/5980/headshot/70x70.png,Ozzie Albies (2B - ATL),"Ozzie Albies could stake a claim to the 2B1 title if he can stay healthy, which he has struggled to do. In 2024, he managed to play only 99 games and failed to produce much when he was on the field. He hit 10 home runs, scored 52, drove in 53, and only stole eight bases. The concerning note for Albies is that his 2024 stat line looked much like his injury-plagued 2022 year. Of course, in between the two, he produced MVP-like numbers (33/96/109). Which Albies we will get in 2025 remains to be seen. It would be prudent to draft him as though he will end up between those two extremes (think somewhere in the 20/90/80 range) while being hopeful that another 2023 is in store because the upside is definitely there.",Ozzie Albies (ATL - 2B),Ozzie Albies,Albies,ATL,2B,,".263|82R|21HR|82RBI|12SB
Ozzie Albies could stake a claim to the 2B1 title if he can stay healthy, which he has struggled to do. In 2024, he managed to play only 99 games and failed to produce much when he was on the field. He hit 10 home runs, scored 52, drove in 53, and only stole eight bases. The concerning note for Albies is that his 2024 stat line looked much like his injury-plagued 2022 year. Of course, in between the two, he produced MVP-like numbers (33/96/109). Which Albies we will get in 2025 remains to be seen. It would be prudent to draft him as though he will end up between those two extremes (think somewhere in the 20/90/80 range) while being hopeful that another 2023 is in store because the upside is definitely there.",51.0
49,563.0,84.0,32,96.0,1.0,0.262,0.334,148,26.0,1.0,61.0,155.0,0.483,0.818,361,96%,99%,93%,H,https://www.fantasypros.com/mlb/players/marcell-ozuna.php,,,,,,,,,,,,,,marcell-ozuna,Marcell Ozuna (ATL - DH),Marcell Ozuna,Ozuna,ATL,DH,,.262|84R|32HR|96RBI|1SB,51,Marcell Ozuna (ATL - DH),49.0,50.0,49.0,61.0,45.0,51.0,"DH,OF","Marcell Ozuna (ATL - DH,OF)",0.0,https://images.fantasypros.com/images/players/mlb/4726/headshot/70x70.png,Marcell Ozuna (DH - ATL),"Marcell Ozuna returned to the Braves' lineup in 2024 and delivered nearly identical results to his 2023 campaign. He crushed 39 home runs, drove in 104 runs, and crossed the plate 96 times. Unlike Kyle Schwarber, Ozuna paired his power with a .302 batting average, making him a valuable four-category contributor. However, that lofty average was fueled by an unsustainable .359 BABIP, suggesting he's likely to revert closer to his career mark of .272. Still, with Atlanta's offense at full strength and Ozuna playing in a contract year, he remains a worthy staple in your utility slot.",Marcell Ozuna (ATL - DH),Marcell Ozuna,Ozuna,ATL,DH,,".262|84R|32HR|96RBI|1SB
Marcell Ozuna returned to the Braves' lineup in 2024 and delivered nearly identical results to his 2023 campaign. He crushed 39 home runs, drove in 104 runs, and crossed the plate 96 times. Unlike Kyle Schwarber, Ozuna paired his power with a .302 batting average, making him a valuable four-category contributor. However, that lofty average was fueled by an unsustainable .359 BABIP, suggesting he's likely to revert closer to his career mark of .272. Still, with Atlanta's offense at full strength and Ozuna playing in a contract year, he remains a worthy staple in your utility slot.",57.0
50,516.0,76.0,20,71.0,18.0,0.262,0.344,135,29.0,4.0,65.0,160.0,0.445,0.789,305,91%,98%,83%,H,https://www.fantasypros.com/mlb/players/james-wood.php,,,,,,,,,,,,,,james-wood,James Wood (WSH - OF),James Wood,Wood,WSH,OF,,.262|76R|20HR|71RBI|18SB,52,James Wood (WSH - OF),61.0,52.0,55.0,48.0,49.0,53.0,OF,James Wood (WSH - OF),1.0,https://images.fantasypros.com/images/players/mlb/missing/headshot/70x70.png,James Wood (LF - WSH),"James Wood joined the Nationals in July 2024 and appeared in 79 games, delivering a performance that had its ups and downs. However, he showed clear progress as the season progressed, particularly in August and September. Wood finished the year with nine home runs, 14 stolen bases, 43 runs scored, and 41 RBIs while posting a respectable .264/.354/.427 slash line. Projected to be an everyday player for Washington next season, Wood has the potential to deliver a strong 20/20 campaign. His impressive Triple-A stats and Rookie of the Year upside will make him a coveted pick in drafts, likely pushing his ADP to around the fifth round.",James Wood (WSH - OF),James Wood,Wood,WSH,OF,,".262|76R|20HR|71RBI|18SB
James Wood joined the Nationals in July 2024 and appeared in 79 games, delivering a performance that had its ups and downs. However, he showed clear progress as the season progressed, particularly in August and September. Wood finished the year with nine home runs, 14 stolen bases, 43 runs scored, and 41 RBIs while posting a respectable .264/.354/.427 slash line. Projected to be an everyday player for Washington next season, Wood has the potential to deliver a strong 20/20 campaign. His impressive Triple-A stats and Rookie of the Year upside will make him a coveted pick in drafts, likely pushing his ADP to around the fifth round.",140.0
51,544.0,79.0,18,64.0,34.0,0.252,0.299,137,28.0,4.0,36.0,118.0,0.418,0.717,323,92%,98%,86%,H,https://www.fantasypros.com/mlb/players/cj-abrams.php,,,,,,,,,,,,,,cj-abrams,CJ Abrams (WSH - SS),CJ Abrams,Abrams,WSH,SS,,.252|79R|18HR|64RBI|34SB,53,CJ Abrams (WSH - SS),56.0,47.0,53.0,44.0,66.0,53.0,SS,CJ Abrams (WSH - SS),0.0,https://images.fantasypros.com/images/players/mlb/19879/headshot/70x70.png,CJ Abrams (SS - WSH),"CJ Abrams had an amazing first half of 2024 in his second full year with Washington before a miserable second half left fantasy managers wondering what happened. He was demoted to Triple-A after a team curfew violation in September and ended the season with 138 games played. He hit 20 home runs and stole 31 bases while slashing .246/.314/.433 for the season. Abrams's Statcast page is pretty ugly; he is barely above the 50th percentile in only four categories. However, he has 20/30 potential in 2025, which is enticing for those who wait at shortstop past the top tier.",CJ Abrams (WSH - SS),CJ Abrams,Abrams,WSH,SS,,".252|79R|18HR|64RBI|34SB
CJ Abrams had an amazing first half of 2024 in his second full year with Washington before a miserable second half left fantasy managers wondering what happened. He was demoted to Triple-A after a team curfew violation in September and ended the season with 138 games played. He hit 20 home runs and stole 31 bases while slashing .246/.314/.433 for the season. Abrams's Statcast page is pretty ugly; he is barely above the 50th percentile in only four categories. However, he has 20/30 potential in 2025, which is enticing for those who wait at shortstop past the top tier.",104.0
52,573.0,82.0,29,95.0,9.0,0.26,0.314,149,28.0,1.0,46.0,182.0,0.467,0.781,318,95%,99%,91%,H,https://www.fantasypros.com/mlb/players/teoscar-hernandez.php,,,,,,,,,,,,,,teoscar-hernandez,Teoscar Hernandez (LAD - OF),Teoscar Hernandez,Hernandez,LAD,OF,,.260|82R|29HR|95RBI|9SB,54,Teoscar Hernandez (LAD - OF),53.0,58.0,47.0,57.0,55.0,54.0,OF,Teoscar Hernandez (LAD - OF),0.0,https://images.fantasypros.com/images/players/mlb/4846/headshot/70x70.png,"Teoscar Hernandez (LF,RF - LAD)","Teoscar Hernández capitalized on his contract year with an impressive season. The 32-year-old joined the Dodgers and filled their need for a right-handed power bat to complement the top of their lineup. He delivered 33 home runs, 99 RBIs, 84 runs scored, and 12 stolen bases while slashing .272/.339/.501. Hernández continued to dominate left-handed pitching, hitting .290 against southpaws. However, his strikeout rate remained elevated at 28.8%, though his power mitigates some of the downside. Now that he is returning to L.A. to continue batting in the middle of the best order in baseball, Hernandez offers a solid return as an OF2/OF3 in fantasy.",Teoscar Hernandez (LAD - OF),Teoscar Hernandez,Hernandez,LAD,OF,,".260|82R|29HR|95RBI|9SB
Teoscar Hernández capitalized on his contract year with an impressive season. The 32-year-old joined the Dodgers and filled their need for a right-handed power bat to complement the top of their lineup. He delivered 33 home runs, 99 RBIs, 84 runs scored, and 12 stolen bases while slashing .272/.339/.501. Hernández continued to dominate left-handed pitching, hitting .290 against southpaws. However, his strikeout rate remained elevated at 28.8%, though his power mitigates some of the downside. Now that he is returning to L.A. to continue batting in the middle of the best order in baseball, Hernandez offers a solid return as an OF2/OF3 in fantasy.",113.0
53,,,17,,,,,135,,,,,,,361,99%,99%,99%,P,https://www.fantasypros.com/mlb/players/yoshinobu-yamamoto.php,159.4,167.0,12.0,0.0,3.37,1.1,60.0,41.0,27.0,27.0,6.0,1.0,9.43,yoshinobu-yamamoto,Yoshinobu Yamamoto (LAD - SP),Yoshinobu Yamamoto,Yamamoto,LAD,SP,,12-6-0SV|3.37|1.10|9.43K9,55,Yoshinobu Yamamoto (LAD - SP),51.0,55.0,58.0,60.0,59.0,57.0,SP,Yoshinobu Yamamoto (LAD - SP),2.0,https://images.fantasypros.com/images/players/mlb/48250/headshot/70x70.png,Yoshinobu Yamamoto (SP - LAD),"Yoshinobu Yamamoto struggled mightily in his first start in 2024, but then he settled in to be the ace-like pitcher the Dodgers expected him to be. Unfortunately, he only managed 18 starts as he dealt with a rotator cuff strain. His numbers were solid, however. In 90 innings, he struck out 105 batters and maintained a 3.00 ERA and 1.11 WHIP. Pitching for the Dodgers never hurt anyone and provides fantasy managers with the potential for more wins than with other ballclubs. The question with Yamamoto is how durable he will be and how many innings he will throw in 2025. The underlying stats say he could be an SP1, but he is best considered an SP2 on draft day.",Yoshinobu Yamamoto (LAD - SP),Yoshinobu Yamamoto,Yamamoto,LAD,SP,,"12-6-0SV|3.37|1.10|9.43K9
Yoshinobu Yamamoto struggled mightily in his first start in 2024, but then he settled in to be the ace-like pitcher the Dodgers expected him to be. Unfortunately, he only managed 18 starts as he dealt with a rotator cuff strain. His numbers were solid, however. In 90 innings, he struck out 105 batters and maintained a 3.00 ERA and 1.11 WHIP. Pitching for the Dodgers never hurt anyone and provides fantasy managers with the potential for more wins than with other ballclubs. The question with Yamamoto is how durable he will be and how many innings he will throw in 2025. The underlying stats say he could be an SP1, but he is best considered an SP2 on draft day.",58.0
54,,,16,,,,,162,,,,,,,387,99%,99%,99%,P,https://www.fantasypros.com/mlb/players/framber-valdez.php,186.4,178.0,13.0,0.0,3.34,1.19,69.0,60.0,29.0,29.0,8.0,2.0,8.59,framber-valdez,Framber Valdez (HOU - SP),Framber Valdez,Valdez,HOU,SP,,13-8-0SV|3.34|1.19|8.59K9,56,Framber Valdez (HOU - SP),60.0,54.0,59.0,64.0,54.0,58.0,SP,Framber Valdez (HOU - SP),2.0,https://images.fantasypros.com/images/players/mlb/7627/headshot/70x70.png,Framber Valdez (SP - HOU),"Framber Valdez continued his steady ways in 2024, starting 28 games and pitching 176 1/3 innings. He finished the year with a 2.91 ERA and 1.11 WHIP and struck out 169 batters. Valdez lives and dies by the ground ball, sitting in the 99th percentile in the ground ball rate at 61.7%. There is nothing particularly wrong with Valdez, though when he gets hit, he gets hit hard, and his xERA was a half-run higher at 3.41. The trick with him in fantasy is simply that he doesn't strike out as many batters as other pitchers drafted in the same vicinity. He does offer the safest floor, so depending on where else you want to take your risks, Valdez may be a worthwhile SP2 anchor to your staff.",Framber Valdez (HOU - SP),Framber Valdez,Valdez,HOU,SP,,"13-8-0SV|3.34|1.19|8.59K9
Framber Valdez continued his steady ways in 2024, starting 28 games and pitching 176 1/3 innings. He finished the year with a 2.91 ERA and 1.11 WHIP and struck out 169 batters. Valdez lives and dies by the ground ball, sitting in the 99th percentile in the ground ball rate at 61.7%. There is nothing particularly wrong with Valdez, though when he gets hit, he gets hit hard, and his xERA was a half-run higher at 3.41. The trick with him in fantasy is simply that he doesn't strike out as many batters as other pitchers drafted in the same vicinity. He does offer the safest floor, so depending on where else you want to take your risks, Valdez may be a worthwhile SP2 anchor to your staff.",33.0
55,,,14,,,,,89,,,,,,,334,95%,99%,91%,P,https://www.fantasypros.com/mlb/players/jacob-degrom.php,120.2,158.0,9.0,0.0,2.96,0.94,40.0,24.0,23.0,23.0,5.0,0.0,11.83,jacob-degrom,Jacob deGrom (TEX - SP),Jacob deGrom,deGrom,TEX,SP,,9-5-0SV|2.96|0.94|11.83K9,57,Jacob deGrom (TEX - SP),55.0,70.0,61.0,46.0,60.0,58.0,SP,Jacob deGrom (TEX - SP),1.0,https://images.fantasypros.com/images/players/mlb/4850/headshot/70x70.png,Jacob deGrom (SP - TEX),"And here we go again... Whether or not you're willing to roster Jacob deGrom in fantasy baseball should be the sole question on any risk tolerance survey. The 36-year-old started three games in 2024, pitching 10 2/3 innings with 14 strikeouts and one walk. Those three starts pushed him up to 20 total across the 2022-2024 seasons and 47 since 2019. When healthy, he is as elite as elite gets, but calling his health ""tenuous"" is a full-blown euphemism. Someone on draft day will imagine the best and put him on their team, and it could be you if you want to ride that roller coaster. However, he is currently going in the fourth round of NFBC drafts, so this isn't a late-round dart throw. It's entirely up to you.",Jacob deGrom (TEX - SP),Jacob deGrom,deGrom,TEX,SP,,"9-5-0SV|2.96|0.94|11.83K9
And here we go again... Whether or not you're willing to roster Jacob deGrom in fantasy baseball should be the sole question on any risk tolerance survey. The 36-year-old started three games in 2024, pitching 10 2/3 innings with 14 strikeouts and one walk. Those three starts pushed him up to 20 total across the 2022-2024 seasons and 47 since 2019. When healthy, he is as elite as elite gets, but calling his health ""tenuous"" is a full-blown euphemism. Someone on draft day will imagine the best and put him on their team, and it could be you if you want to ride that roller coaster. However, he is currently going in the fourth round of NFBC drafts, so this isn't a late-round dart throw. It's entirely up to you.",90.0
56,,,20,,,,,148,,,,,,,362,98%,99%,97%,P,https://www.fantasypros.com/mlb/players/michael-king.php,172.3,186.0,12.0,0.0,3.58,1.21,69.0,61.0,30.0,30.0,9.0,0.0,9.72,michael-king,Michael King (SD - SP),Michael King,King,SD,SP,,12-9-0SV|3.58|1.21|9.72K9,58,Michael King (SD - SP),59.0,56.0,56.0,65.0,56.0,58.0,SP,Michael King (SD - SP),0.0,https://images.fantasypros.com/images/players/mlb/8489/headshot/70x70.png,Michael King (SP - SD),"Astute managers grabbed Michael King late in 2024 drafts, and he rewarded them handsomely. After five years with the Yankees, pitching in every imaginable scenario, the Padres nabbed him in the Juan Soto deal and made him a starter. He started 30 games, pitched 173 2/3 innings, struck out 201 batters, and held down a 2.95 ERA and 1.19 WHIP. King is masterful at inducing weak contact, sitting in the 99th percentile in average exit velocity and 97th percentile in hard-hit percentage. The only thing of note is that his xERA was 3.54, suggesting he had some luck in 2024 that kept his sub-3 ERA intact. Other than that, though, King is primed to reach SP1 status in 2025 and should be targeted in most leagues.",Michael King (SD - SP),Michael King,King,SD,SP,,"12-9-0SV|3.58|1.21|9.72K9
Astute managers grabbed Michael King late in 2024 drafts, and he rewarded them handsomely. After five years with the Yankees, pitching in every imaginable scenario, the Padres nabbed him in the Juan Soto deal and made him a starter. He started 30 games, pitched 173 2/3 innings, struck out 201 batters, and held down a 2.95 ERA and 1.19 WHIP. King is masterful at inducing weak contact, sitting in the 99th percentile in average exit velocity and 97th percentile in hard-hit percentage. The only thing of note is that his xERA was 3.54, suggesting he had some luck in 2024 that kept his sub-3 ERA intact. Other than that, though, King is primed to reach SP1 status in 2025 and should be targeted in most leagues.",55.0
57,,,5,,,,,42,,,,,,,331,99%,99%,99%,P,https://www.fantasypros.com/mlb/players/devin-williams-p.php,63.0,87.0,4.0,32.0,2.81,1.13,20.0,29.0,58.0,0.0,3.0,0.0,12.43,devin-williams-p,Devin Williams (NYY - RP),Devin Williams,Williams,NYY,RP,,4-3-32SV|2.81|1.13|12.43K9,59,Devin Williams (NYY - RP),45.0,53.0,57.0,47.0,95.0,59.0,RP,Devin Williams (NYY - RP),0.0,https://images.fantasypros.com/images/players/mlb/27766/headshot/70x70.png,Devin Williams (RP - NYY),"Devin Williams had a truncated 2024 season due to back fractures, but he returned to form after resuming closer duties. He racked up 14 saves while only blowing one of them and struck out 38 batters in 21 2/3 innings for a ridiculous 43.2% strikeout rate. He will always walk more people than we'd like for fantasy purposes, but it's the trade-off for one of the top strikeout artists in the closer role. Now in the Bronx, Williams will be the ninth-inning guy for the Yankees with all the job security in the world.",Devin Williams (NYY - RP),Devin Williams,Williams,NYY,RP,,"4-3-32SV|2.81|1.13|12.43K9
Devin Williams had a truncated 2024 season due to back fractures, but he returned to form after resuming closer duties. He racked up 14 saves while only blowing one of them and struck out 38 batters in 21 2/3 innings for a ridiculous 43.2% strikeout rate. He will always walk more people than we'd like for fantasy purposes, but it's the trade-off for one of the top strikeout artists in the closer role. Now in the Bronx, Williams will be the ninth-inning guy for the Yankees with all the job security in the world.",99.0
58,524.0,74.0,18,69.0,2.0,0.258,0.342,135,27.0,1.0,66.0,95.0,0.42,0.762,337,99%,99%,100%,H,https://www.fantasypros.com/mlb/players/adley-rutschman.php,,,,,,,,,,,,,,adley-rutschman,"Adley Rutschman (BAL - C,DH)",Adley Rutschman,Rutschman,BAL,"C,DH",,.258|74R|18HR|69RBI|2SB,60,"Adley Rutschman (BAL - C,DH)",68.0,60.0,60.0,58.0,63.0,62.0,"C,DH","Adley Rutschman (BAL - C,DH)",2.0,https://images.fantasypros.com/images/players/mlb/8022/headshot/70x70.png,"Adley Rutschman (C,DH - BAL)","Adley Rutschman took a step back in 2024 compared to his stellar 2023 season. The 26-year-old appeared in 148 games, serving as the designated hitter in 45 of them, and slashed a disappointing .250/.318/.391. He hit 19 home runs, driving in 79 and scoring 68. His numbers in the second half of the year were abysmal, as he batted only .207 with only three home runs. Of most concern was his 100-point drop in OPS. Rutschman is being taken as the second catcher off the board, as there is hope that he can return closer to his 2023 numbers; however, his Statcast page suggests 2024 wasn't a terrible outlier of a season. There may be similar talent later in the draft.","Adley Rutschman (BAL - C,DH)",Adley Rutschman,Rutschman,BAL,"C,DH",,".258|74R|18HR|69RBI|2SB
Adley Rutschman took a step back in 2024 compared to his stellar 2023 season. The 26-year-old appeared in 148 games, serving as the designated hitter in 45 of them, and slashed a disappointing .250/.318/.391. He hit 19 home runs, driving in 79 and scoring 68. His numbers in the second half of the year were abysmal, as he batted only .207 with only three home runs. Of most concern was his 100-point drop in OPS. Rutschman is being taken as the second catcher off the board, as there is hope that he can return closer to his 2023 numbers; however, his Statcast page suggests 2024 wasn't a terrible outlier of a season. There may be similar talent later in the draft.",86.0
59,,,20,,,,,146,,,,,,,338,97%,97%,97%,P,https://www.fantasypros.com/mlb/players/george-kirby.php,158.4,148.0,11.0,0.0,3.47,1.07,61.0,23.0,27.0,27.0,8.0,0.0,8.41,george-kirby,George Kirby (SEA - SP),George Kirby,Kirby,SEA,SP,,11-8-0SV|3.47|1.07|8.41K9,61,George Kirby (SEA - SP),69.0,66.0,52.0,54.0,74.0,63.0,SP,George Kirby (SEA - SP),2.0,https://images.fantasypros.com/images/players/mlb/20405/headshot/70x70.png,George Kirby (SP - SEA),"George Kirby has a fascinating fantasy player profile insofar as the good is REALLY good, but it's not necessarily the thing you want a player to be the best at. Kirby led the league in walk percentage again (3.0), giving up a paltry 23 free passes in 191 innings. This makes your WHIP happy in the vast majority of outings. However, Kirby's strikeout percentage sits in the 50th percentile at 23% and has not improved in his three years in the league. His ERA (3.53) was nothing special, but he did provide 20 quality starts. Essentially, Kirby's value depends on your league and if he's serving as your SP1 or SP2. He is a ratio protector, but you're going to need a strikeout artist elsewhere.",George Kirby (SEA - SP),George Kirby,Kirby,SEA,SP,,"11-8-0SV|3.47|1.07|8.41K9
George Kirby has a fascinating fantasy player profile insofar as the good is REALLY good, but it's not necessarily the thing you want a player to be the best at. Kirby led the league in walk percentage again (3.0), giving up a paltry 23 free passes in 191 innings. This makes your WHIP happy in the vast majority of outings. However, Kirby's strikeout percentage sits in the 50th percentile at 23% and has not improved in his three years in the league. His ERA (3.53) was nothing special, but he did provide 20 quality starts. Essentially, Kirby's value depends on your league and if he's serving as your SP1 or SP2. He is a ratio protector, but you're going to need a strikeout artist elsewhere.",83.0
60,,,8,,,,,47,,,,,,,349,99%,99%,99%,P,https://www.fantasypros.com/mlb/players/josh-hader.php,67.9,96.0,5.0,33.0,3.15,1.08,24.0,27.0,67.0,0.0,3.0,0.0,12.72,josh-hader,Josh Hader (HOU - RP),Josh Hader,Hader,HOU,RP,,5-3-33SV|3.15|1.08|12.72K9,62,Josh Hader (HOU - RP),52.0,61.0,62.0,50.0,97.0,64.0,RP,Josh Hader (HOU - RP),2.0,https://images.fantasypros.com/images/players/mlb/5047/headshot/70x70.png,Josh Hader (RP - HOU),"Josh Hader signed his deal with Houston in the offseason and then went out and showed why he'd earned it. The 30-year-old appeared in 71 games, pitching exactly 71 innings and securing 34 saves while blowing only four. He struck out 105 batters and ended with a 3.80 ERA and 0.96 WHIP. He still had a walk rate of 9%, but this was a vast improvement compared to his 13% rate in 2023. He maintains a superb K% (37.8), and batters still only hit .173 against him. The Astros are perhaps not the juggernaut they once were, but they have a top 5 closer with the ability to save 35+ games. When the initial run of closers begins, Hader will be among them and worth a pick if you want to target relievers early.",Josh Hader (HOU - RP),Josh Hader,Hader,HOU,RP,,"5-3-33SV|3.15|1.08|12.72K9
Josh Hader signed his deal with Houston in the offseason and then went out and showed why he'd earned it. The 30-year-old appeared in 71 games, pitching exactly 71 innings and securing 34 saves while blowing only four. He struck out 105 batters and ended with a 3.80 ERA and 0.96 WHIP. He still had a walk rate of 9%, but this was a vast improvement compared to his 13% rate in 2023. He maintains a superb K% (37.8), and batters still only hit .173 against him. The Astros are perhaps not the juggernaut they once were, but they have a top 5 closer with the ability to save 35+ games. When the initial run of closers begins, Hader will be among them and worth a pick if you want to target relievers early.",72.0
61,,,25,,,,,155,,,,,,,360,98%,99%,97%,P,https://www.fantasypros.com/mlb/players/shota-imanaga.php,171.4,170.0,11.0,0.0,3.64,1.12,69.0,37.0,29.0,29.0,8.0,1.0,8.93,shota-imanaga,Shota Imanaga (CHC - SP),Shota Imanaga,Imanaga,CHC,SP,,11-8-0SV|3.64|1.12|8.93K9,63,Shota Imanaga (CHC - SP),72.0,62.0,63.0,73.0,58.0,66.0,SP,Shota Imanaga (CHC - SP),3.0,https://images.fantasypros.com/images/players/mlb/6979/headshot/70x70.png,Shota Imanaga (SP - CHC),"Shota Imanaga arrived at MLB and upstaged his fellow countryman, Yoshinobu Yamamoto, mostly by staying healthy. Imanaga started 29 games for the Cubs, pitching 173 1/3 innings and racking up 174 strikeouts while maintaining a 2.91 ERA and 1.02 WHIP. He also kicked in a 15-3 record to boost his fantasy impact. His 25.1% strikeout rate and microscopic 4.0% walk rate furthered his case as Chicago's ace. The biggest red flag for Imanaga this season is that his 2.91 ERA was a mirage, thanks to an unsustainable 80.2% LOB percentage. His xERA was 3.46, and that should be closer to the expectation going forward. Imanaga is a high-end SP2 on draft day.",Shota Imanaga (CHC - SP),Shota Imanaga,Imanaga,CHC,SP,,"11-8-0SV|3.64|1.12|8.93K9
Shota Imanaga arrived at MLB and upstaged his fellow countryman, Yoshinobu Yamamoto, mostly by staying healthy. Imanaga started 29 games for the Cubs, pitching 173 1/3 innings and racking up 174 strikeouts while maintaining a 2.91 ERA and 1.02 WHIP. He also kicked in a 15-3 record to boost his fantasy impact. His 25.1% strikeout rate and microscopic 4.0% walk rate furthered his case as Chicago's ace. The biggest red flag for Imanaga this season is that his 2.91 ERA was a mirage, thanks to an unsustainable 80.2% LOB percentage. His xERA was 3.46, and that should be closer to the expectation going forward. Imanaga is a high-end SP2 on draft day.",61.0
62,,,24,,,,,173,,,,,,,396,99%,99%,99%,P,https://www.fantasypros.com/mlb/players/pablo-lopez.php,189.8,199.0,12.0,0.0,3.7,1.16,78.0,47.0,31.0,31.0,10.0,0.0,9.44,pablo-lopez,Pablo Lopez (MIN - SP),Pablo Lopez,Lopez,MIN,SP,,12-10-0SV|3.70|1.16|9.44K9,64,Pablo Lopez (MIN - SP),70.0,65.0,73.0,69.0,53.0,66.0,SP,Pablo Lopez (MIN - SP),2.0,https://images.fantasypros.com/images/players/mlb/7289/headshot/70x70.png,Pablo Lopez (SP - MIN),"For much of 2024, Pablo Lopez struggled while his underlying metrics all suggested he was getting snakebit left and right. He pitched 185 1/3 innings, striking out 198 batters on his way to a 4.08 ERA and 1.19 WHIP. His xERA, though, was 3.67. While this isn't an ace-like number, it is perfectly in line with the two years before. Fantasy managers can count on Lopez to take the ball every fifth day, as he's started exactly 32 games since 2022. He set a career-high in wins at 15, though that can't be counted on in 2025. Basically, Lopez is who you want as your SP2 or SP3, and you can wait to get him til the sixth round or so.",Pablo Lopez (MIN - SP),Pablo Lopez,Lopez,MIN,SP,,"12-10-0SV|3.70|1.16|9.44K9
For much of 2024, Pablo Lopez struggled while his underlying metrics all suggested he was getting snakebit left and right. He pitched 185 1/3 innings, striking out 198 batters on his way to a 4.08 ERA and 1.19 WHIP. His xERA, though, was 3.67. While this isn't an ace-like number, it is perfectly in line with the two years before. Fantasy managers can count on Lopez to take the ball every fifth day, as he's started exactly 32 games since 2022. He set a career-high in wins at 15, though that can't be counted on in 2025. Basically, Lopez is who you want as your SP2 or SP3, and you can wait to get him til the sixth round or so.",25.0
63,589.0,89.0,22,73.0,11.0,0.249,0.316,147,28.0,3.0,58.0,103.0,0.422,0.738,375,99%,99%,100%,H,https://www.fantasypros.com/mlb/players/marcus-semien.php,,,,,,,,,,,,,,marcus-semien,Marcus Semien (TEX - 2B),Marcus Semien,Semien,TEX,2B,,.249|89R|22HR|73RBI|11SB,65,Marcus Semien (TEX - 2B),66.0,59.0,74.0,82.0,51.0,66.0,2B,Marcus Semien (TEX - 2B),1.0,https://images.fantasypros.com/images/players/mlb/4544/headshot/70x70.png,Marcus Semien (2B - TEX),"The always-reliable Marcus Semien proved to be otherwise in 2024. He still played in 159 games and crossed 700 plate appearances, but the results were less than ideal. He hit 23 home runs and scored 101 runs, but he only knocked in 74 and stole only eight bases, the first time he failed to reach double digits since 2014. Some of Semien's issues came from an abnormally low BABIP of .250 (career of .283). This tanked his slash line to .237/.308/.391, but his underlying stats don't suggest any vast dropoff in performance. However, as he enters his age-34 season, there is always the potential for decline, and he should drop some in drafts as a result.",Marcus Semien (TEX - 2B),Marcus Semien,Semien,TEX,2B,,".249|89R|22HR|73RBI|11SB
The always-reliable Marcus Semien proved to be otherwise in 2024. He still played in 159 games and crossed 700 plate appearances, but the results were less than ideal. He hit 23 home runs and scored 101 runs, but he only knocked in 74 and stole only eight bases, the first time he failed to reach double digits since 2014. Some of Semien's issues came from an abnormally low BABIP of .250 (career of .283). This tanked his slash line to .237/.308/.391, but his underlying stats don't suggest any vast dropoff in performance. However, as he enters his age-34 season, there is always the potential for decline, and he should drop some in drafts as a result.",45.0
64,541.0,73.0,22,89.0,7.0,0.264,0.327,143,30.0,1.0,51.0,94.0,0.443,0.77,374,97%,99%,96%,H,https://www.fantasypros.com/mlb/players/josh-naylor.php,,,,,,,,,,,,,,josh-naylor,Josh Naylor (ARI - 1B),Josh Naylor,Naylor,ARI,1B,,.264|73R|22HR|89RBI|7SB,66,Josh Naylor (ARI - 1B),65.0,63.0,70.0,90.0,65.0,71.0,1B,Josh Naylor (ARI - 1B),5.0,https://images.fantasypros.com/images/players/mlb/6054/headshot/70x70.png,Josh Naylor (1B - ARI),"Josh Naylor rewarded fantasy managers who drafted him in 2024. He played 152 games for the Guardians, hitting 31 homers with 108 RBIs and scoring 84 runs. Batting behind Steven Kwan and Jose Ramirez definitely has its perks. Naylor is now in Arizona to be the slugging first baseman in the order behind Corbin Carroll and Ketel Marte. While 30 home runs might be too lofty of an expectation, Naylor should land in the 25/80/90 range in 2025, and he should see some improvement in his .249 batting average, which was suppressed due to an outlier BABIP of .246. He leads the second tier of first basemen that you can have for a cheaper cost in the middle rounds.",Josh Naylor (ARI - 1B),Josh Naylor,Naylor,ARI,1B,,".264|73R|22HR|89RBI|7SB
Josh Naylor rewarded fantasy managers who drafted him in 2024. He played 152 games for the Guardians, hitting 31 homers with 108 RBIs and scoring 84 runs. Batting behind Steven Kwan and Jose Ramirez definitely has its perks. Naylor is now in Arizona to be the slugging first baseman in the order behind Corbin Carroll and Ketel Marte. While 30 home runs might be too lofty of an expectation, Naylor should land in the 25/80/90 range in 2025, and he should see some improvement in his .249 batting average, which was suppressed due to an outlier BABIP of .246. He leads the second tier of first basemen that you can have for a cheaper cost in the middle rounds.",47.0
65,554.0,79.0,23,71.0,18.0,0.249,0.308,138,28.0,3.0,48.0,148.0,0.439,0.748,311,89%,96%,82%,H,https://www.fantasypros.com/mlb/players/lawrence-butler.php,,,,,,,,,,,,,,lawrence-butler,Lawrence Butler (ATH - OF),Lawrence Butler,Butler,ATH,OF,,.249|79R|23HR|71RBI|18SB,67,Lawrence Butler (ATH - OF),75.0,69.0,69.0,63.0,78.0,71.0,OF,Lawrence Butler (ATH - OF),4.0,https://images.fantasypros.com/images/players/mlb/45753/headshot/70x70.png,Lawrence Butler (RF - ATH),"Lawrence Butler made an impressive debut in 2024, showcasing his power-speed combination with 22 home runs and 18 stolen bases. Over 125 games, the 24-year-old contributed 57 RBIs, 63 runs, and a solid .262/.317/.490 slash line, performing in line with his expected stats. While the Athletics' ballpark changes add some uncertainty for hitters, the lineup still offers potential. Butler profiles as a strong mid-round pick with 20/20 upside, making him a reliable OF3 option for fantasy managers.",Lawrence Butler (ATH - OF),Lawrence Butler,Butler,ATH,OF,,".249|79R|23HR|71RBI|18SB
Lawrence Butler made an impressive debut in 2024, showcasing his power-speed combination with 22 home runs and 18 stolen bases. Over 125 games, the 24-year-old contributed 57 RBIs, 63 runs, and a solid .262/.317/.490 slash line, performing in line with his expected stats. While the Athletics' ballpark changes add some uncertainty for hitters, the lineup still offers potential. Butler profiles as a strong mid-round pick with 20/20 upside, making him a reliable OF3 option for fantasy managers.",126.0
66,575.0,80.0,25,83.0,13.0,0.243,0.319,139,31.0,1.0,64.0,156.0,0.432,0.751,333,95%,98%,92%,H,https://www.fantasypros.com/mlb/players/willy-adames.php,,,,,,,,,,,,,,willy-adames,Willy Adames (SF - SS),Willy Adames,Adames,SF,SS,,.243|80R|25HR|83RBI|13SB,68,Willy Adames (SF - SS),80.0,78.0,71.0,76.0,52.0,71.0,SS,Willy Adames (SF - SS),3.0,https://images.fantasypros.com/images/players/mlb/5988/headshot/70x70.png,Willy Adames (SS - SF),"Willy Adames made the most of his contract year in 2024. He appeared in 161 games and hit career highs in HR (32), RBIs (112), runs (93), and stolen bases (21). He parlayed that performance into a seven-year, $182 million contract with the San Francisco Giants. It also suggests a plethora of red flags heading into 2025. Moving from Milwaukee to San Francisco won't help a right-handed power hitter who strikes out at a fairly rapid clip. He does have a decent walk rate (10.8%), but his career OBP is still .322. Considering he had never stolen double-digit bases before last season, it would be a fool's errand to expect a repeat of that performance. Essentially, Adames is worth a starting shortstop spot on rosters but keep your projections closer to his 2023 than his 2024.",Willy Adames (SF - SS),Willy Adames,Adames,SF,SS,,".243|80R|25HR|83RBI|13SB
Willy Adames made the most of his contract year in 2024. He appeared in 161 games and hit career highs in HR (32), RBIs (112), runs (93), and stolen bases (21). He parlayed that performance into a seven-year, $182 million contract with the San Francisco Giants. It also suggests a plethora of red flags heading into 2025. Moving from Milwaukee to San Francisco won't help a right-handed power hitter who strikes out at a fairly rapid clip. He does have a decent walk rate (10.8%), but his career OBP is still .322. Considering he had never stolen double-digit bases before last season, it would be a fool's errand to expect a repeat of that performance. Essentially, Adames is worth a starting shortstop spot on rosters but keep your projections closer to his 2023 than his 2024.",95.0
67,574.0,81.0,33,96.0,2.0,0.243,0.309,139,30.0,1.0,55.0,133.0,0.476,0.785,372,99%,98%,99%,H,https://www.fantasypros.com/mlb/players/anthony-santander.php,,,,,,,,,,,,,,anthony-santander,"Anthony Santander (TOR - DH,OF)",Anthony Santander,Santander,TOR,"DH,OF",,.243|81R|33HR|96RBI|2SB,69,"Anthony Santander (TOR - DH,OF)",67.0,84.0,65.0,83.0,62.0,72.0,"DH,OF","Anthony Santander (TOR - DH,OF)",3.0,https://images.fantasypros.com/images/players/mlb/4903/headshot/70x70.png,"Anthony Santander (RF,DH - TOR)","Anthony Santander had an impressive 2024 season in his contract year, establishing career highs in games played (155), home runs (44), RBIs (102), and runs scored (91). His slash line of .235/.308/.506, combined with a notable reduction in his strikeout rate from 23.2% to 19.4%, highlighted his growth as a hitter. Now 30 years old, Santander heads to Canada on a deal with the Blue Jays and a questionable lineup around him, though Vladimir Guerrero Jr. will certainly provide RBI opportunities. Santander offers a rare combination of significant power and relatively low strikeout rates (career K% of 20.0), but questions remain about whether he can maintain his production after securing a long-term contract. While he's a reliable mid-round pick, early-round investment carries some risk, as regression could be on the horizon.","Anthony Santander (TOR - DH,OF)",Anthony Santander,Santander,TOR,"DH,OF",,".243|81R|33HR|96RBI|2SB
Anthony Santander had an impressive 2024 season in his contract year, establishing career highs in games played (155), home runs (44), RBIs (102), and runs scored (91). His slash line of .235/.308/.506, combined with a notable reduction in his strikeout rate from 23.2% to 19.4%, highlighted his growth as a hitter. Now 30 years old, Santander heads to Canada on a deal with the Blue Jays and a questionable lineup around him, though Vladimir Guerrero Jr. will certainly provide RBI opportunities. Santander offers a rare combination of significant power and relatively low strikeout rates (career K% of 20.0), but questions remain about whether he can maintain his production after securing a long-term contract. While he's a reliable mid-round pick, early-round investment carries some risk, as regression could be on the horizon.",50.0
68,,,6,,,,,45,,,,,,,359,99%,99%,98%,P,https://www.fantasypros.com/mlb/players/edwin-diaz.php,65.3,94.0,4.0,35.0,2.94,1.05,21.0,23.0,62.0,0.0,3.0,0.0,12.96,edwin-diaz,Edwin Diaz (NYM - RP),Edwin Diaz,Diaz,NYM,RP,,4-3-35SV|2.94|1.05|12.96K9,70,Edwin Diaz (NYM - RP),57.0,64.0,68.0,53.0,122.0,73.0,RP,Edwin Diaz (NYM - RP),3.0,https://images.fantasypros.com/images/players/mlb/5996/headshot/70x70.png,Edwin Diaz (RP - NYM),"Edwin Diaz returned from injury in 2024 and had a less statistically-dominant season than in 2022. He only had 20 saves and missed some time midseason due to an injury and a suspension. His 38.9% strikeout rate remained elite, though his walk rate bumped up to 9.3%. His ERA of 3.52 was inflated according to his xERA of 2.49, and a WHIP of 1.04 and his 84 strikeouts in 53 2/3 innings will play well on any fantasy team. Diaz should remain one of the first three or four relievers taken off the board in 2025.",Edwin Diaz (NYM - RP),Edwin Diaz,Diaz,NYM,RP,,"4-3-35SV|2.94|1.05|12.96K9
Edwin Diaz returned from injury in 2024 and had a less statistically-dominant season than in 2022. He only had 20 saves and missed some time midseason due to an injury and a suspension. His 38.9% strikeout rate remained elite, though his walk rate bumped up to 9.3%. His ERA of 3.52 was inflated according to his xERA of 2.49, and a WHIP of 1.04 and his 84 strikeouts in 53 2/3 innings will play well on any fantasy team. Diaz should remain one of the first three or four relievers taken off the board in 2025.",62.0
69,,,6,,,,,44,,,,,,,339,99%,99%,98%,P,https://www.fantasypros.com/mlb/players/mason-miller.php,67.0,98.0,3.0,29.0,2.72,1.0,20.0,23.0,62.0,0.0,3.0,0.0,13.16,mason-miller,Mason Miller (ATH - RP),Mason Miller,Miller,ATH,RP,,3-3-29SV|2.72|1.00|13.16K9,71,Mason Miller (ATH - RP),58.0,71.0,67.0,55.0,118.0,74.0,RP,Mason Miller (ATH - RP),3.0,https://images.fantasypros.com/images/players/mlb/45221/headshot/70x70.png,Mason Miller (RP - ATH),"If you're wondering which pitcher sits in the 100th percentile in the most Statcast categories, the answer is Mason Miller. He pitched 65 innings for the Athletics and struck out 104 batters. His ERA was 2.49, but his xERA was 1.76 (100th percentile). Here are the other categories in which he led the league: Opponents batted .150 against him. His fastball velocity is a scorching 100.9 mph. He had a 41.8% strikeout rate and a 40.1 whiff percentage. Basically, he was a pitching machine for a below-average team, which held his save count to 28. If he pitched for a better squad, he'd be the undisputed top closer. But as it stands, he is the god of ratio protection, and you'll be happy he is on your roster if you want to spend a high pick on a reliever.",Mason Miller (ATH - RP),Mason Miller,Miller,ATH,RP,,"3-3-29SV|2.72|1.00|13.16K9
If you're wondering which pitcher sits in the 100th percentile in the most Statcast categories, the answer is Mason Miller. He pitched 65 innings for the Athletics and struck out 104 batters. His ERA was 2.49, but his xERA was 1.76 (100th percentile). Here are the other categories in which he led the league: Opponents batted .150 against him. His fastball velocity is a scorching 100.9 mph. He had a 41.8% strikeout rate and a 40.1 whiff percentage. Basically, he was a pitching machine for a below-average team, which held his save count to 28. If he pitched for a better squad, he'd be the undisputed top closer. But as it stands, he is the god of ratio protection, and you'll be happy he is on your roster if you want to spend a high pick on a reliever.",82.0
70,567.0,77.0,21,68.0,27.0,0.248,0.299,140,24.0,5.0,41.0,176.0,0.422,0.72,276,73%,97%,49%,H,https://www.fantasypros.com/mlb/players/brenton-doyle.php,,,,,,,,,,,,,,brenton-doyle,Brenton Doyle (COL - OF),Brenton Doyle,Doyle,COL,OF,,.248|77R|21HR|68RBI|27SB,72,Brenton Doyle (COL - OF),82.0,85.0,66.0,70.0,69.0,74.0,OF,Brenton Doyle (COL - OF),2.0,https://images.fantasypros.com/images/players/mlb/45599/headshot/70x70.png,Brenton Doyle (CF - COL),"Brenton Doyle took a significant step forward in his second MLB season, showing noticeable improvements at the plate. He cut his strikeout rate from 35% to 25.4% while boosting his walk rate from 5.1% to 7.6%. He posted a solid .260 batting average, though his .317 on-base percentage left room for improvement. Doyle's primary fantasy appeal comes from his counting stats-he tallied 23 home runs and 30 stolen bases despite playing in a struggling Rockies lineup. With 82 runs scored and 72 RBIs, he delivered strong fantasy production. If he maintains similar numbers, Doyle profiles as a reliable OF3 with the upside to push into OF2 territory.",Brenton Doyle (COL - OF),Brenton Doyle,Doyle,COL,OF,,".248|77R|21HR|68RBI|27SB
Brenton Doyle took a significant step forward in his second MLB season, showing noticeable improvements at the plate. He cut his strikeout rate from 35% to 25.4% while boosting his walk rate from 5.1% to 7.6%. He posted a solid .260 batting average, though his .317 on-base percentage left room for improvement. Doyle's primary fantasy appeal comes from his counting stats-he tallied 23 home runs and 30 stolen bases despite playing in a struggling Rockies lineup. With 82 runs scored and 72 RBIs, he delivered strong fantasy production. If he maintains similar numbers, Doyle profiles as a reliable OF3 with the upside to push into OF2 territory.",201.0
71,537.0,77.0,29,88.0,5.0,0.24,0.315,129,26.0,1.0,59.0,140.0,0.458,0.774,335,94%,98%,90%,H,https://www.fantasypros.com/mlb/players/christian-walker.php,,,,,,,,,,,,,,christian-walker,Christian Walker (HOU - 1B),Christian Walker,Walker,HOU,1B,,.240|77R|29HR|88RBI|5SB,73,Christian Walker (HOU - 1B),71.0,68.0,75.0,91.0,67.0,74.0,1B,Christian Walker (HOU - 1B),1.0,https://images.fantasypros.com/images/players/mlb/4905/headshot/70x70.png,Christian Walker (1B - HOU),"Christian Walker has been chronically undervalued for most of his career. Over the past three years, he has been a model of consistency, though an oblique injury cut into his production in 2024. He was traded from Arizona to Houston in the offseason, where he will bat in the middle of the order and provide protection for Yordan Alvarez. While he is heading into his age-33 season, Walker should be the fifth first baseman off the board in most drafts and should provide similar production to the four above him at a much cheaper cost.",Christian Walker (HOU - 1B),Christian Walker,Walker,HOU,1B,,".240|77R|29HR|88RBI|5SB
Christian Walker has been chronically undervalued for most of his career. Over the past three years, he has been a model of consistency, though an oblique injury cut into his production in 2024. He was traded from Arizona to Houston in the offseason, where he will bat in the middle of the order and provide protection for Yordan Alvarez. While he is heading into his age-33 season, Walker should be the fifth first baseman off the board in most drafts and should provide similar production to the four above him at a much cheaper cost.",87.0
72,,,26,,,,,174,,,,,,,376,99%,99%,99%,P,https://www.fantasypros.com/mlb/players/aaron-nola.php,188.0,185.0,12.0,0.0,3.85,1.16,80.0,45.0,31.0,31.0,9.0,1.0,8.86,aaron-nola,Aaron Nola (PHI - SP),Aaron Nola,Nola,PHI,SP,,12-9-0SV|3.85|1.16|8.86K9,74,Aaron Nola (PHI - SP),73.0,81.0,81.0,88.0,61.0,77.0,SP,Aaron Nola (PHI - SP),3.0,https://images.fantasypros.com/images/players/mlb/5682/headshot/70x70.png,Aaron Nola (SP - PHI),"Aaron Nola had a mixed bag of stats in 2024. He continued his run of durability, starting 33 games, which was his sixth straight year of 30+ starts. After a supremely unlucky 2023, his ERA returned to his career average of 3.57. His 1.20 WHIP was a little higher than usual, and he failed to strike out 200 batters for the first time since 2017, ending at 197. Nola turns 32 this summer, and the only real blemish on his resume is that his K% has dropped each year for the past four, reaching 24% last season, which is in the 58th percentile. While his walk rate has gone up in the past two years, it remains at an acceptable 6.1%. Nola is a good SP2 option and falls into the ""boring but reliable"" category of fantasy pitchers.",Aaron Nola (PHI - SP),Aaron Nola,Nola,PHI,SP,,"12-9-0SV|3.85|1.16|8.86K9
Aaron Nola had a mixed bag of stats in 2024. He continued his run of durability, starting 33 games, which was his sixth straight year of 30+ starts. After a supremely unlucky 2023, his ERA returned to his career average of 3.57. His 1.20 WHIP was a little higher than usual, and he failed to strike out 200 batters for the first time since 2017, ending at 197. Nola turns 32 this summer, and the only real blemish on his resume is that his K% has dropped each year for the past four, reaching 24% last season, which is in the 58th percentile. While his walk rate has gone up in the past two years, it remains at an acceptable 6.1%. Nola is a good SP2 option and falls into the ""boring but reliable"" category of fantasy pitchers.",44.0
73,523.0,66.0,19,76.0,1.0,0.28,0.312,146,27.0,2.0,25.0,100.0,0.451,0.764,302,96%,95%,98%,H,https://www.fantasypros.com/mlb/players/yainer-diaz-c.php,,,,,,,,,,,,,,yainer-diaz-c,"Yainer Diaz (HOU - C,DH)",Yainer Diaz,Diaz,HOU,"C,DH",,.280|66R|19HR|76RBI|1SB,75,"Yainer Diaz (HOU - C,DH)",106.0,83.0,64.0,51.0,84.0,78.0,"1B,C,DH","Yainer Diaz (HOU - 1B,C,DH)",3.0,https://images.fantasypros.com/images/players/mlb/45200/headshot/70x70.png,"Yainer Diaz (C,DH - HOU)","Yainer Diaz became the Astros' starting catcher in 2024, which put a dent in his power numbers given the physical responsibilities of playing the position more regularly. In 148 games, he hit 16 homers with 84 RBI and 70 runs while slashing .299/.325/.441. For some, the catcher position in fantasy is about finding someone who isn't going to hurt you, and Diaz offers that, particularly in batting average. His xBA was the exact same as his actual, and he has a career average of .291. It's possible that the 26-year-old could cross the 20-homer mark in 2025, but you should draft him for his average and RBI potential.","Yainer Diaz (HOU - C,DH)",Yainer Diaz,Diaz,HOU,"C,DH",,".280|66R|19HR|76RBI|1SB
Yainer Diaz became the Astros' starting catcher in 2024, which put a dent in his power numbers given the physical responsibilities of playing the position more regularly. In 148 games, he hit 16 homers with 84 RBI and 70 runs while slashing .299/.325/.441. For some, the catcher position in fantasy is about finding someone who isn't going to hurt you, and Diaz offers that, particularly in batting average. His xBA was the exact same as his actual, and he has a career average of .291. It's possible that the 26-year-old could cross the 20-homer mark in 2025, but you should draft him for his average and RBI potential.",148.0
74,,,6,,,,,49,,,,,,,333,98%,99%,98%,P,https://www.fantasypros.com/mlb/players/ryan-helsley.php,65.6,80.0,4.0,34.0,2.97,1.12,22.0,25.0,63.0,0.0,3.0,0.0,10.98,ryan-helsley,Ryan Helsley (STL - RP),Ryan Helsley,Helsley,STL,RP,,4-3-34SV|2.97|1.12|10.98K9,76,Ryan Helsley (STL - RP),64.0,89.0,76.0,62.0,104.0,79.0,RP,Ryan Helsley (STL - RP),3.0,https://images.fantasypros.com/images/players/mlb/7481/headshot/70x70.png,Ryan Helsley (RP - STL),"Ryan Helsley delivered an exceptional fantasy season in 2024, leading Major League Baseball with 49 saves in 53 opportunities-a 92.5% conversion rate. Over 65 appearances, he posted a 7-4 record with a 2.04 ERA and 79 strikeouts across 66.1 innings. His performance earned him the National League Reliever of the Year award and a spot on the All-MLB First Team. Helsley's dominance is supported by advanced metrics, including a .206 batting average against and a 29.7% strikeout rate, both improvements over his career averages. His 8.6% walk rate, however, suggests room for improvement in command. Notably, his 0.41 home runs per nine innings indicate effective suppression of long balls.​ While it's challenging to predict a repeat of his MLB-leading save total, Helsley's elite skills and role as the Cardinals' closer make him a solid choice for fantasy managers seeking reliability in the saves category.",Ryan Helsley (STL - RP),Ryan Helsley,Helsley,STL,RP,,"4-3-34SV|2.97|1.12|10.98K9
Ryan Helsley delivered an exceptional fantasy season in 2024, leading Major League Baseball with 49 saves in 53 opportunities-a 92.5% conversion rate. Over 65 appearances, he posted a 7-4 record with a 2.04 ERA and 79 strikeouts across 66.1 innings. His performance earned him the National League Reliever of the Year award and a spot on the All-MLB First Team. Helsley's dominance is supported by advanced metrics, including a .206 batting average against and a 29.7% strikeout rate, both improvements over his career averages. His 8.6% walk rate, however, suggests room for improvement in command. Notably, his 0.41 home runs per nine innings indicate effective suppression of long balls.​ While it's challenging to predict a repeat of his MLB-leading save total, Helsley's elite skills and role as the Cardinals' closer make him a solid choice for fantasy managers seeking reliability in the saves category.",96.0
75,535.0,63.0,24,83.0,0.0,0.256,0.298,137,24.0,1.0,31.0,129.0,0.444,0.741,288,97%,99%,94%,H,https://www.fantasypros.com/mlb/players/salvador-perez.php,,,,,,,,,,,,,,salvador-perez,"Salvador Perez (KC - 1B,C,DH)",Salvador Perez,Perez,KC,"1B,C,DH",,.256|63R|24HR|83RBI|0SB,77,"Salvador Perez (KC - 1B,C,DH)",93.0,74.0,72.0,67.0,105.0,82.0,"1B,C,DH","Salvador Perez (KC - 1B,C,DH)",5.0,https://images.fantasypros.com/images/players/mlb/4147/headshot/70x70.png,"Salvador Perez (C,1B,DH - KC)","Salvador Perez continued to be a reliable fantasy player in 2024, delivering 27 home runs, 104 RBIs, and 58 runs scored over 158 games. His .271/.330/.456 slash line marked an improvement in on-base percentage compared to his career .303 OBP, thanks to a career-high 44 walks. Perez's power remains legitimate, with a 12.2% barrel rate and an average exit velocity of 91.1 mph, aligning with his career norms. Given his consistent power production and improved plate discipline, Perez remains a valuable option for fantasy managers seeking stability at the catcher position.​","Salvador Perez (KC - 1B,C,DH)",Salvador Perez,Perez,KC,"1B,C,DH",,".256|63R|24HR|83RBI|0SB
Salvador Perez continued to be a reliable fantasy player in 2024, delivering 27 home runs, 104 RBIs, and 58 runs scored over 158 games. His .271/.330/.456 slash line marked an improvement in on-base percentage compared to his career .303 OBP, thanks to a career-high 44 walks. Perez's power remains legitimate, with a 12.2% barrel rate and an average exit velocity of 91.1 mph, aligning with his career norms. Given his consistent power production and improved plate discipline, Perez remains a valuable option for fantasy managers seeking stability at the catcher position.​",175.0
76,,,24,,,,,151,,,,,,,349,94%,95%,92%,P,https://www.fantasypros.com/mlb/players/bryce-miller.php,173.4,165.0,11.0,0.0,3.74,1.13,72.0,45.0,30.0,30.0,9.0,0.0,8.56,bryce-miller,Bryce Miller (SEA - SP),Bryce Miller,Miller,SEA,SP,,11-9-0SV|3.74|1.13|8.56K9,78,Bryce Miller (SEA - SP),98.0,87.0,79.0,80.0,68.0,82.0,SP,Bryce Miller (SEA - SP),4.0,https://images.fantasypros.com/images/players/mlb/45184/headshot/70x70.png,Bryce Miller (SP - SEA),"Bryce Miller took another leap forward in 2024, lowering his ERA an entire point and a half down to 2.94. He made 18 quality starts and developed an impressive splitter that kept left-handed batters off-balance for the entire season. While the 18 QS only led to 12 wins, his independent stats suggest that Miller could take another jump in 2025. He has great value in the seventh round or so of 12-team drafts.",Bryce Miller (SEA - SP),Bryce Miller,Miller,SEA,SP,,"11-9-0SV|3.74|1.13|8.56K9
Bryce Miller took another leap forward in 2024, lowering his ERA an entire point and a half down to 2.94. He made 18 quality starts and developed an impressive splitter that kept left-handed batters off-balance for the entire season. While the 18 QS only led to 12 wins, his independent stats suggest that Miller could take another jump in 2025. He has great value in the seventh round or so of 12-team drafts.",73.0
77,511.0,70.0,20,72.0,9.0,0.257,0.309,131,29.0,4.0,38.0,127.0,0.446,0.755,293,85%,96%,73%,H,https://www.fantasypros.com/mlb/players/jordan-westburg.php,,,,,,,,,,,,,,jordan-westburg,"Jordan Westburg (BAL - 2B,3B)",Jordan Westburg,Westburg,BAL,"2B,3B",,.257|70R|20HR|72RBI|9SB,79,"Jordan Westburg (BAL - 2B,3B)",81.0,73.0,78.0,79.0,107.0,84.0,"2B,3B","Jordan Westburg (BAL - 2B,3B)",5.0,https://images.fantasypros.com/images/players/mlb/43831/headshot/70x70.png,"Jordan Westburg (2B,3B - BAL)","Jordan Westburg returned for his second season in Baltimore and played 107 games, hitting 18 home runs and slashing .264/.312/.481. With the Orioles bringing in the left field fence, Westburg's right-handed power should see a boost in 2025. This is encouraging for fantasy managers, as the 26-year-old hit .303 at home. Westburg will most likely play third base in 2025 unless Jackson Holliday fails to take the leap at second. Either way, with second base this year's version of a wasteland, Westburg holds plenty of value for fantasy managers.","Jordan Westburg (BAL - 2B,3B)",Jordan Westburg,Westburg,BAL,"2B,3B",,".257|70R|20HR|72RBI|9SB
Jordan Westburg returned for his second season in Baltimore and played 107 games, hitting 18 home runs and slashing .264/.312/.481. With the Orioles bringing in the left field fence, Westburg's right-handed power should see a boost in 2025. This is encouraging for fantasy managers, as the 26-year-old hit .303 at home. Westburg will most likely play third base in 2025 unless Jackson Holliday fails to take the leap at second. Either way, with second base this year's version of a wasteland, Westburg holds plenty of value for fantasy managers.",164.0
78,,,17,,,,,153,,,,,,,361,98%,97%,99%,P,https://www.fantasypros.com/mlb/players/max-fried.php,174.2,163.0,12.0,0.0,3.34,1.17,65.0,50.0,29.0,29.0,8.0,2.0,8.42,max-fried,Max Fried (NYY - SP),Max Fried,Fried,NYY,SP,,12-8-0SV|3.34|1.17|8.42K9,80,Max Fried (NYY - SP),83.0,77.0,77.0,99.0,82.0,84.0,SP,Max Fried (NYY - SP),4.0,https://images.fantasypros.com/images/players/mlb/4729/headshot/70x70.png,Max Fried (SP - NYY),"Max Fried delivered a solid fantasy performance in 2024, recording 11 wins against 10 losses over 29 starts, with a 3.25 ERA, 166 strikeouts, and a 1.16 WHIP across 174.1 innings. His underlying metrics support his effectiveness; he induced a 58.8% ground ball rate (leading the National League), held opponents to an average exit velocity of 86.3 mph (second-lowest in the NL), and allowed a hard-hit percentage of 26.1%. His Statcast data further reinforces his performance, with an average exit velocity of 86.3 mph, a hard-hit rate of 34.6%, and a barrel rate of 5%. He signed his eight-year, $218 million contract with the Yankees. While the ballpark is a bit of a downgrade, Fried's consistent performance and ability to induce weak contact make him a solid option for fantasy managers seeking reliability and upside in the 2025 season.",Max Fried (NYY - SP),Max Fried,Fried,NYY,SP,,"12-8-0SV|3.34|1.17|8.42K9
Max Fried delivered a solid fantasy performance in 2024, recording 11 wins against 10 losses over 29 starts, with a 3.25 ERA, 166 strikeouts, and a 1.16 WHIP across 174.1 innings. His underlying metrics support his effectiveness; he induced a 58.8% ground ball rate (leading the National League), held opponents to an average exit velocity of 86.3 mph (second-lowest in the NL), and allowed a hard-hit percentage of 26.1%. His Statcast data further reinforces his performance, with an average exit velocity of 86.3 mph, a hard-hit rate of 34.6%, and a barrel rate of 5%. He signed his eight-year, $218 million contract with the Yankees. While the ballpark is a bit of a downgrade, Fried's consistent performance and ability to induce weak contact make him a solid option for fantasy managers seeking reliability and upside in the 2025 season.",59.0
79,544.0,73.0,25,72.0,24.0,0.247,0.293,134,28.0,1.0,36.0,170.0,0.44,0.733,277,64%,94%,33%,H,https://www.fantasypros.com/mlb/players/luis-robert.php,,,,,,,,,,,,,,luis-robert,Luis Robert Jr. (CWS - OF),Luis Robert Jr.,Robert Jr.,CWS,OF,,.247|73R|25HR|72RBI|24SB,81,Luis Robert Jr. (CWS - OF),104.0,67.0,87.0,74.0,94.0,85.0,OF,Luis Robert Jr. (CWS - OF),4.0,https://images.fantasypros.com/images/players/mlb/6935/headshot/70x70.png,Luis Robert Jr. (CF - CWS),"Luis Robert's highly anticipated 2024 season quickly turned into a major disappointment. After a breakout 2023 campaign where he played 145 games and set career highs across the board, his production regressed significantly, resembling his 2022 struggles. Despite appearing in 100 games, his home run total plummeted from 38 to just 14, and while he swiped 23 bases, it wasn't nearly enough to compensate for his dreadful .224/.278/.379 slash line. Even more concerning, his expected batting average (xBA) was an even lower .215. Playing on a historically bad White Sox team certainly didn't help, and with little lineup protection around him, there's little reason for optimism. Unless he comes at a significant draft discount, it's best to look elsewhere.",Luis Robert Jr. (CWS - OF),Luis Robert Jr.,Robert Jr.,CWS,OF,,".247|73R|25HR|72RBI|24SB
Luis Robert's highly anticipated 2024 season quickly turned into a major disappointment. After a breakout 2023 campaign where he played 145 games and set career highs across the board, his production regressed significantly, resembling his 2022 struggles. Despite appearing in 100 games, his home run total plummeted from 38 to just 14, and while he swiped 23 bases, it wasn't nearly enough to compensate for his dreadful .224/.278/.379 slash line. Even more concerning, his expected batting average (xBA) was an even lower .215. Playing on a historically bad White Sox team certainly didn't help, and with little lineup protection around him, there's little reason for optimism. Unless he comes at a significant draft discount, it's best to look elsewhere.",200.0
80,,,8,,,,,58,,,,,,,326,98%,99%,96%,P,https://www.fantasypros.com/mlb/players/raisel-iglesias.php,68.6,74.0,4.0,33.0,3.2,1.09,24.0,17.0,66.0,0.0,3.0,0.0,9.71,raisel-iglesias,Raisel Iglesias (ATL - RP),Raisel Iglesias,Iglesias,ATL,RP,,4-3-33SV|3.20|1.09|9.71K9,82,Raisel Iglesias (ATL - RP),62.0,82.0,80.0,68.0,135.0,85.0,RP,Raisel Iglesias (ATL - RP),3.0,https://images.fantasypros.com/images/players/mlb/5589/headshot/70x70.png,Raisel Iglesias (RP - ATL),"Raisel Iglesias had a fantastic 2024 season, saving 34 games, which tied his career high. He maintained a 1.95 ERA and 0.94 WHIP while striking out 68 batters in 69 1/3 innings. Iglesias isn't a strikeout artist in the ninth inning, but his 5% walk rate will easily protect fantasy ratios. He is entering his age-35 season, so there may be some age issues that start to rear their heads, but he has been consistent throughout his career. Iglesias is in the last year of his contract with Atlanta, which means he could possibly be traded out of a closer role if the Braves underperform, but he is still one of the top options on the board.",Raisel Iglesias (ATL - RP),Raisel Iglesias,Iglesias,ATL,RP,,"4-3-33SV|3.20|1.09|9.71K9
Raisel Iglesias had a fantastic 2024 season, saving 34 games, which tied his career high. He maintained a 1.95 ERA and 0.94 WHIP while striking out 68 batters in 69 1/3 innings. Iglesias isn't a strikeout artist in the ninth inning, but his 5% walk rate will easily protect fantasy ratios. He is entering his age-35 season, so there may be some age issues that start to rear their heads, but he has been consistent throughout his career. Iglesias is in the last year of his contract with Atlanta, which means he could possibly be traded out of a closer role if the Braves underperform, but he is still one of the top options on the board.",102.0
81,576.0,79.0,22,78.0,9.0,0.264,0.33,152,28.0,3.0,57.0,143.0,0.44,0.77,335,94%,96%,91%,H,https://www.fantasypros.com/mlb/players/bryan-reynolds.php,,,,,,,,,,,,,,bryan-reynolds,"Bryan Reynolds (PIT - DH,OF)",Bryan Reynolds,Reynolds,PIT,"DH,OF",,.264|79R|22HR|78RBI|9SB,83,"Bryan Reynolds (PIT - DH,OF)",91.0,80.0,92.0,87.0,77.0,85.0,"DH,OF","Bryan Reynolds (PIT - DH,OF)",2.0,https://images.fantasypros.com/images/players/mlb/6818/headshot/70x70.png,"Bryan Reynolds (LF,RF,DH - PIT)","Bryan Reynolds remains one of the most dependable options in fantasy baseball, delivering another steady season in 2024. He posted 24 home runs, 88 RBIs, 73 runs, and 10 steals while improving his batting average to .275 after hovering in the .260s the previous two years. Reynolds is the type of player who quietly excels-consistent, reliable, and unfazed by the ups and downs. At 29, he may not bring much flash, but for an OF3, reliability often outweighs excitement. Few players offer a steadier floor than Reynolds.","Bryan Reynolds (PIT - DH,OF)",Bryan Reynolds,Reynolds,PIT,"DH,OF",,".264|79R|22HR|78RBI|9SB
Bryan Reynolds remains one of the most dependable options in fantasy baseball, delivering another steady season in 2024. He posted 24 home runs, 88 RBIs, 73 runs, and 10 steals while improving his batting average to .275 after hovering in the .260s the previous two years. Reynolds is the type of player who quietly excels-consistent, reliable, and unfazed by the ups and downs. At 29, he may not bring much flash, but for an OF3, reliability often outweighs excitement. Few players offer a steadier floor than Reynolds.",88.0
82,525.0,73.0,21,76.0,12.0,0.253,0.313,133,26.0,2.0,46.0,103.0,0.433,0.746,333,96%,98%,95%,H,https://www.fantasypros.com/mlb/players/cody-bellinger.php,,,,,,,,,,,,,,cody-bellinger,"Cody Bellinger (NYY - 1B,DH,OF)",Cody Bellinger,Bellinger,NYY,"1B,DH,OF",,.253|73R|21HR|76RBI|12SB,84,"Cody Bellinger (NYY - 1B,DH,OF)",74.0,72.0,83.0,97.0,108.0,87.0,"1B,DH,OF","Cody Bellinger (NYY - 1B,DH,OF)",3.0,https://images.fantasypros.com/images/players/mlb/6045/headshot/70x70.png,"Cody Bellinger (1B,CF,RF,DH - NYY)","Cody Bellinger experienced the expected regression in 2024 following his stellar 2023 campaign. The 29-year-old outfielder finished with 18 home runs, 78 RBIs, 72 runs scored, and nine stolen bases while slashing .266/.325/.426. Injuries limited him to 130 games, impacting his overall production. Despite the dip in numbers, he opted into his player option to stay with the Cubs and was promptly traded to the Yankees, which could offer a boost to his home run total. The biggest concern is whether he reverts to his 2021-2022 form, when he struggled significantly. Viewing him as an OF3/OF4 in fantasy drafts is reasonable, but there's still the risk that he falls below replacement level.","Cody Bellinger (NYY - 1B,DH,OF)",Cody Bellinger,Bellinger,NYY,"1B,DH,OF",,".253|73R|21HR|76RBI|12SB
Cody Bellinger experienced the expected regression in 2024 following his stellar 2023 campaign. The 29-year-old outfielder finished with 18 home runs, 78 RBIs, 72 runs scored, and nine stolen bases while slashing .266/.325/.426. Injuries limited him to 130 games, impacting his overall production. Despite the dip in numbers, he opted into his player option to stay with the Cubs and was promptly traded to the Yankees, which could offer a boost to his home run total. The biggest concern is whether he reverts to his 2021-2022 form, when he struggled significantly. Viewing him as an OF3/OF4 in fantasy drafts is reasonable, but there's still the risk that he falls below replacement level.",97.0
83,,,16,,,,,107,,,,,,,348,97%,99%,94%,P,https://www.fantasypros.com/mlb/players/tyler-glasnow.php,138.7,171.0,10.0,0.0,3.28,1.06,51.0,40.0,24.0,24.0,5.0,0.0,11.1,tyler-glasnow,Tyler Glasnow (LAD - SP),Tyler Glasnow,Glasnow,LAD,SP,,10-5-0SV|3.28|1.06|11.10K9,85,Tyler Glasnow (LAD - SP),77.0,75.0,90.0,103.0,89.0,87.0,SP,Tyler Glasnow (LAD - SP),2.0,https://images.fantasypros.com/images/players/mlb/4587/headshot/70x70.png,Tyler Glasnow (SP - LAD),"Tyler Glasnow delivered a strong performance in 2024, his first season with the Los Angeles Dodgers, achieving career highs in starts (22), innings pitched (134), and strikeouts (168). He posted a 9-6 record with a 3.49 ERA and an impressive 0.95 WHIP. Notably, Glasnow's strikeout rate of 11.3 K/9 and walk rate of 2.4 BB/9 underscore his dominant presence on the mound. His Statcast metrics further highlight his effectiveness, with opponents recording an average exit velocity of 89 mph and a hard-hit rate of 40.1%. However, durability remains a concern for Glasnow. He did not pitch after August 11 due to a strained elbow that prematurely ended his season. Despite these concerns, Glasnow's elite strikeout potential and ability to limit hard contact make him a valuable asset for fantasy managers, provided his health is closely monitored.​",Tyler Glasnow (LAD - SP),Tyler Glasnow,Glasnow,LAD,SP,,"10-5-0SV|3.28|1.06|11.10K9
Tyler Glasnow delivered a strong performance in 2024, his first season with the Los Angeles Dodgers, achieving career highs in starts (22), innings pitched (134), and strikeouts (168). He posted a 9-6 record with a 3.49 ERA and an impressive 0.95 WHIP. Notably, Glasnow's strikeout rate of 11.3 K/9 and walk rate of 2.4 BB/9 underscore his dominant presence on the mound. His Statcast metrics further highlight his effectiveness, with opponents recording an average exit velocity of 89 mph and a hard-hit rate of 40.1%. However, durability remains a concern for Glasnow. He did not pitch after August 11 due to a strained elbow that prematurely ended his season. Despite these concerns, Glasnow's elite strikeout potential and ability to limit hard contact make him a valuable asset for fantasy managers, provided his health is closely monitored.​",74.0
84,,,15,,,,,189,,,,,,,388,98%,99%,96%,P,https://www.fantasypros.com/mlb/players/logan-webb.php,198.3,168.0,13.0,0.0,3.39,1.18,75.0,44.0,31.0,31.0,9.0,1.0,7.62,logan-webb,Logan Webb (SF - SP),Logan Webb,Webb,SF,SP,,13-9-0SV|3.39|1.18|7.62K9,86,Logan Webb (SF - SP),78.0,88.0,96.0,101.0,72.0,87.0,SP,Logan Webb (SF - SP),1.0,https://images.fantasypros.com/images/players/mlb/8146/headshot/70x70.png,Logan Webb (SP - SF),"Logan Webb continued being MLB's Mr. GroundBall in 2024, boasting a 57.2% ground ball rate while throwing 204 2/3 innings. Webb's durability and compiled innings are his claim to fantasy relevancy, as his 20.5% strikeout rate requires volume to have a positive impact. Of note, his 3.41 ERA featured some luck with an xERA of 4.31, and his WHIP jumped to 1.23 from 1.07. He has double-digit wins in each of the last two years, which again is more of a product of his innings than anything else. Webb offers solid SP3 numbers, but it is prudent not to expect more than he has been since 2022.",Logan Webb (SF - SP),Logan Webb,Webb,SF,SP,,"13-9-0SV|3.39|1.18|7.62K9
Logan Webb continued being MLB's Mr. GroundBall in 2024, boasting a 57.2% ground ball rate while throwing 204 2/3 innings. Webb's durability and compiled innings are his claim to fantasy relevancy, as his 20.5% strikeout rate requires volume to have a positive impact. Of note, his 3.41 ERA featured some luck with an xERA of 4.31, and his WHIP jumped to 1.23 from 1.07. He has double-digit wins in each of the last two years, which again is more of a product of his innings than anything else. Webb offers solid SP3 numbers, but it is prudent not to expect more than he has been since 2022.",32.0
85,557.0,73.0,29,87.0,1.0,0.243,0.302,135,25.0,1.0,48.0,179.0,0.449,0.752,280,68%,96%,40%,H,https://www.fantasypros.com/mlb/players/mark-vientos.php,,,,,,,,,,,,,,mark-vientos,Mark Vientos (NYM - 3B),Mark Vientos,Vientos,NYM,3B,,.243|73R|29HR|87RBI|1SB,87,Mark Vientos (NYM - 3B),87.0,86.0,84.0,86.0,92.0,87.0,3B,Mark Vientos (NYM - 3B),0.0,https://images.fantasypros.com/images/players/mlb/6940/headshot/70x70.png,Mark Vientos (3B - NYM),"Mark Vientos did not start 2024 in New York, but by the time the season was over, he was in the big leagues and behind only Pete Alonso and Francisco Lindor in team home runs. Vientos played 111 games, smacking 27 home runs, driving in 71, and scoring 58 runs. He slashed an impressive .266/.322/.516 and is in the 92nd percentile in barrel percentage at 14.1. Vientos is going to strike out more than we'd like (29.7% K rate), and his xBA was only .246. However, he now gets to bat behind both Lindor and Juan Soto, which should lead to many more RBI opportunities. Don't expect any stolen bases, but the 25-year-old is a perfectly serviceable third baseman on fantasy rosters.",Mark Vientos (NYM - 3B),Mark Vientos,Vientos,NYM,3B,,".243|73R|29HR|87RBI|1SB
Mark Vientos did not start 2024 in New York, but by the time the season was over, he was in the big leagues and behind only Pete Alonso and Francisco Lindor in team home runs. Vientos played 111 games, smacking 27 home runs, driving in 71, and scoring 58 runs. He slashed an impressive .266/.322/.516 and is in the 92nd percentile in barrel percentage at 14.1. Vientos is going to strike out more than we'd like (29.7% K rate), and his xBA was only .246. However, he now gets to bat behind both Lindor and Juan Soto, which should lead to many more RBI opportunities. Don't expect any stolen bases, but the 25-year-old is a perfectly serviceable third baseman on fantasy rosters.",189.0
86,489.0,73.0,20,70.0,12.0,0.264,0.342,129,25.0,3.0,58.0,140.0,0.452,0.794,295,92%,95%,89%,H,https://www.fantasypros.com/mlb/players/seiya-suzuki.php,,,,,,,,,,,,,,seiya-suzuki,"Seiya Suzuki (CHC - DH,OF)",Seiya Suzuki,Suzuki,CHC,"DH,OF",,.264|73R|20HR|70RBI|12SB,88,"Seiya Suzuki (CHC - DH,OF)",109.0,94.0,88.0,77.0,73.0,88.0,"DH,OF","Seiya Suzuki (CHC - DH,OF)",0.0,https://images.fantasypros.com/images/players/mlb/6973/headshot/70x70.png,"Seiya Suzuki (RF,DH - CHC)","Seiya Suzuki battled injuries in 2024, which disrupted an otherwise strong season. The 30-year-old outfielder posted 21 home runs, 74 runs scored, 73 RBIs, and 16 stolen bases while delivering a valuable .283/.366/.482 slash line for fantasy managers. One concern is a rise in strikeout rate from 22.3% to 27.4%, but his HardHit% and wOBA continued to improve for a third straight year. Given his consistent production, Suzuki remains a solid mid-round target as an OF3 in fantasy drafts.","Seiya Suzuki (CHC - DH,OF)",Seiya Suzuki,Suzuki,CHC,"DH,OF",,".264|73R|20HR|70RBI|12SB
Seiya Suzuki battled injuries in 2024, which disrupted an otherwise strong season. The 30-year-old outfielder posted 21 home runs, 74 runs scored, 73 RBIs, and 16 stolen bases while delivering a valuable .283/.366/.482 slash line for fantasy managers. One concern is a rise in strikeout rate from 22.3% to 27.4%, but his HardHit% and wOBA continued to improve for a third straight year. Given his consistent production, Suzuki remains a solid mid-round target as an OF3 in fantasy drafts.",161.0
87,509.0,68.0,29,83.0,3.0,0.223,0.302,113,22.0,1.0,58.0,157.0,0.447,0.749,280,95%,98%,93%,H,https://www.fantasypros.com/mlb/players/caleb-raleigh.php,,,,,,,,,,,,,,caleb-raleigh,Cal Raleigh (SEA - C),Cal Raleigh,Raleigh,SEA,C,,.223|68R|29HR|83RBI|3SB,89,Cal Raleigh (SEA - C),108.0,105.0,82.0,72.0,76.0,89.0,C,Cal Raleigh (SEA - C),0.0,https://images.fantasypros.com/images/players/mlb/8457/headshot/70x70.png,Cal Raleigh (C - SEA),"Cal Raleigh holds down most of the power at the catcher position on his own. He hit 34 home runs last season and has 91 over the past three years, far and away the most among backstops. He is a batting average liability (.220), and his .312 OBP leaves much to be desired. However, he collected 100 RBI, scored 73 runs, and even stole six bases. If you can find a way to offset his ratios, Raleigh offers plenty of upside in 2025 at the most difficult position to fill.",Cal Raleigh (SEA - C),Cal Raleigh,Raleigh,SEA,C,,".223|68R|29HR|83RBI|3SB
Cal Raleigh holds down most of the power at the catcher position on his own. He hit 34 home runs last season and has 91 over the past three years, far and away the most among backstops. He is a batting average liability (.220), and his .312 OBP leaves much to be desired. However, he collected 100 RBI, scored 73 runs, and even stole six bases. If you can find a way to offset his ratios, Raleigh offers plenty of upside in 2025 at the most difficult position to fill.",190.0
88,,,26,,,,,151,,,,,,,350,95%,97%,93%,P,https://www.fantasypros.com/mlb/players/bailey-ober.php,171.1,176.0,11.0,0.0,3.92,1.12,75.0,42.0,29.0,29.0,9.0,1.0,9.26,bailey-ober,Bailey Ober (MIN - SP),Bailey Ober,Ober,MIN,SP,,11-9-0SV|3.92|1.12|9.26K9,90,Bailey Ober (MIN - SP),97.0,101.0,94.0,85.0,71.0,90.0,SP,Bailey Ober (MIN - SP),0.0,https://images.fantasypros.com/images/players/mlb/44064/headshot/70x70.png,Bailey Ober (SP - MIN),"Bailey Ober delivered a solid performance for the Twins in 2024, posting a 12-9 record with a 3.98 ERA over 178.2 innings pitched. He tallied 191 strikeouts against just 43 walks resulted in a 1.00 WHIP, which was a career best. Ober's advanced metrics further underscore his improvement; he maintained an average exit velocity of 87.5 mph and a hard-hit rate of 34.3%, both improvements over previous seasons. Notably, his expected weighted on-base average (xwOBA) stood at .279, indicating that his actual performance aligns closely with underlying metrics. While his 8.3% barrel rate suggests occasional susceptibility to hard contact, Ober's consistent ability to limit baserunners and generate strikeouts positions him as a solid SP3 in 2025.",Bailey Ober (MIN - SP),Bailey Ober,Ober,MIN,SP,,"11-9-0SV|3.92|1.12|9.26K9
Bailey Ober delivered a solid performance for the Twins in 2024, posting a 12-9 record with a 3.98 ERA over 178.2 innings pitched. He tallied 191 strikeouts against just 43 walks resulted in a 1.00 WHIP, which was a career best. Ober's advanced metrics further underscore his improvement; he maintained an average exit velocity of 87.5 mph and a hard-hit rate of 34.3%, both improvements over previous seasons. Notably, his expected weighted on-base average (xwOBA) stood at .279, indicating that his actual performance aligns closely with underlying metrics. While his 8.3% barrel rate suggests occasional susceptibility to hard contact, Ober's consistent ability to limit baserunners and generate strikeouts positions him as a solid SP3 in 2025.",71.0
89,532.0,69.0,24,79.0,5.0,0.263,0.309,140,23.0,2.0,36.0,122.0,0.453,0.762,307,89%,95%,84%,H,https://www.fantasypros.com/mlb/players/junior-caminero.php,,,,,,,,,,,,,,junior-caminero,Junior Caminero (TB - 3B),Junior Caminero,Caminero,TB,3B,,.263|69R|24HR|79RBI|5SB,91,Junior Caminero (TB - 3B),86.0,91.0,93.0,78.0,111.0,92.0,3B,Junior Caminero (TB - 3B),1.0,https://images.fantasypros.com/images/players/mlb/45016/headshot/70x70.png,Junior Caminero (3B - TB),"​Junior Caminero arrived late in the season with the Tampa Bay Rays and recorded a .248 batting average, six home runs, 18 RBIs, and two stolen bases over 43 games. His .299 on-base percentage and .424 slugging percentage resulted in a .723 OPS, aligning closely with his expected metrics (.301 xwOBA). Caminero's power potential is evident, boasting an 11.8% barrel rate and an average exit velocity of 89.7 mph. His 22.5% strikeout rate is reasonable for a young power hitter, though his 6.9% walk rate suggests room for improvement in plate discipline. At just 21 years old, Caminero's combination of power and developing contact skills positions him as an exciting prospect for 2025 fantasy rosters.​",Junior Caminero (TB - 3B),Junior Caminero,Caminero,TB,3B,,".263|69R|24HR|79RBI|5SB
​Junior Caminero arrived late in the season with the Tampa Bay Rays and recorded a .248 batting average, six home runs, 18 RBIs, and two stolen bases over 43 games. His .299 on-base percentage and .424 slugging percentage resulted in a .723 OPS, aligning closely with his expected metrics (.301 xwOBA). Caminero's power potential is evident, boasting an 11.8% barrel rate and an average exit velocity of 89.7 mph. His 22.5% strikeout rate is reasonable for a young power hitter, though his 6.9% walk rate suggests room for improvement in plate discipline. At just 21 years old, Caminero's combination of power and developing contact skills positions him as an exciting prospect for 2025 fantasy rosters.​",133.0
90,,,20,,,,,150,,,,,,,334,91%,97%,86%,P,https://www.fantasypros.com/mlb/players/spencer-schwellenbach.php,163.8,157.0,12.0,0.0,3.66,1.15,67.0,38.0,29.0,29.0,8.0,0.0,8.63,spencer-schwellenbach,Spencer Schwellenbach (ATL - SP),Spencer Schwellenbach,Schwellenbach,ATL,SP,,12-8-0SV|3.66|1.15|8.63K9,92,Spencer Schwellenbach (ATL - SP),89.0,97.0,91.0,92.0,90.0,92.0,SP,Spencer Schwellenbach (ATL - SP),0.0,https://images.fantasypros.com/images/players/mlb/missing/headshot/70x70.png,Spencer Schwellenbach (SP - ATL),"Spencer Schwellenbach jumped from A+ and Double-A ball directly to the majors and made an impact for Atlanta almost immediately. He started 21 games for the Braves, pitching 123 2/3 innings and striking out 127 batters. He ended the year with a 3.35 ERA and 1.04 WHIP. He offers a full six-pitch arsenal and sat in the 96th percentile in chase rate (34.2%) and the 95th percentile in walk rate (4.6%). That combo is going to serve fantasy managers well heading into 2025. After missing the entire 2022 season due to Tommy John surgery, Schwellenbach may be somewhat overlooked on draft day, but he has the potential to be a top sleeper in 2025.",Spencer Schwellenbach (ATL - SP),Spencer Schwellenbach,Schwellenbach,ATL,SP,,"12-8-0SV|3.66|1.15|8.63K9
Spencer Schwellenbach jumped from A+ and Double-A ball directly to the majors and made an impact for Atlanta almost immediately. He started 21 games for the Braves, pitching 123 2/3 innings and striking out 127 batters. He ended the year with a 3.35 ERA and 1.04 WHIP. He offers a full six-pitch arsenal and sat in the 96th percentile in chase rate (34.2%) and the 95th percentile in walk rate (4.6%). That combo is going to serve fantasy managers well heading into 2025. After missing the entire 2022 season due to Tommy John surgery, Schwellenbach may be somewhat overlooked on draft day, but he has the potential to be a top sleeper in 2025.",91.0
91,,,22,,,,,131,,,,,,,355,93%,95%,91%,P,https://www.fantasypros.com/mlb/players/hunter-greene.php,164.0,189.0,10.0,0.0,3.83,1.16,70.0,59.0,28.0,28.0,8.0,0.0,10.37,hunter-greene,Hunter Greene (CIN - SP),Hunter Greene,Greene,CIN,SP,,10-8-0SV|3.83|1.16|10.37K9,93,Hunter Greene (CIN - SP),110.0,96.0,86.0,98.0,70.0,92.0,SP,Hunter Greene (CIN - SP),-1.0,https://images.fantasypros.com/images/players/mlb/6871/headshot/70x70.png,Hunter Greene (SP - CIN),"Hunter Greene delivered an impressive 2024 season, posting a 9-5 record with a 2.75 ERA over 26 starts, totaling 150 1/3 innings pitched. He struck out 169 batters, demonstrating his dominance on the mound. He maintained a WHIP of 1.02. While his career ERA stands at 3.90, his 2024 performance suggests a positive trend. Fantasy managers should monitor Greene's health, as he was placed on the injured list in August 2024 due to right elbow soreness. Assuming he remains healthy, Greene's high strikeout potential and improving control make him a solid SP3 with SP2 upside for the upcoming season.",Hunter Greene (CIN - SP),Hunter Greene,Greene,CIN,SP,,"10-8-0SV|3.83|1.16|10.37K9
Hunter Greene delivered an impressive 2024 season, posting a 9-5 record with a 2.75 ERA over 26 starts, totaling 150 1/3 innings pitched. He struck out 169 batters, demonstrating his dominance on the mound. He maintained a WHIP of 1.02. While his career ERA stands at 3.90, his 2024 performance suggests a positive trend. Fantasy managers should monitor Greene's health, as he was placed on the injured list in August 2024 due to right elbow soreness. Assuming he remains healthy, Greene's high strikeout potential and improving control make him a solid SP3 with SP2 upside for the upcoming season.",65.0
92,,,23,,,,,160,,,,,,,374,98%,98%,98%,P,https://www.fantasypros.com/mlb/players/luis-castillo.php,181.9,184.0,12.0,0.0,3.65,1.16,74.0,52.0,31.0,31.0,10.0,0.0,9.1,luis-castillo,Luis Castillo (SEA - SP),Luis Castillo,Castillo,SEA,SP,,12-10-0SV|3.65|1.16|9.10K9,94,Luis Castillo (SEA - SP),94.0,90.0,105.0,96.0,75.0,92.0,SP,Luis Castillo (SEA - SP),-2.0,https://images.fantasypros.com/images/players/mlb/3679/headshot/70x70.png,Luis Castillo (SP - SEA),"Luis Castillo is trending the wrong way. Now 32, the righty saw his ERA and WHIP climb for the third straight season, and his 24.3% strikeout rate was the lowest since his last full season in Cincinnati. Castillo stopped throwing his changeup with as much efficacy as he has throughout his career, and he suffered a 41.9% hard-hit percentage while giving up 25 home runs. Seattle's offense does not offer much in the way of run support, so the win equity also isn't there. Red flags abound for Castillo; plenty of pitchers being drafted around him are much safer options.",Luis Castillo (SEA - SP),Luis Castillo,Castillo,SEA,SP,,"12-10-0SV|3.65|1.16|9.10K9
Luis Castillo is trending the wrong way. Now 32, the righty saw his ERA and WHIP climb for the third straight season, and his 24.3% strikeout rate was the lowest since his last full season in Cincinnati. Castillo stopped throwing his changeup with as much efficacy as he has throughout his career, and he suffered a 41.9% hard-hit percentage while giving up 25 home runs. Seattle's offense does not offer much in the way of run support, so the win equity also isn't there. Red flags abound for Castillo; plenty of pitchers being drafted around him are much safer options.",48.0
93,418.0,70.0,28,72.0,7.0,0.257,0.346,107,19.0,3.0,57.0,128.0,0.52,0.865,298,93%,96%,90%,H,https://www.fantasypros.com/mlb/players/mike-trout.php,,,,,,,,,,,,,,mike-trout,Mike Trout (LAA - OF),Mike Trout,Trout,LAA,OF,,.257|70R|28HR|72RBI|7SB,95,Mike Trout (LAA - OF),92.0,76.0,89.0,114.0,91.0,92.0,OF,Mike Trout (LAA - OF),-3.0,https://images.fantasypros.com/images/players/mlb/3785/headshot/70x70.png,Mike Trout (CF - LAA),"Mike Trout has firmly landed in the ""What if?"" category for both fantasy and real-life baseball. He started the 2024 season looking like his old self, tearing through the first 29 games with 10 home runs and six stolen bases. Then, just like that, his season ended due to a knee injury, leaving fantasy managers who took a mid-round chance on him wondering what could have been. Now, he carries nearly every durability concern possible heading into 2025. Before drafting him, consider that he hasn't reached 500 plate appearances in a season since 2019. While his production when healthy remains elite, in head-to-head leagues, missing significant time can sink your chances. The move to RF should help him stay healthy, but that's a heavy dice to roll. There's still a point where he becomes worth the gamble, but for the first time in his career, that might not come until the double-digit rounds.",Mike Trout (LAA - OF),Mike Trout,Trout,LAA,OF,,".257|70R|28HR|72RBI|7SB
Mike Trout has firmly landed in the ""What if?"" category for both fantasy and real-life baseball. He started the 2024 season looking like his old self, tearing through the first 29 games with 10 home runs and six stolen bases. Then, just like that, his season ended due to a knee injury, leaving fantasy managers who took a mid-round chance on him wondering what could have been. Now, he carries nearly every durability concern possible heading into 2025. Before drafting him, consider that he hasn't reached 500 plate appearances in a season since 2019. While his production when healthy remains elite, in head-to-head leagues, missing significant time can sink your chances. The move to RF should help him stay healthy, but that's a heavy dice to roll. There's still a point where he becomes worth the gamble, but for the first time in his career, that might not come until the double-digit rounds.",155.0
94,493.0,74.0,21,70.0,18.0,0.252,0.326,124,27.0,3.0,54.0,153.0,0.452,0.777,285,86%,97%,75%,H,https://www.fantasypros.com/mlb/players/matt-mclain.php,,,,,,,,,,,,,,matt-mclain,"Matt McLain (CIN - 2B,SS)",Matt McLain,McLain,CIN,"2B,SS",,.252|74R|21HR|70RBI|18SB,96,"Matt McLain (CIN - 2B,SS)",76.0,99.0,99.0,84.0,124.0,96.0,"2B,SS","Matt McLain (CIN - 2B,SS)",0.0,https://images.fantasypros.com/images/players/mlb/7953/headshot/70x70.png,"Matt McLain (2B,SS - CIN)","Matt McLain's 2024 season was unfortunately curtailed due to injury. After a promising 2023 rookie year with the Cincinnati Reds, where he posted a .290 batting average, 16 home runs, 50 RBIs, and 14 stolen bases over 89 games, McLain faced health setbacks in 2024. He began the season on the injured list, recovering from a right oblique strain sustained in late August 2023. Despite efforts to return, including a brief rehab assignment in September 2023, he re-aggravated the injury and was shut down for the remainder of the season. In March 2024, McLain underwent shoulder surgery to repair a labrum tear and cartilage damage, sidelining him indefinitely. As of March 2025, McLain is actively participating in spring training, aiming to regain his form and secure his spot in the Reds' lineup for the upcoming season.","Matt McLain (CIN - 2B,SS)",Matt McLain,McLain,CIN,"2B,SS",,".252|74R|21HR|70RBI|18SB
Matt McLain's 2024 season was unfortunately curtailed due to injury. After a promising 2023 rookie year with the Cincinnati Reds, where he posted a .290 batting average, 16 home runs, 50 RBIs, and 14 stolen bases over 89 games, McLain faced health setbacks in 2024. He began the season on the injured list, recovering from a right oblique strain sustained in late August 2023. Despite efforts to return, including a brief rehab assignment in September 2023, he re-aggravated the injury and was shut down for the remainder of the season. In March 2024, McLain underwent shoulder surgery to repair a labrum tear and cartilage damage, sidelining him indefinitely. As of March 2025, McLain is actively participating in spring training, aiming to regain his form and secure his spot in the Reds' lineup for the upcoming season.",179.0
95,570.0,82.0,22,82.0,3.0,0.26,0.334,148,30.0,2.0,63.0,84.0,0.439,0.773,396,98%,97%,99%,H,https://www.fantasypros.com/mlb/players/alex-bregman.php,,,,,,,,,,,,,,alex-bregman,Alex Bregman (BOS - 3B),Alex Bregman,Bregman,BOS,3B,,.260|82R|22HR|82RBI|3SB,97,Alex Bregman (BOS - 3B),85.0,79.0,102.0,121.0,102.0,98.0,3B,Alex Bregman (BOS - 3B),1.0,https://images.fantasypros.com/images/players/mlb/5973/headshot/70x70.png,Alex Bregman (3B - BOS),"Alex Bregman landed in Boston as a free agent in the offseason, a park that may reduce his home run total, but he should punish the Green Monster plenty during the year. Last season, the 30-year-old was snakebit by a .264 BABIP and an absurdly low walk rate at 6.9%. (His career number is 13.4%.) Assuming both of these numbers bounce back in 2025, Bregman offers a stable floor in an excellent lineup. The chance that he could get 2B eligibility would catapult his value even further.",Alex Bregman (BOS - 3B),Alex Bregman,Bregman,BOS,3B,,".260|82R|22HR|82RBI|3SB
Alex Bregman landed in Boston as a free agent in the offseason, a park that may reduce his home run total, but he should punish the Green Monster plenty during the year. Last season, the 30-year-old was snakebit by a .264 BABIP and an absurdly low walk rate at 6.9%. (His career number is 13.4%.) Assuming both of these numbers bounce back in 2025, Bregman offers a stable floor in an excellent lineup. The chance that he could get 2B eligibility would catapult his value even further.",26.0
96,481.0,70.0,22,70.0,6.0,0.248,0.329,119,24.0,1.0,59.0,138.0,0.439,0.769,279,90%,95%,85%,H,https://www.fantasypros.com/mlb/players/willson-contreras.php,,,,,,,,,,,,,,willson-contreras,"Willson Contreras (STL - C,DH)",Willson Contreras,Contreras,STL,"C,DH",,.248|70R|22HR|70RBI|6SB,98,"Willson Contreras (STL - C,DH)",117.0,98.0,85.0,71.0,119.0,98.0,"C,DH","Willson Contreras (STL - C,DH)",0.0,https://images.fantasypros.com/images/players/mlb/5919/headshot/70x70.png,"Willson Contreras (C,DH - STL)","Willson Contreras had a truncated but productive 2024 season for the Cardinals, posting a .262 batting average with 15 home runs, 36 RBIs, and 48 runs scored over 84 games. His .380 on-base percentage and .468 slugging percentage contributed to an impressive .848 OPS. A fractured left forearm sustained on May 7 limited his playing time, but his .370 wOBA and .365 xwOBA continue to make him an excellent fantasy catcher.","Willson Contreras (STL - C,DH)",Willson Contreras,Contreras,STL,"C,DH",,".248|70R|22HR|70RBI|6SB
Willson Contreras had a truncated but productive 2024 season for the Cardinals, posting a .262 batting average with 15 home runs, 36 RBIs, and 48 runs scored over 84 games. His .380 on-base percentage and .468 slugging percentage contributed to an impressive .848 OPS. A fractured left forearm sustained on May 7 limited his playing time, but his .370 wOBA and .365 xwOBA continue to make him an excellent fantasy catcher.",192.0
97,551.0,82.0,22,75.0,7.0,0.266,0.342,146,27.0,5.0,64.0,158.0,0.456,0.798,321,89%,94%,85%,H,https://www.fantasypros.com/mlb/players/riley-greene-of.php,,,,,,,,,,,,,,riley-greene-of,"Riley Greene (DET - DH,OF)",Riley Greene,Greene,DET,"DH,OF",,.266|82R|22HR|75RBI|7SB,99,"Riley Greene (DET - DH,OF)",116.0,100.0,98.0,102.0,83.0,100.0,"DH,OF","Riley Greene (DET - DH,OF)",1.0,https://images.fantasypros.com/images/players/mlb/19457/headshot/70x70.png,"Riley Greene (LF,CF,DH - DET)","Riley Greene was a popular sleeper pick last season, and he backed up the hype with a strong performance. The 23-year-old outfielder launched 24 home runs, tallied 82 runs, and drove in 74 RBIs. While his batting average dipped slightly from .288 to .267, his overall slash line of .267/.347/.Four hundred fifty-seven remained solid. Notably, Greene continued to refine his approach at the plate, lowering his strikeout rate for the third consecutive season while boosting his walk rate from 8.4% to 11.0%. He may not be the flashiest name, but that works to your advantage-his value often exceeds his draft price. If you can land him as your OF4, your outfield depth will be in excellent shape.","Riley Greene (DET - DH,OF)",Riley Greene,Greene,DET,"DH,OF",,".266|82R|22HR|75RBI|7SB
Riley Greene was a popular sleeper pick last season, and he backed up the hype with a strong performance. The 23-year-old outfielder launched 24 home runs, tallied 82 runs, and drove in 74 RBIs. While his batting average dipped slightly from .288 to .267, his overall slash line of .267/.347/.Four hundred fifty-seven remained solid. Notably, Greene continued to refine his approach at the plate, lowering his strikeout rate for the third consecutive season while boosting his walk rate from 8.4% to 11.0%. He may not be the flashiest name, but that works to your advantage-his value often exceeds his draft price. If you can land him as your OF4, your outfield depth will be in excellent shape.",109.0
98,,,22,,,,,150,,,,,,,355,94%,97%,91%,P,https://www.fantasypros.com/mlb/players/tanner-bibee.php,169.9,176.0,11.0,0.0,3.67,1.16,69.0,47.0,29.0,29.0,9.0,0.0,9.32,tanner-bibee,Tanner Bibee (CLE - SP),Tanner Bibee,Bibee,CLE,SP,,11-9-0SV|3.67|1.16|9.32K9,100,Tanner Bibee (CLE - SP),96.0,123.0,100.0,100.0,86.0,101.0,SP,Tanner Bibee (CLE - SP),1.0,https://images.fantasypros.com/images/players/mlb/45056/headshot/70x70.png,Tanner Bibee (SP - CLE),"Tanner Bibee was one of the most anticipated starting pitchers coming into 2024, and he delivered a fantastic season. He started 31 games, pitching 173 2/3 innings and striking out 187 batters on his way to a 3.47 ERA and 1.12 WHIP. That being said, some concerning underlying numbers make him a bit risky in 2025. Bibee gave up 1.14 HR/9, and his fastball proved to be extremely hittable. Opposing batters slugged .476 off the pitch with an xBA of .283. A four-seamer with those numbers can spell trouble, particularly against teams that face him more often. Bibee should have good win equity in 2025, but he is much better seen as an SP3 than the ace of your fantasy staff.",Tanner Bibee (CLE - SP),Tanner Bibee,Bibee,CLE,SP,,"11-9-0SV|3.67|1.16|9.32K9
Tanner Bibee was one of the most anticipated starting pitchers coming into 2024, and he delivered a fantastic season. He started 31 games, pitching 173 2/3 innings and striking out 187 batters on his way to a 3.47 ERA and 1.12 WHIP. That being said, some concerning underlying numbers make him a bit risky in 2025. Bibee gave up 1.14 HR/9, and his fastball proved to be extremely hittable. Opposing batters slugged .476 off the pitch with an xBA of .283. A four-seamer with those numbers can spell trouble, particularly against teams that face him more often. Bibee should have good win equity in 2025, but he is much better seen as an SP3 than the ace of your fantasy staff.",66.0
99,,,16,,,,,108,,,,,,,315,92%,94%,91%,P,https://www.fantasypros.com/mlb/players/roki-sasaki.php,133.2,160.0,10.0,0.0,3.51,1.12,52.0,41.0,23.0,23.0,6.0,1.0,10.81,roki-sasaki,Roki Sasaki (LAD - SP),Roki Sasaki,Sasaki,LAD,SP,NRI,10-6-0SV|3.51|1.12|10.81K9,101,Roki Sasaki (LAD - SP),99.0,102.0,95.0,94.0,115.0,101.0,SP,Roki Sasaki (LAD - SP),0.0,https://images.fantasypros.com/images/players/mlb/7354019/headshot/70x70.png,Roki Sasaki (SP - LAD),"​Roki Sasaki continued to impress in the 2024 season with the Chiba Lotte Marines, posting a 10-5 record, a 2.35 ERA, and 129 strikeouts over 111 innings. Known for his blazing fastball, which has touched 102.5 mph, and a devastating splitter that induced a remarkable 57.1% whiff rate in 2024, Sasaki's arsenal is such that fantasy managers cannot wait for his arrival. At 23, Sasaki's trajectory points toward further growth and adaptation as he transitions to Major League Baseball. However, it will be important to note what the Dodgers plan to do with their extremely formidable rotation and whether they will limit Sasaki's innings in his first year. It will be hard to avoid reaching for him in drafts because the upside may be just too enticing.",Roki Sasaki (LAD - SP),Roki Sasaki,Sasaki,LAD,SP,,"10-6-0SV|3.51|1.12|10.81K9
​Roki Sasaki continued to impress in the 2024 season with the Chiba Lotte Marines, posting a 10-5 record, a 2.35 ERA, and 129 strikeouts over 111 innings. Known for his blazing fastball, which has touched 102.5 mph, and a devastating splitter that induced a remarkable 57.1% whiff rate in 2024, Sasaki's arsenal is such that fantasy managers cannot wait for his arrival. At 23, Sasaki's trajectory points toward further growth and adaptation as he transitions to Major League Baseball. However, it will be important to note what the Dodgers plan to do with their extremely formidable rotation and whether they will limit Sasaki's innings in his first year. It will be hard to avoid reaching for him in drafts because the upside may be just too enticing.",119.0
100,,,5,,,,,39,,,,,,,306,94%,97%,92%,P,https://www.fantasypros.com/mlb/players/felix-bautista.php,58.6,84.0,4.0,27.0,2.74,1.06,18.0,24.0,55.0,0.0,2.0,0.0,12.9,felix-bautista,Felix Bautista (BAL - RP),Felix Bautista,Bautista,BAL,RP,,4-2-27SV|2.74|1.06|12.90K9,102,Felix Bautista (BAL - RP),79.0,103.0,107.0,75.0,147.0,102.0,RP,Felix Bautista (BAL - RP),0.0,https://images.fantasypros.com/images/players/mlb/45019/headshot/70x70.png,Felix Bautista (RP - BAL),"​After an impressive 2023 campaign where he recorded a 1.48 ERA, 33 saves, and a remarkable 46.4% strikeout rate over 61 innings, Felix Bautista suffered a UCL injury in August 2023. This led to Tommy John surgery in September 2023, sidelining him for the entire 2024 season. Despite the missed season, Bautista's dominant 2023 performance, characterized by a 99.5 mph average fastball velocity and an 8.1% barrel rate, suggests a strong potential for a successful return in 2025. Fantasy managers should monitor his recovery progress closely, as a healthy Bautista could reestablish himself as one of the league's premier closers.",Felix Bautista (BAL - RP),Felix Bautista,Bautista,BAL,RP,,"4-2-27SV|2.74|1.06|12.90K9
​After an impressive 2023 campaign where he recorded a 1.48 ERA, 33 saves, and a remarkable 46.4% strikeout rate over 61 innings, Felix Bautista suffered a UCL injury in August 2023. This led to Tommy John surgery in September 2023, sidelining him for the entire 2024 season. Despite the missed season, Bautista's dominant 2023 performance, characterized by a 99.5 mph average fastball velocity and an 8.1% barrel rate, suggests a strong potential for a successful return in 2025. Fantasy managers should monitor his recovery progress closely, as a healthy Bautista could reestablish himself as one of the league's premier closers.",137.0
101,,,23,,,,,138,,,,,,,366,94%,97%,92%,P,https://www.fantasypros.com/mlb/players/freddy-peralta.php,169.2,193.0,11.0,0.0,3.74,1.18,70.0,61.0,30.0,30.0,9.0,0.0,10.27,freddy-peralta,Freddy Peralta (MIL - SP),Freddy Peralta,Peralta,MIL,SP,,11-9-0SV|3.74|1.18|10.27K9,103,Freddy Peralta (MIL - SP),100.0,114.0,110.0,107.0,81.0,102.0,SP,Freddy Peralta (MIL - SP),-1.0,https://images.fantasypros.com/images/players/mlb/7274/headshot/70x70.png,Freddy Peralta (SP - MIL),"Two years removed from an injury-plagued season, Freddy Peralta returned to form in 2024, posting a 3.79 ERA and 1.21 WHIP in 173 2/3 innings. He struck out precisely 200 batters for a 27.6 strikeout rate, slightly below his career average. His 9.4% walk rate leaves much to be desired, but it is directly in line with his career average. While not exactly an ""ace"" in fantasy baseball, Peralta offers a strong strikeout upside, and he has started 30+ games in each of the last two seasons. Just don't draft him thinking he'll competently hold down the SP1 position on your roster.",Freddy Peralta (MIL - SP),Freddy Peralta,Peralta,MIL,SP,,"11-9-0SV|3.74|1.18|10.27K9
Two years removed from an injury-plagued season, Freddy Peralta returned to form in 2024, posting a 3.79 ERA and 1.21 WHIP in 173 2/3 innings. He struck out precisely 200 batters for a 27.6 strikeout rate, slightly below his career average. His 9.4% walk rate leaves much to be desired, but it is directly in line with his career average. While not exactly an ""ace"" in fantasy baseball, Peralta offers a strong strikeout upside, and he has started 30+ games in each of the last two seasons. Just don't draft him thinking he'll competently hold down the SP1 position on your roster.",53.0
102,496.0,72.0,26,79.0,1.0,0.246,0.344,122,25.0,1.0,74.0,153.0,0.457,0.8,304,78%,93%,62%,H,https://www.fantasypros.com/mlb/players/triston-casas.php,,,,,,,,,,,,,,triston-casas,Triston Casas (BOS - 1B),Triston Casas,Casas,BOS,1B,,.246|72R|26HR|79RBI|1SB,104,Triston Casas (BOS - 1B),118.0,93.0,111.0,113.0,80.0,103.0,1B,Triston Casas (BOS - 1B),-1.0,https://images.fantasypros.com/images/players/mlb/6997/headshot/70x70.png,Triston Casas (1B - BOS),"Triston Casas' 2024 season was marred by injuries, limiting him to just 63 games. Despite this, he showcased his power potential by hitting 13 home runs and driving in 32 runs over 212 at-bats, resulting in a .241/.337/.462 slash line. His advanced metrics support his power, with a 13.3% barrel rate and a .330 xwOBA, indicating that his underlying performance aligns closely with his actual results. However, his 31.7% strikeout rate is a concern, as it represents a significant increase from his 25.1% rate in 2023. At 25 years old, Casas still has room for development, but reducing his strikeouts will be crucial for sustained success. Looking ahead to 2025, a healthy season could see him emerge as a key power contributor for the Red Sox, whose offseason acquisitions have greatly improved their overall lineup. Fantasy managers should monitor his health and strikeout trends, as a full season could yield substantial home run totals.​",Triston Casas (BOS - 1B),Triston Casas,Casas,BOS,1B,,".246|72R|26HR|79RBI|1SB
Triston Casas' 2024 season was marred by injuries, limiting him to just 63 games. Despite this, he showcased his power potential by hitting 13 home runs and driving in 32 runs over 212 at-bats, resulting in a .241/.337/.462 slash line. His advanced metrics support his power, with a 13.3% barrel rate and a .330 xwOBA, indicating that his underlying performance aligns closely with his actual results. However, his 31.7% strikeout rate is a concern, as it represents a significant increase from his 25.1% rate in 2023. At 25 years old, Casas still has room for development, but reducing his strikeouts will be crucial for sustained success. Looking ahead to 2025, a healthy season could see him emerge as a key power contributor for the Red Sox, whose offseason acquisitions have greatly improved their overall lineup. Fantasy managers should monitor his health and strikeout trends, as a full season could yield substantial home run totals.​",142.0
103,468.0,74.0,16,61.0,22.0,0.265,0.357,124,23.0,2.0,66.0,119.0,0.426,0.783,307,91%,93%,88%,H,https://www.fantasypros.com/mlb/players/christian-yelich.php,,,,,,,,,,,,,,christian-yelich,"Christian Yelich (MIL - DH,OF)",Christian Yelich,Yelich,MIL,"DH,OF",,.265|74R|16HR|61RBI|22SB,105,"Christian Yelich (MIL - DH,OF)",119.0,92.0,103.0,106.0,96.0,103.0,"DH,OF","Christian Yelich (MIL - DH,OF)",-2.0,https://images.fantasypros.com/images/players/mlb/4596/headshot/70x70.png,"Christian Yelich (LF,DH - MIL)","Christian Yelich was in the midst of a resurgent season before back issues resurfaced. In 73 games, he posted 11 home runs, 21 stolen bases, 44 runs, and 42 RBIs while slashing an impressive .315/.406/.504-flashing glimpses of his peak form. However, the key number here is 73 games. After two consecutive seasons of surpassing 140 games played, he logged the fewest of his career outside of the shortened 2020 season. As 2025 approaches, fantasy managers should closely monitor his health updates out of Milwaukee. At 32 years old, Yelich carries significant risk, so if you draft him, be sure to have a reliable contingency plan in place.","Christian Yelich (MIL - DH,OF)",Christian Yelich,Yelich,MIL,"DH,OF",,".265|74R|16HR|61RBI|22SB
Christian Yelich was in the midst of a resurgent season before back issues resurfaced. In 73 games, he posted 11 home runs, 21 stolen bases, 44 runs, and 42 RBIs while slashing an impressive .315/.406/.504-flashing glimpses of his peak form. However, the key number here is 73 games. After two consecutive seasons of surpassing 140 games played, he logged the fewest of his career outside of the shortened 2020 season. As 2025 approaches, fantasy managers should closely monitor his health updates out of Milwaukee. At 32 years old, Yelich carries significant risk, so if you draft him, be sure to have a reliable contingency plan in place.",134.0
104,435.0,66.0,19,67.0,2.0,0.252,0.33,110,22.0,2.0,50.0,91.0,0.443,0.773,290,97%,95%,99%,H,https://www.fantasypros.com/mlb/players/will-smith-c.php,,,,,,,,,,,,,,will-smith-c,Will Smith (LAD - C),Will Smith,Smith,LAD,C,,.252|66R|19HR|67RBI|2SB,106,Will Smith (LAD - C),124.0,118.0,97.0,89.0,109.0,107.0,C,Will Smith (LAD - C),1.0,https://images.fantasypros.com/images/players/mlb/7671/headshot/70x70.png,Will Smith (C - LAD),"Will Smith delivered a decent fantasy performance in 2024, playing in 128 games and posting a .248/.327/.433 slash line with 20 home runs, 75 RBIs, and 77 runs scored. While his batting average dipped below his career mark of .258, his power remained consistent, supported by a 10.8% barrel rate and a .334 expected wOBA (xwOBA). While his strikeout rate and walk rate both went in the wrong direction, Smith fits in the ""Draft the Dodgers"" philosophy and is still a top-catching option.",Will Smith (LAD - C),Will Smith,Smith,LAD,C,,".252|66R|19HR|67RBI|2SB
Will Smith delivered a decent fantasy performance in 2024, playing in 128 games and posting a .248/.327/.433 slash line with 20 home runs, 75 RBIs, and 77 runs scored. While his batting average dipped below his career mark of .258, his power remained consistent, supported by a 10.8% barrel rate and a .334 expected wOBA (xwOBA). While his strikeout rate and walk rate both went in the wrong direction, Smith fits in the ""Draft the Dodgers"" philosophy and is still a top-catching option.",171.0
105,,,19,,,,,152,,,,,,,341,92%,95%,88%,P,https://www.fantasypros.com/mlb/players/hunter-brown.php,169.7,177.0,12.0,0.0,3.7,1.24,70.0,59.0,29.0,29.0,9.0,0.0,9.39,hunter-brown,Hunter Brown (HOU - SP),Hunter Brown,Brown,HOU,SP,,12-9-0SV|3.70|1.24|9.39K9,107,Hunter Brown (HOU - SP),111.0,117.0,108.0,111.0,93.0,108.0,SP,Hunter Brown (HOU - SP),1.0,https://images.fantasypros.com/images/players/mlb/44176/headshot/70x70.png,Hunter Brown (SP - HOU),"While the exact number of fantasy managers who dropped Hunter Brown early in 2024 isn't known, it would have been completely justified, given how he started the season. In his first eight starts, the 26-year-old had a 7.74 ERA and had allowed 21 walks in 37 1/3 innings. It was ugly. After that, though, he settled into the season and was great to spectacular the rest of the way. He struck out 179 batters in 170 innings and stopped walking everyone. Brown is the exact type of pitcher to target now that he seems to have a repertoire of pitches that works for him, including a powerful sinker that he developed last season. He has some sleeper and league-winning potential in 2025.",Hunter Brown (HOU - SP),Hunter Brown,Brown,HOU,SP,,"12-9-0SV|3.70|1.24|9.39K9
While the exact number of fantasy managers who dropped Hunter Brown early in 2024 isn't known, it would have been completely justified, given how he started the season. In his first eight starts, the 26-year-old had a 7.74 ERA and had allowed 21 walks in 37 1/3 innings. It was ugly. After that, though, he settled into the season and was great to spectacular the rest of the way. He struck out 179 batters in 170 innings and stopped walking everyone. Brown is the exact type of pitcher to target now that he seems to have a repertoire of pitches that works for him, including a powerful sinker that he developed last season. He has some sleeper and league-winning potential in 2025.",80.0
106,,,19,,,,,154,,,,,,,342,94%,96%,93%,P,https://www.fantasypros.com/mlb/players/zac-gallen.php,170.5,170.0,12.0,0.0,3.74,1.21,71.0,52.0,29.0,29.0,8.0,0.0,8.97,zac-gallen,Zac Gallen (ARI - SP),Zac Gallen,Gallen,ARI,SP,,12-8-0SV|3.74|1.21|8.97K9,108,Zac Gallen (ARI - SP),107.0,109.0,117.0,124.0,87.0,109.0,SP,Zac Gallen (ARI - SP),1.0,https://images.fantasypros.com/images/players/mlb/7245/headshot/70x70.png,Zac Gallen (SP - ARI),"Zac Gallen had a respectable but not fantastic 2024 season. The 29-year-old started 28 games and pitched 148 innings, racking up 156 strikeouts and ending with a 3.65 ERA and 1.26 WHIP. Nothing in his profile stands out as ""outstanding."" He had a 25.1% strikeout rate, the lowest of his major league career but not terrible. The most concerning stat of 2024 is the jump in his walk rate from 5.6% to 8.7%. If he doesn't correct that area, his ratios will continue trending in the wrong direction. As it stands, Gallen is a decent addition at SP3 or SP4.",Zac Gallen (ARI - SP),Zac Gallen,Gallen,ARI,SP,,"12-8-0SV|3.74|1.21|8.97K9
Zac Gallen had a respectable but not fantastic 2024 season. The 29-year-old started 28 games and pitched 148 innings, racking up 156 strikeouts and ending with a 3.65 ERA and 1.26 WHIP. Nothing in his profile stands out as ""outstanding."" He had a 25.1% strikeout rate, the lowest of his major league career but not terrible. The most concerning stat of 2024 is the jump in his walk rate from 5.6% to 8.7%. If he doesn't correct that area, his ratios will continue trending in the wrong direction. As it stands, Gallen is a decent addition at SP3 or SP4.",78.0
107,467.0,66.0,24,73.0,6.0,0.253,0.315,118,24.0,1.0,43.0,120.0,0.458,0.773,287,72%,95%,49%,H,https://www.fantasypros.com/mlb/players/royce-lewis.php,,,,,,,,,,,,,,royce-lewis,"Royce Lewis (MIN - 3B,DH)",Royce Lewis,Lewis,MIN,"3B,DH",,.253|66R|24HR|73RBI|6SB,109,"Royce Lewis (MIN - 3B,DH)",95.0,104.0,127.0,115.0,103.0,109.0,"3B,DH","Royce Lewis (MIN - 3B,DH)",0.0,https://images.fantasypros.com/images/players/mlb/6967/headshot/70x70.png,"Royce Lewis (3B,DH - MIN)","Royce Lewis is the starting third baseman for Team Imagine If They'd Stay Healthy. He started Opening Day and went 2/2 with a double, home run, and pulled hamstring. Fifty-eight missed games later, he returned and tore up opposing pitching for 23 games before returning to the IL with an adductor strain. From there, he became a below-average hitter, forcing many fantasy managers to decide whether to hold or drop him. The allure of what he could do is too much for most. Chances are good Lewis will move to second base in 2025, which could reduce the wear and tear on him in the field. The power and speed are there (if he's allowed to attempt steals), but you MUST bake in missed time when you draft him. If the price drops far enough (say 9th or 10th round), he is an easy player to risk rostering, but it's hard to justify a cost much higher than that at this point.","Royce Lewis (MIN - 3B,DH)",Royce Lewis,Lewis,MIN,"3B,DH",,".253|66R|24HR|73RBI|6SB
Royce Lewis is the starting third baseman for Team Imagine If They'd Stay Healthy. He started Opening Day and went 2/2 with a double, home run, and pulled hamstring. Fifty-eight missed games later, he returned and tore up opposing pitching for 23 games before returning to the IL with an adductor strain. From there, he became a below-average hitter, forcing many fantasy managers to decide whether to hold or drop him. The allure of what he could do is too much for most. Chances are good Lewis will move to second base in 2025, which could reduce the wear and tear on him in the field. The power and speed are there (if he's allowed to attempt steals), but you MUST bake in missed time when you draft him. If the price drops far enough (say 9th or 10th round), he is an easy player to risk rostering, but it's hard to justify a cost much higher than that at this point.",178.0
108,,,5,,,,,45,,,,,,,308,93%,97%,89%,P,https://www.fantasypros.com/mlb/players/andres-munoz-p.php,63.6,82.0,4.0,27.0,2.75,1.1,19.0,25.0,61.0,0.0,3.0,0.0,11.6,andres-munoz-p,Andres Munoz (SEA - RP),Andres Munoz,Munoz,SEA,RP,,4-3-27SV|2.75|1.10|11.60K9,110,Andres Munoz (SEA - RP),84.0,106.0,104.0,81.0,170.0,109.0,RP,Andres Munoz (SEA - RP),-1.0,https://images.fantasypros.com/images/players/mlb/24281/headshot/70x70.png,Andres Munoz (RP - SEA),"Andres Munoz delivered a strong fantasy season in 2024, recording 22 saves, a 2.12 ERA, and 77 strikeouts over 59.1 innings. His impressive 0.96 WHIP and 33.2% strikeout rate underscore his dominance on the mound. Munoz's fastball velocity remained elite, averaging 98.6 mph, complemented by a slider that limited hitters to a .200 batting average. However, his 11.2% walk rate indicates some control issues that could impact his WHIP and ERA if not addressed. At 26, Munoz is entering his prime, and with the Mariners' bullpen roles solidifying, he is poised to maintain his closer role. Fantasy managers should consider him a second-tier reliever with the potential for 30+ saves in 2025, provided he continues to harness his control.​",Andres Munoz (SEA - RP),Andres Munoz,Munoz,SEA,RP,,"4-3-27SV|2.75|1.10|11.60K9
Andres Munoz delivered a strong fantasy season in 2024, recording 22 saves, a 2.12 ERA, and 77 strikeouts over 59.1 innings. His impressive 0.96 WHIP and 33.2% strikeout rate underscore his dominance on the mound. Munoz's fastball velocity remained elite, averaging 98.6 mph, complemented by a slider that limited hitters to a .200 batting average. However, his 11.2% walk rate indicates some control issues that could impact his WHIP and ERA if not addressed. At 26, Munoz is entering his prime, and with the Mariners' bullpen roles solidifying, he is poised to maintain his closer role. Fantasy managers should consider him a second-tier reliever with the potential for 30+ saves in 2025, provided he continues to harness his control.​",131.0
109,,,23,,,,,138,,,,,,,355,94%,94%,94%,P,https://www.fantasypros.com/mlb/players/joe-ryan.php,161.2,176.0,10.0,0.0,3.74,1.08,67.0,37.0,28.0,28.0,8.0,0.0,9.83,joe-ryan,Joe Ryan (MIN - SP),Joe Ryan,Ryan,MIN,SP,,10-8-0SV|3.74|1.08|9.83K9,111,Joe Ryan (MIN - SP),114.0,116.0,113.0,105.0,100.0,110.0,SP,Joe Ryan (MIN - SP),-1.0,https://images.fantasypros.com/images/players/mlb/43688/headshot/70x70.png,Joe Ryan (SP - MIN),"​Joe Ryan delivered a decent fantasy season in 2024, posting a 7-7 record with a 3.60 ERA over 23 starts, striking out 147 batters in 135 innings, and maintaining an impressive 0.99 WHIP. Ryan's 5.1% walk rate reflects excellent control, contributing to his strong WHIP. However, his 1.3 HR/9 rate indicates a susceptibility to the long ball, which could impact his ERA if not addressed. Despite a shoulder strain that ended his 2024 season prematurely, Ryan is expected to be fully healthy for 2025. Given his strong strikeout potential and control, Ryan remains a valuable pitcher in fantasy leagues, though monitoring his home run rate and health will be crucial for the upcoming season.",Joe Ryan (MIN - SP),Joe Ryan,Ryan,MIN,SP,,"10-8-0SV|3.74|1.08|9.83K9
​Joe Ryan delivered a decent fantasy season in 2024, posting a 7-7 record with a 3.60 ERA over 23 starts, striking out 147 batters in 135 innings, and maintaining an impressive 0.99 WHIP. Ryan's 5.1% walk rate reflects excellent control, contributing to his strong WHIP. However, his 1.3 HR/9 rate indicates a susceptibility to the long ball, which could impact his ERA if not addressed. Despite a shoulder strain that ended his 2024 season prematurely, Ryan is expected to be fully healthy for 2025. Given his strong strikeout potential and control, Ryan remains a valuable pitcher in fantasy leagues, though monitoring his home run rate and health will be crucial for the upcoming season.",67.0
110,535.0,72.0,22,83.0,2.0,0.265,0.332,142,32.0,2.0,54.0,80.0,0.458,0.791,377,93%,94%,91%,H,https://www.fantasypros.com/mlb/players/vinnie-pasquantino.php,,,,,,,,,,,,,,vinnie-pasquantino,"Vinnie Pasquantino (KC - 1B,DH)",Vinnie Pasquantino,Pasquantino,KC,"1B,DH",,.265|72R|22HR|83RBI|2SB,112,"Vinnie Pasquantino (KC - 1B,DH)",115.0,111.0,116.0,109.0,99.0,110.0,"1B,DH","Vinnie Pasquantino (KC - 1B,DH)",-2.0,https://images.fantasypros.com/images/players/mlb/44894/headshot/70x70.png,"Vinnie Pasquantino (1B,DH - KC)","Vinnie Pasquantino took a good-sized leap in his first full season in the majors. Even though his season was cut short due to a thumb injury, Italian Breakfast still hit 19 home runs and drove in 97 while slashing .262/.315/.446. While his walk rate took a small step down, his strikeout rate (12.8%) and whiff rate (14.5%) remain in the 96th percentile in the league. Pasquantino should remain in the lineup behind Bobby Witt Jr and Salvador Perez, making him a fantastic target for counting stats. If you wait on first basemen, nabbing Pasquantino in the 10th round can give you the return you're looking for.","Vinnie Pasquantino (KC - 1B,DH)",Vinnie Pasquantino,Pasquantino,KC,"1B,DH",,".265|72R|22HR|83RBI|2SB
Vinnie Pasquantino took a good-sized leap in his first full season in the majors. Even though his season was cut short due to a thumb injury, Italian Breakfast still hit 19 home runs and drove in 97 while slashing .262/.315/.446. While his walk rate took a small step down, his strikeout rate (12.8%) and whiff rate (14.5%) remain in the 96th percentile in the league. Pasquantino should remain in the lineup behind Bobby Witt Jr and Salvador Perez, making him a fantastic target for counting stats. If you wait on first basemen, nabbing Pasquantino in the 10th round can give you the return you're looking for.",43.0
111,530.0,70.0,30,81.0,2.0,0.244,0.291,129,24.0,2.0,36.0,155.0,0.466,0.758,283,80%,95%,64%,H,https://www.fantasypros.com/mlb/players/jake-burger-3b.php,,,,,,,,,,,,,,jake-burger-3b,"Jake Burger (TEX - 1B,3B,DH)",Jake Burger,Burger,TEX,"1B,3B,DH",,.244|70R|30HR|81RBI|2SB,113,"Jake Burger (TEX - 1B,3B,DH)",101.0,107.0,106.0,108.0,134.0,111.0,"1B,3B,DH","Jake Burger (TEX - 1B,3B,DH)",-2.0,https://images.fantasypros.com/images/players/mlb/10074/headshot/70x70.png,"Jake Burger (1B,3B,DH - TEX)","Jake Burger delivered a strong fantasy performance in 2024, hitting 29 home runs, driving in 76 runs, scoring 68 times, and adding one stolen base. His .250/.301/.460 slash line aligns closely with his career .251 batting average, suggesting sustainability. Burger's power is supported by a 12.3% Barrel Rate and a 91.3 mph average exit velocity, both indicative of his legitimate power. The Rangers' Globe Life Field is considered neutral regarding hitter friendliness, so it may not significantly impact Burger's counting stats next season. With eligibility at both third and first base, Burger's consistent power and improved plate discipline make him a valuable asset for fantasy rosters in 2025.​","Jake Burger (TEX - 1B,3B,DH)",Jake Burger,Burger,TEX,"1B,3B,DH",,".244|70R|30HR|81RBI|2SB
Jake Burger delivered a strong fantasy performance in 2024, hitting 29 home runs, driving in 76 runs, scoring 68 times, and adding one stolen base. His .250/.301/.460 slash line aligns closely with his career .251 batting average, suggesting sustainability. Burger's power is supported by a 12.3% Barrel Rate and a 91.3 mph average exit velocity, both indicative of his legitimate power. The Rangers' Globe Life Field is considered neutral regarding hitter friendliness, so it may not significantly impact Burger's counting stats next season. With eligibility at both third and first base, Burger's consistent power and improved plate discipline make him a valuable asset for fantasy rosters in 2025.​",183.0
112,,,19,,,,,152,,,,,,,379,96%,95%,97%,P,https://www.fantasypros.com/mlb/players/sonny-gray.php,174.2,184.0,12.0,0.0,3.53,1.15,68.0,48.0,29.0,29.0,8.0,0.0,9.51,sonny-gray,Sonny Gray (STL - SP),Sonny Gray,Gray,STL,SP,,12-8-0SV|3.53|1.15|9.51K9,114,Sonny Gray (STL - SP),113.0,126.0,112.0,117.0,101.0,114.0,SP,Sonny Gray (STL - SP),0.0,https://images.fantasypros.com/images/players/mlb/4755/headshot/70x70.png,Sonny Gray (SP - STL),"Sonny Gray had a fantastic first season in St. Louis. His 30.3% strikeout percentage was the highest of his career in a full season. Gray started 28 games and struck out 203 batters in 166 1/3 innings, ending with a 3.84 ERA and 1.09 WHIP. The 35-year-old's FIP (3.12) and xFIP (2.82) suggest he was slightly unlucky. Gray's walk rate is a tiny 5.8%, and his cost for 2025 is quite reasonable as he's currently going in the 10th round.",Sonny Gray (STL - SP),Sonny Gray,Gray,STL,SP,,"12-8-0SV|3.53|1.15|9.51K9
Sonny Gray had a fantastic first season in St. Louis. His 30.3% strikeout percentage was the highest of his career in a full season. Gray started 28 games and struck out 203 batters in 166 1/3 innings, ending with a 3.84 ERA and 1.09 WHIP. The 35-year-old's FIP (3.12) and xFIP (2.82) suggest he was slightly unlucky. Gray's walk rate is a tiny 5.8%, and his cost for 2025 is quite reasonable as he's currently going in the 10th round.",41.0
113,560.0,84.0,22,77.0,12.0,0.244,0.335,137,31.0,2.0,77.0,157.0,0.422,0.757,333,93%,93%,92%,H,https://www.fantasypros.com/mlb/players/ian-happ.php,,,,,,,,,,,,,,ian-happ,Ian Happ (CHC - OF),Ian Happ,Happ,CHC,OF,,.244|84R|22HR|77RBI|12SB,115,Ian Happ (CHC - OF),134.0,125.0,121.0,119.0,79.0,116.0,OF,Ian Happ (CHC - OF),1.0,https://images.fantasypros.com/images/players/mlb/6008/headshot/70x70.png,Ian Happ (LF - CHC),"Ian Happ has settled into a reliable role for fantasy managers. He's a steady source of 20+ home runs and double-digit steals while maintaining a high walk rate that helps him score around 90 runs. Though his strikeout rate spiked in 2024, the strength of the Cubs' lineup still makes him a solid OF3 option in fantasy leagues.",Ian Happ (CHC - OF),Ian Happ,Happ,CHC,OF,,".244|84R|22HR|77RBI|12SB
Ian Happ has settled into a reliable role for fantasy managers. He's a steady source of 20+ home runs and double-digit steals while maintaining a high walk rate that helps him score around 90 runs. Though his strikeout rate spiked in 2024, the strength of the Cubs' lineup still makes him a solid OF3 option in fantasy leagues.",98.0
114,521.0,65.0,8,52.0,36.0,0.248,0.312,129,23.0,3.0,49.0,107.0,0.352,0.664,278,65%,91%,38%,H,https://www.fantasypros.com/mlb/players/brice-turang.php,,,,,,,,,,,,,,brice-turang,Brice Turang (MIL - 2B),Brice Turang,Turang,MIL,2B,,.248|65R|8HR|52RBI|36SB,116,Brice Turang (MIL - 2B),126.0,115.0,118.0,134.0,85.0,116.0,2B,Brice Turang (MIL - 2B),0.0,https://images.fantasypros.com/images/players/mlb/6817/headshot/70x70.png,Brice Turang (2B - MIL),"​Brice Turang delivered a multifaceted performance in 2024, showcasing his speed and defensive prowess. Over 155 games, he posted a .254 batting average with 7 home runs, 57 RBIs, and 72 runs scored. Notably, Turang excelled on the basepaths, swiping 50 bases, ranking third in the National League. While Turang's .254/.316/.349 slash line marked an improvement from his 2023 figures, his offensive metrics remained below league average, reflected in his 85 OPS+. However, his reduced strikeout rate-from 21% in 2023 to 16.6% in 2024-and increased walk rate to 9.2% indicate a more disciplined approach at the plate. Despite these gains, Turang's .349 slugging percentage suggests limited power, with only 7 home runs and a hard-hit rate of 29.7%. If he can build upon his improved plate discipline and tap into more power, he has the potential to become a more well-rounded offensive contributor, complementing his already stellar defense and base-running skills.​",Brice Turang (MIL - 2B),Brice Turang,Turang,MIL,2B,,".248|65R|8HR|52RBI|36SB
​Brice Turang delivered a multifaceted performance in 2024, showcasing his speed and defensive prowess. Over 155 games, he posted a .254 batting average with 7 home runs, 57 RBIs, and 72 runs scored. Notably, Turang excelled on the basepaths, swiping 50 bases, ranking third in the National League. While Turang's .254/.316/.349 slash line marked an improvement from his 2023 figures, his offensive metrics remained below league average, reflected in his 85 OPS+. However, his reduced strikeout rate-from 21% in 2023 to 16.6% in 2024-and increased walk rate to 9.2% indicate a more disciplined approach at the plate. Despite these gains, Turang's .349 slugging percentage suggests limited power, with only 7 home runs and a hard-hit rate of 29.7%. If he can build upon his improved plate discipline and tap into more power, he has the potential to become a more well-rounded offensive contributor, complementing his already stellar defense and base-running skills.​",195.0
115,565.0,74.0,17,71.0,10.0,0.276,0.319,156,31.0,2.0,35.0,117.0,0.429,0.748,317,80%,95%,65%,H,https://www.fantasypros.com/mlb/players/bo-bichette.php,,,,,,,,,,,,,,bo-bichette,Bo Bichette (TOR - SS),Bo Bichette,Bichette,TOR,SS,,.276|74R|17HR|71RBI|10SB,117,Bo Bichette (TOR - SS),103.0,95.0,114.0,126.0,142.0,116.0,SS,Bo Bichette (TOR - SS),-1.0,https://images.fantasypros.com/images/players/mlb/6808/headshot/70x70.png,Bo Bichette (SS - TOR),"Bo Bichette's 2024 season was marred by injuries, limiting him to 81 games and resulting in a career-low .225/.277/.322 slash line, with 4 home runs, 31 RBIs, and 5 stolen bases. These figures are a stark contrast to his career averages of a .290 batting average and an .798 OPS. Advanced metrics reveal a decline in his offensive performance, with a .264 wOBA and a .303 xwOBA, indicating diminished quality of contact. Despite the setbacks, Bichette's track record suggests potential for a rebound in 2025 and could be a steal at his current ADP.",Bo Bichette (TOR - SS),Bo Bichette,Bichette,TOR,SS,,".276|74R|17HR|71RBI|10SB
Bo Bichette's 2024 season was marred by injuries, limiting him to 81 games and resulting in a career-low .225/.277/.322 slash line, with 4 home runs, 31 RBIs, and 5 stolen bases. These figures are a stark contrast to his career averages of a .290 batting average and an .798 OPS. Advanced metrics reveal a decline in his offensive performance, with a .264 wOBA and a .303 xwOBA, indicating diminished quality of contact. Despite the setbacks, Bichette's track record suggests potential for a rebound in 2025 and could be a steal at his current ADP.",116.0
116,,,4,,,,,52,,,,,,,303,93%,96%,90%,P,https://www.fantasypros.com/mlb/players/jhoan-duran.php,64.6,79.0,5.0,26.0,2.82,1.12,20.0,20.0,62.0,0.0,3.0,0.0,11.01,jhoan-duran,Jhoan Duran (MIN - RP),Jhoan Duran,Duran,MIN,RP,,5-3-26SV|2.82|1.12|11.01K9,118,Jhoan Duran (MIN - RP),88.0,113.0,115.0,93.0,175.0,117.0,RP,Jhoan Duran (MIN - RP),-1.0,https://images.fantasypros.com/images/players/mlb/8034/headshot/70x70.png,Jhoan Duran (RP - MIN),"Jhoan Duran's 2024 season with the Minnesota Twins saw him appear in 58 games, recording a 6-9 win-loss record, a 3.64 ERA, and 23 saves over 54.1 innings pitched. While his strikeout rate declined to 28.9% from previous seasons, his walk rate remained stable at 6.6%. Notably, his average fastball velocity decreased from 101.8 mph in 2023 to 100.3 mph in 2024. Despite these changes, Duran's ability to induce ground balls remained strong, with a 60.9% ground ball rate. His xwOBA increased to .297, suggesting that opposing hitters made more effective contact compared to previous seasons. As Duran enters his age-27 season, maintaining his elite velocity and refining his secondary pitches will be crucial for reclaiming his dominant form and continuing to be a valuable asset in high-leverage situations.",Jhoan Duran (MIN - RP),Jhoan Duran,Duran,MIN,RP,,"5-3-26SV|2.82|1.12|11.01K9
Jhoan Duran's 2024 season with the Minnesota Twins saw him appear in 58 games, recording a 6-9 win-loss record, a 3.64 ERA, and 23 saves over 54.1 innings pitched. While his strikeout rate declined to 28.9% from previous seasons, his walk rate remained stable at 6.6%. Notably, his average fastball velocity decreased from 101.8 mph in 2023 to 100.3 mph in 2024. Despite these changes, Duran's ability to induce ground balls remained strong, with a 60.9% ground ball rate. His xwOBA increased to .297, suggesting that opposing hitters made more effective contact compared to previous seasons. As Duran enters his age-27 season, maintaining his elite velocity and refining his secondary pitches will be crucial for reclaiming his dominant form and continuing to be a valuable asset in high-leverage situations.",147.0
117,555.0,80.0,25,79.0,9.0,0.24,0.319,133,31.0,2.0,65.0,162.0,0.442,0.761,316,89%,94%,83%,H,https://www.fantasypros.com/mlb/players/matt-chapman.php,,,,,,,,,,,,,,matt-chapman,Matt Chapman (SF - 3B),Matt Chapman,Chapman,SF,3B,,.240|80R|25HR|79RBI|9SB,119,Matt Chapman (SF - 3B),130.0,122.0,131.0,125.0,88.0,119.0,3B,Matt Chapman (SF - 3B),0.0,https://images.fantasypros.com/images/players/mlb/6315/headshot/70x70.png,Matt Chapman (3B - SF),"Matt Chapman delivered a solid fantasy performance in 2024, hitting 27 home runs, driving in 78 runs, scoring 98 times, and adding 15 stolen bases. His .247/.328/.463 slash line aligns closely with his career .238 batting average. Chapman's power metrics are robust, evidenced by an average exit velocity of 93.2 mph and a 12.6% barrel rate, placing him in the 97th percentile for exit velocity. Notably, he reduced his strikeout rate to 24.4%, the lowest since his rookie season. At 31, Chapman's consistent power and defensive wizardry-highlighted by his fifth Gold Glove award in 2024-make him a valuable third baseman in fantasy leagues.",Matt Chapman (SF - 3B),Matt Chapman,Chapman,SF,3B,,".240|80R|25HR|79RBI|9SB
Matt Chapman delivered a solid fantasy performance in 2024, hitting 27 home runs, driving in 78 runs, scoring 98 times, and adding 15 stolen bases. His .247/.328/.463 slash line aligns closely with his career .238 batting average. Chapman's power metrics are robust, evidenced by an average exit velocity of 93.2 mph and a 12.6% barrel rate, placing him in the 97th percentile for exit velocity. Notably, he reduced his strikeout rate to 24.4%, the lowest since his rookie season. At 31, Chapman's consistent power and defensive wizardry-highlighted by his fifth Gold Glove award in 2024-make him a valuable third baseman in fantasy leagues.",117.0
118,,,14,,,,,92,,,,,,,306,87%,93%,80%,P,https://www.fantasypros.com/mlb/players/spencer-strider.php,119.8,160.0,9.0,0.0,3.35,1.09,45.0,39.0,21.0,21.0,5.0,0.0,12.02,spencer-strider,Spencer Strider (ATL - SP),Spencer Strider,Strider,ATL,SP,,9-5-0SV|3.35|1.09|12.02K9,120,Spencer Strider (ATL - SP),120.0,108.0,128.0,129.0,113.0,120.0,SP,Spencer Strider (ATL - SP),0.0,https://images.fantasypros.com/images/players/mlb/44282/headshot/70x70.png,Spencer Strider (SP - ATL),"Spencer Strider's 2024 season was cut short due to an elbow injury sustained in April, limiting him to just two starts. Looking ahead to 2025, Strider's health will be obviously be a pivotal factor. If he returns fully recovered, his track record suggests he can reestablish himself as a top-tier fantasy pitcher, offering high strikeout totals and the potential for a strong ERA and WHIP. Fantasy managers should monitor his progress during spring training to assess his readiness for the upcoming season. If his anticipated return is May, he could pay huge dividends coming out of the 11th round.",Spencer Strider (ATL - SP),Spencer Strider,Strider,ATL,SP,,"9-5-0SV|3.35|1.09|12.02K9
Spencer Strider's 2024 season was cut short due to an elbow injury sustained in April, limiting him to just two starts. Looking ahead to 2025, Strider's health will be obviously be a pivotal factor. If he returns fully recovered, his track record suggests he can reestablish himself as a top-tier fantasy pitcher, offering high strikeout totals and the potential for a strong ERA and WHIP. Fantasy managers should monitor his progress during spring training to assess his readiness for the upcoming season. If his anticipated return is May, he could pay huge dividends coming out of the 11th round.",138.0
119,447.0,61.0,17,63.0,14.0,0.244,0.322,109,26.0,2.0,52.0,106.0,0.423,0.745,276,88%,91%,85%,H,https://www.fantasypros.com/mlb/players/spencer-steer.php,,,,,,,,,,,,,,spencer-steer,"Spencer Steer (CIN - 1B,OF)",Spencer Steer,Steer,CIN,"1B,OF",,.244|61R|17HR|63RBI|14SB,121,"Spencer Steer (CIN - 1B,OF)",131.0,147.0,101.0,122.0,106.0,121.0,"1B,OF","Spencer Steer (CIN - 1B,OF)",0.0,https://images.fantasypros.com/images/players/mlb/44364/headshot/70x70.png,"Spencer Steer (1B,LF - CIN)","Spencer Steer remained a valuable multi-position asset in fantasy baseball during 2024, though his batting average took a notable dip from .271 to .225. Despite the decline, the 26-year-old showcased power and speed, launching 20 home runs and swiping 25 bases-an increase of 10 steals from the previous season. Playing half his games in Cincinnati should help sustain his power output, and hitting in a solid lineup will support his counting stats. While some batting average rebound is possible, expecting him to return to .270 seems unrealistic; a more reasonable projection is around .240. His versatility adds appeal, but fantasy managers should be cautious not to overpay.","Spencer Steer (CIN - 1B,OF)",Spencer Steer,Steer,CIN,"1B,OF",,".244|61R|17HR|63RBI|14SB
Spencer Steer remained a valuable multi-position asset in fantasy baseball during 2024, though his batting average took a notable dip from .271 to .225. Despite the decline, the 26-year-old showcased power and speed, launching 20 home runs and swiping 25 bases-an increase of 10 steals from the previous season. Playing half his games in Cincinnati should help sustain his power output, and hitting in a solid lineup will support his counting stats. While some batting average rebound is possible, expecting him to return to .270 seems unrealistic; a more reasonable projection is around .240. His versatility adds appeal, but fantasy managers should be cautious not to overpay.",202.0
120,,,18,,,,,152,,,,,,,347,92%,93%,91%,P,https://www.fantasypros.com/mlb/players/justin-steele.php,169.4,163.0,11.0,0.0,3.49,1.17,66.0,46.0,29.0,29.0,8.0,1.0,8.66,justin-steele,Justin Steele (CHC - SP),Justin Steele,Steele,CHC,SP,,11-8-0SV|3.49|1.17|8.66K9,122,Justin Steele (CHC - SP),123.0,110.0,123.0,132.0,123.0,122.0,SP,Justin Steele (CHC - SP),0.0,https://images.fantasypros.com/images/players/mlb/8158/headshot/70x70.png,Justin Steele (SP - CHC),"Justin Steele's 2024 season was marked by both impressive performances and injury setbacks. He posted a 5-5 record with a 3.07 ERA over 24 starts, striking out 135 batters in 134.2 innings, and maintaining a WHIP of 1.10. His advanced metrics were equally strong, with an average exit velocity of 86.9 mph and a hard-hit rate of 33.2%, both improvements from the previous season. Notably, Steele's strikeout rate increased to 33.3%, a significant uptick from his 24.6% rate in 2023, while his walk rate remained stable at 5.6%. ​However, injuries impacted Steele's availability. He began the season on the injured list due to a left hamstring strain and later dealt with left elbow tendinitis, limiting his innings. If he can maintain his health, Steele has the tools to build on his success and provide valuable innings for Chicago and fantasy teams.",Justin Steele (CHC - SP),Justin Steele,Steele,CHC,SP,,"11-8-0SV|3.49|1.17|8.66K9
Justin Steele's 2024 season was marked by both impressive performances and injury setbacks. He posted a 5-5 record with a 3.07 ERA over 24 starts, striking out 135 batters in 134.2 innings, and maintaining a WHIP of 1.10. His advanced metrics were equally strong, with an average exit velocity of 86.9 mph and a hard-hit rate of 33.2%, both improvements from the previous season. Notably, Steele's strikeout rate increased to 33.3%, a significant uptick from his 24.6% rate in 2023, while his walk rate remained stable at 5.6%. ​However, injuries impacted Steele's availability. He began the season on the injured list due to a left hamstring strain and later dealt with left elbow tendinitis, limiting his innings. If he can maintain his health, Steele has the tools to build on his success and provide valuable innings for Chicago and fantasy teams.",75.0
121,,,18,,,,,124,,,,,,,323,78%,93%,63%,P,https://www.fantasypros.com/mlb/players/shane-mcclanahan.php,146.2,157.0,9.0,0.0,3.45,1.14,56.0,43.0,30.0,25.0,7.0,0.0,9.66,shane-mcclanahan,Shane McClanahan (TB - SP),Shane McClanahan,McClanahan,TB,SP,,9-7-0SV|3.45|1.14|9.66K9,123,Shane McClanahan (TB - SP),125.0,128.0,124.0,123.0,112.0,122.0,SP,Shane McClanahan (TB - SP),-1.0,https://images.fantasypros.com/images/players/mlb/7487/headshot/70x70.png,Shane McClanahan (SP - TB),"Shane McClanahan missed the entire 2024 season due to Tommy John surgery performed in August 2023. Prior to his injury, McClanahan had established himself as one of MLB's premier pitchers. Over his first three seasons (2021-2023), he compiled a 33-16 record with a stellar 3.02 ERA and 456 strikeouts across 404.2 innings. His 33.4% whiff rate ranked among the top 10 pitchers with at least 400 innings pitched during that span. As McClanahan returns for the 2025 season, it's important to note that this is his second Tommy John surgery, which may lead the Rays to manage his workload cautiously. Adding to this is that the Rays won't be playing in as strong of a pitching environment this season. McClanahan should still be an ace, but tempering expectations will serve fantasy managers well.",Shane McClanahan (TB - SP),Shane McClanahan,McClanahan,TB,SP,,"9-7-0SV|3.45|1.14|9.66K9
Shane McClanahan missed the entire 2024 season due to Tommy John surgery performed in August 2023. Prior to his injury, McClanahan had established himself as one of MLB's premier pitchers. Over his first three seasons (2021-2023), he compiled a 33-16 record with a stellar 3.02 ERA and 456 strikeouts across 404.2 innings. His 33.4% whiff rate ranked among the top 10 pitchers with at least 400 innings pitched during that span. As McClanahan returns for the 2025 season, it's important to note that this is his second Tommy John surgery, which may lead the Rays to manage his workload cautiously. Adding to this is that the Rays won't be playing in as strong of a pitching environment this season. McClanahan should still be an ace, but tempering expectations will serve fantasy managers well.",105.0
122,544.0,79.0,21,72.0,22.0,0.239,0.321,130,27.0,1.0,66.0,158.0,0.409,0.73,304,88%,93%,83%,H,https://www.fantasypros.com/mlb/players/randy-arozarena.php,,,,,,,,,,,,,,randy-arozarena,Randy Arozarena (SEA - OF),Randy Arozarena,Arozarena,SEA,OF,,.239|79R|21HR|72RBI|22SB,124,Randy Arozarena (SEA - OF),127.0,121.0,129.0,131.0,110.0,124.0,OF,Randy Arozarena (SEA - OF),0.0,https://images.fantasypros.com/images/players/mlb/6962/headshot/70x70.png,Randy Arozarena (LF - SEA),"Randy Arozarena's 20/20 season last year was far from inspiring. His strikeout rate, already high at 23.9%, climbed to 26.1%, while his walk rate dipped from 11.3%. On top of that, his Barrel % fell significantly from 12.3% to 8.3%, contributing to a disappointing .219/.332/.388 slash line. His overall production suffered as well, with just 77 runs scored and 60 RBIs. To make matters worse for fantasy managers, Arozarena now plays in Seattle-a team with one of the league's weakest lineups and a notoriously pitcher-friendly ballpark. Don't let his name recognition push you into drafting him too early; he profiles more realistically as a low-end OF3 or even an OF4.",Randy Arozarena (SEA - OF),Randy Arozarena,Arozarena,SEA,OF,,".239|79R|21HR|72RBI|22SB
Randy Arozarena's 20/20 season last year was far from inspiring. His strikeout rate, already high at 23.9%, climbed to 26.1%, while his walk rate dipped from 11.3%. On top of that, his Barrel % fell significantly from 12.3% to 8.3%, contributing to a disappointing .219/.332/.388 slash line. His overall production suffered as well, with just 77 runs scored and 60 RBIs. To make matters worse for fantasy managers, Arozarena now plays in Seattle-a team with one of the league's weakest lineups and a notoriously pitcher-friendly ballpark. Don't let his name recognition push you into drafting him too early; he profiles more realistically as a low-end OF3 or even an OF4.",143.0
123,,,8,,,,,56,,,,,,,278,92%,94%,91%,P,https://www.fantasypros.com/mlb/players/robert-suarez.php,65.1,64.0,4.0,28.0,3.62,1.18,26.0,21.0,63.0,0.0,3.0,0.0,8.85,robert-suarez,Robert Suarez (SD - RP),Robert Suarez,Suarez,SD,RP,,4-3-28SV|3.62|1.18|8.85K9,125,Robert Suarez (SD - RP),105.0,131.0,122.0,104.0,160.0,124.0,RP,Robert Suarez (SD - RP),-1.0,https://images.fantasypros.com/images/players/mlb/45030/headshot/70x70.png,Robert Suarez (RP - SD),"Robert Suarez emerged as a premier fantasy closer in 2024, securing 36 saves (4th in MLB) with a 2.77 ERA and a 1.05 WHIP over 65 innings. A significant improvement in control was evident, as he reduced his walk rate by three percentage points compared to previous seasons. Suarez's pitch selection evolved notably; he leaned heavily on his four-seam fastball, increasing its usage to 71%, while completely phasing out his slider. This adjustment coincided with an uptick in velocity, with his fastball averaging 99.1 mph, up from 97.7 mph in 2023. However, his strikeout rate dipped to 22.9% from 31.9% in 2022, and his 8.17 K/9 was below the league average for closers. At 34, maintaining elite velocity and effectiveness could be challenging. Nonetheless, Suarez's role as the Padres' closer and his recent performance make him a valuable asset for fantasy teams seeking saves in 2025.",Robert Suarez (SD - RP),Robert Suarez,Suarez,SD,RP,,"4-3-28SV|3.62|1.18|8.85K9
Robert Suarez emerged as a premier fantasy closer in 2024, securing 36 saves (4th in MLB) with a 2.77 ERA and a 1.05 WHIP over 65 innings. A significant improvement in control was evident, as he reduced his walk rate by three percentage points compared to previous seasons. Suarez's pitch selection evolved notably; he leaned heavily on his four-seam fastball, increasing its usage to 71%, while completely phasing out his slider. This adjustment coincided with an uptick in velocity, with his fastball averaging 99.1 mph, up from 97.7 mph in 2023. However, his strikeout rate dipped to 22.9% from 31.9% in 2022, and his 8.17 K/9 was below the league average for closers. At 34, maintaining elite velocity and effectiveness could be challenging. Nonetheless, Suarez's role as the Padres' closer and his recent performance make him a valuable asset for fantasy teams seeking saves in 2025.",196.0
124,,,17,,,,,122,,,,,,,289,83%,90%,75%,P,https://www.fantasypros.com/mlb/players/grayson-rodriguez.php,138.0,148.0,9.0,0.0,3.66,1.2,56.0,43.0,24.0,24.0,7.0,0.0,9.65,grayson-rodriguez,Grayson Rodriguez (BAL - SP),Grayson Rodriguez,Rodriguez,BAL,SP,,9-7-0SV|3.66|1.20|9.65K9,126,Grayson Rodriguez (BAL - SP),129.0,143.0,125.0,128.0,98.0,125.0,SP,Grayson Rodriguez (BAL - SP),-1.0,https://images.fantasypros.com/images/players/mlb/7924/headshot/70x70.png,Grayson Rodriguez (SP - BAL),Grayson Rodriguez had a fantastic second season in Baltimore before it was cut short by a lat injury after 20 starts. The 25-year-old threw 116 2/3 innings and struck out 130 batters while maintaining a 3.86 ERA and 1.24 WHIP. Rodriguez's combination of a 26.5% strikeout rate and 7.3% walk rate suggests big things are in store for 2025. He is a very nice mid-round option with the potential to end up as a high-end SP2.,Grayson Rodriguez (BAL - SP),Grayson Rodriguez,Rodriguez,BAL,SP,,"9-7-0SV|3.66|1.20|9.65K9
Grayson Rodriguez had a fantastic second season in Baltimore before it was cut short by a lat injury after 20 starts. The 25-year-old threw 116 2/3 innings and struck out 130 batters while maintaining a 3.86 ERA and 1.24 WHIP. Rodriguez's combination of a 26.5% strikeout rate and 7.3% walk rate suggests big things are in store for 2025. He is a very nice mid-round option with the potential to end up as a high-end SP2.",173.0
125,535.0,73.0,27,81.0,11.0,0.233,0.293,125,24.0,1.0,45.0,165.0,0.436,0.729,278,85%,92%,78%,H,https://www.fantasypros.com/mlb/players/jose-adolis-garcia.php,,,,,,,,,,,,,,jose-adolis-garcia,"Adolis Garcia (TEX - DH,OF)",Adolis Garcia,Garcia,TEX,"DH,OF",,.233|73R|27HR|81RBI|11SB,127,"Adolis Garcia (TEX - DH,OF)",121.0,136.0,109.0,137.0,121.0,125.0,"DH,OF","Adolis Garcia (TEX - DH,OF)",-2.0,https://images.fantasypros.com/images/players/mlb/6901/headshot/70x70.png,"Adolis Garcia (RF,DH - TEX)","Adolis García followed up his stellar 2023 campaign with a noticeable decline in production. His home run total dipped from 39 to 25, and his runs and RBIs took a hit as well, in part due to injuries within the Texas lineup. Looking ahead to 2025, projections suggest he'll post around 30 homers, 75 runs, and 90 RBIs-solid numbers for a third outfielder in fantasy. At this point, his 39-homer, 108-run, 107-RBI season appears to be the exception rather than the norm.","Adolis Garcia (TEX - DH,OF)",Adolis Garcia,Garcia,TEX,"DH,OF",,".233|73R|27HR|81RBI|11SB
Adolis García followed up his stellar 2023 campaign with a noticeable decline in production. His home run total dipped from 39 to 25, and his runs and RBIs took a hit as well, in part due to injuries within the Texas lineup. Looking ahead to 2025, projections suggest he'll post around 30 homers, 75 runs, and 90 RBIs-solid numbers for a third outfielder in fantasy. At this point, his 39-homer, 108-run, 107-RBI season appears to be the exception rather than the norm.",197.0
126,520.0,67.0,15,61.0,26.0,0.244,0.298,127,25.0,4.0,40.0,129.0,0.393,0.691,270,70%,89%,51%,H,https://www.fantasypros.com/mlb/players/dylan-crews.php,,,,,,,,,,,,,,dylan-crews,Dylan Crews (WSH - OF),Dylan Crews,Crews,WSH,OF,,.244|67R|15HR|61RBI|26SB,128,Dylan Crews (WSH - OF),135.0,112.0,130.0,127.0,129.0,127.0,OF,Dylan Crews (WSH - OF),-1.0,https://images.fantasypros.com/images/players/mlb/missing/headshot/70x70.png,Dylan Crews (RF - WSH),"Dylan Crews got his first taste of the majors and wasted no time making an impact-especially on the basepaths. The 22-year-old swiped 12 bases in 31 games while adding three home runs and posting a .218/.288/.353 slash line. If you're targeting Crews in drafts, it's likely for his speed, which could push him toward 25 steals, with some potential for modest power. His overall slash line may not see a drastic improvement, but it should be serviceable. As with others in the ""rookies with upside"" tier, avoid overpaying, but he offers a baseline OF4 value in 2025.",Dylan Crews (WSH - OF),Dylan Crews,Crews,WSH,OF,,".244|67R|15HR|61RBI|26SB
Dylan Crews got his first taste of the majors and wasted no time making an impact-especially on the basepaths. The 22-year-old swiped 12 bases in 31 games while adding three home runs and posting a .218/.288/.353 slash line. If you're targeting Crews in drafts, it's likely for his speed, which could push him toward 25 steals, with some potential for modest power. His overall slash line may not see a drastic improvement, but it should be serviceable. As with others in the ""rookies with upside"" tier, avoid overpaying, but he offers a baseline OF4 value in 2025.",209.0
127,,,6,,,,,55,,,,,,,313,95%,96%,93%,P,https://www.fantasypros.com/mlb/players/ryan-walker-.php,69.7,83.0,4.0,26.0,3.03,1.1,23.0,22.0,66.0,0.0,3.0,0.0,10.72,ryan-walker-,Ryan Walker (SF - RP),Ryan Walker,Walker,SF,RP,,4-3-26SV|3.03|1.10|10.72K9,129,Ryan Walker (SF - RP),90.0,127.0,119.0,110.0,189.0,127.0,RP,Ryan Walker (SF - RP),-2.0,https://images.fantasypros.com/images/players/mlb/missing/headshot/70x70.png,Ryan Walker (RP - SF),"Ryan Walker emerged as a pivotal asset for the San Francisco Giants in 2024, delivering an exceptional season from the bullpen. Over 76 appearances, he posted a stellar 1.91 ERA across 80 innings, complemented by a 10-4 record, 10 saves, and a remarkable 0.85 WHIP. His impressive 32.1% strikeout rate, coupled with a modest 5.8% walk rate, underscores his dominance and control on the mound. Walker's Statcast metrics further highlight his effectiveness, with an average exit velocity of 86.4 mph and a hard-hit rate of 30.2%, both reflecting his ability to limit quality contact. Looking ahead to 2025, Walker is anticipated to retain his role as the Giants' closer, especially given Camilo Doval's struggles with command. He can continue to be a dependable option for saves and strikeouts in fantasy leagues.",Ryan Walker (SF - RP),Ryan Walker,Walker,SF,RP,,"4-3-26SV|3.03|1.10|10.72K9
Ryan Walker emerged as a pivotal asset for the San Francisco Giants in 2024, delivering an exceptional season from the bullpen. Over 76 appearances, he posted a stellar 1.91 ERA across 80 innings, complemented by a 10-4 record, 10 saves, and a remarkable 0.85 WHIP. His impressive 32.1% strikeout rate, coupled with a modest 5.8% walk rate, underscores his dominance and control on the mound. Walker's Statcast metrics further highlight his effectiveness, with an average exit velocity of 86.4 mph and a hard-hit rate of 30.2%, both reflecting his ability to limit quality contact. Looking ahead to 2025, Walker is anticipated to retain his role as the Giants' closer, especially given Camilo Doval's struggles with command. He can continue to be a dependable option for saves and strikeouts in fantasy leagues.",122.0
128,507.0,62.0,16,65.0,15.0,0.273,0.314,138,26.0,3.0,30.0,87.0,0.428,0.741,306,70%,89%,52%,H,https://www.fantasypros.com/mlb/players/luis-garcia-2b.php,,,,,,,,,,,,,,luis-garcia-2b,Luis Garcia (WSH - 2B),Luis Garcia,Garcia,WSH,2B,,.273|62R|16HR|65RBI|15SB,130,Luis Garcia (WSH - 2B),147.0,120.0,126.0,116.0,131.0,128.0,2B,Luis Garcia (WSH - 2B),-2.0,https://images.fantasypros.com/images/players/mlb/7507/headshot/70x70.png,Luis Garcia (2B - WSH),"Luis García Jr. emerged as a key contributor for the Washington Nationals in 2024, delivering a solid fantasy season. Over 140 games, he posted a .282 batting average, hitting 18 home runs, driving in 70 runs, scoring 58 times, and adding 22 stolen bases. His .282/.318/.444 slash line marked a notable improvement over his career .270 average. However, he had a walk rate of just 5.1% and a strikeout rate of 16.3%. The power may regress in 2025, but if his contact rate remains high, he offers good production at the wasteland that is second base.",Luis Garcia (WSH - 2B),Luis Garcia,Garcia,WSH,2B,,".273|62R|16HR|65RBI|15SB
Luis García Jr. emerged as a key contributor for the Washington Nationals in 2024, delivering a solid fantasy season. Over 140 games, he posted a .282 batting average, hitting 18 home runs, driving in 70 runs, scoring 58 times, and adding 22 stolen bases. His .282/.318/.444 slash line marked a notable improvement over his career .270 average. However, he had a walk rate of just 5.1% and a strikeout rate of 16.3%. The power may regress in 2025, but if his contact rate remains high, he offers good production at the wasteland that is second base.",139.0
129,567.0,84.0,9,55.0,17.0,0.279,0.351,158,27.0,5.0,63.0,63.0,0.389,0.741,381,95%,92%,98%,H,https://www.fantasypros.com/mlb/players/steven-kwan.php,,,,,,,,,,,,,,steven-kwan,Steven Kwan (CLE - OF),Steven Kwan,Kwan,CLE,OF,,.279|84R|9HR|55RBI|17SB,131,Steven Kwan (CLE - OF),139.0,124.0,148.0,135.0,125.0,134.0,OF,Steven Kwan (CLE - OF),3.0,https://images.fantasypros.com/images/players/mlb/44349/headshot/70x70.png,Steven Kwan (LF - CLE),"Steven Kwan's 2024 season was shortened by injuries, restricting him to 122 games, but he remained highly productive when on the field. He took a step forward in power, launching 14 home runs while scoring 83 runs as a key piece atop Cleveland's lineup. Fantasy managers drafting the 27-year-old will be looking for a repeat of his stellar .292/.368/.425 slash line. While he may not be the flashiest player, Kwan's disciplined approach-rarely striking out or chasing bad pitches-makes him a model of consistency at the plate.",Steven Kwan (CLE - OF),Steven Kwan,Kwan,CLE,OF,,".279|84R|9HR|55RBI|17SB
Steven Kwan's 2024 season was shortened by injuries, restricting him to 122 games, but he remained highly productive when on the field. He took a step forward in power, launching 14 home runs while scoring 83 runs as a key piece atop Cleveland's lineup. Fantasy managers drafting the 27-year-old will be looking for a repeat of his stellar .292/.368/.425 slash line. While he may not be the flashiest player, Kwan's disciplined approach-rarely striking out or chasing bad pitches-makes him a model of consistency at the plate.",37.0
130,,,21,,,,,143,,,,,,,334,90%,92%,88%,P,https://www.fantasypros.com/mlb/players/jack-flaherty.php,161.0,176.0,10.0,0.0,3.73,1.2,67.0,50.0,29.0,29.0,9.0,0.0,9.84,jack-flaherty,Jack Flaherty (DET - SP),Jack Flaherty,Flaherty,DET,SP,,10-9-0SV|3.73|1.20|9.84K9,132,Jack Flaherty (DET - SP),146.0,133.0,134.0,142.0,120.0,135.0,SP,Jack Flaherty (DET - SP),3.0,https://images.fantasypros.com/images/players/mlb/6021/headshot/70x70.png,Jack Flaherty (SP - DET),"​Jack Flaherty delivered a strong 2024 season, posting a 13-7 record with a 3.17 ERA and 194 strikeouts over 162 innings pitched. He began the year with the Tigers, achieving a 2.95 ERA and 133 strikeouts in 18 starts. A midseason trade to the Dodgers saw him continue his solid performance, recording a 6-2 record with a 3.58 ERA in 10 starts. Flaherty's Statcast metrics indicate a barrel rate of 7.7%, suggesting effective contact management. Now entering his age-29 season and returning to Detroit, Flaherty's health and ability to maintain his regular-season form will be pivotal for his fantasy value in 2025.​",Jack Flaherty (DET - SP),Jack Flaherty,Flaherty,DET,SP,,"10-9-0SV|3.73|1.20|9.84K9
​Jack Flaherty delivered a strong 2024 season, posting a 13-7 record with a 3.17 ERA and 194 strikeouts over 162 innings pitched. He began the year with the Tigers, achieving a 2.95 ERA and 133 strikeouts in 18 starts. A midseason trade to the Dodgers saw him continue his solid performance, recording a 6-2 record with a 3.58 ERA in 10 starts. Flaherty's Statcast metrics indicate a barrel rate of 7.7%, suggesting effective contact management. Now entering his age-29 season and returning to Detroit, Flaherty's health and ability to maintain his regular-season form will be pivotal for his fantasy value in 2025.​",92.0
131,,,18,,,,,121,,,,,,,284,75%,90%,60%,P,https://www.fantasypros.com/mlb/players/bryan-woo.php,138.0,129.0,9.0,0.0,3.64,1.09,56.0,30.0,26.0,26.0,7.0,0.0,8.41,bryan-woo,Bryan Woo (SEA - SP),Bryan Woo,Woo,SEA,SP,,9-7-0SV|3.64|1.09|8.41K9,133,Bryan Woo (SEA - SP),136.0,130.0,133.0,140.0,137.0,135.0,SP,Bryan Woo (SEA - SP),2.0,https://images.fantasypros.com/images/players/mlb/47011/headshot/70x70.png,Bryan Woo (SP - SEA),"Bryan Woo emerged with the Mariners in 2024, posting a 9-3 record with a 2.89 ERA over 22 starts, totaling 121.1 innings pitched. His exceptional 0.90 WHIP and 2.6% walk rate underscored his remarkable control. Woo's Statcast metrics further highlighted his dominance, with an average exit velocity of 87.7 mph and a hard-hit rate of 34.4%, both improvements from his rookie season. Notably, his expected batting average (xBA) remained steady at .220, while his expected slugging percentage (xSLG) decreased to .317. Despite dealing with early-season injuries, Woo's ability to limit walks and hard contact positions him as a good SP3 in fantasy leagues for 2025. However, managers should monitor his health closely, as his injury history could impact his availability and performance.​",Bryan Woo (SEA - SP),Bryan Woo,Woo,SEA,SP,,"9-7-0SV|3.64|1.09|8.41K9
Bryan Woo emerged with the Mariners in 2024, posting a 9-3 record with a 2.89 ERA over 22 starts, totaling 121.1 innings pitched. His exceptional 0.90 WHIP and 2.6% walk rate underscored his remarkable control. Woo's Statcast metrics further highlighted his dominance, with an average exit velocity of 87.7 mph and a hard-hit rate of 34.4%, both improvements from his rookie season. Notably, his expected batting average (xBA) remained steady at .220, while his expected slugging percentage (xSLG) decreased to .317. Despite dealing with early-season injuries, Woo's ability to limit walks and hard contact positions him as a good SP3 in fantasy leagues for 2025. However, managers should monitor his health closely, as his injury history could impact his availability and performance.​",182.0
132,467.0,66.0,17,60.0,22.0,0.246,0.319,115,20.0,2.0,50.0,132.0,0.411,0.73,256,59%,87%,31%,H,https://www.fantasypros.com/mlb/players/jasson-dominguez.php,,,,,,,,,,,,,,jasson-dominguez,Jasson Dominguez (NYY - OF),Jasson Dominguez,Dominguez,NYY,OF,,.246|66R|17HR|60RBI|22SB,134,Jasson Dominguez (NYY - OF),153.0,119.0,140.0,141.0,130.0,137.0,OF,Jasson Dominguez (NYY - OF),3.0,https://images.fantasypros.com/images/players/mlb/8513/headshot/70x70.png,Jasson Dominguez (LF - NYY),"Jasson Dominguez may feel like a longtime prospect, but he's still just 21 years old and has dominated Triple-A pitching whenever he's been there. With the potential to deliver consistent 20/20 production, he offers plenty of fantasy upside heading into 2025. The Yankees' offense struggled in 2024, creating a clear opportunity for Dominguez to carve out a role. While his talent is undeniable, it's wise to expect some rookie growing pains along the way.",Jasson Dominguez (NYY - OF),Jasson Dominguez,Dominguez,NYY,OF,,".246|66R|17HR|60RBI|22SB
Jasson Dominguez may feel like a longtime prospect, but he's still just 21 years old and has dominated Triple-A pitching whenever he's been there. With the potential to deliver consistent 20/20 production, he offers plenty of fantasy upside heading into 2025. The Yankees' offense struggled in 2024, creating a clear opportunity for Dominguez to carve out a role. While his talent is undeniable, it's wise to expect some rookie growing pains along the way.",229.0
133,615.0,77.0,22,78.0,10.0,0.262,0.295,161,37.0,4.0,29.0,173.0,0.441,0.736,295,60%,93%,26%,H,https://www.fantasypros.com/mlb/players/ezequiel-tovar.php,,,,,,,,,,,,,,ezequiel-tovar,Ezequiel Tovar (COL - SS),Ezequiel Tovar,Tovar,COL,SS,,.262|77R|22HR|78RBI|10SB,135,Ezequiel Tovar (COL - SS),133.0,155.0,141.0,120.0,136.0,137.0,SS,Ezequiel Tovar (COL - SS),2.0,https://images.fantasypros.com/images/players/mlb/45000/headshot/70x70.png,Ezequiel Tovar (SS - COL),"Ezequiel Tovar emerged as a key contributor for the Rockies in 2024, playing 157 games and posting a .269 batting average with 26 home runs, 78 RBIs, 83 runs scored, and six stolen bases. His .269/.295/.469 slash line marked an improvement over his previous season's .253 average. While his .469 slugging percentage indicates respectable power, his on-base percentage of .295 suggests room for improvement in plate discipline. Tovar's walk rate was among the lowest in the league at 3.3%, and he amassed 200 strikeouts, resulting in a 28.8% strikeout rate. Looking ahead to 2025, Tovar addressing his strikeout and walk rates will be crucial for sustaining and enhancing his contributions. Given his youth and the Rockies' commitment to his development, Tovar has the potential to evolve into a more disciplined hitter, complementing his already stellar defense.",Ezequiel Tovar (COL - SS),Ezequiel Tovar,Tovar,COL,SS,,".262|77R|22HR|78RBI|10SB
Ezequiel Tovar emerged as a key contributor for the Rockies in 2024, playing 157 games and posting a .269 batting average with 26 home runs, 78 RBIs, 83 runs scored, and six stolen bases. His .269/.295/.469 slash line marked an improvement over his previous season's .253 average. While his .469 slugging percentage indicates respectable power, his on-base percentage of .295 suggests room for improvement in plate discipline. Tovar's walk rate was among the lowest in the league at 3.3%, and he amassed 200 strikeouts, resulting in a 28.8% strikeout rate. Looking ahead to 2025, Tovar addressing his strikeout and walk rates will be crucial for sustaining and enhancing his contributions. Given his youth and the Rockies' commitment to his development, Tovar has the potential to evolve into a more disciplined hitter, complementing his already stellar defense.",162.0
134,516.0,68.0,4,43.0,31.0,0.281,0.346,145,24.0,4.0,51.0,85.0,0.366,0.712,298,57%,92%,21%,H,https://www.fantasypros.com/mlb/players/xavier-edwards-ss.php,,,,,,,,,,,,,,xavier-edwards-ss,Xavier Edwards (MIA - SS),Xavier Edwards,Edwards,MIA,SS,,.281|68R|4HR|43RBI|31SB,136,Xavier Edwards (MIA - SS),112.0,132.0,132.0,143.0,167.0,137.0,SS,Xavier Edwards (MIA - SS),1.0,https://images.fantasypros.com/images/players/mlb/40137/headshot/70x70.png,Xavier Edwards (SS - MIA),"Xavier Edwards emerged as a dynamic contributor for the Miami Marlins in 2024, boasting a .328 batting average over 265 at-bats, with 1 home run, 26 RBIs, 39 runs scored, and an impressive 31 stolen bases. While his .398 batting average on balls in play (BABIP) suggests potential regression, Edwards' consistent hard contact and speed may help sustain a high average. His low 1.4% barrel rate and 23.0% fly-ball rate indicate limited home run potential, but his ability to spray the ball to all fields and capitalize on his speed should continue to yield extra-base hits. If Edwards maintains his contact rate and on-base skills, he could be a valuable asset for runs scored and stolen bases.",Xavier Edwards (MIA - SS),Xavier Edwards,Edwards,MIA,SS,,".281|68R|4HR|43RBI|31SB
Xavier Edwards emerged as a dynamic contributor for the Miami Marlins in 2024, boasting a .328 batting average over 265 at-bats, with 1 home run, 26 RBIs, 39 runs scored, and an impressive 31 stolen bases. While his .398 batting average on balls in play (BABIP) suggests potential regression, Edwards' consistent hard contact and speed may help sustain a high average. His low 1.4% barrel rate and 23.0% fly-ball rate indicate limited home run potential, but his ability to spray the ball to all fields and capitalize on his speed should continue to yield extra-base hits. If Edwards maintains his contact rate and on-base skills, he could be a valuable asset for runs scored and stolen bases.",156.0
135,,,18,,,,,128,,,,,,,323,88%,91%,85%,P,https://www.fantasypros.com/mlb/players/kodai-senga.php,155.0,170.0,10.0,0.0,3.66,1.25,63.0,66.0,31.0,27.0,7.0,1.0,9.87,kodai-senga,Kodai Senga (NYM - SP),Kodai Senga,Senga,NYM,SP,,10-7-0SV|3.66|1.25|9.87K9,137,Kodai Senga (NYM - SP),141.0,140.0,135.0,147.0,126.0,138.0,SP,Kodai Senga (NYM - SP),1.0,https://images.fantasypros.com/images/players/mlb/6917/headshot/70x70.png,Kodai Senga (SP - NYM),"Kodai Senga's 2024 season was marred by injuries, limiting him to just one regular-season start. After a promising 2023 rookie campaign with a 2.98 ERA and 202 strikeouts over 166",Kodai Senga (NYM - SP),Kodai Senga,Senga,NYM,SP,,"10-7-0SV|3.66|1.25|9.87K9
Kodai Senga's 2024 season was marred by injuries, limiting him to just one regular-season start. After a promising 2023 rookie campaign with a 2.98 ERA and 202 strikeouts over 166",106.0
136,,,26,,,,,143,,,,,,,342,88%,91%,84%,P,https://www.fantasypros.com/mlb/players/carlos-rodon.php,166.8,186.0,11.0,0.0,4.02,1.18,75.0,55.0,30.0,30.0,9.0,0.0,10.04,carlos-rodon,Carlos Rodon (NYY - SP),Carlos Rodon,Rodon,NYY,SP,,11-9-0SV|4.02|1.18|10.04K9,138,Carlos Rodon (NYY - SP),155.0,150.0,145.0,136.0,114.0,140.0,SP,Carlos Rodon (NYY - SP),2.0,https://images.fantasypros.com/images/players/mlb/5674/headshot/70x70.png,Carlos Rodon (SP - NYY),"Carlos Rodon rebounded impressively in 2024, delivering a strong fantasy season with 16 wins, a 3.96 ERA, and 195 strikeouts over 175 innings pitched. This performance marked a significant improvement from his injury-plagued 2023 season, where he struggled with a 6.85 ERA over 14 starts. Rodon's 1.59 HR/9 rate in 2024 raises some concerns and 2025 projections suggest some overall regression is in store. He is a decent SP3 or SP4 but nothing to get excited about.",Carlos Rodon (NYY - SP),Carlos Rodon,Rodon,NYY,SP,,"11-9-0SV|4.02|1.18|10.04K9
Carlos Rodon rebounded impressively in 2024, delivering a strong fantasy season with 16 wins, a 3.96 ERA, and 195 strikeouts over 175 innings pitched. This performance marked a significant improvement from his injury-plagued 2023 season, where he struggled with a 6.85 ERA over 14 starts. Rodon's 1.59 HR/9 rate in 2024 raises some concerns and 2025 projections suggest some overall regression is in store. He is a decent SP3 or SP4 but nothing to get excited about.",79.0
137,,,21,,,,,142,,,,,,,308,86%,91%,82%,P,https://www.fantasypros.com/mlb/players/jared-jones.php,158.8,165.0,9.0,0.0,3.97,1.23,70.0,53.0,32.0,28.0,9.0,0.0,9.35,jared-jones,Jared Jones (PIT - SP),Jared Jones,Jones,PIT,SP,,9-9-0SV|3.97|1.23|9.35K9,139,Jared Jones (PIT - SP),144.0,137.0,155.0,145.0,127.0,142.0,SP,Jared Jones (PIT - SP),3.0,https://images.fantasypros.com/images/players/mlb/43901/headshot/70x70.png,Jared Jones (SP - PIT),"Jared Jones made a notable impact in his 2024 rookie season with the Pirates, posting a 6-8 record over 22 starts. He maintained a 4.14 ERA and a 1.19 WHIP across 121.2 innings, striking out 132 batters. His 26.2% strikeout percentage was also impressive. Jones' arsenal is highlighted by a four-seam fastball averaging 96 mph, complemented by a slider that held opponents to a .157 batting average. While his 2.88 BB/9 rate indicates solid control, his 1.33 HR/9 rate suggests susceptibility to home runs. Notably, he excelled at home with a 2.87 ERA over 12 games, compared to a 5.86 ERA in 10 road games. Jones' impressive strikeout ability and developing pitch repertoire position him as a valuable mid/late-round pitching option in fantasy leagues, especially if he can mitigate his home run vulnerability and improve consistency on the road.​",Jared Jones (PIT - SP),Jared Jones,Jones,PIT,SP,,"9-9-0SV|3.97|1.23|9.35K9
Jared Jones made a notable impact in his 2024 rookie season with the Pirates, posting a 6-8 record over 22 starts. He maintained a 4.14 ERA and a 1.19 WHIP across 121.2 innings, striking out 132 batters. His 26.2% strikeout percentage was also impressive. Jones' arsenal is highlighted by a four-seam fastball averaging 96 mph, complemented by a slider that held opponents to a .157 batting average. While his 2.88 BB/9 rate indicates solid control, his 1.33 HR/9 rate suggests susceptibility to home runs. Notably, he excelled at home with a 2.87 ERA over 12 games, compared to a 5.86 ERA in 10 road games. Jones' impressive strikeout ability and developing pitch repertoire position him as a valuable mid/late-round pitching option in fantasy leagues, especially if he can mitigate his home run vulnerability and improve consistency on the road.​",132.0
138,,,19,,,,,163,,,,,,,321,81%,90%,72%,P,https://www.fantasypros.com/mlb/players/sandy-alcantara.php,172.4,149.0,10.0,0.0,3.72,1.19,71.0,42.0,28.0,28.0,9.0,3.0,7.78,sandy-alcantara,Sandy Alcantara (MIA - SP),Sandy Alcantara,Alcantara,MIA,SP,,10-9-0SV|3.72|1.19|7.78K9,140,Sandy Alcantara (MIA - SP),150.0,134.0,137.0,153.0,141.0,143.0,SP,Sandy Alcantara (MIA - SP),3.0,https://images.fantasypros.com/images/players/mlb/7109/headshot/70x70.png,Sandy Alcantara (SP - MIA),"Sandy Alcantara missed all of 2024 recovering from Tommy John surgery, but he has already been named Miami's Opening Day starter. Alcantara's biggest strengths prior to injury were his ratio protection. He has a career ERA of 3.32 and WHIP of 1.16. His strikeout rate is average (21.4%), but his walk rate is an above-average 7.4%. Whether this will continue post-TJ is a question as pitchers often increase velocity but struggle with command upon return. The good news is that Alcantara is currently going in the 14th round in 12-team leagues, making the cost more bearable given the potential risks. However, if everything hits on all cylinders, he could return to SP2 status in a hurry.",Sandy Alcantara (MIA - SP),Sandy Alcantara,Alcantara,MIA,SP,,"10-9-0SV|3.72|1.19|7.78K9
Sandy Alcantara missed all of 2024 recovering from Tommy John surgery, but he has already been named Miami's Opening Day starter. Alcantara's biggest strengths prior to injury were his ratio protection. He has a career ERA of 3.32 and WHIP of 1.16. His strikeout rate is average (21.4%), but his walk rate is an above-average 7.4%. Whether this will continue post-TJ is a question as pitchers often increase velocity but struggle with command upon return. The good news is that Alcantara is currently going in the 14th round in 12-team leagues, making the cost more bearable given the potential risks. However, if everything hits on all cylinders, he could return to SP2 status in a hurry.",110.0
139,577.0,79.0,16,65.0,27.0,0.237,0.297,137,29.0,4.0,49.0,144.0,0.387,0.684,299,62%,90%,34%,H,https://www.fantasypros.com/mlb/players/anthony-volpe.php,,,,,,,,,,,,,,anthony-volpe,Anthony Volpe (NYY - SS),Anthony Volpe,Volpe,NYY,SS,,.237|79R|16HR|65RBI|27SB,142,Anthony Volpe (NYY - SS),156.0,170.0,139.0,138.0,117.0,144.0,SS,Anthony Volpe (NYY - SS),2.0,https://images.fantasypros.com/images/players/mlb/43704/headshot/70x70.png,Anthony Volpe (SS - NYY),"Anthony Volpe's 2024 season showcased his development as a dynamic player for the New York Yankees. Over 160 games, he posted a .243 batting average with 12 home runs, 60 RBIs, 90 runs scored, and an impressive 28 stolen bases. On the downside, his .293 on-base percentage and .364 slugging percentage resulted in a .657 OPS. Heading into his third year, Volpe's fantasy value is tied to improved plate discipline and speed. Fantasy managers should avoid having him as their SS1, but he can fill a MI spot if he falls in the draft.",Anthony Volpe (NYY - SS),Anthony Volpe,Volpe,NYY,SS,,".237|79R|16HR|65RBI|27SB
Anthony Volpe's 2024 season showcased his development as a dynamic player for the New York Yankees. Over 160 games, he posted a .243 batting average with 12 home runs, 60 RBIs, 90 runs scored, and an impressive 28 stolen bases. On the downside, his .293 on-base percentage and .364 slugging percentage resulted in a .657 OPS. Heading into his third year, Volpe's fantasy value is tied to improved plate discipline and speed. Fantasy managers should avoid having him as their SS1, but he can fill a MI spot if he falls in the draft.",153.0
140,492.0,68.0,15,59.0,30.0,0.243,0.29,120,22.0,6.0,32.0,138.0,0.4,0.69,252,58%,89%,27%,H,https://www.fantasypros.com/mlb/players/pete-crow-armstrong.php,,,,,,,,,,,,,,pete-crow-armstrong,Pete Crow-Armstrong (CHC - OF),Pete Crow-Armstrong,Crow-Armstrong,CHC,OF,,.243|68R|15HR|59RBI|30SB,143,Pete Crow-Armstrong (CHC - OF),140.0,146.0,142.0,133.0,164.0,145.0,OF,Pete Crow-Armstrong (CHC - OF),2.0,https://images.fantasypros.com/images/players/mlb/23369/headshot/70x70.png,Pete Crow-Armstrong (CF - CHC),"Top prospect Pete Crow-Armstrong finally got an extended opportunity in Chicago, showcasing his speed and power with 10 home runs and 27 stolen bases. His .237 batting average left room for improvement, but his minor league track record suggests he can take a step forward in his second full season. While his xwOBA (.281) and Statcast metrics indicate he won't be an on-base standout, his elite 99th-percentile speed makes him a viable OF3 option for fantasy managers.",Pete Crow-Armstrong (CHC - OF),Pete Crow-Armstrong,Crow-Armstrong,CHC,OF,,".243|68R|15HR|59RBI|30SB
Top prospect Pete Crow-Armstrong finally got an extended opportunity in Chicago, showcasing his speed and power with 10 home runs and 27 stolen bases. His .237 batting average left room for improvement, but his minor league track record suggests he can take a step forward in his second full season. While his xwOBA (.281) and Statcast metrics indicate he won't be an on-base standout, his elite 99th-percentile speed makes him a viable OF3 option for fantasy managers.",242.0
141,529.0,70.0,23,80.0,2.0,0.235,0.306,124,24.0,1.0,54.0,170.0,0.418,0.725,254,61%,90%,33%,H,https://www.fantasypros.com/mlb/players/eugenio-suarez.php,,,,,,,,,,,,,,eugenio-suarez,Eugenio Suarez (ARI - 3B),Eugenio Suarez,Suarez,ARI,3B,,.235|70R|23HR|80RBI|2SB,144,Eugenio Suarez (ARI - 3B),143.0,157.0,146.0,156.0,133.0,147.0,3B,Eugenio Suarez (ARI - 3B),3.0,https://images.fantasypros.com/images/players/mlb/5332/headshot/70x70.png,Eugenio Suarez (3B - ARI),"Eugenio Suarez delivered a strong fantasy performance in 2024, hitting 30 home runs, driving in 101 runs, scoring 90 times, and adding 2 stolen bases. His .256/.319/.469 slash line aligns closely with his career .248 batting average. Suarez's power is supported by an 11.3% Barrel Rate and a .469 SLG, though his 27.5% strikeout rate remains a concern. At 33, Suarez will probably offer solid overall stats, but fantasy managers will probably need to ride out extreme ups and downs throughout the season.",Eugenio Suarez (ARI - 3B),Eugenio Suarez,Suarez,ARI,3B,,".235|70R|23HR|80RBI|2SB
Eugenio Suarez delivered a strong fantasy performance in 2024, hitting 30 home runs, driving in 101 runs, scoring 90 times, and adding 2 stolen bases. His .256/.319/.469 slash line aligns closely with his career .248 batting average. Suarez's power is supported by an 11.3% Barrel Rate and a .469 SLG, though his 27.5% strikeout rate remains a concern. At 33, Suarez will probably offer solid overall stats, but fantasy managers will probably need to ride out extreme ups and downs throughout the season.",238.0
142,497.0,75.0,17,66.0,7.0,0.248,0.333,123,23.0,3.0,64.0,126.0,0.413,0.747,288,83%,89%,78%,H,https://www.fantasypros.com/mlb/players/brandon-nimmo.php,,,,,,,,,,,,,,brandon-nimmo,Brandon Nimmo (NYM - OF),Brandon Nimmo,Nimmo,NYM,OF,,.248|75R|17HR|66RBI|7SB,145,Brandon Nimmo (NYM - OF),165.0,149.0,147.0,165.0,116.0,148.0,OF,Brandon Nimmo (NYM - OF),3.0,https://images.fantasypros.com/images/players/mlb/4685/headshot/70x70.png,"Brandon Nimmo (LF,CF - NYM)","Brandon Nimmo had established himself as a dependable fantasy outfielder, but his 2024 season was a mixed bag. Most notably, his typically steady batting average took a significant hit, dropping to .224 after back-to-back seasons at .274. While his expected batting average (.247) suggested some improvement, it was still below expectations for fantasy managers. On the positive side, Nimmo maintained his power with 23 home runs and significantly increased his stolen base total from three to 15, a welcome boost for those who stuck with him. He also contributed 90 RBI and 88 runs, helping to counterbalance his career-worst .327 OBP. However, his xwOBACON (.390) indicates that his struggles may have been an outlier, making him a strong candidate to bounce back as a reliable OF3/OF4 option in 2025.",Brandon Nimmo (NYM - OF),Brandon Nimmo,Nimmo,NYM,OF,,".248|75R|17HR|66RBI|7SB
Brandon Nimmo had established himself as a dependable fantasy outfielder, but his 2024 season was a mixed bag. Most notably, his typically steady batting average took a significant hit, dropping to .224 after back-to-back seasons at .274. While his expected batting average (.247) suggested some improvement, it was still below expectations for fantasy managers. On the positive side, Nimmo maintained his power with 23 home runs and significantly increased his stolen base total from three to 15, a welcome boost for those who stuck with him. He also contributed 90 RBI and 88 runs, helping to counterbalance his career-worst .327 OBP. However, his xwOBACON (.390) indicates that his struggles may have been an outlier, making him a strong candidate to bounce back as a reliable OF3/OF4 option in 2025.",176.0
143,554.0,70.0,16,78.0,5.0,0.275,0.325,153,32.0,2.0,41.0,94.0,0.428,0.754,338,92%,92%,92%,H,https://www.fantasypros.com/mlb/players/alec-bohm.php,,,,,,,,,,,,,,alec-bohm,Alec Bohm (PHI - 3B),Alec Bohm,Bohm,PHI,3B,,.275|70R|16HR|78RBI|5SB,146,Alec Bohm (PHI - 3B),137.0,144.0,156.0,162.0,149.0,150.0,"1B,3B","Alec Bohm (PHI - 1B,3B)",4.0,https://images.fantasypros.com/images/players/mlb/7921/headshot/70x70.png,Alec Bohm (3B - PHI),"Alec Bohm delivered a solid fantasy performance in 2024, recording 15 home runs, 97 RBIs, 62 runs scored, and five stolen bases over 143 games. His .280/.332/.448 slash line marked a slight improvement over his career .277 batting average. Bohm's season began impressively, with a .370 batting average and four home runs in April. However, his production declined in the second half, partly due to a left hand injury that sidelined him for 14 games. Statcast metrics reveal a mixed profile: an average exit velocity of 90.4 mph and a 45.6% hard-hit rate suggest solid contact, but a 6.8% barrel rate indicates limited elite power. His 17.4% strikeout rate reflects good plate discipline, though his 4.9% walk rate remains below league average. He is a fine option for a CI spot, but be prepared for the peaks and valleys that come along with him.",Alec Bohm (PHI - 3B),Alec Bohm,Bohm,PHI,3B,,".275|70R|16HR|78RBI|5SB
Alec Bohm delivered a solid fantasy performance in 2024, recording 15 home runs, 97 RBIs, 62 runs scored, and five stolen bases over 143 games. His .280/.332/.448 slash line marked a slight improvement over his career .277 batting average. Bohm's season began impressively, with a .370 batting average and four home runs in April. However, his production declined in the second half, partly due to a left hand injury that sidelined him for 14 games. Statcast metrics reveal a mixed profile: an average exit velocity of 90.4 mph and a 45.6% hard-hit rate suggest solid contact, but a 6.8% barrel rate indicates limited elite power. His 17.4% strikeout rate reflects good plate discipline, though his 4.9% walk rate remains below league average. He is a fine option for a CI spot, but be prepared for the peaks and valleys that come along with him.",84.0
144,547.0,71.0,16,65.0,14.0,0.267,0.325,146,26.0,1.0,47.0,109.0,0.406,0.731,311,90%,93%,87%,H,https://www.fantasypros.com/mlb/players/xander-bogaerts.php,,,,,,,,,,,,,,xander-bogaerts,"Xander Bogaerts (SD - 2B,SS)",Xander Bogaerts,Bogaerts,SD,"2B,SS",,.267|71R|16HR|65RBI|14SB,147,"Xander Bogaerts (SD - 2B,SS)",148.0,141.0,176.0,144.0,143.0,150.0,"2B,SS","Xander Bogaerts (SD - 2B,SS)",3.0,https://images.fantasypros.com/images/players/mlb/4347/headshot/70x70.png,"Xander Bogaerts (2B,SS - SD)","Xander Bogaerts continued his struggles in 2024, appearing in only 111 games after switching from shortstop to second base. The 32-year-old hit 11 home runs and stole 13 bases while slashing .264/.307/.381. Bogaerts has seen his power sapped since arriving in San Diego, and there is some question whether or not the power will return, especially as his age creeps up. There was some hope toward the end of the season as Bogaerts hit .292 in the second half. If his health can hold up to more than 111 games, he does offer a solid batting average, but the guy we knew in Boston may be gone at this point.","Xander Bogaerts (SD - 2B,SS)",Xander Bogaerts,Bogaerts,SD,"2B,SS",,".267|71R|16HR|65RBI|14SB
Xander Bogaerts continued his struggles in 2024, appearing in only 111 games after switching from shortstop to second base. The 32-year-old hit 11 home runs and stole 13 bases while slashing .264/.307/.381. Bogaerts has seen his power sapped since arriving in San Diego, and there is some question whether or not the power will return, especially as his age creeps up. There was some hope toward the end of the season as Bogaerts hit .292 in the second half. If his health can hold up to more than 111 games, he does offer a solid batting average, but the guy we knew in Boston may be gone at this point.",127.0
145,,,22,,,,,180,,,,,,,326,86%,90%,82%,P,https://www.fantasypros.com/mlb/players/seth-lugo.php,185.4,160.0,12.0,0.0,3.99,1.24,82.0,50.0,31.0,31.0,10.0,1.0,7.77,seth-lugo,Seth Lugo (KC - SP),Seth Lugo,Lugo,KC,SP,,12-10-0SV|3.99|1.24|7.77K9,148,Seth Lugo (KC - SP),166.0,153.0,136.0,176.0,128.0,152.0,SP,Seth Lugo (KC - SP),4.0,https://images.fantasypros.com/images/players/mlb/5890/headshot/70x70.png,Seth Lugo (SP - KC),"Seth Lugo delivered an impressive 2024 season for the Kansas City Royals, posting a 16-9 record with a 3.00 ERA over 206.2 innings pitched, and recording 181 strikeouts against 48 walks. His performance earned him a spot on the American League All-Star team and a second-place finish in the AL Cy Young Award voting. At 35 years old, Lugo's durability and consistency were key assets for the Royals' rotation. While his 2024 performance was stellar, fantasy managers should monitor his workload and age-related factors when considering him for the 2025 season.​",Seth Lugo (KC - SP),Seth Lugo,Lugo,KC,SP,,"12-10-0SV|3.99|1.24|7.77K9
Seth Lugo delivered an impressive 2024 season for the Kansas City Royals, posting a 16-9 record with a 3.00 ERA over 206.2 innings pitched, and recording 181 strikeouts against 48 walks. His performance earned him a spot on the American League All-Star team and a second-place finish in the AL Cy Young Award voting. At 35 years old, Lugo's durability and consistency were key assets for the Royals' rotation. While his 2024 performance was stellar, fantasy managers should monitor his workload and age-related factors when considering him for the 2025 season.​",103.0
146,456.0,59.0,25,70.0,4.0,0.228,0.288,104,20.0,2.0,38.0,136.0,0.452,0.74,239,79%,89%,68%,H,https://www.fantasypros.com/mlb/players/shea-langeliers.php,,,,,,,,,,,,,,shea-langeliers,Shea Langeliers (ATH - C),Shea Langeliers,Langeliers,ATH,C,,.228|59R|25HR|70RBI|4SB,149,Shea Langeliers (ATH - C),159.0,151.0,120.0,112.0,230.0,154.0,C,Shea Langeliers (ATH - C),5.0,https://images.fantasypros.com/images/players/mlb/8246/headshot/70x70.png,Shea Langeliers (C - ATH),"Shea Langeliers showcased significant power during the 2024 season, hitting 29 home runs and driving in 80 runs over 137 games. His .224/.288/.450 slash line reflects a modest improvement from his previous seasons, though his batting average remains below league average. Notably, Langeliers' power appears sustainable, as evidenced by a .456 xSLG and a 12.8% Barrel Rate, placing him in the 87th percentile. He also reduced his strikeout rate to 27.2%, down from 29.2% in 2023, indicating progress in plate discipline. As the Athletics transition to Sutter Health Park in Sacramento, a venue that could favor hitters-Langeliers' power numbers, could see an uptick in 2025. His eligibility at catcher enhances his fantasy value, making him a compelling option for those seeking power at the position.",Shea Langeliers (ATH - C),Shea Langeliers,Langeliers,ATH,C,,".228|59R|25HR|70RBI|4SB
Shea Langeliers showcased significant power during the 2024 season, hitting 29 home runs and driving in 80 runs over 137 games. His .224/.288/.450 slash line reflects a modest improvement from his previous seasons, though his batting average remains below league average. Notably, Langeliers' power appears sustainable, as evidenced by a .456 xSLG and a 12.8% Barrel Rate, placing him in the 87th percentile. He also reduced his strikeout rate to 27.2%, down from 29.2% in 2023, indicating progress in plate discipline. As the Athletics transition to Sutter Health Park in Sacramento, a venue that could favor hitters-Langeliers' power numbers, could see an uptick in 2025. His eligibility at catcher enhances his fantasy value, making him a compelling option for those seeking power at the position.",267.0
147,,,19,,,,,141,,,,,,,335,77%,89%,66%,P,https://www.fantasypros.com/mlb/players/reynaldo-lopez.php,161.5,170.0,11.0,0.0,3.68,1.21,66.0,55.0,30.0,30.0,7.0,0.0,9.47,reynaldo-lopez,Reynaldo Lopez (ATL - SP),Reynaldo Lopez,Lopez,ATL,SP,,11-7-0SV|3.68|1.21|9.47K9,150,Reynaldo Lopez (ATL - SP),145.0,161.0,163.0,158.0,146.0,155.0,SP,Reynaldo Lopez (ATL - SP),5.0,https://images.fantasypros.com/images/players/mlb/6012/headshot/70x70.png,Reynaldo Lopez (SP - ATL),"Reynaldo López delivered an exceptional 2024 season for the Atlanta Braves, posting an 8-5 record with a stellar 1.99 ERA over 135.2 innings, and accumulating 148 strikeouts. However, López's advanced metrics suggest potential regression in 2025. His expected ERA (xERA) was significantly higher than his actual ERA. Fantasy managers should temper expectations for López in 2025, anticipating some statistical normalization.",Reynaldo Lopez (ATL - SP),Reynaldo Lopez,Lopez,ATL,SP,,"11-7-0SV|3.68|1.21|9.47K9
Reynaldo López delivered an exceptional 2024 season for the Atlanta Braves, posting an 8-5 record with a stellar 1.99 ERA over 135.2 innings, and accumulating 148 strikeouts. However, López's advanced metrics suggest potential regression in 2025. His expected ERA (xERA) was significantly higher than his actual ERA. Fantasy managers should temper expectations for López in 2025, anticipating some statistical normalization.",89.0
148,577.0,73.0,21,82.0,7.0,0.254,0.3,147,30.0,2.0,38.0,147.0,0.425,0.725,297,80%,90%,71%,H,https://www.fantasypros.com/mlb/players/nick-castellanos.php,,,,,,,,,,,,,,nick-castellanos,Nick Castellanos (PHI - OF),Nick Castellanos,Castellanos,PHI,OF,,.254|73R|21HR|82RBI|7SB,151,Nick Castellanos (PHI - OF),154.0,168.0,153.0,160.0,140.0,155.0,OF,Nick Castellanos (PHI - OF),4.0,https://images.fantasypros.com/images/players/mlb/4631/headshot/70x70.png,Nick Castellanos (RF - PHI),"Nick Castellanos struggled mightily through the first two months of last season, leaving fantasy managers questioning his value. His batting average plummeted to uncharacteristically low levels, a stark contrast to his typically strong starts. By May, many deemed him droppable, a surprising turn for the usually reliable 32-year-old. Fortunately, Castellanos found his stride as the season progressed, performing more like the player managers anticipated on draft day. Heading into this year, he projects as a solid OF3/OF4 option in the Phillies' lineup, with the potential to deliver even more if he can recapture his usual hot start.",Nick Castellanos (PHI - OF),Nick Castellanos,Castellanos,PHI,OF,,".254|73R|21HR|82RBI|7SB
Nick Castellanos struggled mightily through the first two months of last season, leaving fantasy managers questioning his value. His batting average plummeted to uncharacteristically low levels, a stark contrast to his typically strong starts. By May, many deemed him droppable, a surprising turn for the usually reliable 32-year-old. Fortunately, Castellanos found his stride as the season progressed, performing more like the player managers anticipated on draft day. Heading into this year, he projects as a solid OF3/OF4 option in the Phillies' lineup, with the potential to deliver even more if he can recapture his usual hot start.",157.0
149,,,24,,,,,174,,,,,,,354,89%,89%,89%,P,https://www.fantasypros.com/mlb/players/kevin-gausman.php,185.6,183.0,12.0,0.0,3.94,1.23,81.0,54.0,31.0,31.0,10.0,1.0,8.87,kevin-gausman,Kevin Gausman (TOR - SP),Kevin Gausman,Gausman,TOR,SP,,12-10-0SV|3.94|1.23|8.87K9,152,Kevin Gausman (TOR - SP),163.0,169.0,150.0,163.0,132.0,155.0,SP,Kevin Gausman (TOR - SP),3.0,https://images.fantasypros.com/images/players/mlb/4671/headshot/70x70.png,Kevin Gausman (SP - TOR),"Kevin Gausman delivered a solid performance for the Toronto Blue Jays in 2024, recording a 14-11 win-loss record over 31 starts, with a 3.83 ERA, 162 strikeouts, and a 1.22 WHIP across 181 innings pitched. Notably, he exhibited a significant home-road split: at home, he posted a 5.02 ERA over 95 innings, whereas on the road, he maintained a more impressive 2.51 ERA across 86 innings. Gausman remained a reliable innings-eater, surpassing 180 innings for the fourth consecutive season. His consistent ability to take the mound every fifth day adds value to both the Blue Jays and fantasy managers seeking stability in their pitching rotations. Gausman's performance may hinge on his ability to regain the sharpness of his splitter and improve his home-field effectiveness. If he can address these areas, a return to his 2023 form, where he led the American League in strikeouts, is within reach. At 34, Gausman has shown resilience and adaptability, but the dropoff may be on the horizon. He is riskier than in previous years.",Kevin Gausman (TOR - SP),Kevin Gausman,Gausman,TOR,SP,,"12-10-0SV|3.94|1.23|8.87K9
Kevin Gausman delivered a solid performance for the Toronto Blue Jays in 2024, recording a 14-11 win-loss record over 31 starts, with a 3.83 ERA, 162 strikeouts, and a 1.22 WHIP across 181 innings pitched. Notably, he exhibited a significant home-road split: at home, he posted a 5.02 ERA over 95 innings, whereas on the road, he maintained a more impressive 2.51 ERA across 86 innings. Gausman remained a reliable innings-eater, surpassing 180 innings for the fourth consecutive season. His consistent ability to take the mound every fifth day adds value to both the Blue Jays and fantasy managers seeking stability in their pitching rotations. Gausman's performance may hinge on his ability to regain the sharpness of his splitter and improve his home-field effectiveness. If he can address these areas, a return to his 2023 form, where he led the American League in strikeouts, is within reach. At 34, Gausman has shown resilience and adaptability, but the dropoff may be on the horizon. He is riskier than in previous years.",69.0
150,,,5,,,,,51,,,,,,,292,90%,95%,86%,P,https://www.fantasypros.com/mlb/players/tanner-scott.php,67.4,82.0,5.0,24.0,3.07,1.22,23.0,31.0,65.0,0.0,3.0,0.0,10.95,tanner-scott,Tanner Scott (LAD - RP),Tanner Scott,Scott,LAD,RP,,5-3-24SV|3.07|1.22|10.95K9,153,Tanner Scott (LAD - RP),102.0,135.0,144.0,152.0,248.0,156.0,RP,Tanner Scott (LAD - RP),3.0,https://images.fantasypros.com/images/players/mlb/7328/headshot/70x70.png,Tanner Scott (RP - LAD),,Tanner Scott (LAD - RP),Tanner Scott,Scott,LAD,RP,,"5-3-24SV|3.07|1.22|10.95K9
",166.0
151,549.0,74.0,23,78.0,8.0,0.248,0.318,136,27.0,1.0,57.0,160.0,0.429,0.747,292,66%,89%,43%,H,https://www.fantasypros.com/mlb/players/paul-goldschmidt.php,,,,,,,,,,,,,,paul-goldschmidt,Paul Goldschmidt (NYY - 1B),Paul Goldschmidt,Goldschmidt,NYY,1B,,.248|74R|23HR|78RBI|8SB,154,Paul Goldschmidt (NYY - 1B),160.0,162.0,157.0,161.0,151.0,158.0,1B,Paul Goldschmidt (NYY - 1B),4.0,https://images.fantasypros.com/images/players/mlb/4403/headshot/70x70.png,Paul Goldschmidt (1B - NYY),"Paul Goldschmidt experienced a challenging 2024 season, posting a .245/.302/.414 slash line with 22 home runs, 65 RBIs, 70 runs scored, and 11 stolen bases over 154 games. These numbers marked a decline from his career averages of a .289 batting average and a .384 on-base percentage.​ A significant factor in Goldschmidt's downturn was his increased strikeout rate, which rose to a career-high 26.5% in 2024, up from 23.4% in 2023. Concurrently, his walk rate dropped to a career-low 7.2%, contributing to a diminished on-base percentage. Despite these struggles, Goldschmidt maintained a hard-hit rate of 40%, ranking 15th among qualified hitters, and an average exit velocity of 91.2 mph. At 37 years old, Goldschmidt's ability to rebound in 2025 is questionable, though the change to Yankee Stadium is definitely a positive.",Paul Goldschmidt (NYY - 1B),Paul Goldschmidt,Goldschmidt,NYY,1B,,".248|74R|23HR|78RBI|8SB
Paul Goldschmidt experienced a challenging 2024 season, posting a .245/.302/.414 slash line with 22 home runs, 65 RBIs, 70 runs scored, and 11 stolen bases over 154 games. These numbers marked a decline from his career averages of a .289 batting average and a .384 on-base percentage.​ A significant factor in Goldschmidt's downturn was his increased strikeout rate, which rose to a career-high 26.5% in 2024, up from 23.4% in 2023. Concurrently, his walk rate dropped to a career-low 7.2%, contributing to a diminished on-base percentage. Despite these struggles, Goldschmidt maintained a hard-hit rate of 40%, ranking 15th among qualified hitters, and an average exit velocity of 91.2 mph. At 37 years old, Goldschmidt's ability to rebound in 2025 is questionable, though the change to Yankee Stadium is definitely a positive.",167.0
152,482.0,72.0,20,68.0,8.0,0.243,0.324,117,23.0,2.0,58.0,163.0,0.426,0.75,248,53%,87%,18%,H,https://www.fantasypros.com/mlb/players/colton-cowser.php,,,,,,,,,,,,,,colton-cowser,Colton Cowser (BAL - OF),Colton Cowser,Cowser,BAL,OF,,.243|72R|20HR|68RBI|8SB,155,Colton Cowser (BAL - OF),167.0,166.0,160.0,151.0,148.0,158.0,OF,Colton Cowser (BAL - OF),3.0,https://images.fantasypros.com/images/players/mlb/44669/headshot/70x70.png,"Colton Cowser (LF,CF,RF - BAL)","Colton Cowser's rookie campaign showcased more power than many expected, as he belted 24 home runs and swiped nine bases while posting a .242/.321/.447 slash line. His 30.7% strikeout rate and 9.3% walk rate highlight areas for improvement, but hitting in a strong Baltimore lineup could help him build on last season's 77 runs and 69 RBIs. At 24 years old, Cowser still has untapped potential and should remain a valuable fantasy option in 2025.",Colton Cowser (BAL - OF),Colton Cowser,Cowser,BAL,OF,,".243|72R|20HR|68RBI|8SB
Colton Cowser's rookie campaign showcased more power than many expected, as he belted 24 home runs and swiped nine bases while posting a .242/.321/.447 slash line. His 30.7% strikeout rate and 9.3% walk rate highlight areas for improvement, but hitting in a strong Baltimore lineup could help him build on last season's 77 runs and 69 RBIs. At 24 years old, Cowser still has untapped potential and should remain a valuable fantasy option in 2025.",246.0
153,470.0,63.0,17,63.0,25.0,0.251,0.313,118,27.0,2.0,42.0,152.0,0.427,0.74,244,45%,77%,14%,H,https://www.fantasypros.com/mlb/players/josh-lowe-3b.php,,,,,,,,,,,,,,josh-lowe-3b,Josh Lowe (TB - OF),Josh Lowe,Lowe,TB,OF,,.251|63R|17HR|63RBI|25SB,156,Josh Lowe (TB - OF),176.0,154.0,154.0,149.0,169.0,160.0,OF,Josh Lowe (TB - OF),4.0,https://images.fantasypros.com/images/players/mlb/10142/headshot/70x70.png,Josh Lowe (RF - TB),"Josh Lowe's 2024 season fell short of expectations, largely due to an early injury that limited him to 106 games. He struggled to find his rhythm at the plate, with his batting average dropping from .292 to .241. While his overall production was underwhelming, he still managed to swipe 25 bases, proving he can be a valuable asset in that category when healthy. He is a great bounceback candidate in 2025, especially if he falls in drafts.",Josh Lowe (TB - OF),Josh Lowe,Lowe,TB,OF,,".251|63R|17HR|63RBI|25SB
Josh Lowe's 2024 season fell short of expectations, largely due to an early injury that limited him to 106 games. He struggled to find his rhythm at the plate, with his batting average dropping from .292 to .241. While his overall production was underwhelming, he still managed to swipe 25 bases, proving he can be a valuable asset in that category when healthy. He is a great bounceback candidate in 2025, especially if he falls in drafts.",255.0
154,421.0,57.0,16,57.0,8.0,0.253,0.306,106,21.0,2.0,32.0,115.0,0.429,0.735,219,73%,91%,55%,H,https://www.fantasypros.com/mlb/players/jt-realmuto.php,,,,,,,,,,,,,,jt-realmuto,J.T. Realmuto (PHI - C),J.T. Realmuto,Realmuto,PHI,C,,.253|57R|16HR|57RBI|8SB,157,J.T. Realmuto (PHI - C),162.0,129.0,143.0,130.0,242.0,161.0,C,J.T. Realmuto (PHI - C),4.0,https://images.fantasypros.com/images/players/mlb/5371/headshot/70x70.png,J.T. Realmuto (C - PHI),"J.T. Realmuto's 2024 season saw a slight decline in offensive production, as he posted a .266/.322/.429 slash line with 14 home runs, 47 RBIs, 50 runs scored, and 2 stolen bases over 380 at-bats. His average exit velocity was 89.2 mph, with a hard-hit rate of 46.6% and a barrel rate of 10.4%. At 33, it's uncertain if he can rebound to his previous elite form. Despite the downturn, Realmuto's track record and defensive prowess keep him relevant in fantasy baseball, but managers should temper expectations and monitor his performance closely in the upcoming season.​",J.T. Realmuto (PHI - C),J.T. Realmuto,Realmuto,PHI,C,,".253|57R|16HR|57RBI|8SB
J.T. Realmuto's 2024 season saw a slight decline in offensive production, as he posted a .266/.322/.429 slash line with 14 home runs, 47 RBIs, 50 runs scored, and 2 stolen bases over 380 at-bats. His average exit velocity was 89.2 mph, with a hard-hit rate of 46.6% and a barrel rate of 10.4%. At 33, it's uncertain if he can rebound to his previous elite form. Despite the downturn, Realmuto's track record and defensive prowess keep him relevant in fantasy baseball, but managers should temper expectations and monitor his performance closely in the upcoming season.​",316.0
155,,,21,,,,,126,,,,,,,297,53%,89%,18%,P,https://www.fantasypros.com/mlb/players/robbie-ray.php,145.8,162.0,9.0,0.0,3.96,1.21,64.0,50.0,27.0,27.0,8.0,0.0,10.0,robbie-ray,Robbie Ray (SF - SP),Robbie Ray,Ray,SF,SP,,9-8-0SV|3.96|1.21|10.00K9,158,Robbie Ray (SF - SP),152.0,173.0,173.0,154.0,166.0,164.0,SP,Robbie Ray (SF - SP),6.0,https://images.fantasypros.com/images/players/mlb/5484/headshot/70x70.png,Robbie Ray (SP - SF),,Robbie Ray (SF - SP),Robbie Ray,Ray,SF,SP,,"9-8-0SV|3.96|1.21|10.00K9
",158.0
156,594.0,77.0,6,58.0,7.0,0.307,0.347,182,31.0,3.0,36.0,36.0,0.4,0.747,384,95%,92%,99%,H,https://www.fantasypros.com/mlb/players/luis-arraez.php,,,,,,,,,,,,,,luis-arraez,"Luis Arraez (SD - 1B,2B,DH)",Luis Arraez,Arraez,SD,"1B,2B,DH",,.307|77R|6HR|58RBI|7SB,159,"Luis Arraez (SD - 1B,2B,DH)",138.0,139.0,181.0,168.0,193.0,164.0,"1B,2B,DH","Luis Arraez (SD - 1B,2B,DH)",5.0,https://images.fantasypros.com/images/players/mlb/8162/headshot/70x70.png,"Luis Arraez (1B,2B,DH - SD)","Luis Arraez continued his exceptional contact-hitting prowess in 2024, achieving a .314 batting average-the highest in the National League-and totaling 200 hits, including 32 doubles, three triples, and four home runs. He also contributed 46 RBIs, scored 83 runs, and stole nine bases over 150 games. Arráez's success stems from his elite bat-to-ball skills, reflected in his MLB-leading 4.3% strikeout rate and a 26.5% line drive percentage. However, his limited power (.392 slugging percentage) will always limit his fantasy value. He is best paired with a low-average slugger from an early round in order to find complementary pieces.","Luis Arraez (SD - 1B,2B,DH)",Luis Arraez,Arraez,SD,"1B,2B,DH",,".307|77R|6HR|58RBI|7SB
Luis Arraez continued his exceptional contact-hitting prowess in 2024, achieving a .314 batting average-the highest in the National League-and totaling 200 hits, including 32 doubles, three triples, and four home runs. He also contributed 46 RBIs, scored 83 runs, and stole nine bases over 150 games. Arráez's success stems from his elite bat-to-ball skills, reflected in his MLB-leading 4.3% strikeout rate and a 26.5% line drive percentage. However, his limited power (.392 slugging percentage) will always limit his fantasy value. He is best paired with a low-average slugger from an early round in order to find complementary pieces.",36.0
157,,,25,,,,,154,,,,,,,344,83%,85%,81%,P,https://www.fantasypros.com/mlb/players/yusei-kikuchi.php,168.2,188.0,10.0,0.0,3.92,1.22,73.0,51.0,30.0,30.0,9.0,0.0,10.06,yusei-kikuchi,Yusei Kikuchi (LAA - SP),Yusei Kikuchi,Kikuchi,LAA,SP,,10-9-0SV|3.92|1.22|10.06K9,160,Yusei Kikuchi (LAA - SP),181.0,179.0,168.0,155.0,139.0,164.0,SP,Yusei Kikuchi (LAA - SP),4.0,https://images.fantasypros.com/images/players/mlb/7015/headshot/70x70.png,Yusei Kikuchi (SP - LAA),"Yusei Kikuchi delivered a solid 2024 season, splitting time between the Blue Jays and the Astros. He posted a combined 9-10 record with a 4.05 ERA over 32 starts, accumulating a career-high 206 strikeouts across 175.2 innings. After being traded to Houston on July 29, Kikuchi excelled, recording a 5-1 record and a 2.70 ERA in 10 starts, with 76 strikeouts and only 14 walks over 60 innings. His four-seam fastball averaged 95.5 mph, the highest of his MLB career. However, Kikuchi has been prone to allowing home runs, surrendering 25 in 2024, consistent with his career trend. In November, he signed a three-year, $63 million contract with the Angels. While his strikeout potential is appealing for fantasy managers, caution is advised due to his susceptibility to the long ball.",Yusei Kikuchi (LAA - SP),Yusei Kikuchi,Kikuchi,LAA,SP,,"10-9-0SV|3.92|1.22|10.06K9
Yusei Kikuchi delivered a solid 2024 season, splitting time between the Blue Jays and the Astros. He posted a combined 9-10 record with a 4.05 ERA over 32 starts, accumulating a career-high 206 strikeouts across 175.2 innings. After being traded to Houston on July 29, Kikuchi excelled, recording a 5-1 record and a 2.70 ERA in 10 starts, with 76 strikeouts and only 14 walks over 60 innings. His four-seam fastball averaged 95.5 mph, the highest of his MLB career. However, Kikuchi has been prone to allowing home runs, surrendering 25 in 2024, consistent with his career trend. In November, he signed a three-year, $63 million contract with the Angels. While his strikeout potential is appealing for fantasy managers, caution is advised due to his susceptibility to the long ball.",76.0
158,523.0,77.0,16,65.0,7.0,0.257,0.339,134,27.0,1.0,65.0,98.0,0.4,0.739,329,87%,86%,88%,H,https://www.fantasypros.com/mlb/players/jurickson-profar.php,,,,,,,,,,,,,,jurickson-profar,Jurickson Profar (ATL - OF),Jurickson Profar,Profar,ATL,OF,,.257|77R|16HR|65RBI|7SB,161,Jurickson Profar (ATL - OF),170.0,159.0,161.0,188.0,145.0,165.0,OF,Jurickson Profar (ATL - OF),4.0,https://images.fantasypros.com/images/players/mlb/4581/headshot/70x70.png,Jurickson Profar (LF - ATL),"In 2024, Jurickson Profar set new career highs in home runs (24), runs (94), RBI (85), and batting average (.280). He tied his career high in stolen bases with 10. He signed with the Braves in the offseason, surrounding him with a solid lineup, but it will be important to temper expectations for the 31-year-old. Twenty homers is still on the table, but the batting average will drop back to the .250s, though the counting stats should remain high, assuming the Braves don't suffer the same injury bug they had last season. Draft him as nothing more than an OF4.",Jurickson Profar (ATL - OF),Jurickson Profar,Profar,ATL,OF,,".257|77R|16HR|65RBI|7SB
In 2024, Jurickson Profar set new career highs in home runs (24), runs (94), RBI (85), and batting average (.280). He tied his career high in stolen bases with 10. He signed with the Braves in the offseason, surrounding him with a solid lineup, but it will be important to temper expectations for the 31-year-old. Twenty homers is still on the table, but the batting average will drop back to the .250s, though the counting stats should remain high, assuming the Braves don't suffer the same injury bug they had last season. Draft him as nothing more than an OF4.",101.0
159,430.0,57.0,21,60.0,3.0,0.242,0.303,104,17.0,1.0,38.0,126.0,0.432,0.735,219,60%,87%,33%,H,https://www.fantasypros.com/mlb/players/logan-ohoppe.php,,,,,,,,,,,,,,logan-ohoppe,Logan O'Hoppe (LAA - C),Logan O'Hoppe,O'Hoppe,LAA,C,,.242|57R|21HR|60RBI|3SB,162,Logan O'Hoppe (LAA - C),169.0,175.0,138.0,118.0,231.0,166.0,C,Logan O'Hoppe (LAA - C),4.0,https://images.fantasypros.com/images/players/mlb/43987/headshot/70x70.png,Logan O'Hoppe (C - LAA),"Logan O'Hoppe delivered a solid fantasy season in 2024, hitting 20 home runs, driving in 56 runs, scoring 64 times, and adding two stolen bases, with a .244/.303/.409 slash line. O'Hoppe's power appears sustainable, supported by a 12% barrel rate and a 90.4 mph average exit velocity, both of which are above league average. However, his 29.7% strikeout rate is a concern. At 25 years old, there's room for improvement in plate discipline. If he can reduce his strikeouts, O'Hoppe has the potential to increase his batting average and become a more valuable fantasy player, but at the catching position, he is a Top 10 choice.",Logan O'Hoppe (LAA - C),Logan O'Hoppe,O'Hoppe,LAA,C,,".242|57R|21HR|60RBI|3SB
Logan O'Hoppe delivered a solid fantasy season in 2024, hitting 20 home runs, driving in 56 runs, scoring 64 times, and adding two stolen bases, with a .244/.303/.409 slash line. O'Hoppe's power appears sustainable, supported by a 12% barrel rate and a 90.4 mph average exit velocity, both of which are above league average. However, his 29.7% strikeout rate is a concern. At 25 years old, there's room for improvement in plate discipline. If he can reduce his strikeouts, O'Hoppe has the potential to increase his batting average and become a more valuable fantasy player, but at the catching position, he is a Top 10 choice.",317.0
160,501.0,67.0,7,50.0,27.0,0.273,0.324,137,25.0,2.0,37.0,62.0,0.374,0.697,307,87%,87%,87%,H,https://www.fantasypros.com/mlb/players/nico-hoerner.php,,,,,,,,,,,,,,nico-hoerner,Nico Hoerner (CHC - 2B),Nico Hoerner,Hoerner,CHC,2B,,.273|67R|7HR|50RBI|27SB,163,Nico Hoerner (CHC - 2B),158.0,167.0,149.0,191.0,180.0,169.0,"2B,SS","Nico Hoerner (CHC - 2B,SS)",6.0,https://images.fantasypros.com/images/players/mlb/7934/headshot/70x70.png,Nico Hoerner (2B - CHC),"Nico Hoerner delivered a solid fantasy season in 2024, recording seven home runs, 48 RBIs, 86 runs scored, and 31 stolen bases over 151 games. His .273/.335/.373 slash line aligns closely with his career .278 batting average, suggesting a sustainable performance. While Hoerner's power metrics, such as a 1.2% Barrel Rate and an average exit velocity of 85.7 mph, indicate limited home run potential, his elite contact skills are evident in his 12.1% strikeout rate, ranking eighth-lowest among qualified hitters. An October surgery to repair a flexor tendon in his right forearm may impact his availability for the start of the 2025 season. Fantasy managers should monitor his recovery closely, as his speed and contact skills make him a valuable second baseman when healthy.​",Nico Hoerner (CHC - 2B),Nico Hoerner,Hoerner,CHC,2B,,".273|67R|7HR|50RBI|27SB
Nico Hoerner delivered a solid fantasy season in 2024, recording seven home runs, 48 RBIs, 86 runs scored, and 31 stolen bases over 151 games. His .273/.335/.373 slash line aligns closely with his career .278 batting average, suggesting a sustainable performance. While Hoerner's power metrics, such as a 1.2% Barrel Rate and an average exit velocity of 85.7 mph, indicate limited home run potential, his elite contact skills are evident in his 12.1% strikeout rate, ranking eighth-lowest among qualified hitters. An October surgery to repair a flexor tendon in his right forearm may impact his availability for the start of the 2025 season. Fantasy managers should monitor his recovery closely, as his speed and contact skills make him a valuable second baseman when healthy.​",135.0
161,500.0,68.0,17,62.0,22.0,0.242,0.303,121,27.0,3.0,44.0,141.0,0.406,0.709,262,47%,81%,13%,H,https://www.fantasypros.com/mlb/players/lane-thomas.php,,,,,,,,,,,,,,lane-thomas,Lane Thomas (CLE - OF),Lane Thomas,Thomas,CLE,OF,,.242|68R|17HR|62RBI|22SB,164,Lane Thomas (CLE - OF),175.0,186.0,164.0,167.0,153.0,169.0,OF,Lane Thomas (CLE - OF),5.0,https://images.fantasypros.com/images/players/mlb/8293/headshot/70x70.png,"Lane Thomas (CF,RF - CLE)","Lane Thomas saw a dip in power from his 2023 campaign, but he compensated with speed, swiping 32 bases while still delivering 15 home runs. Slated to hit in the heart of Cleveland's lineup, he has the potential to reach a 20-homer, 25-steal season. That combination makes him a valuable target in AL-only and deeper mixed leagues.",Lane Thomas (CLE - OF),Lane Thomas,Thomas,CLE,OF,,".242|68R|17HR|62RBI|22SB
Lane Thomas saw a dip in power from his 2023 campaign, but he compensated with speed, swiping 32 bases while still delivering 15 home runs. Slated to hit in the heart of Cleveland's lineup, he has the potential to reach a 20-homer, 25-steal season. That combination makes him a valuable target in AL-only and deeper mixed leagues.",221.0
162,,,17,,,,,163,,,,,,,318,83%,85%,80%,P,https://www.fantasypros.com/mlb/players/cristopher-sanchez.php,170.5,147.0,11.0,0.0,3.64,1.22,69.0,46.0,29.0,29.0,8.0,1.0,7.76,cristopher-sanchez,Cristopher Sanchez (PHI - SP),Cristopher Sanchez,Sanchez,PHI,SP,,11-8-0SV|3.64|1.22|7.76K9,165,Cristopher Sanchez (PHI - SP),174.0,165.0,171.0,179.0,162.0,170.0,SP,Cristopher Sanchez (PHI - SP),5.0,https://images.fantasypros.com/images/players/mlb/39312/headshot/70x70.png,Cristopher Sanchez (SP - PHI),"Cristopher Sánchez emerged as a reliable starter for the Philadelphia Phillies in 2024, posting an 11-9 record with a 3.32 ERA over 181.2 innings pitched. His consistent performance earned him his first All-Star selection. Notably, Sánchez excelled at home, registering a 2.13 ERA across 17 games, compared to a 5.02 ERA in 14 road outings. Statcast metrics reveal an average exit velocity of 87.4 mph and a hard-hit rate of 34.5%. Sanchez projects as a decent SP4 in 2025.",Cristopher Sanchez (PHI - SP),Cristopher Sanchez,Sanchez,PHI,SP,,"11-8-0SV|3.64|1.22|7.76K9
Cristopher Sánchez emerged as a reliable starter for the Philadelphia Phillies in 2024, posting an 11-9 record with a 3.32 ERA over 181.2 innings pitched. His consistent performance earned him his first All-Star selection. Notably, Sánchez excelled at home, registering a 2.13 ERA across 17 games, compared to a 5.02 ERA in 14 road outings. Statcast metrics reveal an average exit velocity of 87.4 mph and a hard-hit rate of 34.5%. Sanchez projects as a decent SP4 in 2025.",114.0
163,515.0,73.0,23,77.0,2.0,0.241,0.328,124,24.0,1.0,67.0,100.0,0.426,0.754,338,86%,86%,87%,H,https://www.fantasypros.com/mlb/players/isaac-paredes.php,,,,,,,,,,,,,,isaac-paredes,Isaac Paredes (HOU - 3B),Isaac Paredes,Paredes,HOU,3B,,.241|73R|23HR|77RBI|2SB,166,Isaac Paredes (HOU - 3B),164.0,142.0,159.0,195.0,195.0,171.0,"1B,3B","Isaac Paredes (HOU - 1B,3B)",5.0,https://images.fantasypros.com/images/players/mlb/10050/headshot/70x70.png,Isaac Paredes (3B - HOU),"​Isaac Paredes delivered a solid fantasy performance in 2024, hitting 19 home runs, driving in 80 runs, and scoring 64 times across 153 games split between the Tampa Bay Rays and Chicago Cubs. His .238/.346/.393 slash line remained in line with 2023's numbers. Paredes's average exit velocity of 85 mph and a 27.1% hard-hit rate suggest some caution regarding drafting him for potential power. A 16.4%	 strikeout rate aligns with his career norms, but his 11.9% walk rate indicates a keen eye at the plate. The Astros' Minute Maid Park, with its short left-field porch, should complement Paredes' pull-heavy approach, potentially boosting his home run totals.",Isaac Paredes (HOU - 3B),Isaac Paredes,Paredes,HOU,3B,,".241|73R|23HR|77RBI|2SB
​Isaac Paredes delivered a solid fantasy performance in 2024, hitting 19 home runs, driving in 80 runs, and scoring 64 times across 153 games split between the Tampa Bay Rays and Chicago Cubs. His .238/.346/.393 slash line remained in line with 2023's numbers. Paredes's average exit velocity of 85 mph and a 27.1% hard-hit rate suggest some caution regarding drafting him for potential power. A 16.4%	 strikeout rate aligns with his career norms, but his 11.9% walk rate indicates a keen eye at the plate. The Astros' Minute Maid Park, with its short left-field porch, should complement Paredes' pull-heavy approach, potentially boosting his home run totals.",85.0
164,415.0,62.0,24,64.0,6.0,0.236,0.316,98,17.0,1.0,48.0,144.0,0.454,0.77,228,50%,82%,18%,H,https://www.fantasypros.com/mlb/players/tyler-oneill.php,,,,,,,,,,,,,,tyler-oneill,Tyler O'Neill (BAL - OF),Tyler O'Neill,O'Neill,BAL,OF,,.236|62R|24HR|64RBI|6SB,167,Tyler O'Neill (BAL - OF),188.0,163.0,169.0,178.0,161.0,172.0,OF,Tyler O'Neill (BAL - OF),5.0,https://images.fantasypros.com/images/players/mlb/5050/headshot/70x70.png,"Tyler O'Neill (LF,RF - BAL)","Tyler O'Neill offers a clear tradeoff: elite power with plenty of strikeouts. In 2024, he showcased his home run potential by launching 31 long balls over 113 games for the Red Sox while tallying 61 RBIs, 74 runs, and a .241/.336/.511 slash line. His production was reminiscent of his breakout 2021 season. Now with Baltimore and its strong lineup, he has a strong chance to deliver similar results in 2025.",Tyler O'Neill (BAL - OF),Tyler O'Neill,O'Neill,BAL,OF,,".236|62R|24HR|64RBI|6SB
Tyler O'Neill offers a clear tradeoff: elite power with plenty of strikeouts. In 2024, he showcased his home run potential by launching 31 long balls over 113 games for the Red Sox while tallying 61 RBIs, 74 runs, and a .241/.336/.511 slash line. His production was reminiscent of his breakout 2021 season. Now with Baltimore and its strong lineup, he has a strong chance to deliver similar results in 2025.",288.0
165,,,8,,,,,54,,,,,,,241,84%,89%,79%,P,https://www.fantasypros.com/mlb/players/alexis-diaz.php,66.0,70.0,3.0,23.0,4.2,1.31,31.0,32.0,64.0,0.0,4.0,0.0,9.55,alexis-diaz,Alexis Diaz (CIN - RP),Alexis Diaz,Diaz,CIN,RP,,3-4-23SV|4.20|1.31|9.55K9,168,Alexis Diaz (CIN - RP),132.0,176.0,165.0,166.0,234.0,175.0,RP,Alexis Diaz (CIN - RP),7.0,https://images.fantasypros.com/images/players/mlb/45001/headshot/70x70.png,Alexis Diaz (RP - CIN),,Alexis Diaz (CIN - RP),Alexis Diaz,Diaz,CIN,RP,,"3-4-23SV|4.20|1.31|9.55K9
",264.0
166,,,7,,,,,52,,,,,,,265,68%,90%,45%,P,https://www.fantasypros.com/mlb/players/trevor-megill.php,60.9,73.0,3.0,25.0,3.59,1.21,24.0,22.0,58.0,0.0,3.0,0.0,10.79,trevor-megill,Trevor Megill (MIL - RP),Trevor Megill,Megill,MIL,RP,,3-3-25SV|3.59|1.21|10.79K9,169,Trevor Megill (MIL - RP),128.0,148.0,162.0,170.0,268.0,175.0,RP,Trevor Megill (MIL - RP),6.0,https://images.fantasypros.com/images/players/mlb/10118/headshot/70x70.png,Trevor Megill (RP - MIL),,Trevor Megill (MIL - RP),Trevor Megill,Megill,MIL,RP,,"3-3-25SV|3.59|1.21|10.79K9
",215.0
167,582.0,81.0,14,63.0,16.0,0.255,0.308,149,29.0,5.0,44.0,113.0,0.395,0.703,322,74%,83%,65%,H,https://www.fantasypros.com/mlb/players/masyn-winn-p.php,,,,,,,,,,,,,,masyn-winn-p,Masyn Winn (STL - SS),Masyn Winn,Winn,STL,SS,,.255|81R|14HR|63RBI|16SB,170,Masyn Winn (STL - SS),184.0,172.0,188.0,148.0,185.0,175.0,SS,Masyn Winn (STL - SS),5.0,https://images.fantasypros.com/images/players/mlb/43906/headshot/70x70.png,Masyn Winn (SS - STL),"Masyn Winn showcased his potential during the 2024 season. Over 150 games, he posted a .267 batting average, hitting 15 home runs, driving in 57 runs, scoring 85 times, and stealing 11 bases. His .267/.314/.416 slash line aligns closely with his minor league career averages. Winn's power metrics, including an average exit velocity of 87 mph and a 3.7% barrel rate, indicate room for growth in his power-hitting capabilities. Notably, his 17.1% strikeout rate reflects strong contact skills for a player in his early 20s. Defensively, Winn excelled at shortstop, contributing 14 defensive runs saved, which underscores his value to the Cardinals. Given his age and athleticism, there's potential for increased power and stolen bases in the upcoming seasons, making him a promising asset for fantasy rosters.​",Masyn Winn (STL - SS),Masyn Winn,Winn,STL,SS,,".255|81R|14HR|63RBI|16SB
Masyn Winn showcased his potential during the 2024 season. Over 150 games, he posted a .267 batting average, hitting 15 home runs, driving in 57 runs, scoring 85 times, and stealing 11 bases. His .267/.314/.416 slash line aligns closely with his minor league career averages. Winn's power metrics, including an average exit velocity of 87 mph and a 3.7% barrel rate, indicate room for growth in his power-hitting capabilities. Notably, his 17.1% strikeout rate reflects strong contact skills for a player in his early 20s. Defensively, Winn excelled at shortstop, contributing 14 defensive runs saved, which underscores his value to the Cardinals. Given his age and athleticism, there's potential for increased power and stolen bases in the upcoming seasons, making him a promising asset for fantasy rosters.​",107.0
168,519.0,68.0,12,58.0,26.0,0.256,0.318,133,24.0,3.0,48.0,99.0,0.383,0.701,300,76%,84%,68%,H,https://www.fantasypros.com/mlb/players/bryson-stott-ss.php,,,,,,,,,,,,,,bryson-stott-ss,Bryson Stott (PHI - 2B),Bryson Stott,Stott,PHI,2B,,.256|68R|12HR|58RBI|26SB,171,Bryson Stott (PHI - 2B),172.0,184.0,158.0,159.0,209.0,176.0,"2B,SS","Bryson Stott (PHI - 2B,SS)",5.0,https://images.fantasypros.com/images/players/mlb/22308/headshot/70x70.png,Bryson Stott (2B - PHI),"Bryson Stott took a step back in 2024 from his rookie campaign. He only hit 11 home runs and slashed an ugly .245/.315/.356 after promising numbers in 2023. Where Stott will help fantasy managers is in the stolen base category, as he upped his total from 31 to 32 last season. He is otherwise a fairly unexciting player whose position (2B) will keep him coming off draft boards earlier than what his numbers suggest.",Bryson Stott (PHI - 2B),Bryson Stott,Stott,PHI,2B,,".256|68R|12HR|58RBI|26SB
Bryson Stott took a step back in 2024 from his rookie campaign. He only hit 11 home runs and slashed an ugly .245/.315/.356 after promising numbers in 2023. Where Stott will help fantasy managers is in the stolen base category, as he upped his total from 31 to 32 last season. He is otherwise a fairly unexciting player whose position (2B) will keep him coming off draft boards earlier than what his numbers suggest.",152.0
169,547.0,70.0,12,62.0,27.0,0.259,0.3,142,28.0,3.0,32.0,101.0,0.387,0.687,304,70%,77%,63%,H,https://www.fantasypros.com/mlb/players/andres-giminez.php,,,,,,,,,,,,,,andres-giminez,Andres Gimenez (TOR - 2B),Andres Gimenez,Gimenez,TOR,2B,,.259|70R|12HR|62RBI|27SB,172,Andres Gimenez (TOR - 2B),195.0,192.0,177.0,164.0,155.0,177.0,2B,Andres Gimenez (TOR - 2B),5.0,https://images.fantasypros.com/images/players/mlb/7049/headshot/70x70.png,Andres Gimenez (2B - TOR),"Andrés Giménez struggled during the 2024 season, recording a .252 batting average with nine home runs, 63 RBIs, 64 runs scored, and an impressive 30 stolen bases. While his batting average dipped from his 2022 peak of .297, his speed on the basepaths remained a significant asset. Gimenez's offensive metrics, such as a .638 OPS and a career-low .340 slugging percentage, made fantasy managers regret their high pick. His hard-hit rate declined to 27.0%, down from 37.8% in 2022. Now with the Blue Jays, Gimenez has entered that tier of infielders offering stolen bases and would go much lower in drafts if he was not a second baseman.",Andres Gimenez (TOR - 2B),Andres Gimenez,Gimenez,TOR,2B,,".259|70R|12HR|62RBI|27SB
Andrés Giménez struggled during the 2024 season, recording a .252 batting average with nine home runs, 63 RBIs, 64 runs scored, and an impressive 30 stolen bases. While his batting average dipped from his 2022 peak of .297, his speed on the basepaths remained a significant asset. Gimenez's offensive metrics, such as a .638 OPS and a career-low .340 slugging percentage, made fantasy managers regret their high pick. His hard-hit rate declined to 27.0%, down from 37.8% in 2022. Now with the Blue Jays, Gimenez has entered that tier of infielders offering stolen bases and would go much lower in drafts if he was not a second baseman.",144.0
170,569.0,77.0,19,75.0,15.0,0.245,0.312,139,27.0,2.0,56.0,155.0,0.401,0.713,297,69%,86%,53%,H,https://www.fantasypros.com/mlb/players/dansby-swanson.php,,,,,,,,,,,,,,dansby-swanson,Dansby Swanson (CHC - SS),Dansby Swanson,Swanson,CHC,SS,,.245|77R|19HR|75RBI|15SB,173,Dansby Swanson (CHC - SS),183.0,180.0,192.0,172.0,158.0,177.0,SS,Dansby Swanson (CHC - SS),4.0,https://images.fantasypros.com/images/players/mlb/5965/headshot/70x70.png,Dansby Swanson (SS - CHC),,Dansby Swanson (CHC - SS),Dansby Swanson,Swanson,CHC,SS,,".245|77R|19HR|75RBI|15SB
",159.0
171,446.0,60.0,22,70.0,3.0,0.257,0.312,115,21.0,4.0,36.0,123.0,0.471,0.784,258,53%,75%,31%,H,https://www.fantasypros.com/mlb/players/kerry-carpenter.php,,,,,,,,,,,,,,kerry-carpenter,"Kerry Carpenter (DET - DH,OF)",Kerry Carpenter,Carpenter,DET,"DH,OF",,.257|60R|22HR|70RBI|3SB,174,"Kerry Carpenter (DET - DH,OF)",187.0,156.0,190.0,183.0,174.0,178.0,"DH,OF","Kerry Carpenter (DET - DH,OF)",4.0,https://images.fantasypros.com/images/players/mlb/45596/headshot/70x70.png,"Kerry Carpenter (RF,DH - DET)","Kerry Carpenter excels at getting on base, evidenced by his solid .379 xwOBA, and he has the power to approach 20 home runs. With Detroit's lineup showing promise, the 27-year-old is a solid mid-round pick to help fill out your fantasy outfield.","Kerry Carpenter (DET - DH,OF)",Kerry Carpenter,Carpenter,DET,"DH,OF",,".257|60R|22HR|70RBI|3SB
Kerry Carpenter excels at getting on base, evidenced by his solid .379 xwOBA, and he has the power to approach 20 home runs. With Detroit's lineup showing promise, the 27-year-old is a solid mid-round pick to help fill out your fantasy outfield.",224.0
172,476.0,62.0,23,66.0,7.0,0.225,0.305,107,20.0,3.0,54.0,165.0,0.429,0.734,227,38%,68%,7%,H,https://www.fantasypros.com/mlb/players/mike-toglia.php,,,,,,,,,,,,,,mike-toglia,Michael Toglia (COL - 1B),Michael Toglia,Toglia,COL,1B,,.225|62R|23HR|66RBI|7SB,175,Michael Toglia (COL - 1B),203.0,183.0,166.0,173.0,168.0,179.0,"1B,OF","Michael Toglia (COL - 1B,OF)",4.0,https://images.fantasypros.com/images/players/mlb/43991/headshot/70x70.png,Michael Toglia (1B - COL),,Michael Toglia (COL - 1B),Michael Toglia,Toglia,COL,1B,,".225|62R|23HR|66RBI|7SB
",290.0
173,,,22,,,,,129,,,,,,,304,43%,70%,16%,P,https://www.fantasypros.com/mlb/players/ryan-pepiot.php,152.3,160.0,10.0,0.0,3.9,1.21,66.0,54.0,29.0,29.0,9.0,0.0,9.46,ryan-pepiot,Ryan Pepiot (TB - SP),Ryan Pepiot,Pepiot,TB,SP,,10-9-0SV|3.90|1.21|9.46K9,176,Ryan Pepiot (TB - SP),194.0,188.0,180.0,169.0,165.0,179.0,SP,Ryan Pepiot (TB - SP),3.0,https://images.fantasypros.com/images/players/mlb/38313/headshot/70x70.png,Ryan Pepiot (SP - TB),,Ryan Pepiot (TB - SP),Ryan Pepiot,Pepiot,TB,SP,,"10-9-0SV|3.90|1.21|9.46K9
",145.0
174,,,7,,,,,50,,,,,,,290,85%,91%,79%,P,https://www.fantasypros.com/mlb/players/jeff-hoffman.php,65.4,82.0,3.0,25.0,3.18,1.11,23.0,23.0,65.0,0.0,3.0,0.0,11.28,jeff-hoffman,Jeff Hoffman (TOR - RP),Jeff Hoffman,Hoffman,TOR,RP,,3-3-25SV|3.18|1.11|11.28K9,177,Jeff Hoffman (TOR - RP),122.0,138.0,151.0,189.0,300.0,180.0,RP,Jeff Hoffman (TOR - RP),3.0,https://images.fantasypros.com/images/players/mlb/6014/headshot/70x70.png,Jeff Hoffman (RP - TOR),,Jeff Hoffman (TOR - RP),Jeff Hoffman,Hoffman,TOR,RP,,"3-3-25SV|3.18|1.11|11.28K9
",172.0
175,,,20,,,,,129,,,,,,,246,36%,50%,22%,P,https://www.fantasypros.com/mlb/players/shane-baz.php,141.8,132.0,8.0,0.0,4.19,1.27,66.0,52.0,32.0,25.0,8.0,0.0,8.38,shane-baz,Shane Baz (TB - SP),Shane Baz,Baz,TB,SP,,8-8-0SV|4.19|1.27|8.38K9,178,Shane Baz (TB - SP),196.0,202.0,175.0,190.0,152.0,183.0,SP,Shane Baz (TB - SP),5.0,https://images.fantasypros.com/images/players/mlb/7158/headshot/70x70.png,Shane Baz (SP - TB),,Shane Baz (TB - SP),Shane Baz,Baz,TB,SP,,"8-8-0SV|4.19|1.27|8.38K9
",252.0
176,484.0,64.0,14,56.0,19.0,0.261,0.31,126,21.0,3.0,34.0,87.0,0.402,0.712,281,29%,46%,12%,H,https://www.fantasypros.com/mlb/players/luis-rengifo.php,,,,,,,,,,,,,,luis-rengifo,"Luis Rengifo (LAA - 2B,3B)",Luis Rengifo,Rengifo,LAA,"2B,3B",,.261|64R|14HR|56RBI|19SB,179,"Luis Rengifo (LAA - 2B,3B)",215.0,181.0,172.0,146.0,204.0,184.0,"2B,3B","Luis Rengifo (LAA - 2B,3B)",5.0,https://images.fantasypros.com/images/players/mlb/8153/headshot/70x70.png,"Luis Rengifo (2B,3B - LAA)",,"Luis Rengifo (LAA - 2B,3B)",Luis Rengifo,Rengifo,LAA,"2B,3B",,".261|64R|14HR|56RBI|19SB
",187.0
177,557.0,78.0,23,74.0,7.0,0.251,0.325,140,26.0,2.0,61.0,147.0,0.429,0.754,311,66%,73%,59%,H,https://www.fantasypros.com/mlb/players/taylor-ward.php,,,,,,,,,,,,,,taylor-ward,Taylor Ward (LAA - OF),Taylor Ward,Ward,LAA,OF,,.251|78R|23HR|74RBI|7SB,180,Taylor Ward (LAA - OF),221.0,207.0,185.0,171.0,144.0,186.0,OF,Taylor Ward (LAA - OF),6.0,https://images.fantasypros.com/images/players/mlb/6071/headshot/70x70.png,Taylor Ward (LF - LAA),"Taylor Ward has the potential to hit 25 home runs in 2025 if he stays healthy, offering solid counting stats depending on how often he gets to bat alongside Mike Trout. The challenge with Ward is his streaky production-he'll go on a tear for a month (March/April: 7 HR, 19 R, 23 RBI, .273 BA-coincidentally, the same time Trout was healthy) before hitting a rough patch, only to rebound later. If you're willing to weather the ups and downs, he's a viable OF4 option.",Taylor Ward (LAA - OF),Taylor Ward,Ward,LAA,OF,,".251|78R|23HR|74RBI|7SB
Taylor Ward has the potential to hit 25 home runs in 2025 if he stays healthy, offering solid counting stats depending on how often he gets to bat alongside Mike Trout. The challenge with Ward is his streaky production-he'll go on a tear for a month (March/April: 7 HR, 19 R, 23 RBI, .273 BA-coincidentally, the same time Trout was healthy) before hitting a rough patch, only to rebound later. If you're willing to weather the ups and downs, he's a viable OF4 option.",128.0
178,,,21,,,,,144,,,,,,,291,82%,84%,79%,P,https://www.fantasypros.com/mlb/players/brandon-pfaadt.php,149.9,148.0,9.0,0.0,3.98,1.19,66.0,35.0,31.0,26.0,8.0,0.0,8.89,brandon-pfaadt,Brandon Pfaadt (ARI - SP),Brandon Pfaadt,Pfaadt,ARI,SP,,9-8-0SV|3.98|1.19|8.89K9,181,Brandon Pfaadt (ARI - SP),182.0,217.0,189.0,184.0,157.0,186.0,SP,Brandon Pfaadt (ARI - SP),5.0,https://images.fantasypros.com/images/players/mlb/44436/headshot/70x70.png,Brandon Pfaadt (SP - ARI),"Brandon Pfaadt delivered a mixed performance in the 2024 season, recording an 11-10 win-loss record over 32 starts for the Arizona Diamondbacks. He pitched 181.2 innings, with a 4.71 ERA, 1.24 WHIP, and 185 strikeouts. The ERA is entirely misleading as his xERA was 3.78 and xFIP was 3.58. Pfaadt demonstrated exceptional control, issuing only 42 walks throughout the season, and he maintained an average exit velocity of 88.8 mph, a hard-hit rate of 36.8%, and a barrel rate of 6.9%. While these aren't great, they are an improvement on his debut in 2023. Pfaadt is an intriguing SP4 with the upside for more.",Brandon Pfaadt (ARI - SP),Brandon Pfaadt,Pfaadt,ARI,SP,,"9-8-0SV|3.98|1.19|8.89K9
Brandon Pfaadt delivered a mixed performance in the 2024 season, recording an 11-10 win-loss record over 32 starts for the Arizona Diamondbacks. He pitched 181.2 innings, with a 4.71 ERA, 1.24 WHIP, and 185 strikeouts. The ERA is entirely misleading as his xERA was 3.78 and xFIP was 3.58. Pfaadt demonstrated exceptional control, issuing only 42 walks throughout the season, and he maintained an average exit velocity of 88.8 mph, a hard-hit rate of 36.8%, and a barrel rate of 6.9%. While these aren't great, they are an improvement on his debut in 2023. Pfaadt is an intriguing SP4 with the upside for more.",170.0
179,,,23,,,,,169,,,,,,,314,64%,83%,45%,P,https://www.fantasypros.com/mlb/players/zach-eflin.php,170.7,142.0,11.0,0.0,3.87,1.16,73.0,29.0,29.0,29.0,9.0,0.0,7.49,zach-eflin,Zach Eflin (BAL - SP),Zach Eflin,Eflin,BAL,SP,,11-9-0SV|3.87|1.16|7.49K9,182,Zach Eflin (BAL - SP),180.0,196.0,194.0,193.0,176.0,188.0,SP,Zach Eflin (BAL - SP),6.0,https://images.fantasypros.com/images/players/mlb/6146/headshot/70x70.png,Zach Eflin (SP - BAL),,Zach Eflin (BAL - SP),Zach Eflin,Eflin,BAL,SP,,"11-9-0SV|3.87|1.16|7.49K9
",120.0
180,399.0,62.0,11,46.0,8.0,0.235,0.329,94,21.0,2.0,57.0,121.0,0.381,0.71,205,64%,79%,48%,H,https://www.fantasypros.com/mlb/players/jackson-holliday.php,,,,,,,,,,,,,,jackson-holliday,Jackson Holliday (BAL - 2B),Jackson Holliday,Holliday,BAL,2B,,.235|62R|11HR|46RBI|8SB,183,Jackson Holliday (BAL - 2B),191.0,171.0,212.0,210.0,159.0,189.0,2B,Jackson Holliday (BAL - 2B),6.0,https://images.fantasypros.com/images/players/mlb/46268/headshot/70x70.png,Jackson Holliday (2B - BAL),"Jackson Holliday's 2024 rookie season with the Orioles showcased both his potential and areas for growth. In 60 games, he posted a .189 batting average, hitting 5 home runs, driving in 23 runs, scoring 28 times, and adding 4 stolen bases. His .255 on-base percentage and .311 slugging percentage resulted in a .566 OPS, both of which should improve in his sophomore season. He hit the ball hard with a 45.1 hard hit rate, but he will need better plate discipline (33.2% strikeout rate). At 21 years old, Holliday has plenty of upside while batting at the bottom of a good lineup.",Jackson Holliday (BAL - 2B),Jackson Holliday,Holliday,BAL,2B,,".235|62R|11HR|46RBI|8SB
Jackson Holliday's 2024 rookie season with the Orioles showcased both his potential and areas for growth. In 60 games, he posted a .189 batting average, hitting 5 home runs, driving in 23 runs, scoring 28 times, and adding 4 stolen bases. His .255 on-base percentage and .311 slugging percentage resulted in a .566 OPS, both of which should improve in his sophomore season. He hit the ball hard with a 45.1 hard hit rate, but he will need better plate discipline (33.2% strikeout rate). At 21 years old, Holliday has plenty of upside while batting at the bottom of a good lineup.",354.0
181,590.0,76.0,16,69.0,17.0,0.262,0.301,154,29.0,2.0,33.0,120.0,0.4,0.7,312,75%,81%,70%,H,https://www.fantasypros.com/mlb/players/jeremy-pena.php,,,,,,,,,,,,,,jeremy-pena,Jeremy Pena (HOU - SS),Jeremy Pena,Pena,HOU,SS,,.262|76R|16HR|69RBI|17SB,184,Jeremy Pena (HOU - SS),201.0,206.0,203.0,157.0,178.0,189.0,SS,Jeremy Pena (HOU - SS),5.0,https://images.fantasypros.com/images/players/mlb/43642/headshot/70x70.png,Jeremy Pena (SS - HOU),"Jeremy Peña delivered a solid fantasy season in 2024, compiling 15 home runs, 70 RBIs, 78 runs scored, and 20 stolen bases over 602 at-bats. His .266/.308/.394 slash line aligns closely with his career averages and his 17.1% strikeout rate marked a significant improvement from previous seasons. However, Pena's 3.8% walk rate remains low, potentially limiting his on-base potential. With elite sprint speed in the 97th percentile, his stolen base contributions are likely to continue. As he enters his age-27 season, Peña's consistent production and speed make him a good choice for your SS or MI slots.",Jeremy Pena (HOU - SS),Jeremy Pena,Pena,HOU,SS,,".262|76R|16HR|69RBI|17SB
Jeremy Peña delivered a solid fantasy season in 2024, compiling 15 home runs, 70 RBIs, 78 runs scored, and 20 stolen bases over 602 at-bats. His .266/.308/.394 slash line aligns closely with his career averages and his 17.1% strikeout rate marked a significant improvement from previous seasons. However, Pena's 3.8% walk rate remains low, potentially limiting his on-base potential. With elite sprint speed in the 97th percentile, his stolen base contributions are likely to continue. As he enters his age-27 season, Peña's consistent production and speed make him a good choice for your SS or MI slots.",124.0
182,493.0,69.0,13,58.0,23.0,0.247,0.301,122,25.0,3.0,38.0,97.0,0.39,0.691,285,71%,79%,63%,H,https://www.fantasypros.com/mlb/players/thomas-edman.php,,,,,,,,,,,,,,thomas-edman,"Tommy Edman (LAD - OF,SS)",Tommy Edman,Edman,LAD,"OF,SS",,.247|69R|13HR|58RBI|23SB,185,"Tommy Edman (LAD - OF,SS)",193.0,185.0,204.0,177.0,191.0,190.0,"OF,SS","Tommy Edman (LAD - OF,SS)",5.0,https://images.fantasypros.com/images/players/mlb/7752/headshot/70x70.png,"Tommy Edman (SS,CF - LAD)",,"Tommy Edman (LAD - OF,SS)",Tommy Edman,Edman,LAD,"OF,SS",,".247|69R|13HR|58RBI|23SB
",180.0
183,442.0,65.0,23,68.0,6.0,0.24,0.313,106,21.0,2.0,47.0,128.0,0.46,0.773,258,31%,54%,9%,H,https://www.fantasypros.com/mlb/players/brandon-lowe.php,,,,,,,,,,,,,,brandon-lowe,"Brandon Lowe (TB - 2B,DH)",Brandon Lowe,Lowe,TB,"2B,DH",,.240|65R|23HR|68RBI|6SB,186,"Brandon Lowe (TB - 2B,DH)",218.0,152.0,183.0,215.0,190.0,192.0,"1B,2B,DH","Brandon Lowe (TB - 1B,2B,DH)",6.0,https://images.fantasypros.com/images/players/mlb/7236/headshot/70x70.png,"Brandon Lowe (2B,DH - TB)",,"Brandon Lowe (TB - 2B,DH)",Brandon Lowe,Lowe,TB,"2B,DH",,".240|65R|23HR|68RBI|6SB
",225.0
184,391.0,52.0,14,54.0,1.0,0.254,0.322,99,20.0,1.0,39.0,104.0,0.42,0.742,207,68%,77%,59%,H,https://www.fantasypros.com/mlb/players/tyler-stephenson.php,,,,,,,,,,,,,,tyler-stephenson,Tyler Stephenson (CIN - C),Tyler Stephenson,Stephenson,CIN,C,,.254|52R|14HR|54RBI|1SB,187,Tyler Stephenson (CIN - C),208.0,205.0,152.0,139.0,256.0,192.0,C,Tyler Stephenson (CIN - C),5.0,https://images.fantasypros.com/images/players/mlb/6024/headshot/70x70.png,Tyler Stephenson (C - CIN),"Tyler Stephenson rebounded in 2024, delivering a decent fantasy season with 19 home runs, 66 RBIs, 69 runs scored, and a .258/.338/.444 slash line over 138 games. This performance marked a significant improvement from his injury-plagued 2022 and a down year in 2023. Stephenson led all National League catchers with 127 games behind the plate, starting 112, and his 1,001 innings caught were the most by a Reds catcher since 1993. At 28, Stephenson is entering his prime, and with the Reds' offense showing potential, he could see an uptick in counting stats. His dual eligibility at catcher and first base enhances his fantasy appeal for 2025.",Tyler Stephenson (CIN - C),Tyler Stephenson,Stephenson,CIN,C,,".254|52R|14HR|54RBI|1SB
Tyler Stephenson rebounded in 2024, delivering a decent fantasy season with 19 home runs, 66 RBIs, 69 runs scored, and a .258/.338/.444 slash line over 138 games. This performance marked a significant improvement from his injury-plagued 2022 and a down year in 2023. Stephenson led all National League catchers with 127 games behind the plate, starting 112, and his 1,001 innings caught were the most by a Reds catcher since 1993. At 28, Stephenson is entering his prime, and with the Reds' offense showing potential, he could see an uptick in counting stats. His dual eligibility at catcher and first base enhances his fantasy appeal for 2025.",349.0
185,,,20,,,,,127,,,,,,,256,33%,54%,11%,P,https://www.fantasypros.com/mlb/players/spencer-arrighetti.php,142.1,151.0,9.0,0.0,4.3,1.32,68.0,60.0,26.0,26.0,8.0,0.0,9.56,spencer-arrighetti,Spencer Arrighetti (HOU - SP),Spencer Arrighetti,Arrighetti,HOU,SP,,9-8-0SV|4.30|1.32|9.56K9,188,Spencer Arrighetti (HOU - SP),206.0,164.0,205.0,208.0,187.0,194.0,SP,Spencer Arrighetti (HOU - SP),6.0,https://images.fantasypros.com/images/players/mlb/missing/headshot/70x70.png,Spencer Arrighetti (SP - HOU),,Spencer Arrighetti (HOU - SP),Spencer Arrighetti,Arrighetti,HOU,SP,,"9-8-0SV|4.30|1.32|9.56K9
",230.0
186,547.0,75.0,17,68.0,2.0,0.285,0.356,156,30.0,1.0,61.0,92.0,0.433,0.79,355,81%,85%,76%,H,https://www.fantasypros.com/mlb/players/yandy-diaz.php,,,,,,,,,,,,,,yandy-diaz,"Yandy Diaz (TB - 1B,DH)",Yandy Diaz,Diaz,TB,"1B,DH",,.285|75R|17HR|68RBI|2SB,189,"Yandy Diaz (TB - 1B,DH)",178.0,190.0,209.0,194.0,208.0,196.0,"1B,DH","Yandy Diaz (TB - 1B,DH)",7.0,https://images.fantasypros.com/images/players/mlb/6677/headshot/70x70.png,"Yandy Diaz (1B,DH - TB)","Yandy Díaz experienced a notable regression in his offensive performance during the 2024 season. After leading the American League with a .330 batting average in 2023, Díaz's numbers declined to a .281/.341/.414 slash line over 145 games in 2024. He recorded 14 home runs, 65 RBIs, and 55 runs scored, without any stolen bases. Advanced metrics indicate that Díaz's average exit velocity decreased from 93.4 mph in 2023 to 88.0 mph in 2024, and his barrel rate dropped from 9.5% to 5.9%. Despite these setbacks, Díaz maintained a solid on-base percentage (.341) and a low strikeout rate (15.3%). Entering his age-33 season, it remains to be seen if he can replicate his previous success or if the 2024 season marks the beginning of a decline.","Yandy Diaz (TB - 1B,DH)",Yandy Diaz,Diaz,TB,"1B,DH",,".285|75R|17HR|68RBI|2SB
Yandy Díaz experienced a notable regression in his offensive performance during the 2024 season. After leading the American League with a .330 batting average in 2023, Díaz's numbers declined to a .281/.341/.414 slash line over 145 games in 2024. He recorded 14 home runs, 65 RBIs, and 55 runs scored, without any stolen bases. Advanced metrics indicate that Díaz's average exit velocity decreased from 93.4 mph in 2023 to 88.0 mph in 2024, and his barrel rate dropped from 9.5% to 5.9%. Despite these setbacks, Díaz maintained a solid on-base percentage (.341) and a low strikeout rate (15.3%). Entering his age-33 season, it remains to be seen if he can replicate his previous success or if the 2024 season marks the beginning of a decline.",68.0
187,,,22,,,,,152,,,,,,,318,54%,80%,28%,P,https://www.fantasypros.com/mlb/players/nathan-eovaldi.php,166.6,158.0,10.0,0.0,3.87,1.19,72.0,46.0,28.0,28.0,9.0,1.0,8.54,nathan-eovaldi,Nathan Eovaldi (TEX - SP),Nathan Eovaldi,Eovaldi,TEX,SP,,10-9-0SV|3.87|1.19|8.54K9,190,Nathan Eovaldi (TEX - SP),199.0,191.0,206.0,204.0,179.0,196.0,SP,Nathan Eovaldi (TEX - SP),6.0,https://images.fantasypros.com/images/players/mlb/4423/headshot/70x70.png,Nathan Eovaldi (SP - TEX),"Nathan Eovaldi delivered a solid 2024 season for the Texas Rangers, posting a 12-8 record over 29 starts with a 3.80 ERA, 1.11 WHIP, and 166 strikeouts across 170.2 innings pitched. His 1.11 WHIP was his career best, and his xERA/xFIP are both in line with his actual. Eovaldi is entering his age-35 season, and while there is nothing special from a fantasy perspective, he offers a steady floor for your pitching staff.",Nathan Eovaldi (TEX - SP),Nathan Eovaldi,Eovaldi,TEX,SP,,"10-9-0SV|3.87|1.19|8.54K9
Nathan Eovaldi delivered a solid 2024 season for the Texas Rangers, posting a 12-8 record over 29 starts with a 3.80 ERA, 1.11 WHIP, and 166 strikeouts across 170.2 innings pitched. His 1.11 WHIP was his career best, and his xERA/xFIP are both in line with his actual. Eovaldi is entering his age-35 season, and while there is nothing special from a fantasy perspective, he offers a steady floor for your pitching staff.",115.0
188,,,24,,,,,132,,,,,,,322,66%,77%,55%,P,https://www.fantasypros.com/mlb/players/nick-pivetta.php,153.6,173.0,10.0,0.0,3.95,1.17,67.0,48.0,27.0,27.0,9.0,0.0,10.14,nick-pivetta,Nick Pivetta (SD - SP),Nick Pivetta,Pivetta,SD,SP,,10-9-0SV|3.95|1.17|10.14K9,191,Nick Pivetta (SD - SP),192.0,197.0,207.0,199.0,184.0,196.0,SP,Nick Pivetta (SD - SP),5.0,https://images.fantasypros.com/images/players/mlb/6590/headshot/70x70.png,Nick Pivetta (SP - SD),,Nick Pivetta (SD - SP),Nick Pivetta,Pivetta,SD,SP,,"10-9-0SV|3.95|1.17|10.14K9
",108.0
189,467.0,65.0,19,64.0,21.0,0.249,0.302,116,25.0,1.0,36.0,118.0,0.433,0.735,268,45%,73%,16%,H,https://www.fantasypros.com/mlb/players/zach-neto.php,,,,,,,,,,,,,,zach-neto,Zach Neto (LAA - SS),Zach Neto,Neto,LAA,SS,,.249|65R|19HR|64RBI|21SB,192,Zach Neto (LAA - SS),204.0,193.0,182.0,186.0,223.0,198.0,SS,Zach Neto (LAA - SS),6.0,https://images.fantasypros.com/images/players/mlb/46294/headshot/70x70.png,Zach Neto (SS - LAA),"Zach Neto emerged as a dynamic fantasy asset in 2024, showcasing a rare blend of power and speed. Over 155 games, he posted a .249/.318/.443 slash line, with 23 home runs, 77 RBIs, 70 runs scored, and an impressive 30 stolen bases. Notably, Neto became only the third player in Angels history to achieve at least 20 home runs, 30 doubles, and 30 stolen bases in a single season. While his .249 batting average aligns with his career mark of .241, his underlying metrics suggest room for growth. Neto's average exit velocity stood at 89.2 mph, and his barrel rate was 8.9%, both indicating solid contact quality. However, his 24.7% strikeout rate, coupled with a modest 5.1% walk rate, highlights areas for potential improvement in plate discipline. Fantasy managers should note that Neto underwent right shoulder surgery in early November 2024, following an injury sustained on September 26. As a result, he is expected to miss the start of the 2025 season, with a return anticipated between one week to a month after Opening Day. Once he returns to full health, Neto's combination of power and speed, along with his everyday role in the Angels' lineup, should make him a valuable contributor in fantasy formats.",Zach Neto (LAA - SS),Zach Neto,Neto,LAA,SS,,".249|65R|19HR|64RBI|21SB
Zach Neto emerged as a dynamic fantasy asset in 2024, showcasing a rare blend of power and speed. Over 155 games, he posted a .249/.318/.443 slash line, with 23 home runs, 77 RBIs, 70 runs scored, and an impressive 30 stolen bases. Notably, Neto became only the third player in Angels history to achieve at least 20 home runs, 30 doubles, and 30 stolen bases in a single season. While his .249 batting average aligns with his career mark of .241, his underlying metrics suggest room for growth. Neto's average exit velocity stood at 89.2 mph, and his barrel rate was 8.9%, both indicating solid contact quality. However, his 24.7% strikeout rate, coupled with a modest 5.1% walk rate, highlights areas for potential improvement in plate discipline. Fantasy managers should note that Neto underwent right shoulder surgery in early November 2024, following an injury sustained on September 26. As a result, he is expected to miss the start of the 2025 season, with a return anticipated between one week to a month after Opening Day. Once he returns to full health, Neto's combination of power and speed, along with his everyday role in the Angels' lineup, should make him a valuable contributor in fantasy formats.",211.0
190,335.0,45.0,16,51.0,2.0,0.234,0.306,78,14.0,1.0,35.0,93.0,0.426,0.732,180,45%,58%,33%,H,https://www.fantasypros.com/mlb/players/francisco-alvarez.php,,,,,,,,,,,,,,francisco-alvarez,Francisco Alvarez (NYM - C),Francisco Alvarez,Alvarez,NYM,C,,.234|45R|16HR|51RBI|2SB,193,Francisco Alvarez (NYM - C),200.0,209.0,167.0,150.0,265.0,198.0,C,Francisco Alvarez (NYM - C),5.0,https://images.fantasypros.com/images/players/mlb/43686/headshot/70x70.png,Francisco Alvarez (C - NYM),"Francisco Alvarez's 2024 season with the New York Mets was marked by both challenges and resilience. Despite a mid-season thumb injury that sidelined him for seven weeks, Álvarez managed to play in 100 games, posting a .237 batting average with 11 home runs, 47 RBIs, and 39 runs scored. Alvarez's average exit velocity stood at 88.8 mph, with a hard-hit rate of 42% and a barrel rate of 6.7%. He has a lot of upside at a difficult position to fill, but fantasy managers will have to brace for his low batting average.",Francisco Alvarez (NYM - C),Francisco Alvarez,Alvarez,NYM,C,,".234|45R|16HR|51RBI|2SB
Francisco Alvarez's 2024 season with the New York Mets was marked by both challenges and resilience. Despite a mid-season thumb injury that sidelined him for seven weeks, Álvarez managed to play in 100 games, posting a .237 batting average with 11 home runs, 47 RBIs, and 39 runs scored. Alvarez's average exit velocity stood at 88.8 mph, with a hard-hit rate of 42% and a barrel rate of 6.7%. He has a lot of upside at a difficult position to fill, but fantasy managers will have to brace for his low batting average.",411.0
191,,,6,,,,,47,,,,,,,248,63%,86%,39%,P,https://www.fantasypros.com/mlb/players/pete-fairbanks.php,57.1,64.0,3.0,23.0,3.44,1.2,22.0,21.0,55.0,0.0,3.0,0.0,10.09,pete-fairbanks,Pete Fairbanks (TB - RP),Pete Fairbanks,Fairbanks,TB,RP,,3-3-23SV|3.44|1.20|10.09K9,194,Pete Fairbanks (TB - RP),151.0,182.0,191.0,181.0,293.0,200.0,RP,Pete Fairbanks (TB - RP),6.0,https://images.fantasypros.com/images/players/mlb/19909/headshot/70x70.png,Pete Fairbanks (RP - TB),"Pete Fairbanks served as the Tampa Bay Rays' closer in 2024, recording 23 saves across 46 appearances. He posted a 3.57 ERA and a 1.17 WHIP over 45.1 innings, with 44 strikeouts against 17 walks. While his strikeout rate dipped to 8.74 K/9 from 13.50 K/9 in 2023, his walk rate improved to 3.38 BB/9 from 3.97 BB/9. At 30 years old, Fairbanks has a history of injuries, including past Tommy John surgery, which could impact his durability. However, his role as the Rays' primary closer and his ability to limit hits make him a decent mid-round closer.",Pete Fairbanks (TB - RP),Pete Fairbanks,Fairbanks,TB,RP,,"3-3-23SV|3.44|1.20|10.09K9
Pete Fairbanks served as the Tampa Bay Rays' closer in 2024, recording 23 saves across 46 appearances. He posted a 3.57 ERA and a 1.17 WHIP over 45.1 innings, with 44 strikeouts against 17 walks. While his strikeout rate dipped to 8.74 K/9 from 13.50 K/9 in 2023, his walk rate improved to 3.38 BB/9 from 3.97 BB/9. At 30 years old, Fairbanks has a history of injuries, including past Tommy John surgery, which could impact his durability. However, his role as the Rays' primary closer and his ability to limit hits make him a decent mid-round closer.",247.0
192,401.0,51.0,11,49.0,16.0,0.247,0.275,99,20.0,3.0,15.0,105.0,0.4,0.676,184,44%,75%,13%,H,https://www.fantasypros.com/mlb/players/ceddanne-rafaela.php,,,,,,,,,,,,,,ceddanne-rafaela,"Ceddanne Rafaela (BOS - OF,SS)",Ceddanne Rafaela,Rafaela,BOS,"OF,SS",,.247|51R|11HR|49RBI|16SB,195,"Ceddanne Rafaela (BOS - OF,SS)",190.0,215.0,174.0,175.0,245.0,200.0,"2B,OF,SS","Ceddanne Rafaela (BOS - 2B,OF,SS)",5.0,https://images.fantasypros.com/images/players/mlb/45510/headshot/70x70.png,"Ceddanne Rafaela (SS,CF - BOS)","Ceddanne Rafaela brings a versatile skill set with contributions across multiple categories. He has the potential for around 15 homers and 20 steals, but his on-base percentage remains a concern (.274 OBP in 2024). With the improvements in the Red Sox lineup, Rafaela has the potential for boosts in the counting stats categories. He is an intriguing draft pick in 2025.","Ceddanne Rafaela (BOS - OF,SS)",Ceddanne Rafaela,Rafaela,BOS,"OF,SS",,".247|51R|11HR|49RBI|16SB
Ceddanne Rafaela brings a versatile skill set with contributions across multiple categories. He has the potential for around 15 homers and 20 steals, but his on-base percentage remains a concern (.274 OBP in 2024). With the improvements in the Red Sox lineup, Rafaela has the potential for boosts in the counting stats categories. He is an intriguing draft pick in 2025.",400.0
193,484.0,60.0,20,65.0,5.0,0.248,0.29,120,22.0,2.0,29.0,144.0,0.424,0.715,222,37%,64%,10%,H,https://www.fantasypros.com/mlb/players/josh-jung-3b.php,,,,,,,,,,,,,,josh-jung-3b,Josh Jung (TEX - 3B),Josh Jung,Jung,TEX,3B,,.248|60R|20HR|65RBI|5SB,196,Josh Jung (TEX - 3B),212.0,201.0,184.0,203.0,200.0,200.0,3B,Josh Jung (TEX - 3B),4.0,https://images.fantasypros.com/images/players/mlb/23130/headshot/70x70.png,Josh Jung (3B - TEX),"​Josh Jung's 2024 season was significantly impacted by injuries, limiting him to just 46 games. During this period, he posted a .264/.298/.421 slash line, with 7 home runs, 16 RBIs, and 4 stolen bases over 178 at-bats. As he enters the 2025 season fully healthy, there's optimism that Jung can return to his 2023 All-Star form and fill your CI slot with some bonus 20-HR power.",Josh Jung (TEX - 3B),Josh Jung,Jung,TEX,3B,,".248|60R|20HR|65RBI|5SB
​Josh Jung's 2024 season was significantly impacted by injuries, limiting him to just 46 games. During this period, he posted a .264/.298/.421 slash line, with 7 home runs, 16 RBIs, and 4 stolen bases over 178 at-bats. As he enters the 2025 season fully healthy, there's optimism that Jung can return to his 2023 All-Star form and fill your CI slot with some bonus 20-HR power.",306.0
194,,,7,,,,,56,,,,,,,256,79%,84%,74%,P,https://www.fantasypros.com/mlb/players/david-bednar.php,63.3,66.0,3.0,25.0,3.83,1.24,27.0,23.0,62.0,0.0,3.0,0.0,9.38,david-bednar,David Bednar (PIT - RP),David Bednar,Bednar,PIT,RP,,3-3-25SV|3.83|1.24|9.38K9,197,David Bednar (PIT - RP),161.0,189.0,193.0,180.0,279.0,200.0,RP,David Bednar (PIT - RP),3.0,https://images.fantasypros.com/images/players/mlb/8451/headshot/70x70.png,David Bednar (RP - PIT),,David Bednar (PIT - RP),David Bednar,Bednar,PIT,RP,,"3-3-25SV|3.83|1.24|9.38K9
",231.0
195,517.0,66.0,21,69.0,8.0,0.249,0.306,129,24.0,3.0,42.0,150.0,0.431,0.738,258,44%,72%,15%,H,https://www.fantasypros.com/mlb/players/heliot-ramos-of.php,,,,,,,,,,,,,,heliot-ramos-of,Heliot Ramos (SF - OF),Heliot Ramos,Ramos,SF,OF,,.249|66R|21HR|69RBI|8SB,198,Heliot Ramos (SF - OF),211.0,213.0,201.0,196.0,182.0,201.0,OF,Heliot Ramos (SF - OF),3.0,https://images.fantasypros.com/images/players/mlb/10033/headshot/70x70.png,"Heliot Ramos (LF,CF - SF)","Heliot Ramos put together a solid rookie campaign for the Giants, posting 22 home runs, 72 RBIs, and a respectable .269/.322/.469 slash line. Encouragingly, his expected stats align well with these results, suggesting they're a fair benchmark for his 2025 outlook. As you round out your fantasy outfield later in drafts, Ramos offers a reliable floor heading into his second full MLB season.",Heliot Ramos (SF - OF),Heliot Ramos,Ramos,SF,OF,,".249|66R|21HR|69RBI|8SB
Heliot Ramos put together a solid rookie campaign for the Giants, posting 22 home runs, 72 RBIs, and a respectable .269/.322/.469 slash line. Encouragingly, his expected stats align well with these results, suggesting they're a fair benchmark for his 2025 outlook. As you round out your fantasy outfield later in drafts, Ramos offers a reliable floor heading into his second full MLB season.",226.0
196,470.0,65.0,16,59.0,27.0,0.238,0.301,112,22.0,3.0,42.0,106.0,0.403,0.704,276,43%,61%,26%,H,https://www.fantasypros.com/mlb/players/cedric-mullins.php,,,,,,,,,,,,,,cedric-mullins,Cedric Mullins II (BAL - OF),Cedric Mullins II,Mullins II,BAL,OF,,.238|65R|16HR|59RBI|27SB,199,Cedric Mullins II (BAL - OF),231.0,177.0,198.0,206.0,192.0,201.0,OF,Cedric Mullins II (BAL - OF),2.0,https://images.fantasypros.com/images/players/mlb/7400/headshot/70x70.png,Cedric Mullins II (CF - BAL),"Cedric Mullins regained his speed in 2024, boosting his stolen base total from 19 to 32 while staying on the field for 147 games. He also provided some power, hitting 18 home runs, which aligns with his expected 2025 production. While the Orioles have a deep lineup, Mullins remains a viable option in deeper formats.",Cedric Mullins II (BAL - OF),Cedric Mullins II,Mullins II,BAL,OF,,".238|65R|16HR|59RBI|27SB
Cedric Mullins regained his speed in 2024, boosting his stolen base total from 19 to 32 while staying on the field for 147 games. He also provided some power, hitting 18 home runs, which aligns with his expected 2025 production. While the Orioles have a deep lineup, Mullins remains a viable option in deeper formats.",203.0
197,450.0,63.0,8,43.0,34.0,0.251,0.308,113,23.0,2.0,37.0,106.0,0.365,0.673,234,21%,36%,7%,H,https://www.fantasypros.com/mlb/players/victor-robles.php,,,,,,,,,,,,,,victor-robles,Victor Robles (SEA - OF),Victor Robles,Robles,SEA,OF,,.251|63R|8HR|43RBI|34SB,200,Victor Robles (SEA - OF),228.0,174.0,197.0,192.0,214.0,201.0,OF,Victor Robles (SEA - OF),1.0,https://images.fantasypros.com/images/players/mlb/5978/headshot/70x70.png,"Victor Robles (LF,CF,RF - SEA)",,Victor Robles (SEA - OF),Victor Robles,Robles,SEA,OF,,".251|63R|8HR|43RBI|34SB
",275.0
198,565.0,68.0,19,78.0,3.0,0.258,0.312,146,28.0,1.0,44.0,93.0,0.413,0.724,334,87%,82%,92%,H,https://www.fantasypros.com/mlb/players/nolan-arenado.php,,,,,,,,,,,,,,nolan-arenado,Nolan Arenado (STL - 3B),Nolan Arenado,Arenado,STL,3B,,.258|68R|19HR|78RBI|3SB,201,Nolan Arenado (STL - 3B),189.0,195.0,228.0,212.0,181.0,201.0,3B,Nolan Arenado (STL - 3B),0.0,https://images.fantasypros.com/images/players/mlb/4350/headshot/70x70.png,Nolan Arenado (3B - STL),"Nolan Arenado experienced a decline in his offensive production during the 2024 season, hitting 16 home runs, driving in 71 runs, and scoring 70 times over 152 games. His .272/.325/.394 slash line marked a downturn from his career averages, with his slugging percentage notably dropping below .400 for the first time since his rookie year. Advanced metrics further highlighted this regression; his average exit velocity decreased to 86.3 mph, and his barrel rate plummeted to 3.2%, both career lows. Projections suggest a modest rebound, with anticipated improvements in home runs and RBIs. However, at 34 years old, Arenado's age and recent performance trends may temper expectations, making him a more cautious consideration for fantasy rosters.",Nolan Arenado (STL - 3B),Nolan Arenado,Arenado,STL,3B,,".258|68R|19HR|78RBI|3SB
Nolan Arenado experienced a decline in his offensive production during the 2024 season, hitting 16 home runs, driving in 71 runs, and scoring 70 times over 152 games. His .272/.325/.394 slash line marked a downturn from his career averages, with his slugging percentage notably dropping below .400 for the first time since his rookie year. Advanced metrics further highlighted this regression; his average exit velocity decreased to 86.3 mph, and his barrel rate plummeted to 3.2%, both career lows. Projections suggest a modest rebound, with anticipated improvements in home runs and RBIs. However, at 34 years old, Arenado's age and recent performance trends may temper expectations, making him a more cautious consideration for fantasy rosters.",93.0
199,,,24,,,,,141,,,,,,,293,66%,62%,69%,P,https://www.fantasypros.com/mlb/players/ronel-blanco.php,162.4,161.0,10.0,0.0,4.11,1.29,74.0,68.0,29.0,29.0,9.0,1.0,8.92,ronel-blanco,Ronel Blanco (HOU - SP),Ronel Blanco,Blanco,HOU,SP,,10-9-0SV|4.11|1.29|8.92K9,202,Ronel Blanco (HOU - SP),216.0,194.0,195.0,242.0,163.0,202.0,SP,Ronel Blanco (HOU - SP),0.0,https://images.fantasypros.com/images/players/mlb/44184/headshot/70x70.png,Ronel Blanco (SP - HOU),,Ronel Blanco (HOU - SP),Ronel Blanco,Blanco,HOU,SP,,"10-9-0SV|4.11|1.29|8.92K9
",165.0
200,,,5,,,,,57,,,,,,,218,55%,66%,44%,P,https://www.fantasypros.com/mlb/players/lucas-erceg.php,67.3,75.0,4.0,11.0,3.58,1.26,27.0,27.0,63.0,0.0,3.0,0.0,10.03,lucas-erceg,Lucas Erceg (KC - RP),Lucas Erceg,Erceg,KC,RP,,4-3-11SV|3.58|1.26|10.03K9,203,Lucas Erceg (KC - RP),177.0,248.0,187.0,174.0,227.0,203.0,RP,Lucas Erceg (KC - RP),0.0,https://images.fantasypros.com/images/players/mlb/6932/headshot/70x70.png,Lucas Erceg (RP - KC),"Lucas Erceg landed with the Royals after a midseason trade from the A's, and he promptly took command of the ninth inning in Kansas City. In sum, the 29-year-old former infielder tossed 61 2/3 innings, striking out 72 batters, and saving 14 games. He ended the season with a 3.36 ERA and 1.05 WHIP. Erceg has a fastball that sits in the 98th percentile at 98.6 mph, leading to a 97th percentile average exit velocity at 85.9. He has the stuff to close games for the Royals in 2025 and could be a sleeper closer for those willing to bet he will enter the season in the role. A potential 30-save guy you can draft in the 10th round is a decent pick.",Lucas Erceg (KC - RP),Lucas Erceg,Erceg,KC,RP,,"4-3-11SV|3.58|1.26|10.03K9
Lucas Erceg landed with the Royals after a midseason trade from the A's, and he promptly took command of the ninth inning in Kansas City. In sum, the 29-year-old former infielder tossed 61 2/3 innings, striking out 72 batters, and saving 14 games. He ended the season with a 3.36 ERA and 1.05 WHIP. Erceg has a fastball that sits in the 98th percentile at 98.6 mph, leading to a 97th percentile average exit velocity at 85.9. He has the stuff to close games for the Royals in 2025 and could be a sleeper closer for those willing to bet he will enter the season in the role. A potential 30-save guy you can draft in the 10th round is a decent pick.",319.0
201,435.0,70.0,24,73.0,2.0,0.214,0.328,93,19.0,1.0,74.0,138.0,0.429,0.758,270,65%,76%,55%,H,https://www.fantasypros.com/mlb/players/max-muncy.php,,,,,,,,,,,,,,max-muncy,Max Muncy (LAD - 3B),Max Muncy,Muncy,LAD,3B,,.214|70R|24HR|73RBI|2SB,204,Max Muncy (LAD - 3B),197.0,220.0,208.0,237.0,154.0,203.0,3B,Max Muncy (LAD - 3B),-1.0,https://images.fantasypros.com/images/players/mlb/5207/headshot/70x70.png,Max Muncy (3B - LAD),,Max Muncy (LAD - 3B),Max Muncy,Muncy,LAD,3B,,".214|70R|24HR|73RBI|2SB
",210.0
202,,,28,,,,,184,,,,,,,314,71%,76%,66%,P,https://www.fantasypros.com/mlb/players/jose-berrios.php,189.8,161.0,11.0,0.0,4.22,1.25,89.0,54.0,31.0,31.0,11.0,1.0,7.63,jose-berrios,Jose Berrios (TOR - SP),Jose Berrios,Berrios,TOR,SP,,11-11-0SV|4.22|1.25|7.63K9,205,Jose Berrios (TOR - SP),209.0,224.0,211.0,236.0,150.0,206.0,SP,Jose Berrios (TOR - SP),1.0,https://images.fantasypros.com/images/players/mlb/5722/headshot/70x70.png,Jose Berrios (SP - TOR),"Jose Berrios's calling card is durability. The 30-year-old started exactly 32 games for the fourth consecutive year in 2024. In the 192 1/3 innings he pitched, he struck out 153 batters and ended with a 3.60 and 1.15 WHIP. He also won 16 games, which is a very high number considering the team he was playing for. Berrios's disastrous 2022 does appear to be an outlier in terms of ERA/WHIP, but his Statcast page is ugly, save for a low walk percentage (6.9%). Fantasy managers cannot expect him to win half his games again this season, but he is a perfectly serviceable SP4 or SP5 you can draft in the late rounds.",Jose Berrios (TOR - SP),Jose Berrios,Berrios,TOR,SP,,"11-11-0SV|4.22|1.25|7.63K9
Jose Berrios's calling card is durability. The 30-year-old started exactly 32 games for the fourth consecutive year in 2024. In the 192 1/3 innings he pitched, he struck out 153 batters and ended with a 3.60 and 1.15 WHIP. He also won 16 games, which is a very high number considering the team he was playing for. Berrios's disastrous 2022 does appear to be an outlier in terms of ERA/WHIP, but his Statcast page is ugly, save for a low walk percentage (6.9%). Fantasy managers cannot expect him to win half his games again this season, but he is a perfectly serviceable SP4 or SP5 you can draft in the late rounds.",121.0
203,,,23,,,,,141,,,,,,,316,61%,59%,62%,P,https://www.fantasypros.com/mlb/players/taj-bradley.php,159.7,170.0,10.0,0.0,3.96,1.21,70.0,52.0,29.0,29.0,10.0,0.0,9.58,taj-bradley,Taj Bradley (TB - SP),Taj Bradley,Bradley,TB,SP,,10-10-0SV|3.96|1.21|9.58K9,206,Taj Bradley (TB - SP),227.0,225.0,226.0,198.0,156.0,206.0,SP,Taj Bradley (TB - SP),0.0,https://images.fantasypros.com/images/players/mlb/44442/headshot/70x70.png,Taj Bradley (SP - TB),,Taj Bradley (TB - SP),Taj Bradley,Bradley,TB,SP,,"10-10-0SV|3.96|1.21|9.58K9
",118.0
204,,,7,,,,,44,,,,,,,216,51%,73%,30%,P,https://www.fantasypros.com/mlb/players/kirby-yates.php,60.8,75.0,4.0,10.0,3.39,1.2,23.0,29.0,59.0,0.0,2.0,0.0,11.1,kirby-yates,Kirby Yates (LAD - RP),Kirby Yates,Yates,LAD,RP,,4-2-10SV|3.39|1.20|11.10K9,207,Kirby Yates (LAD - RP),179.0,244.0,202.0,185.0,228.0,208.0,RP,Kirby Yates (LAD - RP),1.0,https://images.fantasypros.com/images/players/mlb/5217/headshot/70x70.png,Kirby Yates (RP - LAD),"Kirby Yates delivered an exceptional fantasy season in 2024, recording a 7-2 win-loss record, 33 saves, and a stellar 1.17 ERA over 61 appearances. His impressive 12.4 K/9 rate and 0.83 WHIP underscore his dominance on the mound. While his 4.1 BB/9 rate is slightly higher than ideal, it aligns with his career average, suggesting it may persist in 2025. At 37, Yates' performance defies age-related decline, though it's prudent to consider potential regression. His recent one-year, $13 million contract with the Dodgers positions him as a key late-inning option in a strong bullpen. Fantasy managers should monitor his role closely, as Yates' proven ability to accumulate saves and strikeouts makes him a valuable asset, but the presence of Tanner Scott will threaten his ninth inning appearances.",Kirby Yates (LAD - RP),Kirby Yates,Yates,LAD,RP,,"4-2-10SV|3.39|1.20|11.10K9
Kirby Yates delivered an exceptional fantasy season in 2024, recording a 7-2 win-loss record, 33 saves, and a stellar 1.17 ERA over 61 appearances. His impressive 12.4 K/9 rate and 0.83 WHIP underscore his dominance on the mound. While his 4.1 BB/9 rate is slightly higher than ideal, it aligns with his career average, suggesting it may persist in 2025. At 37, Yates' performance defies age-related decline, though it's prudent to consider potential regression. His recent one-year, $13 million contract with the Dodgers positions him as a key late-inning option in a strong bullpen. Fantasy managers should monitor his role closely, as Yates' proven ability to accumulate saves and strikeouts makes him a valuable asset, but the presence of Tanner Scott will threaten his ninth inning appearances.",321.0
205,,,20,,,,,150,,,,,,,312,44%,51%,36%,P,https://www.fantasypros.com/mlb/players/mackenzie-gore.php,164.7,174.0,10.0,0.0,3.96,1.29,72.0,62.0,31.0,31.0,10.0,0.0,9.51,mackenzie-gore,MacKenzie Gore (WSH - SP),MacKenzie Gore,Gore,WSH,SP,,10-10-0SV|3.96|1.29|9.51K9,208,MacKenzie Gore (WSH - SP),235.0,208.0,219.0,205.0,173.0,208.0,SP,MacKenzie Gore (WSH - SP),0.0,https://images.fantasypros.com/images/players/mlb/7146/headshot/70x70.png,MacKenzie Gore (SP - WSH),,MacKenzie Gore (WSH - SP),MacKenzie Gore,Gore,WSH,SP,,"10-10-0SV|3.96|1.29|9.51K9
",125.0
206,431.0,54.0,15,58.0,6.0,0.269,0.317,116,20.0,1.0,30.0,65.0,0.427,0.744,266,70%,67%,74%,H,https://www.fantasypros.com/mlb/players/alec-burleson.php,,,,,,,,,,,,,,alec-burleson,"Alec Burleson (STL - DH,OF)",Alec Burleson,Burleson,STL,"DH,OF",,.269|54R|15HR|58RBI|6SB,209,"Alec Burleson (STL - DH,OF)",229.0,211.0,186.0,219.0,198.0,209.0,"1B,DH,OF","Alec Burleson (STL - 1B,DH,OF)",0.0,https://images.fantasypros.com/images/players/mlb/43889/headshot/70x70.png,"Alec Burleson (LF,RF,DH - STL)","Alec Burleson fell just shy of 600 plate appearances and proved to be a solid waiver-wire pickup for fantasy managers, though his production dipped in September. He makes plenty of contact with a low 12.8% strikeout rate but rarely draws walks. His role in the Cardinals' crowded outfield remains uncertain, but if he sees consistent playing time, he has the potential to hit around 20 home runs in 2025. However, his overall upside is somewhat limited.","Alec Burleson (STL - DH,OF)",Alec Burleson,Burleson,STL,"DH,OF",,".269|54R|15HR|58RBI|6SB
Alec Burleson fell just shy of 600 plate appearances and proved to be a solid waiver-wire pickup for fantasy managers, though his production dipped in September. He makes plenty of contact with a low 12.8% strikeout rate but rarely draws walks. His role in the Cardinals' crowded outfield remains uncertain, but if he sees consistent playing time, he has the potential to hit around 20 home runs in 2025. However, his overall upside is somewhat limited.",214.0
207,,,17,,,,,168,,,,,,,320,76%,75%,78%,P,https://www.fantasypros.com/mlb/players/tanner-houck.php,177.2,156.0,11.0,0.0,3.85,1.25,76.0,54.0,36.0,29.0,9.0,1.0,7.92,tanner-houck,Tanner Houck (BOS - SP),Tanner Houck,Houck,BOS,SP,,11-9-0SV|3.85|1.25|7.92K9,210,Tanner Houck (BOS - SP),207.0,223.0,224.0,221.0,177.0,210.0,SP,Tanner Houck (BOS - SP),0.0,https://images.fantasypros.com/images/players/mlb/6987/headshot/70x70.png,Tanner Houck (SP - BOS),,Tanner Houck (BOS - SP),Tanner Houck,Houck,BOS,SP,,"11-9-0SV|3.85|1.25|7.92K9
",111.0
208,,,22,,,,,136,,,,,,,292,61%,60%,61%,P,https://www.fantasypros.com/mlb/players/sean-manaea.php,154.5,155.0,10.0,0.0,4.13,1.23,71.0,53.0,27.0,27.0,8.0,0.0,9.03,sean-manaea,Sean Manaea (NYM - SP),Sean Manaea,Manaea,NYM,SP,,10-8-0SV|4.13|1.23|9.03K9,211,Sean Manaea (NYM - SP),210.0,226.0,199.0,201.0,218.0,211.0,SP,Sean Manaea (NYM - SP),0.0,https://images.fantasypros.com/images/players/mlb/4944/headshot/70x70.png,Sean Manaea (SP - NYM),,Sean Manaea (NYM - SP),Sean Manaea,Manaea,NYM,SP,,"10-8-0SV|4.13|1.23|9.03K9
",168.0
209,,,25,,,,,137,,,,,,,280,57%,51%,64%,P,https://www.fantasypros.com/mlb/players/bowden-francis.php,151.4,139.0,9.0,0.0,4.13,1.17,70.0,40.0,32.0,26.0,8.0,0.0,8.26,bowden-francis,"Bowden Francis (TOR - RP,SP)",Bowden Francis,Francis,TOR,"RP,SP",,9-8-0SV|4.13|1.17|8.26K9,212,"Bowden Francis (TOR - RP,SP)",214.0,203.0,216.0,235.0,188.0,211.0,"RP,SP","Bowden Francis (TOR - RP,SP)",-1.0,https://images.fantasypros.com/images/players/mlb/44015/headshot/70x70.png,"Bowden Francis (SP,RP - TOR)",,"Bowden Francis (TOR - RP,SP)",Bowden Francis,Francis,TOR,"RP,SP",,"9-8-0SV|4.13|1.17|8.26K9
",191.0
210,419.0,64.0,23,66.0,8.0,0.242,0.299,101,25.0,2.0,34.0,130.0,0.479,0.778,242,24%,34%,14%,H,https://www.fantasypros.com/mlb/players/byron-buxton.php,,,,,,,,,,,,,,byron-buxton,Byron Buxton (MIN - OF),Byron Buxton,Buxton,MIN,OF,,.242|64R|23HR|66RBI|8SB,213,Byron Buxton (MIN - OF),253.0,145.0,218.0,220.0,222.0,212.0,OF,Byron Buxton (MIN - OF),-1.0,https://images.fantasypros.com/images/players/mlb/4672/headshot/70x70.png,Byron Buxton (CF - MIN),"Fantasy managers are well aware of the ""Byron Buxton dilemma""-draft him for his talent but be prepared for frequent IL stints. In 2024, he managed to play 102 games, surpassing 100 for the first time since 2017. He posted a solid .279/.335/.524 slash line with 18 home runs. While his walk rate remained low at 5.2%, he showed improvement by cutting his strikeout rate from 31.4% to 25.5%. Despite these positives, he remains a high-risk option best suited as an OF4 or OF5, and he shouldn't be drafted before the 20th round in standard leagues.",Byron Buxton (MIN - OF),Byron Buxton,Buxton,MIN,OF,,".242|64R|23HR|66RBI|8SB
Fantasy managers are well aware of the ""Byron Buxton dilemma""-draft him for his talent but be prepared for frequent IL stints. In 2024, he managed to play 102 games, surpassing 100 for the first time since 2017. He posted a solid .279/.335/.524 slash line with 18 home runs. While his walk rate remained low at 5.2%, he showed improvement by cutting his strikeout rate from 31.4% to 25.5%. Despite these positives, he remains a high-risk option best suited as an OF4 or OF5, and he shouldn't be drafted before the 20th round in standard leagues.",261.0
211,404.0,52.0,17,56.0,4.0,0.231,0.308,93,20.0,1.0,45.0,105.0,0.41,0.717,220,47%,64%,29%,H,https://www.fantasypros.com/mlb/players/austin-wells.php,,,,,,,,,,,,,,austin-wells,Austin Wells (NYY - C),Austin Wells,Wells,NYY,C,,.231|52R|17HR|56RBI|4SB,214,Austin Wells (NYY - C),238.0,218.0,179.0,187.0,236.0,212.0,C,Austin Wells (NYY - C),-2.0,https://images.fantasypros.com/images/players/mlb/43803/headshot/70x70.png,Austin Wells (C - NYY),,Austin Wells (NYY - C),Austin Wells,Wells,NYY,C,,".231|52R|17HR|56RBI|4SB
",313.0
212,475.0,70.0,19,66.0,1.0,0.269,0.346,128,26.0,2.0,56.0,104.0,0.453,0.8,307,60%,48%,72%,H,https://www.fantasypros.com/mlb/players/carlos-correa.php,,,,,,,,,,,,,,carlos-correa,Carlos Correa (MIN - SS),Carlos Correa,Correa,MIN,SS,,.269|70R|19HR|66RBI|1SB,215,Carlos Correa (MIN - SS),249.0,158.0,233.0,230.0,205.0,215.0,SS,Carlos Correa (MIN - SS),0.0,https://images.fantasypros.com/images/players/mlb/4673/headshot/70x70.png,Carlos Correa (SS - MIN),,Carlos Correa (MIN - SS),Carlos Correa,Correa,MIN,SS,,".269|70R|19HR|66RBI|1SB
",136.0
213,560.0,74.0,17,66.0,9.0,0.257,0.329,144,27.0,1.0,60.0,114.0,0.4,0.73,319,80%,81%,79%,H,https://www.fantasypros.com/mlb/players/gleyber-torres.php,,,,,,,,,,,,,,gleyber-torres,Gleyber Torres (DET - 2B),Gleyber Torres,Torres,DET,2B,,.257|74R|17HR|66RBI|9SB,216,Gleyber Torres (DET - 2B),205.0,246.0,242.0,214.0,171.0,216.0,2B,Gleyber Torres (DET - 2B),0.0,https://images.fantasypros.com/images/players/mlb/5133/headshot/70x70.png,Gleyber Torres (2B - DET),"​Gleyber Torres delivered a solid fantasy performance in 2024, recording 15 home runs, 63 RBIs, 80 runs scored, and 4 stolen bases over 154 games. His .257/.330/.378 slash line aligns closely with his career average of .265. Advanced metrics indicate a slight decline in power, with a Barrel Rate of 6.3% and a Hard Hit percentage of 35.4%, both below his career averages. His strikeout rate increased to 20.5%, up from 14.6% in 2023. The move to Detroit from New York won't help his offensive output. He's a later round MI draft pick in 2025.",Gleyber Torres (DET - 2B),Gleyber Torres,Torres,DET,2B,,".257|74R|17HR|66RBI|9SB
​Gleyber Torres delivered a solid fantasy performance in 2024, recording 15 home runs, 63 RBIs, 80 runs scored, and 4 stolen bases over 154 games. His .257/.330/.378 slash line aligns closely with his career average of .265. Advanced metrics indicate a slight decline in power, with a Barrel Rate of 6.3% and a Hard Hit percentage of 35.4%, both below his career averages. His strikeout rate increased to 20.5%, up from 14.6% in 2023. The move to Detroit from New York won't help his offensive output. He's a later round MI draft pick in 2025.",112.0
214,,,8,,,,,50,,,,,,,221,42%,70%,13%,P,https://www.fantasypros.com/mlb/players/jordan-romano.php,56.4,60.0,3.0,21.0,3.94,1.25,25.0,21.0,52.0,0.0,3.0,0.0,9.57,jordan-romano,Jordan Romano (PHI - RP),Jordan Romano,Romano,PHI,RP,,3-3-21SV|3.94|1.25|9.57K9,217,Jordan Romano (PHI - RP),171.0,178.0,178.0,225.0,348.0,220.0,RP,Jordan Romano (PHI - RP),3.0,https://images.fantasypros.com/images/players/mlb/7647/headshot/70x70.png,Jordan Romano (RP - PHI),,Jordan Romano (PHI - RP),Jordan Romano,Romano,PHI,RP,,"3-3-21SV|3.94|1.25|9.57K9
",310.0
215,513.0,65.0,17,72.0,6.0,0.271,0.314,139,27.0,2.0,32.0,100.0,0.429,0.743,297,68%,63%,72%,H,https://www.fantasypros.com/mlb/players/lourdes-gurriel-jr.php,,,,,,,,,,,,,,lourdes-gurriel-jr,Lourdes Gurriel Jr. (ARI - OF),Lourdes Gurriel Jr.,Gurriel Jr.,ARI,OF,,.271|65R|17HR|72RBI|6SB,218,Lourdes Gurriel Jr. (ARI - OF),237.0,233.0,217.0,209.0,207.0,221.0,OF,Lourdes Gurriel Jr. (ARI - OF),3.0,https://images.fantasypros.com/images/players/mlb/6931/headshot/70x70.png,Lourdes Gurriel Jr. (LF - ARI),"Lourdes Gurriel Jr. delivered a solid fantasy season in 2024, recording 18 home runs, 75 RBIs, 72 runs scored, and seven stolen bases over 133 games. His .279/.322/.435 slash line aligns closely with his career averages. Notably, Gurriel's 18.3% strikeout rate marked a career best, placing him in the 70th percentile among MLB hitters. However, his 5.2% walk rate remains below league average, potentially limiting his on-base percentage. As he enters his age-31 season, Gurriel is expected to maintain his role as Arizona's primary left fielder, offering consistent power and batting average contributions for fantasy managers.​",Lourdes Gurriel Jr. (ARI - OF),Lourdes Gurriel Jr.,Gurriel Jr.,ARI,OF,,".271|65R|17HR|72RBI|6SB
Lourdes Gurriel Jr. delivered a solid fantasy season in 2024, recording 18 home runs, 75 RBIs, 72 runs scored, and seven stolen bases over 133 games. His .279/.322/.435 slash line aligns closely with his career averages. Notably, Gurriel's 18.3% strikeout rate marked a career best, placing him in the 70th percentile among MLB hitters. However, his 5.2% walk rate remains below league average, potentially limiting his on-base percentage. As he enters his age-31 season, Gurriel is expected to maintain his role as Arizona's primary left fielder, offering consistent power and batting average contributions for fantasy managers.​",160.0
216,481.0,71.0,26,74.0,1.0,0.233,0.319,112,24.0,1.0,61.0,142.0,0.454,0.773,282,30%,42%,18%,H,https://www.fantasypros.com/mlb/players/jorge-soler.php,,,,,,,,,,,,,,jorge-soler,"Jorge Soler (LAA - DH,OF)",Jorge Soler,Soler,LAA,"DH,OF",,.233|71R|26HR|74RBI|1SB,219,"Jorge Soler (LAA - DH,OF)",261.0,221.0,221.0,211.0,199.0,223.0,"DH,OF","Jorge Soler (LAA - DH,OF)",4.0,https://images.fantasypros.com/images/players/mlb/4495/headshot/70x70.png,"Jorge Soler (RF,DH - LAA)",Jorge Soler signed a three-year deal with the Angels in the offseason where he will continue doing what he does: Hitting between 20-30 home runs and going 75/75 in the other counting stats.,"Jorge Soler (LAA - DH,OF)",Jorge Soler,Soler,LAA,"DH,OF",,".233|71R|26HR|74RBI|1SB
Jorge Soler signed a three-year deal with the Angels in the offseason where he will continue doing what he does: Hitting between 20-30 home runs and going 75/75 in the other counting stats.",185.0
217,,,8,,,,,49,,,,,,,246,51%,83%,19%,P,https://www.fantasypros.com/mlb/players/kenley-jansen.php,59.6,68.0,3.0,23.0,3.82,1.2,25.0,23.0,58.0,0.0,3.0,0.0,10.27,kenley-jansen,Kenley Jansen (LAA - RP),Kenley Jansen,Jansen,LAA,RP,,3-3-23SV|3.82|1.20|10.27K9,220,Kenley Jansen (LAA - RP),157.0,187.0,196.0,207.0,367.0,223.0,RP,Kenley Jansen (LAA - RP),3.0,https://images.fantasypros.com/images/players/mlb/3630/headshot/70x70.png,Kenley Jansen (RP - LAA),,Kenley Jansen (LAA - RP),Kenley Jansen,Jansen,LAA,RP,,"3-3-23SV|3.82|1.20|10.27K9
",253.0
218,514.0,77.0,14,59.0,12.0,0.252,0.335,129,27.0,2.0,64.0,115.0,0.397,0.731,299,57%,48%,66%,H,https://www.fantasypros.com/mlb/players/jonathan-india.php,,,,,,,,,,,,,,jonathan-india,Jonathan India (KC - 2B),Jonathan India,India,KC,2B,,.252|77R|14HR|59RBI|12SB,221,Jonathan India (KC - 2B),257.0,214.0,234.0,245.0,172.0,224.0,2B,Jonathan India (KC - 2B),3.0,https://images.fantasypros.com/images/players/mlb/6895/headshot/70x70.png,Jonathan India (2B - KC),"​Jonathan India delivered a solid fantasy performance in 2024, recording 15 home runs, 58 RBIs, 84 runs scored, and 13 stolen bases. His .248/.357/.392 slash line aligns closely with his career numbers. India's power metrics, including a .412 xSLG and a 7.7% Barrel Rate, indicate potential for increased power output. Notably, he improved his plate discipline, achieving a career-high 12.6% walk rate and reducing his strikeout rate to 19.6%, both career bests. Following an offseason trade to the Kansas City Royals, India is expected to be a key contributor in their lineup and an excellent late-round option at 2B for those who wait.",Jonathan India (KC - 2B),Jonathan India,India,KC,2B,,".252|77R|14HR|59RBI|12SB
​Jonathan India delivered a solid fantasy performance in 2024, recording 15 home runs, 58 RBIs, 84 runs scored, and 13 stolen bases. His .248/.357/.392 slash line aligns closely with his career numbers. India's power metrics, including a .412 xSLG and a 7.7% Barrel Rate, indicate potential for increased power output. Notably, he improved his plate discipline, achieving a career-high 12.6% walk rate and reducing his strikeout rate to 19.6%, both career bests. Following an offseason trade to the Kansas City Royals, India is expected to be a key contributor in their lineup and an excellent late-round option at 2B for those who wait.",154.0
219,513.0,67.0,7,51.0,28.0,0.256,0.312,131,26.0,4.0,42.0,101.0,0.366,0.678,274,49%,31%,67%,H,https://www.fantasypros.com/mlb/players/maikel-garcia.php,,,,,,,,,,,,,,maikel-garcia,"Maikel Garcia (KC - 2B,3B)",Maikel Garcia,Garcia,KC,"2B,3B",,.256|67R|7HR|51RBI|28SB,222,"Maikel Garcia (KC - 2B,3B)",278.0,240.0,223.0,202.0,183.0,225.0,"2B,3B","Maikel Garcia (KC - 2B,3B)",3.0,https://images.fantasypros.com/images/players/mlb/44626/headshot/70x70.png,"Maikel Garcia (2B,3B - KC)",,"Maikel Garcia (KC - 2B,3B)",Maikel Garcia,Garcia,KC,"2B,3B",,".256|67R|7HR|51RBI|28SB
",205.0
220,,,22,,,,,137,,,,,,,282,35%,56%,14%,P,https://www.fantasypros.com/mlb/players/yu-darvish.php,150.2,144.0,10.0,0.0,4.1,1.19,68.0,42.0,27.0,27.0,9.0,0.0,8.63,yu-darvish,Yu Darvish (SD - SP),Yu Darvish,Darvish,SD,SP,,10-9-0SV|4.10|1.19|8.63K9,223,Yu Darvish (SD - SP),226.0,219.0,244.0,229.0,211.0,226.0,SP,Yu Darvish (SD - SP),3.0,https://images.fantasypros.com/images/players/mlb/3965/headshot/70x70.png,Yu Darvish (SP - SD),,Yu Darvish (SD - SP),Yu Darvish,Darvish,SD,SP,,"10-9-0SV|4.10|1.19|8.63K9
",186.0
221,,,19,,,,,118,,,,,,,302,40%,44%,37%,P,https://www.fantasypros.com/mlb/players/brandon-woodruff.php,137.8,151.0,9.0,0.0,3.61,1.13,55.0,38.0,24.0,24.0,7.0,1.0,9.86,brandon-woodruff,Brandon Woodruff (MIL - SP),Brandon Woodruff,Woodruff,MIL,SP,,9-7-0SV|3.61|1.13|9.86K9,224,Brandon Woodruff (MIL - SP),236.0,231.0,225.0,244.0,194.0,226.0,SP,Brandon Woodruff (MIL - SP),2.0,https://images.fantasypros.com/images/players/mlb/6813/headshot/70x70.png,Brandon Woodruff (SP - MIL),,Brandon Woodruff (MIL - SP),Brandon Woodruff,Woodruff,MIL,SP,,"9-7-0SV|3.61|1.13|9.86K9
",149.0
222,,,17,,,,,120,,,,,,,254,28%,44%,12%,P,https://www.fantasypros.com/mlb/players/gavin-williams.php,136.1,138.0,8.0,0.0,3.94,1.26,60.0,52.0,26.0,26.0,8.0,0.0,9.13,gavin-williams,Gavin Williams (CLE - SP),Gavin Williams,Williams,CLE,SP,,8-8-0SV|3.94|1.26|9.13K9,225,Gavin Williams (CLE - SP),232.0,212.0,236.0,233.0,219.0,226.0,SP,Gavin Williams (CLE - SP),1.0,https://images.fantasypros.com/images/players/mlb/44694/headshot/70x70.png,Gavin Williams (SP - CLE),,Gavin Williams (CLE - SP),Gavin Williams,Williams,CLE,SP,,"8-8-0SV|3.94|1.26|9.13K9
",239.0
223,,,13,,,,,80,,,,,,,196,46%,40%,52%,P,https://www.fantasypros.com/mlb/players/luis-gil.php,99.5,111.0,6.0,0.0,4.04,1.29,45.0,48.0,23.0,18.0,5.0,0.0,10.04,luis-gil,Luis Gil (NYY - SP),Luis Gil,Gil,NYY,SP,,6-5-0SV|4.04|1.29|10.04K9,226,Luis Gil (NYY - SP),202.0,235.0,170.0,246.0,290.0,229.0,SP,Luis Gil (NYY - SP),3.0,https://images.fantasypros.com/images/players/mlb/39290/headshot/70x70.png,Luis Gil (SP - NYY),"Luis Gil seemingly came out of nowhere and took home the 2024 AL Rookie of the Year award. Fantasy managers who snagged him off waivers early were rewarded with a 0.70 ERA in May. He had a terrible June (6.45 ERA) but bounced back in July with a 3.33, and that is where the fantasy fun ended. The Yankees began managing his workload, and his 4.36 xFIP suggests there is plenty of regression on tap in 2025. Gil has a rotation spot locked up in New York, and if he can improve his 12.1% walk rate, he could return some value. Just don't draft him because he won the Roy award, and expect his intensely good May to be the norm.",Luis Gil (NYY - SP),Luis Gil,Gil,NYY,SP,,"6-5-0SV|4.04|1.29|10.04K9
Luis Gil seemingly came out of nowhere and took home the 2024 AL Rookie of the Year award. Fantasy managers who snagged him off waivers early were rewarded with a 0.70 ERA in May. He had a terrible June (6.45 ERA) but bounced back in July with a 3.33, and that is where the fantasy fun ended. The Yankees began managing his workload, and his 4.36 xFIP suggests there is plenty of regression on tap in 2025. Gil has a rotation spot locked up in New York, and if he can improve his 12.1% walk rate, he could return some value. Just don't draft him because he won the Roy award, and expect his intensely good May to be the norm.",379.0
224,,,19,,,,,142,,,,,,,209,45%,59%,31%,P,https://www.fantasypros.com/mlb/players/walker-buehler.php,138.4,119.0,7.0,0.0,4.5,1.35,69.0,45.0,32.0,25.0,8.0,0.0,7.74,walker-buehler,Walker Buehler (BOS - SP),Walker Buehler,Buehler,BOS,SP,,7-8-0SV|4.50|1.35|7.74K9,227,Walker Buehler (BOS - SP),233.0,222.0,238.0,254.0,197.0,229.0,SP,Walker Buehler (BOS - SP),2.0,https://images.fantasypros.com/images/players/mlb/7002/headshot/70x70.png,Walker Buehler (SP - BOS),,Walker Buehler (BOS - SP),Walker Buehler,Buehler,BOS,SP,,"7-8-0SV|4.50|1.35|7.74K9
",344.0
225,531.0,75.0,19,66.0,14.0,0.241,0.312,128,22.0,2.0,54.0,115.0,0.402,0.713,305,65%,57%,73%,H,https://www.fantasypros.com/mlb/players/george-springer.php,,,,,,,,,,,,,,george-springer,"George Springer (TOR - DH,OF)",George Springer,Springer,TOR,"DH,OF",,.241|75R|19HR|66RBI|14SB,228,"George Springer (TOR - DH,OF)",255.0,237.0,240.0,238.0,186.0,231.0,"DH,OF","George Springer (TOR - DH,OF)",3.0,https://images.fantasypros.com/images/players/mlb/4614/headshot/70x70.png,"George Springer (RF,DH - TOR)","George Springer's biggest concern for fantasy managers is the lingering perception that he's still the player he was during his Astros days. However, at 35 years old, his skills are clearly on the decline. His stat line offers little upside-his home runs, runs, RBIs, and batting average have all dropped for three consecutive seasons, with his average plummeting to a career-low .220 in 2024. His offensive WAR even dipped into negative territory. At this stage, Springer is no more than an OF5, and fantasy managers would likely be better off targeting a player with greater potential.","George Springer (TOR - DH,OF)",George Springer,Springer,TOR,"DH,OF",,".241|75R|19HR|66RBI|14SB
George Springer's biggest concern for fantasy managers is the lingering perception that he's still the player he was during his Astros days. However, at 35 years old, his skills are clearly on the decline. His stat line offers little upside-his home runs, runs, RBIs, and batting average have all dropped for three consecutive seasons, with his average plummeting to a career-low .220 in 2024. His offensive WAR even dipped into negative territory. At this stage, Springer is no more than an OF5, and fantasy managers would likely be better off targeting a player with greater potential.",141.0
226,,,18,,,,,129,,,,,,,272,41%,65%,17%,P,https://www.fantasypros.com/mlb/players/clarke-schmidt.php,141.7,141.0,9.0,0.0,3.93,1.24,62.0,47.0,30.0,26.0,7.0,0.0,8.96,clarke-schmidt,Clarke Schmidt (NYY - SP),Clarke Schmidt,Schmidt,NYY,SP,,9-7-0SV|3.93|1.24|8.96K9,229,Clarke Schmidt (NYY - SP),224.0,260.0,229.0,239.0,206.0,232.0,SP,Clarke Schmidt (NYY - SP),3.0,https://images.fantasypros.com/images/players/mlb/7264/headshot/70x70.png,Clarke Schmidt (SP - NYY),,Clarke Schmidt (NYY - SP),Clarke Schmidt,Schmidt,NYY,SP,,"9-7-0SV|3.93|1.24|8.96K9
",206.0
227,,,17,,,,,121,,,,,,,256,34%,58%,10%,P,https://www.fantasypros.com/mlb/players/nick-lodolo.php,132.2,143.0,8.0,0.0,4.07,1.24,60.0,43.0,24.0,24.0,8.0,0.0,9.74,nick-lodolo,Nick Lodolo (CIN - SP),Nick Lodolo,Lodolo,CIN,SP,,8-8-0SV|4.07|1.24|9.74K9,230,Nick Lodolo (CIN - SP),223.0,247.0,231.0,249.0,210.0,232.0,SP,Nick Lodolo (CIN - SP),2.0,https://images.fantasypros.com/images/players/mlb/6953/headshot/70x70.png,Nick Lodolo (SP - CIN),,Nick Lodolo (CIN - SP),Nick Lodolo,Lodolo,CIN,SP,,"8-8-0SV|4.07|1.24|9.74K9
",232.0
228,425.0,56.0,14,53.0,18.0,0.246,0.309,104,17.0,3.0,39.0,103.0,0.4,0.708,234,41%,45%,38%,H,https://www.fantasypros.com/mlb/players/matt-shaw.php,,,,,,,,,,,,,,matt-shaw,"Matt Shaw (CHC - 2B,3B,SS)",Matt Shaw,Shaw,CHC,"2B,3B,SS",NRI,.246|56R|14HR|53RBI|18SB,231,"Matt Shaw (CHC - 2B,3B,SS)",222.0,200.0,235.0,243.0,266.0,233.0,"2B,3B,SS","Matt Shaw (CHC - 2B,3B,SS)",2.0,https://images.fantasypros.com/images/players/mlb/missing/headshot/70x70.png,"Matt Shaw (2B,3B,SS - CHC)","Matt Shaw should be the starting third baseman for the Cubs as soon as Opening Day, though the acquisition of Justin Turner may delay his arrival. However, there is everything to love about Shaw in fantasy. The 23-year-old hit 21 home runs and stole 31 bases across both Double-A and Triple-A last season. He has also maintained a high OBP at every level of the minors and demonstrated a strong hard-hit percentage across. Shaw is the type of prospect where expectations for a high floor right away seem reasonable. He is an excellent late round pick (currently going in the 23rd round).","Matt Shaw (CHC - 2B,3B,SS)",Matt Shaw,Shaw,CHC,"2B,3B,SS",,".246|56R|14HR|53RBI|18SB
Matt Shaw should be the starting third baseman for the Cubs as soon as Opening Day, though the acquisition of Justin Turner may delay his arrival. However, there is everything to love about Shaw in fantasy. The 23-year-old hit 21 home runs and stole 31 bases across both Double-A and Triple-A last season. He has also maintained a high OBP at every level of the minors and demonstrated a strong hard-hit percentage across. Shaw is the type of prospect where expectations for a high floor right away seem reasonable. He is an excellent late round pick (currently going in the 23rd round).",276.0
229,457.0,62.0,14,50.0,18.0,0.234,0.301,107,20.0,6.0,44.0,120.0,0.394,0.695,236,17%,26%,9%,H,https://www.fantasypros.com/mlb/players/parker-meadows.php,,,,,,,,,,,,,,parker-meadows,Parker Meadows (DET - OF),Parker Meadows,Meadows,DET,OF,,.234|62R|14HR|50RBI|18SB,232,Parker Meadows (DET - OF),292.0,236.0,213.0,197.0,232.0,234.0,OF,Parker Meadows (DET - OF),2.0,https://images.fantasypros.com/images/players/mlb/7993/headshot/70x70.png,Parker Meadows (CF - DET),,Parker Meadows (DET - OF),Parker Meadows,Meadows,DET,OF,,".234|62R|14HR|50RBI|18SB
",273.0
230,407.0,53.0,9,52.0,5.0,0.278,0.346,113,22.0,1.0,43.0,75.0,0.407,0.754,243,43%,34%,51%,H,https://www.fantasypros.com/mlb/players/gabriel-moreno.php,,,,,,,,,,,,,,gabriel-moreno,Gabriel Moreno (ARI - C),Gabriel Moreno,Moreno,ARI,C,,.278|53R|9HR|52RBI|5SB,233,Gabriel Moreno (ARI - C),267.0,243.0,215.0,182.0,274.0,236.0,C,Gabriel Moreno (ARI - C),3.0,https://images.fantasypros.com/images/players/mlb/44003/headshot/70x70.png,Gabriel Moreno (C - ARI),,Gabriel Moreno (ARI - C),Gabriel Moreno,Moreno,ARI,C,,".278|53R|9HR|52RBI|5SB
",257.0
231,,,8,,,,,58,,,,,,,230,44%,76%,13%,P,https://www.fantasypros.com/mlb/players/carlos-estevez.php,64.7,63.0,4.0,20.0,4.01,1.25,29.0,23.0,62.0,0.0,3.0,0.0,8.76,carlos-estevez,Carlos Estevez (KC - RP),Carlos Estevez,Estevez,KC,RP,,4-3-20SV|4.01|1.25|8.76K9,234,Carlos Estevez (KC - RP),168.0,204.0,232.0,234.0,350.0,238.0,RP,Carlos Estevez (KC - RP),4.0,https://images.fantasypros.com/images/players/mlb/5929/headshot/70x70.png,Carlos Estevez (RP - KC),,Carlos Estevez (KC - RP),Carlos Estevez,Estevez,KC,RP,,"4-3-20SV|4.01|1.25|8.76K9
",286.0
232,473.0,60.0,18,67.0,3.0,0.26,0.31,123,24.0,1.0,34.0,121.0,0.434,0.744,247,36%,62%,10%,H,https://www.fantasypros.com/mlb/players/ryan-mountcastle.php,,,,,,,,,,,,,,ryan-mountcastle,Ryan Mountcastle (BAL - 1B),Ryan Mountcastle,Mountcastle,BAL,1B,,.260|60R|18HR|67RBI|3SB,235,Ryan Mountcastle (BAL - 1B),234.0,230.0,239.0,227.0,260.0,238.0,1B,Ryan Mountcastle (BAL - 1B),3.0,https://images.fantasypros.com/images/players/mlb/7239/headshot/70x70.png,Ryan Mountcastle (1B - BAL),"Ryan Mountcastle posted a .271/.308/.425 slash line, contributing 13 home runs, 30 doubles, 63 RBIs, and 54 runs scored in 124 games. Advanced metrics highlight Mountcastle's solid contact quality. He recorded an average exit velocity of 90.8 mph and a hard-hit rate of 45.2%. Mountcastle's strikeout rate remained a concern, as he fanned 114 times in 473 at-bats, resulting in a 24.1% strikeout rate. Mountcastle's consistent batting average and improved contact metrics suggest potential for increased power production, especially if he can adjust his launch angle. Addressing his strikeout rate will be crucial for maximizing his offensive contributions.",Ryan Mountcastle (BAL - 1B),Ryan Mountcastle,Mountcastle,BAL,1B,,".260|60R|18HR|67RBI|3SB
Ryan Mountcastle posted a .271/.308/.425 slash line, contributing 13 home runs, 30 doubles, 63 RBIs, and 54 runs scored in 124 games. Advanced metrics highlight Mountcastle's solid contact quality. He recorded an average exit velocity of 90.8 mph and a hard-hit rate of 45.2%. Mountcastle's strikeout rate remained a concern, as he fanned 114 times in 473 at-bats, resulting in a 24.1% strikeout rate. Mountcastle's consistent batting average and improved contact metrics suggest potential for increased power production, especially if he can adjust his launch angle. Addressing his strikeout rate will be crucial for maximizing his offensive contributions.",249.0
233,,,4,,,,,53,,,,,,,260,68%,69%,68%,P,https://www.fantasypros.com/mlb/players/justin-martinez.php,67.7,83.0,4.0,18.0,3.19,1.3,24.0,35.0,63.0,0.0,3.0,0.0,11.03,justin-martinez,Justin Martinez (ARI - RP),Justin Martinez,Martinez,ARI,RP,,4-3-18SV|3.19|1.30|11.03K9,236,Justin Martinez (ARI - RP),173.0,216.0,241.0,228.0,334.0,238.0,RP,Justin Martinez (ARI - RP),2.0,https://images.fantasypros.com/images/players/mlb/46494/headshot/70x70.png,Justin Martinez (RP - ARI),,Justin Martinez (ARI - RP),Justin Martinez,Martinez,ARI,RP,,"4-3-18SV|3.19|1.30|11.03K9
",222.0
234,,,15,,,,,102,,,,,,,158,25%,36%,14%,P,https://www.fantasypros.com/mlb/players/jackson-jobe.php,106.6,88.0,5.0,0.0,4.46,1.33,53.0,40.0,26.0,20.0,6.0,0.0,7.43,jackson-jobe,Jackson Jobe (DET - SP),Jackson Jobe,Jobe,DET,SP,,5-6-0SV|4.46|1.33|7.43K9,237,Jackson Jobe (DET - SP),241.0,199.0,247.0,267.0,240.0,239.0,"RP,SP","Jackson Jobe (DET - RP,SP)",2.0,https://images.fantasypros.com/images/players/mlb/missing/headshot/70x70.png,Jackson Jobe (SP - DET),,Jackson Jobe (DET - SP),Jackson Jobe,Jobe,DET,SP,,"5-6-0SV|4.46|1.33|7.43K9
",490.0
235,498.0,66.0,18,61.0,19.0,0.233,0.284,116,24.0,3.0,36.0,166.0,0.398,0.682,215,17%,31%,4%,H,https://www.fantasypros.com/mlb/players/tyler-fitzgerald.php,,,,,,,,,,,,,,tyler-fitzgerald,Tyler Fitzgerald (SF - SS),Tyler Fitzgerald,Fitzgerald,SF,SS,,.233|66R|18HR|61RBI|19SB,238,Tyler Fitzgerald (SF - SS),273.0,234.0,214.0,240.0,246.0,241.0,"OF,SS","Tyler Fitzgerald (SF - OF,SS)",3.0,https://images.fantasypros.com/images/players/mlb/45604/headshot/70x70.png,Tyler Fitzgerald (SS - SF),,Tyler Fitzgerald (SF - SS),Tyler Fitzgerald,Fitzgerald,SF,SS,,".233|66R|18HR|61RBI|19SB
",326.0
236,479.0,61.0,15,61.0,5.0,0.26,0.318,125,23.0,3.0,40.0,109.0,0.416,0.734,257,21%,31%,10%,H,https://www.fantasypros.com/mlb/players/colt-keith.php,,,,,,,,,,,,,,colt-keith,Colt Keith (DET - 2B),Colt Keith,Keith,DET,2B,,.260|61R|15HR|61RBI|5SB,239,Colt Keith (DET - 2B),243.0,284.0,252.0,241.0,203.0,245.0,2B,Colt Keith (DET - 2B),6.0,https://images.fantasypros.com/images/players/mlb/43891/headshot/70x70.png,Colt Keith (2B - DET),,Colt Keith (DET - 2B),Colt Keith,Keith,DET,2B,,".260|61R|15HR|61RBI|5SB
",227.0
237,381.0,50.0,18,59.0,2.0,0.258,0.304,98,20.0,1.0,25.0,112.0,0.46,0.764,199,21%,38%,5%,H,https://www.fantasypros.com/mlb/players/christian-encarnacion-strand.php,,,,,,,,,,,,,,christian-encarnacion-strand,Christian Encarnacion-Strand (CIN - 1B),Christian Encarnacion-Strand,Encarnacion-Strand,CIN,1B,,.258|50R|18HR|59RBI|2SB,240,Christian Encarnacion-Strand (CIN - 1B),247.0,228.0,269.0,231.0,249.0,245.0,1B,Christian Encarnacion-Strand (CIN - 1B),5.0,https://images.fantasypros.com/images/players/mlb/45073/headshot/70x70.png,Christian Encarnacion-Strand (1B - CIN),,Christian Encarnacion-Strand (CIN - 1B),Christian Encarnacion-Strand,Encarnacion-Strand,CIN,1B,,".258|50R|18HR|59RBI|2SB
",371.0
238,,,6,,,,,56,,,,,,,254,80%,87%,73%,P,https://www.fantasypros.com/mlb/players/ryan-pressly.php,61.2,62.0,3.0,24.0,3.51,1.21,24.0,18.0,59.0,0.0,3.0,0.0,9.12,ryan-pressly,Ryan Pressly (CHC - RP),Ryan Pressly,Pressly,CHC,RP,,3-3-24SV|3.51|1.21|9.12K9,241,Ryan Pressly (CHC - RP),142.0,160.0,210.0,306.0,410.0,246.0,RP,Ryan Pressly (CHC - RP),5.0,https://images.fantasypros.com/images/players/mlb/5361/headshot/70x70.png,Ryan Pressly (RP - CHC),,Ryan Pressly (CHC - RP),Ryan Pressly,Pressly,CHC,RP,,"3-3-24SV|3.51|1.21|9.12K9
",240.0
239,528.0,69.0,16,69.0,2.0,0.265,0.349,140,24.0,2.0,68.0,130.0,0.407,0.756,295,49%,64%,33%,H,https://www.fantasypros.com/mlb/players/nathaniel-lowe.php,,,,,,,,,,,,,,nathaniel-lowe,Nathaniel Lowe (WSH - 1B),Nathaniel Lowe,Lowe,WSH,1B,,.265|69R|16HR|69RBI|2SB,242,Nathaniel Lowe (WSH - 1B),244.0,273.0,258.0,255.0,201.0,246.0,1B,Nathaniel Lowe (WSH - 1B),4.0,https://images.fantasypros.com/images/players/mlb/7914/headshot/70x70.png,Nathaniel Lowe (1B - WSH),"Nathaniel Lowe had an average season in 2024, hitting 16 home runs, driving in 69 runs, and scoring 62 times over 486 at-bats. His .265/.361/.401 slash line aligns closely with his career averages. Lowe's power metrics were below average, however, including an average exit velocity of 88.9 mph and a 5.8% barrel rate. He remains a free-pass machine, sitting in the 97th percentile with a 12.6% walk rate. Following a December 2024 trade to the Washington Nationals, Lowe is poised to be a key contributor in their lineup for the 2025 season. In the fantasy realm, however, he remains a replacement-level option at 1B.",Nathaniel Lowe (WSH - 1B),Nathaniel Lowe,Lowe,WSH,1B,,".265|69R|16HR|69RBI|2SB
Nathaniel Lowe had an average season in 2024, hitting 16 home runs, driving in 69 runs, and scoring 62 times over 486 at-bats. His .265/.361/.401 slash line aligns closely with his career averages. Lowe's power metrics were below average, however, including an average exit velocity of 88.9 mph and a 5.8% barrel rate. He remains a free-pass machine, sitting in the 97th percentile with a 12.6% walk rate. Following a December 2024 trade to the Washington Nationals, Lowe is poised to be a key contributor in their lineup for the 2025 season. In the fantasy realm, however, he remains a replacement-level option at 1B.",163.0
240,529.0,67.0,20,62.0,23.0,0.226,0.287,120,25.0,2.0,45.0,182.0,0.392,0.679,224,16%,27%,5%,H,https://www.fantasypros.com/mlb/players/zack-gelof.php,,,,,,,,,,,,,,zack-gelof,Zack Gelof (ATH - 2B),Zack Gelof,Gelof,ATH,2B,,.226|67R|20HR|62RBI|23SB,243,Zack Gelof (ATH - 2B),289.0,227.0,245.0,213.0,257.0,246.0,2B,Zack Gelof (ATH - 2B),3.0,https://images.fantasypros.com/images/players/mlb/44896/headshot/70x70.png,Zack Gelof (2B - ATH),,Zack Gelof (ATH - 2B),Zack Gelof,Gelof,ATH,2B,,".226|67R|20HR|62RBI|23SB
",299.0
241,466.0,62.0,24,73.0,3.0,0.221,0.304,103,20.0,1.0,56.0,148.0,0.425,0.729,244,34%,57%,11%,H,https://www.fantasypros.com/mlb/players/rhys-hoskins.php,,,,,,,,,,,,,,rhys-hoskins,"Rhys Hoskins (MIL - 1B,DH)",Rhys Hoskins,Hoskins,MIL,"1B,DH",,.221|62R|24HR|73RBI|3SB,244,"Rhys Hoskins (MIL - 1B,DH)",245.0,254.0,251.0,272.0,212.0,247.0,"1B,DH","Rhys Hoskins (MIL - 1B,DH)",3.0,https://images.fantasypros.com/images/players/mlb/6744/headshot/70x70.png,"Rhys Hoskins (1B,DH - MIL)","Rhys Hoskins returned to MLB action in 2024 after missing the entire 2023 season due to a torn ACL. In his comeback season with the Brewers, Hoskins posted a .214 batting average, hitting 26 home runs, driving in 82 runs, and scoring 59 times over 137 games. His .303 on-base percentage and .419 slugging percentage contributed to a .722 OPS, way below his career average of .827. Notably, his 12.7% barrel rate in 2024 suggests that his power potential remains intact. However, his 28.8% strikeout rate raises concerns about his contact skills. As he enters his age-32 season, maintaining health and improving plate discipline will be crucial for Hoskins to be a late-round valuable power hitter.","Rhys Hoskins (MIL - 1B,DH)",Rhys Hoskins,Hoskins,MIL,"1B,DH",,".221|62R|24HR|73RBI|3SB
Rhys Hoskins returned to MLB action in 2024 after missing the entire 2023 season due to a torn ACL. In his comeback season with the Brewers, Hoskins posted a .214 batting average, hitting 26 home runs, driving in 82 runs, and scoring 59 times over 137 games. His .303 on-base percentage and .419 slugging percentage contributed to a .722 OPS, way below his career average of .827. Notably, his 12.7% barrel rate in 2024 suggests that his power potential remains intact. However, his 28.8% strikeout rate raises concerns about his contact skills. As he enters his age-32 season, maintaining health and improving plate discipline will be crucial for Hoskins to be a late-round valuable power hitter.",256.0
242,,,21,,,,,132,,,,,,,285,23%,34%,12%,P,https://www.fantasypros.com/mlb/players/jesus-luzardo.php,148.2,152.0,9.0,0.0,4.05,1.23,67.0,50.0,33.0,25.0,7.0,0.0,9.23,jesus-luzardo,Jesus Luzardo (PHI - SP),Jesus Luzardo,Luzardo,PHI,SP,,9-7-0SV|4.05|1.23|9.23K9,245,Jesus Luzardo (PHI - SP),260.0,210.0,243.0,273.0,252.0,248.0,SP,Jesus Luzardo (PHI - SP),3.0,https://images.fantasypros.com/images/players/mlb/6889/headshot/70x70.png,Jesus Luzardo (SP - PHI),,Jesus Luzardo (PHI - SP),Jesus Luzardo,Luzardo,PHI,SP,,"9-7-0SV|4.05|1.23|9.23K9
",181.0
243,455.0,65.0,8,51.0,28.0,0.265,0.319,121,19.0,6.0,36.0,89.0,0.386,0.705,267,24%,34%,15%,H,https://www.fantasypros.com/mlb/players/jake-mccarthy.php,,,,,,,,,,,,,,jake-mccarthy,Jake McCarthy (ARI - OF),Jake McCarthy,McCarthy,ARI,OF,,.265|65R|8HR|51RBI|28SB,246,Jake McCarthy (ARI - OF),265.0,270.0,262.0,217.0,237.0,250.0,OF,Jake McCarthy (ARI - OF),4.0,https://images.fantasypros.com/images/players/mlb/8273/headshot/70x70.png,"Jake McCarthy (LF,CF,RF - ARI)",,Jake McCarthy (ARI - OF),Jake McCarthy,McCarthy,ARI,OF,,".265|65R|8HR|51RBI|28SB
",212.0
244,,,17,,,,,154,,,,,,,304,37%,38%,35%,P,https://www.fantasypros.com/mlb/players/ranger-suarez.php,163.3,147.0,11.0,0.0,3.71,1.25,67.0,51.0,35.0,28.0,8.0,1.0,8.1,ranger-suarez,Ranger Suarez (PHI - SP),Ranger Suarez,Suarez,PHI,SP,,11-8-0SV|3.71|1.25|8.10K9,247,Ranger Suarez (PHI - SP),274.0,249.0,268.0,262.0,202.0,251.0,SP,Ranger Suarez (PHI - SP),4.0,https://images.fantasypros.com/images/players/mlb/7247/headshot/70x70.png,Ranger Suarez (SP - PHI),,Ranger Suarez (PHI - SP),Ranger Suarez,Suarez,PHI,SP,,"11-8-0SV|3.71|1.25|8.10K9
",146.0
245,,,8,,,,,61,,,,,,,232,41%,66%,17%,P,https://www.fantasypros.com/mlb/players/kyle-finnegan.php,65.4,61.0,3.0,22.0,4.0,1.31,29.0,24.0,62.0,0.0,4.0,0.0,8.39,kyle-finnegan,Kyle Finnegan (WSH - RP),Kyle Finnegan,Finnegan,WSH,RP,,3-4-22SV|4.00|1.31|8.39K9,248,Kyle Finnegan (WSH - RP),186.0,232.0,227.0,283.0,328.0,251.0,RP,Kyle Finnegan (WSH - RP),3.0,https://images.fantasypros.com/images/players/mlb/7565/headshot/70x70.png,Kyle Finnegan (RP - WSH),"Kyle Finnegan delivered a strong fantasy season in 2024, securing 38 saves-ranking third in the league-and posting a 3.68 ERA over 63.2 innings pitched. However, his season was a tale of two halves: a stellar first half with a 2.45 ERA and 25 saves contrasted sharply with a 5.79 ERA and 13 saves post-All-Star break. Finnegan's advanced metrics, including a 48.1% Hard Hit rate and a 91.3 mph average exit velocity, suggest potential challenges in maintaining his early-season success. Despite these concerns, the Nationals re-signed Finnegan to a one-year, $6 million contract in February 2025, indicating their confidence in his ability to rebound. Fantasy managers can take a flier on him late in drafts, but he definitely comes with more volatility than the upper tier closers.",Kyle Finnegan (WSH - RP),Kyle Finnegan,Finnegan,WSH,RP,,"3-4-22SV|4.00|1.31|8.39K9
Kyle Finnegan delivered a strong fantasy season in 2024, securing 38 saves-ranking third in the league-and posting a 3.68 ERA over 63.2 innings pitched. However, his season was a tale of two halves: a stellar first half with a 2.45 ERA and 25 saves contrasted sharply with a 5.79 ERA and 13 saves post-All-Star break. Finnegan's advanced metrics, including a 48.1% Hard Hit rate and a 91.3 mph average exit velocity, suggest potential challenges in maintaining his early-season success. Despite these concerns, the Nationals re-signed Finnegan to a one-year, $6 million contract in February 2025, indicating their confidence in his ability to rebound. Fantasy managers can take a flier on him late in drafts, but he definitely comes with more volatility than the upper tier closers.",282.0
246,,,11,,,,,134,,,,,,,260,40%,62%,18%,P,https://www.fantasypros.com/mlb/players/clay-holmes.php,140.6,130.0,10.0,0.0,3.68,1.32,57.0,52.0,43.0,21.0,7.0,0.0,8.32,clay-holmes,Clay Holmes (NYM - RP),Clay Holmes,Holmes,NYM,RP,,10-7-0SV|3.68|1.32|8.32K9,249,Clay Holmes (NYM - RP),225.0,198.0,230.0,282.0,326.0,252.0,RP,Clay Holmes (NYM - RP),3.0,https://images.fantasypros.com/images/players/mlb/6584/headshot/70x70.png,Clay Holmes (RP - NYM),,Clay Holmes (NYM - RP),Clay Holmes,Holmes,NYM,RP,,"10-7-0SV|3.68|1.32|8.32K9
",223.0
247,359.0,44.0,10,42.0,7.0,0.248,0.294,89,19.0,1.0,23.0,102.0,0.394,0.688,153,18%,30%,6%,H,https://www.fantasypros.com/mlb/players/connor-wong.php,,,,,,,,,,,,,,connor-wong,Connor Wong (BOS - C),Connor Wong,Wong,BOS,C,,.248|44R|10HR|42RBI|7SB,250,Connor Wong (BOS - C),306.0,279.0,200.0,216.0,262.0,253.0,"1B,C","Connor Wong (BOS - 1B,C)",3.0,https://images.fantasypros.com/images/players/mlb/8335/headshot/70x70.png,Connor Wong (C - BOS),,Connor Wong (BOS - C),Connor Wong,Wong,BOS,C,,".248|44R|10HR|42RBI|7SB
",509.0
248,510.0,67.0,12,61.0,6.0,0.275,0.34,140,26.0,2.0,50.0,78.0,0.407,0.747,313,66%,43%,89%,H,https://www.fantasypros.com/mlb/players/brendan-donovan.php,,,,,,,,,,,,,,brendan-donovan,"Brendan Donovan (STL - 2B,OF)",Brendan Donovan,Donovan,STL,"2B,OF",,.275|67R|12HR|61RBI|6SB,251,"Brendan Donovan (STL - 2B,OF)",319.0,250.0,250.0,232.0,216.0,253.0,"2B,3B,OF","Brendan Donovan (STL - 2B,3B,OF)",2.0,https://images.fantasypros.com/images/players/mlb/45005/headshot/70x70.png,"Brendan Donovan (2B,LF - STL)",,"Brendan Donovan (STL - 2B,OF)",Brendan Donovan,Donovan,STL,"2B,OF",,".275|67R|12HR|61RBI|6SB
",123.0
249,307.0,42.0,14,45.0,0.0,0.235,0.312,72,15.0,1.0,34.0,82.0,0.425,0.737,172,18%,27%,9%,H,https://www.fantasypros.com/mlb/players/sean-murphy.php,,,,,,,,,,,,,,sean-murphy,Sean Murphy (ATL - C),Sean Murphy,Murphy,ATL,C,,.235|42R|14HR|45RBI|0SB,252,Sean Murphy (ATL - C),272.0,286.0,220.0,223.0,269.0,254.0,C,Sean Murphy (ATL - C),2.0,https://images.fantasypros.com/images/players/mlb/6609/headshot/70x70.png,Sean Murphy (C - ATL),,Sean Murphy (ATL - C),Sean Murphy,Murphy,ATL,C,,".235|42R|14HR|45RBI|0SB
",441.0
250,479.0,67.0,19,68.0,3.0,0.238,0.318,114,24.0,2.0,56.0,150.0,0.417,0.736,243,24%,31%,17%,H,https://www.fantasypros.com/mlb/players/michael-busch-2b.php,,,,,,,,,,,,,,michael-busch-2b,Michael Busch (CHC - 1B),Michael Busch,Busch,CHC,1B,,.238|67R|19HR|68RBI|3SB,253,Michael Busch (CHC - 1B),296.0,258.0,257.0,248.0,213.0,254.0,1B,Michael Busch (CHC - 1B),1.0,https://images.fantasypros.com/images/players/mlb/23859/headshot/70x70.png,Michael Busch (1B - CHC),"Michael Busch stepped into Chicago and became the everyday first baseman. He hit 21 bombs with 65 RBI and 73 runs scored. He had a respectable .775 OPS, and the biggest concern about him is that he may find himself in a platoon if his numbers versus lefties struggle. However, the playing time should be there in general, and the Cubs have a decent lineup ahead of him to boost his RBI numbers. Looking forward, Busch is in a good position to take another step forward in 2025 and is a good late-draft power option.",Michael Busch (CHC - 1B),Michael Busch,Busch,CHC,1B,,".238|67R|19HR|68RBI|3SB
Michael Busch stepped into Chicago and became the everyday first baseman. He hit 21 bombs with 65 RBI and 73 runs scored. He had a respectable .775 OPS, and the biggest concern about him is that he may find himself in a platoon if his numbers versus lefties struggle. However, the playing time should be there in general, and the Cubs have a decent lineup ahead of him to boost his RBI numbers. Looking forward, Busch is in a good position to take another step forward in 2025 and is a good late-draft power option.",258.0
251,505.0,71.0,12,55.0,18.0,0.245,0.302,124,25.0,4.0,41.0,131.0,0.383,0.686,247,50%,58%,41%,H,https://www.fantasypros.com/mlb/players/willi-castro.php,,,,,,,,,,,,,,willi-castro,"Willi Castro (MIN - 2B,3B,OF,SS)",Willi Castro,Castro,MIN,"2B,3B,OF,SS",,.245|71R|12HR|55RBI|18SB,254,"Willi Castro (MIN - 2B,3B,OF,SS)",262.0,296.0,259.0,218.0,247.0,256.0,"2B,3B,OF,SS","Willi Castro (MIN - 2B,3B,OF,SS)",2.0,https://images.fantasypros.com/images/players/mlb/5997/headshot/70x70.png,"Willi Castro (2B,3B,SS,LF,CF - MIN)",,"Willi Castro (MIN - 2B,3B,OF,SS)",Willi Castro,Castro,MIN,"2B,3B,OF,SS",,".245|71R|12HR|55RBI|18SB
",250.0
252,514.0,65.0,11,59.0,7.0,0.282,0.339,145,30.0,3.0,44.0,51.0,0.417,0.756,340,50%,29%,71%,H,https://www.fantasypros.com/mlb/players/jung-lee.php,,,,,,,,,,,,,,jung-lee,Jung Hoo Lee (SF - OF),Jung Hoo Lee,Hoo Lee,SF,OF,,.282|65R|11HR|59RBI|7SB,255,Jung Hoo Lee (SF - OF),282.0,239.0,272.0,226.0,263.0,256.0,OF,Jung Hoo Lee (SF - OF),1.0,https://images.fantasypros.com/images/players/mlb/48275/headshot/70x70.png,Jung Hoo Lee (CF - SF),,Jung Hoo Lee (SF - OF),Jung Hoo Lee,Hoo Lee,SF,OF,,".282|65R|11HR|59RBI|7SB
",81.0
253,462.0,65.0,15,58.0,16.0,0.245,0.31,113,19.0,4.0,43.0,88.0,0.398,0.708,279,20%,34%,7%,H,https://www.fantasypros.com/mlb/players/terry-friedl.php,,,,,,,,,,,,,,terry-friedl,TJ Friedl (CIN - OF),TJ Friedl,Friedl,CIN,OF,,.245|65R|15HR|58RBI|16SB,256,TJ Friedl (CIN - OF),299.0,245.0,248.0,252.0,244.0,258.0,OF,TJ Friedl (CIN - OF),2.0,https://images.fantasypros.com/images/players/mlb/8358/headshot/70x70.png,TJ Friedl (CF - CIN),,TJ Friedl (CIN - OF),TJ Friedl,Friedl,CIN,OF,,".245|65R|15HR|58RBI|16SB
",193.0
254,,,12,,,,,101,,,,,,,243,30%,54%,6%,P,https://www.fantasypros.com/mlb/players/drew-rasmussen.php,113.0,111.0,7.0,0.0,3.42,1.14,43.0,28.0,37.0,17.0,5.0,0.0,8.84,drew-rasmussen,"Drew Rasmussen (TB - RP,SP)",Drew Rasmussen,Rasmussen,TB,"RP,SP",,7-5-0SV|3.42|1.14|8.84K9,257,"Drew Rasmussen (TB - RP,SP)",198.0,294.0,256.0,256.0,289.0,259.0,"RP,SP","Drew Rasmussen (TB - RP,SP)",2.0,https://images.fantasypros.com/images/players/mlb/43665/headshot/70x70.png,"Drew Rasmussen (SP,RP - TB)",,"Drew Rasmussen (TB - RP,SP)",Drew Rasmussen,Rasmussen,TB,"RP,SP",,"7-5-0SV|3.42|1.14|8.84K9
",259.0
255,409.0,55.0,14,52.0,10.0,0.249,0.337,102,22.0,2.0,54.0,140.0,0.415,0.752,203,15%,25%,5%,H,https://www.fantasypros.com/mlb/players/nolan-jones-3b.php,,,,,,,,,,,,,,nolan-jones-3b,Nolan Jones (COL - OF),Nolan Jones,Jones,COL,OF,,.249|55R|14HR|52RBI|10SB,258,Nolan Jones (COL - OF),287.0,255.0,267.0,250.0,239.0,260.0,OF,Nolan Jones (COL - OF),2.0,https://images.fantasypros.com/images/players/mlb/10128/headshot/70x70.png,Nolan Jones (LF - COL),"Nolan Jones entered 2024 with plenty of hype, making him a popular early-round draft pick. Unfortunately, that excitement didn't translate into results. Limited to just 79 games due to injury, he struggled to build on his impressive rookie campaign, managing only three home runs and five stolen bases after posting a 20/20 season in 2023. His slash line took a significant hit, falling from .297/.389/.542 to .227/.321/.320, and he contributed just 28 runs and 28 RBIs. Outside of Luis Robert, Jones was arguably the biggest fantasy disappointment of the year. Looking ahead, a reasonable expectation is production somewhere between his stellar rookie numbers and his 2024 struggles-perhaps a 15/15 season. However, drafting him based on his 2023 breakout could set you up for disappointment.",Nolan Jones (COL - OF),Nolan Jones,Jones,COL,OF,,".249|55R|14HR|52RBI|10SB
Nolan Jones entered 2024 with plenty of hype, making him a popular early-round draft pick. Unfortunately, that excitement didn't translate into results. Limited to just 79 games due to injury, he struggled to build on his impressive rookie campaign, managing only three home runs and five stolen bases after posting a 20/20 season in 2023. His slash line took a significant hit, falling from .297/.389/.542 to .227/.321/.320, and he contributed just 28 runs and 28 RBIs. Outside of Luis Robert, Jones was arguably the biggest fantasy disappointment of the year. Looking ahead, a reasonable expectation is production somewhere between his stellar rookie numbers and his 2024 struggles-perhaps a 15/15 season. However, drafting him based on his 2023 breakout could set you up for disappointment.",358.0
256,,,6,,,,,47,,,,,,,186,25%,40%,9%,P,https://www.fantasypros.com/mlb/players/ben-joyce.php,59.0,69.0,3.0,8.0,3.48,1.25,23.0,27.0,56.0,0.0,3.0,0.0,10.53,ben-joyce,Ben Joyce (LAA - RP),Ben Joyce,Joyce,LAA,RP,,3-3-8SV|3.48|1.25|10.53K9,259,Ben Joyce (LAA - RP),219.0,285.0,249.0,257.0,301.0,262.0,RP,Ben Joyce (LAA - RP),3.0,https://images.fantasypros.com/images/players/mlb/46588/headshot/70x70.png,Ben Joyce (RP - LAA),,Ben Joyce (LAA - RP),Ben Joyce,Joyce,LAA,RP,,"3-3-8SV|3.48|1.25|10.53K9
",391.0
257,461.0,58.0,15,59.0,20.0,0.229,0.292,106,24.0,1.0,41.0,148.0,0.387,0.679,208,18%,30%,6%,H,https://www.fantasypros.com/mlb/players/trevor-story.php,,,,,,,,,,,,,,trevor-story,Trevor Story (BOS - SS),Trevor Story,Story,BOS,SS,,.229|58R|15HR|59RBI|20SB,260,Trevor Story (BOS - SS),283.0,238.0,286.0,253.0,254.0,263.0,SS,Trevor Story (BOS - SS),3.0,https://images.fantasypros.com/images/players/mlb/4747/headshot/70x70.png,Trevor Story (SS - BOS),,Trevor Story (BOS - SS),Trevor Story,Story,BOS,SS,,".229|58R|15HR|59RBI|20SB
",345.0
258,,,22,,,,,155,,,,,,,276,26%,37%,15%,P,https://www.fantasypros.com/mlb/players/michael-wacha.php,162.1,139.0,10.0,0.0,4.1,1.25,74.0,48.0,29.0,29.0,9.0,0.0,7.72,michael-wacha,Michael Wacha (KC - SP),Michael Wacha,Wacha,KC,SP,,10-9-0SV|4.10|1.25|7.72K9,261,Michael Wacha (KC - SP),246.0,282.0,301.0,271.0,220.0,264.0,SP,Michael Wacha (KC - SP),3.0,https://images.fantasypros.com/images/players/mlb/4584/headshot/70x70.png,Michael Wacha (SP - KC),,Michael Wacha (KC - SP),Michael Wacha,Wacha,KC,SP,,"10-9-0SV|4.10|1.25|7.72K9
",204.0
259,394.0,58.0,12,49.0,12.0,0.241,0.325,95,19.0,4.0,49.0,111.0,0.406,0.73,215,13%,20%,6%,H,https://www.fantasypros.com/mlb/players/evan-carter.php,,,,,,,,,,,,,,evan-carter,Evan Carter (TEX - OF),Evan Carter,Carter,TEX,OF,,.241|58R|12HR|49RBI|12SB,262,Evan Carter (TEX - OF),349.0,229.0,281.0,269.0,215.0,269.0,OF,Evan Carter (TEX - OF),7.0,https://images.fantasypros.com/images/players/mlb/43894/headshot/70x70.png,Evan Carter (LF - TEX),,Evan Carter (TEX - OF),Evan Carter,Carter,TEX,OF,,".241|58R|12HR|49RBI|12SB
",327.0
260,551.0,70.0,20,69.0,6.0,0.24,0.321,132,27.0,1.0,65.0,181.0,0.407,0.728,253,18%,30%,6%,H,https://www.fantasypros.com/mlb/players/ryan-mcmahon.php,,,,,,,,,,,,,,ryan-mcmahon,Ryan McMahon (COL - 3B),Ryan McMahon,McMahon,COL,3B,,.240|70R|20HR|69RBI|6SB,263,Ryan McMahon (COL - 3B),323.0,251.0,288.0,275.0,226.0,273.0,3B,Ryan McMahon (COL - 3B),10.0,https://images.fantasypros.com/images/players/mlb/5009/headshot/70x70.png,Ryan McMahon (3B - COL),,Ryan McMahon (COL - 3B),Ryan McMahon,McMahon,COL,3B,,".240|70R|20HR|69RBI|6SB
",241.0
261,361.0,48.0,17,51.0,3.0,0.237,0.301,85,18.0,1.0,33.0,93.0,0.432,0.733,198,17%,21%,14%,H,https://www.fantasypros.com/mlb/players/ryan-jeffers.php,,,,,,,,,,,,,,ryan-jeffers,"Ryan Jeffers (MIN - C,DH)",Ryan Jeffers,Jeffers,MIN,"C,DH",,.237|48R|17HR|51RBI|3SB,264,"Ryan Jeffers (MIN - C,DH)",368.0,261.0,237.0,222.0,277.0,273.0,"C,DH","Ryan Jeffers (MIN - C,DH)",9.0,https://images.fantasypros.com/images/players/mlb/8660/headshot/70x70.png,"Ryan Jeffers (C,DH - MIN)",,"Ryan Jeffers (MIN - C,DH)",Ryan Jeffers,Jeffers,MIN,"C,DH",,".237|48R|17HR|51RBI|3SB
",374.0
262,411.0,58.0,14,53.0,21.0,0.24,0.315,99,19.0,3.0,45.0,141.0,0.407,0.722,200,11%,17%,5%,H,https://www.fantasypros.com/mlb/players/garrett-mitchell.php,,,,,,,,,,,,,,garrett-mitchell,Garrett Mitchell (MIL - OF),Garrett Mitchell,Mitchell,MIL,OF,,.240|58R|14HR|53RBI|21SB,265,Garrett Mitchell (MIL - OF),328.0,272.0,254.0,251.0,264.0,274.0,OF,Garrett Mitchell (MIL - OF),9.0,https://images.fantasypros.com/images/players/mlb/6859/headshot/70x70.png,"Garrett Mitchell (CF,RF - MIL)","Garrett Mitchell played in 69 games for the Brewers, showcasing encouraging production. He recorded eight home runs, swiped 11 bases, and maintained an impressive 11.2% walk rate. His slash line of .255/.342/.469 highlights his solid offensive contributions. Slated to be Milwaukee's starting center fielder, he'll hit behind Jackson Chourio and William Contreras, which could help boost his counting stats. Mitchell profiles as an OF5 with the potential to provide OF4 value.",Garrett Mitchell (MIL - OF),Garrett Mitchell,Mitchell,MIL,OF,,".240|58R|14HR|53RBI|21SB
Garrett Mitchell played in 69 games for the Brewers, showcasing encouraging production. He recorded eight home runs, swiped 11 bases, and maintained an impressive 11.2% walk rate. His slash line of .255/.342/.469 highlights his solid offensive contributions. Slated to be Milwaukee's starting center fielder, he'll hit behind Jackson Chourio and William Contreras, which could help boost his counting stats. Mitchell profiles as an OF5 with the potential to provide OF4 value.",369.0
263,424.0,61.0,21,63.0,4.0,0.234,0.313,99,23.0,2.0,49.0,166.0,0.447,0.76,202,16%,29%,3%,H,https://www.fantasypros.com/mlb/players/matt-wallner.php,,,,,,,,,,,,,,matt-wallner,Matt Wallner (MIN - OF),Matt Wallner,Wallner,MIN,OF,,.234|61R|21HR|63RBI|4SB,266,Matt Wallner (MIN - OF),264.0,275.0,291.0,270.0,278.0,276.0,OF,Matt Wallner (MIN - OF),10.0,https://images.fantasypros.com/images/players/mlb/43696/headshot/70x70.png,"Matt Wallner (LF,RF - MIN)",,Matt Wallner (MIN - OF),Matt Wallner,Wallner,MIN,OF,,".234|61R|21HR|63RBI|4SB
",361.0
264,,,22,,,,,131,,,,,,,283,26%,26%,26%,P,https://www.fantasypros.com/mlb/players/nestor-cortes.php,144.4,141.0,8.0,0.0,3.9,1.17,63.0,38.0,36.0,23.0,7.0,0.0,8.79,nestor-cortes,Nestor Cortes Jr. (MIL - SP),Nestor Cortes Jr.,Cortes Jr.,MIL,SP,,8-7-0SV|3.90|1.17|8.79K9,267,Nestor Cortes Jr. (MIL - SP),347.0,253.0,278.0,279.0,229.0,277.0,SP,Nestor Cortes Jr. (MIL - SP),10.0,https://images.fantasypros.com/images/players/mlb/7375/headshot/70x70.png,Nestor Cortes Jr. (SP - MIL),,Nestor Cortes Jr. (MIL - SP),Nestor Cortes Jr.,Cortes Jr.,MIL,SP,,"8-7-0SV|3.90|1.17|8.79K9
",184.0
265,,,19,,,,,123,,,,,,,252,11%,17%,5%,P,https://www.fantasypros.com/mlb/players/jeffrey-springs.php,131.8,130.0,8.0,0.0,3.95,1.22,58.0,38.0,30.0,25.0,7.0,0.0,8.88,jeffrey-springs,Jeffrey Springs (ATH - SP),Jeffrey Springs,Springs,ATH,SP,,8-7-0SV|3.95|1.22|8.88K9,268,Jeffrey Springs (ATH - SP),325.0,274.0,293.0,259.0,235.0,277.0,SP,Jeffrey Springs (ATH - SP),9.0,https://images.fantasypros.com/images/players/mlb/8051/headshot/70x70.png,Jeffrey Springs (SP - ATH),"Jeffrey Springs is an intriguing late-round option in 2025 drafts. Two years removed from Tommy John surgery, the 32-year-old now resides in Sacramento, which projects to be a worse pitching environment than he was used to in Tampa Bay. However, in the seven games he pitched in 2024, Springs offers a fastball/changeup/slider combination, with his changeup doing the most damage (44.2% whiff rate). While teams batted .333 against the pitch, the xBA was .223, meaning he was experiencing some very bad luck. Springs won't cost you much in a draft (currently going in the 22nd round), but if he can reach his career strikeout rate of 27.2%, he could offer fantastic return on investment.",Jeffrey Springs (ATH - SP),Jeffrey Springs,Springs,ATH,SP,,"8-7-0SV|3.95|1.22|8.88K9
Jeffrey Springs is an intriguing late-round option in 2025 drafts. Two years removed from Tommy John surgery, the 32-year-old now resides in Sacramento, which projects to be a worse pitching environment than he was used to in Tampa Bay. However, in the seven games he pitched in 2024, Springs offers a fastball/changeup/slider combination, with his changeup doing the most damage (44.2% whiff rate). While teams batted .333 against the pitch, the xBA was .223, meaning he was experiencing some very bad luck. Springs won't cost you much in a draft (currently going in the 22nd round), but if he can reach his career strikeout rate of 27.2%, he could offer fantastic return on investment.",243.0
266,,,22,,,,,176,,,,,,,301,50%,31%,70%,P,https://www.fantasypros.com/mlb/players/mitch-keller.php,178.9,164.0,10.0,0.0,4.2,1.28,84.0,54.0,30.0,30.0,11.0,1.0,8.25,mitch-keller,Mitch Keller (PIT - SP),Mitch Keller,Keller,PIT,SP,,10-11-0SV|4.20|1.28|8.25K9,269,Mitch Keller (PIT - SP),315.0,268.0,319.0,289.0,196.0,277.0,SP,Mitch Keller (PIT - SP),8.0,https://images.fantasypros.com/images/players/mlb/6477/headshot/70x70.png,Mitch Keller (SP - PIT),,Mitch Keller (PIT - SP),Mitch Keller,Keller,PIT,SP,,"10-11-0SV|4.20|1.28|8.25K9
",150.0
267,445.0,61.0,22,65.0,9.0,0.232,0.303,103,18.0,3.0,46.0,136.0,0.437,0.74,239,24%,26%,22%,H,https://www.fantasypros.com/mlb/players/christopher-morel.php,,,,,,,,,,,,,,christopher-morel,"Christopher Morel (TB - 2B,3B,DH)",Christopher Morel,Morel,TB,"2B,3B,DH",,.232|61R|22HR|65RBI|9SB,270,"Christopher Morel (TB - 2B,3B,DH)",317.0,263.0,297.0,260.0,251.0,278.0,"2B,3B,DH,OF","Christopher Morel (TB - 2B,3B,DH,OF)",8.0,https://images.fantasypros.com/images/players/mlb/44057/headshot/70x70.png,"Christopher Morel (2B,3B,DH - TB)",,"Christopher Morel (TB - 2B,3B,DH)",Christopher Morel,Morel,TB,"2B,3B,DH",,".232|61R|22HR|65RBI|9SB
",268.0
268,541.0,73.0,21,69.0,5.0,0.228,0.317,123,30.0,3.0,71.0,132.0,0.413,0.73,309,31%,22%,40%,H,https://www.fantasypros.com/mlb/players/jj-bleday.php,,,,,,,,,,,,,,jj-bleday,JJ Bleday (ATH - OF),JJ Bleday,Bleday,ATH,OF,,.228|73R|21HR|69RBI|5SB,271,JJ Bleday (ATH - OF),361.0,277.0,260.0,266.0,225.0,278.0,OF,JJ Bleday (ATH - OF),7.0,https://images.fantasypros.com/images/players/mlb/24863/headshot/70x70.png,JJ Bleday (CF - ATH),"JJ Bleday put together a respectable season for Oakland, belting 20 home runs while cutting his strikeout rate by four percentage points. While batting average won't be his strong suit, his power and run production could still make an impact. If Sacramento's ballpark proves hitter-friendly, a 20-homer, 75-RBI, 75-run campaign is a realistic expectation.",JJ Bleday (ATH - OF),JJ Bleday,Bleday,ATH,OF,,".228|73R|21HR|69RBI|5SB
JJ Bleday put together a respectable season for Oakland, belting 20 home runs while cutting his strikeout rate by four percentage points. While batting average won't be his strong suit, his power and run production could still make an impact. If Sacramento's ballpark proves hitter-friendly, a 20-homer, 75-RBI, 75-run campaign is a realistic expectation.",130.0
269,426.0,54.0,17,58.0,9.0,0.252,0.315,107,22.0,2.0,39.0,121.0,0.435,0.751,224,5%,7%,4%,H,https://www.fantasypros.com/mlb/players/jesus-sanchez.php,,,,,,,,,,,,,,jesus-sanchez,Jesus Sanchez (MIA - OF),Jesus Sanchez,Sanchez,MIA,OF,,.252|54R|17HR|58RBI|9SB,272,Jesus Sanchez (MIA - OF),301.0,314.0,276.0,247.0,255.0,279.0,OF,Jesus Sanchez (MIA - OF),7.0,https://images.fantasypros.com/images/players/mlb/6890/headshot/70x70.png,Jesus Sanchez (RF - MIA),,Jesus Sanchez (MIA - OF),Jesus Sanchez,Sanchez,MIA,OF,,".252|54R|17HR|58RBI|9SB
",300.0
270,336.0,46.0,9,40.0,6.0,0.259,0.344,87,17.0,1.0,43.0,83.0,0.393,0.737,185,12%,17%,7%,H,https://www.fantasypros.com/mlb/players/ivan-herrera.php,,,,,,,,,,,,,,ivan-herrera,Ivan Herrera (STL - C),Ivan Herrera,Herrera,STL,C,,.259|46R|9HR|40RBI|6SB,273,Ivan Herrera (STL - C),375.0,262.0,222.0,224.0,317.0,280.0,C,Ivan Herrera (STL - C),7.0,https://images.fantasypros.com/images/players/mlb/43691/headshot/70x70.png,Ivan Herrera (C - STL),,Ivan Herrera (STL - C),Ivan Herrera,Herrera,STL,C,,".259|46R|9HR|40RBI|6SB
",393.0
271,285.0,40.0,8,34.0,7.0,0.244,0.326,69,16.0,2.0,35.0,84.0,0.393,0.718,147,16%,25%,7%,H,https://www.fantasypros.com/mlb/players/roman-anthony.php,,,,,,,,,,,,,,roman-anthony,Roman Anthony (BOS - OF),Roman Anthony,Anthony,BOS,OF,NRI,.244|40R|8HR|34RBI|7SB,274,Roman Anthony (BOS - OF),316.0,264.0,263.0,285.0,276.0,281.0,OF,Roman Anthony (BOS - OF),7.0,https://images.fantasypros.com/images/players/mlb/missing/headshot/70x70.png,Roman Anthony (CF - BOS),,Roman Anthony (BOS - OF),Roman Anthony,Anthony,BOS,OF,,".244|40R|8HR|34RBI|7SB
",529.0
272,,,6,,,,,51,,,,,,,201,13%,15%,11%,P,https://www.fantasypros.com/mlb/players/porter-hodge.php,63.3,70.0,3.0,10.0,3.63,1.27,26.0,30.0,57.0,0.0,3.0,0.0,9.95,porter-hodge,Porter Hodge (CHC - RP),Porter Hodge,Hodge,CHC,RP,,3-3-10SV|3.63|1.27|9.95K9,275,Porter Hodge (CHC - RP),268.0,308.0,277.0,264.0,287.0,281.0,RP,Porter Hodge (CHC - RP),6.0,https://images.fantasypros.com/images/players/mlb/46453/headshot/70x70.png,Porter Hodge (RP - CHC),,Porter Hodge (CHC - RP),Porter Hodge,Hodge,CHC,RP,,"3-3-10SV|3.63|1.27|9.95K9
",367.0
273,511.0,68.0,17,60.0,9.0,0.245,0.306,125,27.0,2.0,45.0,157.0,0.406,0.712,232,19%,24%,14%,H,https://www.fantasypros.com/mlb/players/connor-norby.php,,,,,,,,,,,,,,connor-norby,"Connor Norby (MIA - 2B,3B)",Connor Norby,Norby,MIA,"2B,3B",,.245|68R|17HR|60RBI|9SB,276,"Connor Norby (MIA - 2B,3B)",337.0,259.0,290.0,268.0,253.0,281.0,"2B,3B","Connor Norby (MIA - 2B,3B)",5.0,https://images.fantasypros.com/images/players/mlb/missing/headshot/70x70.png,"Connor Norby (2B,3B - MIA)","Connor Norby landed in Miami in one of the most perplexing trades of the season, and he demonstrated his potential power once he was there. Norby hit nine home runs and collected 20 RBI in only 36 games. However, he struck out at a 33.3% clip, which is what will most likely continue to suppress his batting average going forward. Norby's barrel rate will offer fantasy managers plenty of power, but it will come with some growing pains and more effect on your ratios than you may want. His cost is low enough, though, to take the chance in 2025.","Connor Norby (MIA - 2B,3B)",Connor Norby,Norby,MIA,"2B,3B",,".245|68R|17HR|60RBI|9SB
Connor Norby landed in Miami in one of the most perplexing trades of the season, and he demonstrated his potential power once he was there. Norby hit nine home runs and collected 20 RBI in only 36 games. However, he struck out at a 33.3% clip, which is what will most likely continue to suppress his batting average going forward. Norby's barrel rate will offer fantasy managers plenty of power, but it will come with some growing pains and more effect on your ratios than you may want. His cost is low enough, though, to take the chance in 2025.",283.0
274,,,7,,,,,53,,,,,,,240,33%,36%,30%,P,https://www.fantasypros.com/mlb/players/aj-puk.php,64.5,77.0,4.0,14.0,3.35,1.17,24.0,22.0,62.0,0.0,3.0,0.0,10.74,aj-puk,A.J. Puk (ARI - RP),A.J. Puk,Puk,ARI,RP,,4-3-14SV|3.35|1.17|10.74K9,277,A.J. Puk (ARI - RP),217.0,267.0,294.0,280.0,352.0,282.0,"RP,SP","A.J. Puk (ARI - RP,SP)",5.0,https://images.fantasypros.com/images/players/mlb/5007/headshot/70x70.png,A.J. Puk (RP - ARI),,A.J. Puk (ARI - RP),A.J. Puk,Puk,ARI,RP,,"4-3-14SV|3.35|1.17|10.74K9
",266.0
275,,,16,,,,,129,,,,,,,255,16%,24%,8%,P,https://www.fantasypros.com/mlb/players/reese-olson.php,141.0,130.0,8.0,0.0,3.94,1.24,62.0,45.0,27.0,27.0,8.0,0.0,8.3,reese-olson,Reese Olson (DET - SP),Reese Olson,Olson,DET,SP,,8-8-0SV|3.94|1.24|8.30K9,278,Reese Olson (DET - SP),359.0,256.0,284.0,265.0,250.0,283.0,SP,Reese Olson (DET - SP),5.0,https://images.fantasypros.com/images/players/mlb/44805/headshot/70x70.png,Reese Olson (SP - DET),,Reese Olson (DET - SP),Reese Olson,Olson,DET,SP,,"8-8-0SV|3.94|1.24|8.30K9
",237.0
276,442.0,46.0,14,54.0,3.0,0.249,0.288,110,22.0,0.0,25.0,54.0,0.393,0.681,248,42%,14%,70%,H,https://www.fantasypros.com/mlb/players/keibert-ruiz.php,,,,,,,,,,,,,,keibert-ruiz,Keibert Ruiz (WSH - C),Keibert Ruiz,Ruiz,WSH,C,,.249|46R|14HR|54RBI|3SB,279,Keibert Ruiz (WSH - C),400.0,287.0,255.0,200.0,275.0,283.0,C,Keibert Ruiz (WSH - C),4.0,https://images.fantasypros.com/images/players/mlb/6912/headshot/70x70.png,Keibert Ruiz (C - WSH),,Keibert Ruiz (WSH - C),Keibert Ruiz,Ruiz,WSH,C,,".249|46R|14HR|54RBI|3SB
",248.0
277,,,8,,,,,51,,,,,,,219,22%,35%,10%,P,https://www.fantasypros.com/mlb/players/liam-hendriks.php,57.6,64.0,3.0,17.0,3.78,1.19,24.0,18.0,54.0,0.0,3.0,0.0,10.0,liam-hendriks,Liam Hendriks (BOS - RP),Liam Hendriks,Hendriks,BOS,RP,,3-3-17SV|3.78|1.19|10.00K9,280,Liam Hendriks (BOS - RP),213.0,269.0,289.0,276.0,379.0,285.0,RP,Liam Hendriks (BOS - RP),5.0,https://images.fantasypros.com/images/players/mlb/4158/headshot/70x70.png,Liam Hendriks (RP - BOS),,Liam Hendriks (BOS - RP),Liam Hendriks,Hendriks,BOS,RP,,"3-3-17SV|3.78|1.19|10.00K9
",318.0
278,,,6,,,,,62,,,,,,,201,23%,30%,17%,P,https://www.fantasypros.com/mlb/players/jason-foley.php,63.6,51.0,3.0,15.0,3.7,1.26,26.0,18.0,62.0,0.0,3.0,0.0,7.22,jason-foley,Jason Foley (DET - RP),Jason Foley,Foley,DET,RP,,3-3-15SV|3.70|1.26|7.22K9,281,Jason Foley (DET - RP),239.0,252.0,275.0,310.0,368.0,289.0,RP,Jason Foley (DET - RP),8.0,https://images.fantasypros.com/images/players/mlb/44012/headshot/70x70.png,Jason Foley (RP - DET),,Jason Foley (DET - RP),Jason Foley,Foley,DET,RP,,"3-3-15SV|3.70|1.26|7.22K9
",368.0
279,,,9,,,,,60,,,,,,,202,26%,22%,30%,P,https://www.fantasypros.com/mlb/players/luke-weaver.php,69.6,76.0,3.0,5.0,3.78,1.18,29.0,22.0,61.0,0.0,3.0,0.0,9.83,luke-weaver,Luke Weaver (NYY - RP),Luke Weaver,Weaver,NYY,RP,,3-3-5SV|3.78|1.18|9.83K9,282,Luke Weaver (NYY - RP),252.0,311.0,287.0,320.0,283.0,291.0,RP,Luke Weaver (NYY - RP),9.0,https://images.fantasypros.com/images/players/mlb/6196/headshot/70x70.png,Luke Weaver (RP - NYY),"Luke Weaver emerged as a pivotal asset for the Yankees' bullpen in 2024, transitioning seamlessly into the closer role during the season's final month. Over 62 appearances, he posted a 7-3 record with a 2.89 ERA and 0.93 WHIP, striking out 103 batters across 84 innings, and securing four saves. The closer role is Devin Williams's to lose, but Weaver will be waiting in the wings should he falter.",Luke Weaver (NYY - RP),Luke Weaver,Weaver,NYY,RP,,"3-3-5SV|3.78|1.18|9.83K9
Luke Weaver emerged as a pivotal asset for the Yankees' bullpen in 2024, transitioning seamlessly into the closer role during the season's final month. Over 62 appearances, he posted a 7-3 record with a 2.89 ERA and 0.93 WHIP, striking out 103 batters across 84 innings, and securing four saves. The closer role is Devin Williams's to lose, but Weaver will be waiting in the wings should he falter.",362.0
280,,,7,,,,,56,,,,,,,238,29%,27%,32%,P,https://www.fantasypros.com/mlb/players/griffin-jax.php,69.4,81.0,4.0,8.0,3.14,1.09,24.0,19.0,67.0,0.0,3.0,0.0,10.5,griffin-jax,Griffin Jax (MIN - RP),Griffin Jax,Jax,MIN,RP,,4-3-8SV|3.14|1.09|10.50K9,283,Griffin Jax (MIN - RP),259.0,288.0,266.0,301.0,342.0,291.0,RP,Griffin Jax (MIN - RP),8.0,https://images.fantasypros.com/images/players/mlb/43669/headshot/70x70.png,Griffin Jax (RP - MIN),,Griffin Jax (MIN - RP),Griffin Jax,Jax,MIN,RP,,"4-3-8SV|3.14|1.09|10.50K9
",269.0
281,409.0,56.0,18,61.0,2.0,0.237,0.311,97,19.0,1.0,44.0,111.0,0.426,0.738,226,11%,16%,6%,H,https://www.fantasypros.com/mlb/players/michael-conforto.php,,,,,,,,,,,,,,michael-conforto,"Michael Conforto (LAD - DH,OF)",Michael Conforto,Conforto,LAD,"DH,OF",,.237|56R|18HR|61RBI|2SB,284,"Michael Conforto (LAD - DH,OF)",336.0,241.0,285.0,281.0,314.0,291.0,"DH,OF","Michael Conforto (LAD - DH,OF)",7.0,https://images.fantasypros.com/images/players/mlb/5812/headshot/70x70.png,"Michael Conforto (LF,DH - LAD)",,"Michael Conforto (LAD - DH,OF)",Michael Conforto,Conforto,LAD,"DH,OF",,".237|56R|18HR|61RBI|2SB
",291.0
282,,,18,,,,,100,,,,,,,242,35%,49%,21%,P,https://www.fantasypros.com/mlb/players/max-scherzer.php,115.4,120.0,7.0,0.0,3.83,1.13,49.0,30.0,24.0,21.0,6.0,0.0,9.36,max-scherzer,Max Scherzer (TOR - SP),Max Scherzer,Scherzer,TOR,SP,,7-6-0SV|3.83|1.13|9.36K9,285,Max Scherzer (TOR - SP),256.0,242.0,270.0,326.0,366.0,292.0,SP,Max Scherzer (TOR - SP),7.0,https://images.fantasypros.com/images/players/mlb/3744/headshot/70x70.png,Max Scherzer (SP - TOR),,Max Scherzer (TOR - SP),Max Scherzer,Scherzer,TOR,SP,,"7-6-0SV|3.83|1.13|9.36K9
",262.0
283,268.0,38.0,8,35.0,8.0,0.263,0.334,70,15.0,2.0,29.0,70.0,0.418,0.752,157,12%,17%,7%,H,https://www.fantasypros.com/mlb/players/kristian-campbell.php,,,,,,,,,,,,,,kristian-campbell,"Kristian Campbell (BOS - 2B,OF,SS)",Kristian Campbell,Campbell,BOS,"2B,OF,SS",NRI,.263|38R|8HR|35RBI|8SB,286,"Kristian Campbell (BOS - 2B,OF,SS)",281.0,265.0,306.0,296.0,315.0,293.0,"2B,OF,SS","Kristian Campbell (BOS - 2B,OF,SS)",7.0,https://images.fantasypros.com/images/players/mlb/missing/headshot/70x70.png,"Kristian Campbell (2B,SS,CF - BOS)",,"Kristian Campbell (BOS - 2B,OF,SS)",Kristian Campbell,Campbell,BOS,"2B,OF,SS",,".263|38R|8HR|35RBI|8SB
",496.0
284,516.0,68.0,15,65.0,5.0,0.239,0.311,123,27.0,4.0,54.0,109.0,0.391,0.702,289,53%,33%,73%,H,https://www.fantasypros.com/mlb/players/jacob-cronenworth.php,,,,,,,,,,,,,,jacob-cronenworth,"Jake Cronenworth (SD - 1B,2B)",Jake Cronenworth,Cronenworth,SD,"1B,2B",,.239|68R|15HR|65RBI|5SB,287,"Jake Cronenworth (SD - 1B,2B)",340.0,318.0,315.0,274.0,217.0,293.0,"1B,2B","Jake Cronenworth (SD - 1B,2B)",6.0,https://images.fantasypros.com/images/players/mlb/7868/headshot/70x70.png,"Jake Cronenworth (1B,2B - SD)","Jake Cronenworth maintained his consistent performance in the 2024 season, appearing in 155 games for the San Diego Padres. He posted a .241/.324/.390 slash line, hitting 17 home runs, driving in 83 runs, scoring 72 times, and stealing five bases. At 31 years old, Cronenworth's skill set is well-established. His versatility across multiple infield positions enhances his value, but the stats themselves remain average.","Jake Cronenworth (SD - 1B,2B)",Jake Cronenworth,Cronenworth,SD,"1B,2B",,".239|68R|15HR|65RBI|5SB
Jake Cronenworth maintained his consistent performance in the 2024 season, appearing in 155 games for the San Diego Padres. He posted a .241/.324/.390 slash line, hitting 17 home runs, driving in 83 runs, scoring 72 times, and stealing five bases. At 31 years old, Cronenworth's skill set is well-established. His versatility across multiple infield positions enhances his value, but the stats themselves remain average.",174.0
285,,,21,,,,,145,,,,,,,267,22%,29%,15%,P,https://www.fantasypros.com/mlb/players/merrill-kelly.php,153.3,137.0,10.0,0.0,4.08,1.27,70.0,49.0,26.0,26.0,8.0,0.0,8.04,merrill-kelly,Merrill Kelly (ARI - SP),Merrill Kelly,Kelly,ARI,SP,,10-8-0SV|4.08|1.27|8.04K9,288,Merrill Kelly (ARI - SP),330.0,280.0,329.0,291.0,243.0,295.0,SP,Merrill Kelly (ARI - SP),7.0,https://images.fantasypros.com/images/players/mlb/8374/headshot/70x70.png,Merrill Kelly (SP - ARI),,Merrill Kelly (ARI - SP),Merrill Kelly,Kelly,ARI,SP,,"10-8-0SV|4.08|1.27|8.04K9
",213.0
286,440.0,64.0,17,57.0,9.0,0.248,0.346,109,22.0,2.0,66.0,104.0,0.424,0.77,279,13%,12%,15%,H,https://www.fantasypros.com/mlb/players/lars-nootbaar.php,,,,,,,,,,,,,,lars-nootbaar,Lars Nootbaar (STL - OF),Lars Nootbaar,Nootbaar,STL,OF,,.248|64R|17HR|57RBI|9SB,289,Lars Nootbaar (STL - OF),407.0,295.0,264.0,261.0,258.0,297.0,OF,Lars Nootbaar (STL - OF),8.0,https://images.fantasypros.com/images/players/mlb/44339/headshot/70x70.png,"Lars Nootbaar (LF,CF,RF - STL)",,Lars Nootbaar (STL - OF),Lars Nootbaar,Nootbaar,STL,OF,,".248|64R|17HR|57RBI|9SB
",194.0
287,327.0,40.0,11,42.0,1.0,0.238,0.298,78,14.0,0.0,28.0,102.0,0.391,0.689,133,7%,12%,2%,H,https://www.fantasypros.com/mlb/players/joseph-bart.php,,,,,,,,,,,,,,joseph-bart,Joey Bart (PIT - C),Joey Bart,Bart,PIT,C,,.238|40R|11HR|42RBI|1SB,290,Joey Bart (PIT - C),351.0,278.0,273.0,258.0,335.0,299.0,C,Joey Bart (PIT - C),9.0,https://images.fantasypros.com/images/players/mlb/7956/headshot/70x70.png,Joey Bart (C - PIT),,Joey Bart (PIT - C),Joey Bart,Bart,PIT,C,,".238|40R|11HR|42RBI|1SB
",574.0
288,,,23,,,,,162,,,,,,,278,16%,18%,13%,P,https://www.fantasypros.com/mlb/players/erick-fedde.php,167.6,145.0,10.0,0.0,4.16,1.28,78.0,52.0,29.0,29.0,10.0,0.0,7.79,erick-fedde,Erick Fedde (STL - SP),Erick Fedde,Fedde,STL,SP,,10-10-0SV|4.16|1.28|7.79K9,291,Erick Fedde (STL - SP),356.0,312.0,309.0,305.0,224.0,301.0,SP,Erick Fedde (STL - SP),10.0,https://images.fantasypros.com/images/players/mlb/6029/headshot/70x70.png,Erick Fedde (SP - STL),,Erick Fedde (STL - SP),Erick Fedde,Fedde,STL,SP,,"10-10-0SV|4.16|1.28|7.79K9
",198.0
289,279.0,37.0,18,48.0,0.0,0.227,0.298,63,11.0,0.0,29.0,95.0,0.47,0.769,148,11%,17%,6%,H,https://www.fantasypros.com/mlb/players/giancarlo-stanton.php,,,,,,,,,,,,,,giancarlo-stanton,Giancarlo Stanton (NYY - DH),Giancarlo Stanton,Stanton,NYY,DH,,.227|37R|18HR|48RBI|0SB,292,Giancarlo Stanton (NYY - DH),258.0,298.0,307.0,340.0,303.0,301.0,"DH,OF","Giancarlo Stanton (NYY - DH,OF)",9.0,https://images.fantasypros.com/images/players/mlb/3783/headshot/70x70.png,Giancarlo Stanton (DH - NYY),,Giancarlo Stanton (NYY - DH),Giancarlo Stanton,Stanton,NYY,DH,,".227|37R|18HR|48RBI|0SB
",527.0
290,477.0,58.0,16,60.0,7.0,0.25,0.304,119,26.0,2.0,37.0,122.0,0.415,0.719,238,8%,12%,4%,H,https://www.fantasypros.com/mlb/players/jordan-walker.php,,,,,,,,,,,,,,jordan-walker,Jordan Walker (STL - OF),Jordan Walker,Walker,STL,OF,,.250|58R|16HR|60RBI|7SB,293,Jordan Walker (STL - OF),388.0,276.0,304.0,278.0,272.0,304.0,OF,Jordan Walker (STL - OF),11.0,https://images.fantasypros.com/images/players/mlb/43830/headshot/70x70.png,Jordan Walker (RF - STL),,Jordan Walker (STL - OF),Jordan Walker,Walker,STL,OF,,".250|58R|16HR|60RBI|7SB
",270.0
291,,,23,,,,,168,,,,,,,301,26%,25%,28%,P,https://www.fantasypros.com/mlb/players/chris-bassitt.php,176.7,162.0,11.0,0.0,4.17,1.29,82.0,61.0,31.0,31.0,10.0,0.0,8.25,chris-bassitt,Chris Bassitt (TOR - SP),Chris Bassitt,Bassitt,TOR,SP,,11-10-0SV|4.17|1.29|8.25K9,294,Chris Bassitt (TOR - SP),322.0,283.0,334.0,339.0,241.0,304.0,SP,Chris Bassitt (TOR - SP),10.0,https://images.fantasypros.com/images/players/mlb/5554/headshot/70x70.png,Chris Bassitt (SP - TOR),"Chris Bassitt started 30+ games for the third year in a row in 2024, but he also suffered his second-worst career ERA at 4.16 to go along with an uncharacteristic WHIP of 1.46. The 35-year-old's strikeout rate stayed consistent at 22.2%, but his walk rate jumped over two percentage points to 9.2%. While he did manage 10 wins on a terrible team, he had trouble fooling hitters with his sinker and change-up, which is a harbinger for bad things to come. Bassitt is much more of a streamer/waiver wire pickup in 2025 than the durable innings eater fantasy managers have enjoyed in recent years.",Chris Bassitt (TOR - SP),Chris Bassitt,Bassitt,TOR,SP,,"11-10-0SV|4.17|1.29|8.25K9
Chris Bassitt started 30+ games for the third year in a row in 2024, but he also suffered his second-worst career ERA at 4.16 to go along with an uncharacteristic WHIP of 1.46. The 35-year-old's strikeout rate stayed consistent at 22.2%, but his walk rate jumped over two percentage points to 9.2%. While he did manage 10 wins on a terrible team, he had trouble fooling hitters with his sinker and change-up, which is a harbinger for bad things to come. Bassitt is much more of a streamer/waiver wire pickup in 2025 than the durable innings eater fantasy managers have enjoyed in recent years.",151.0
292,,,14,,,,,100,,,,,,,233,16%,26%,6%,P,https://www.fantasypros.com/mlb/players/kumar-rocker.php,113.1,118.0,6.0,0.0,3.69,1.19,46.0,34.0,26.0,22.0,6.0,0.0,9.39,kumar-rocker,Kumar Rocker (TEX - SP),Kumar Rocker,Rocker,TEX,SP,,6-6-0SV|3.69|1.19|9.39K9,295,Kumar Rocker (TEX - SP),321.0,310.0,340.0,292.0,267.0,306.0,SP,Kumar Rocker (TEX - SP),11.0,https://images.fantasypros.com/images/players/mlb/missing/headshot/70x70.png,Kumar Rocker (SP - TEX),,Kumar Rocker (TEX - SP),Kumar Rocker,Rocker,TEX,SP,,"6-6-0SV|3.69|1.19|9.39K9
",279.0
293,,,6,,,,,45,,,,,,,234,30%,40%,19%,P,https://www.fantasypros.com/mlb/players/aroldis-chapman.php,63.4,92.0,4.0,12.0,3.36,1.29,24.0,37.0,63.0,0.0,3.0,0.0,13.06,aroldis-chapman,Aroldis Chapman (BOS - RP),Aroldis Chapman,Chapman,BOS,RP,,4-3-12SV|3.36|1.29|13.06K9,296,Aroldis Chapman (BOS - RP),230.0,293.0,305.0,315.0,389.0,306.0,RP,Aroldis Chapman (BOS - RP),10.0,https://images.fantasypros.com/images/players/mlb/3068/headshot/70x70.png,Aroldis Chapman (RP - BOS),,Aroldis Chapman (BOS - RP),Aroldis Chapman,Chapman,BOS,RP,,"4-3-12SV|3.36|1.29|13.06K9
",277.0
294,,,20,,,,,127,,,,,,,228,6%,9%,3%,P,https://www.fantasypros.com/mlb/players/tobias-myers.php,132.3,121.0,7.0,0.0,4.22,1.27,62.0,41.0,34.0,23.0,7.0,0.0,8.23,tobias-myers,Tobias Myers (MIL - SP),Tobias Myers,Myers,MIL,SP,,7-7-0SV|4.22|1.27|8.23K9,297,Tobias Myers (MIL - SP),385.0,316.0,283.0,303.0,261.0,310.0,SP,Tobias Myers (MIL - SP),13.0,https://images.fantasypros.com/images/players/mlb/7898/headshot/70x70.png,Tobias Myers (SP - MIL),,Tobias Myers (MIL - SP),Tobias Myers,Myers,MIL,SP,,"7-7-0SV|4.22|1.27|8.23K9
",289.0
295,275.0,36.0,6,28.0,26.0,0.222,0.285,61,13.0,1.0,24.0,78.0,0.344,0.629,131,10%,11%,8%,H,https://www.fantasypros.com/mlb/players/jose-caballero.php,,,,,,,,,,,,,,jose-caballero,"Jose Caballero (TB - 2B,3B,SS)",Jose Caballero,Caballero,TB,"2B,3B,SS",,.222|36R|6HR|28RBI|26SB,298,"Jose Caballero (TB - 2B,3B,SS)",288.0,306.0,380.0,294.0,297.0,313.0,"2B,3B,SS","Jose Caballero (TB - 2B,3B,SS)",15.0,https://images.fantasypros.com/images/players/mlb/26984/headshot/70x70.png,"Jose Caballero (2B,3B,SS - TB)",,"Jose Caballero (TB - 2B,3B,SS)",Jose Caballero,Caballero,TB,"2B,3B,SS",,".222|36R|6HR|28RBI|26SB
",577.0
296,,,22,,,,,147,,,,,,,197,11%,15%,6%,P,https://www.fantasypros.com/mlb/players/tomoyuki-sugano.php,139.0,103.0,7.0,0.0,4.62,1.31,71.0,34.0,28.0,25.0,7.0,2.0,6.67,tomoyuki-sugano,Tomoyuki Sugano (BAL - SP),Tomoyuki Sugano,Sugano,BAL,SP,,7-7-0SV|4.62|1.31|6.67K9,299,Tomoyuki Sugano (BAL - SP),300.0,344.0,253.0,333.0,337.0,313.0,SP,Tomoyuki Sugano (BAL - SP),14.0,https://images.fantasypros.com/images/players/mlb/missing/headshot/70x70.png,Tomoyuki Sugano (SP - BAL),,Tomoyuki Sugano (BAL - SP),Tomoyuki Sugano,Sugano,BAL,SP,,"7-7-0SV|4.62|1.31|6.67K9
",377.0
297,372.0,42.0,9,47.0,0.0,0.263,0.336,98,18.0,1.0,41.0,52.0,0.392,0.728,223,23%,8%,38%,H,https://www.fantasypros.com/mlb/players/alejandro-kirk.php,,,,,,,,,,,,,,alejandro-kirk,Alejandro Kirk (TOR - C),Alejandro Kirk,Kirk,TOR,C,,.263|42R|9HR|47RBI|0SB,300,Alejandro Kirk (TOR - C),280.0,333.0,338.0,263.0,362.0,315.0,C,Alejandro Kirk (TOR - C),15.0,https://images.fantasypros.com/images/players/mlb/43675/headshot/70x70.png,Alejandro Kirk (C - TOR),,Alejandro Kirk (TOR - C),Alejandro Kirk,Kirk,TOR,C,,".263|42R|9HR|47RBI|0SB
",302.0
298,501.0,64.0,12,60.0,12.0,0.246,0.312,124,27.0,4.0,48.0,113.0,0.39,0.702,265,10%,12%,7%,H,https://www.fantasypros.com/mlb/players/joey-ortiz.php,,,,,,,,,,,,,,joey-ortiz,Joey Ortiz (MIL - 3B),Joey Ortiz,Ortiz,MIL,3B,,.246|64R|12HR|60RBI|12SB,301,Joey Ortiz (MIL - 3B),295.0,321.0,391.0,287.0,284.0,316.0,"3B,SS","Joey Ortiz (MIL - 3B,SS)",15.0,https://images.fantasypros.com/images/players/mlb/45567/headshot/70x70.png,Joey Ortiz (3B - MIL),,Joey Ortiz (MIL - 3B),Joey Ortiz,Ortiz,MIL,3B,,".246|64R|12HR|60RBI|12SB
",216.0
299,336.0,38.0,11,42.0,1.0,0.229,0.283,77,14.0,1.0,25.0,69.0,0.378,0.661,162,9%,11%,7%,H,https://www.fantasypros.com/mlb/players/jonah-heim.php,,,,,,,,,,,,,,jonah-heim,Jonah Heim (TEX - C),Jonah Heim,Heim,TEX,C,,.229|38R|11HR|42RBI|1SB,302,Jonah Heim (TEX - C),285.0,354.0,322.0,295.0,327.0,317.0,C,Jonah Heim (TEX - C),15.0,https://images.fantasypros.com/images/players/mlb/6457/headshot/70x70.png,Jonah Heim (C - TEX),,Jonah Heim (TEX - C),Jonah Heim,Heim,TEX,C,,".229|38R|11HR|42RBI|1SB
",479.0
300,,,10,,,,,73,,,,,,,120,9%,15%,3%,P,https://www.fantasypros.com/mlb/players/bubba-chandler.php,77.0,70.0,4.0,0.0,4.37,1.37,37.0,32.0,15.0,15.0,5.0,0.0,8.18,bubba-chandler,Bubba Chandler (PIT - SP),Bubba Chandler,Chandler,PIT,SP,MiLB,4-5-0SV|4.37|1.37|8.18K9,303,Bubba Chandler (PIT - SP),344.0,330.0,332.0,300.0,282.0,318.0,SP,Bubba Chandler (PIT - SP),15.0,https://images.fantasypros.com/images/players/mlb/missing/headshot/70x70.png,Bubba Chandler (SP - PIT),,Bubba Chandler (PIT - SP),Bubba Chandler,Chandler,PIT,SP,,"4-5-0SV|4.37|1.37|8.18K9
",602.0
301,,,7,,,,,51,,,,,,,220,29%,31%,27%,P,https://www.fantasypros.com/mlb/players/jason-adam.php,68.3,78.0,4.0,5.0,3.21,1.08,24.0,23.0,67.0,0.0,3.0,0.0,10.28,jason-adam,Jason Adam (SD - RP),Jason Adam,Adam,SD,RP,,4-3-5SV|3.21|1.08|10.28K9,304,Jason Adam (SD - RP),242.0,302.0,295.0,363.0,387.0,318.0,RP,Jason Adam (SD - RP),14.0,https://images.fantasypros.com/images/players/mlb/7309/headshot/70x70.png,Jason Adam (RP - SD),,Jason Adam (SD - RP),Jason Adam,Adam,SD,RP,,"4-3-5SV|3.21|1.08|10.28K9
",314.0
302,,,24,,,,,166,,,,,,,278,18%,18%,17%,P,https://www.fantasypros.com/mlb/players/luis-severino.php,172.8,151.0,9.0,0.0,4.3,1.29,83.0,57.0,30.0,30.0,10.0,1.0,7.86,luis-severino,Luis Severino (ATH - SP),Luis Severino,Severino,ATH,SP,,9-10-0SV|4.30|1.29|7.86K9,305,Luis Severino (ATH - SP),352.0,337.0,390.0,293.0,238.0,322.0,SP,Luis Severino (ATH - SP),17.0,https://images.fantasypros.com/images/players/mlb/5244/headshot/70x70.png,Luis Severino (SP - ATH),,Luis Severino (ATH - SP),Luis Severino,Severino,ATH,SP,,"9-10-0SV|4.30|1.29|7.86K9
",199.0
303,439.0,61.0,14,56.0,15.0,0.246,0.324,108,20.0,4.0,51.0,154.0,0.405,0.729,207,5%,7%,2%,H,https://www.fantasypros.com/mlb/players/brandon-marsh.php,,,,,,,,,,,,,,brandon-marsh,Brandon Marsh (PHI - OF),Brandon Marsh,Marsh,PHI,OF,,.246|61R|14HR|56RBI|15SB,306,Brandon Marsh (PHI - OF),263.0,353.0,382.0,307.0,306.0,322.0,OF,Brandon Marsh (PHI - OF),16.0,https://images.fantasypros.com/images/players/mlb/7393/headshot/70x70.png,"Brandon Marsh (LF,CF - PHI)",,Brandon Marsh (PHI - OF),Brandon Marsh,Marsh,PHI,OF,,".246|61R|14HR|56RBI|15SB
",350.0
304,455.0,54.0,21,63.0,1.0,0.228,0.287,104,20.0,2.0,38.0,134.0,0.421,0.708,215,8%,13%,2%,H,https://www.fantasypros.com/mlb/players/tyler-soderstrom.php,,,,,,,,,,,,,,tyler-soderstrom,Tyler Soderstrom (ATH - 1B),Tyler Soderstrom,Soderstrom,ATH,1B,,.228|54R|21HR|63RBI|1SB,307,Tyler Soderstrom (ATH - 1B),345.0,301.0,360.0,284.0,325.0,323.0,1B,Tyler Soderstrom (ATH - 1B),16.0,https://images.fantasypros.com/images/players/mlb/43845/headshot/70x70.png,Tyler Soderstrom (1B - ATH),,Tyler Soderstrom (ATH - 1B),Tyler Soderstrom,Soderstrom,ATH,1B,,".228|54R|21HR|63RBI|1SB
",328.0
305,,,25,,,,,172,,,,,,,288,21%,13%,29%,P,https://www.fantasypros.com/mlb/players/brady-singer.php,171.2,160.0,10.0,0.0,4.31,1.29,82.0,50.0,30.0,30.0,10.0,0.0,8.41,brady-singer,Brady Singer (CIN - SP),Brady Singer,Singer,CIN,SP,,10-10-0SV|4.31|1.29|8.41K9,308,Brady Singer (CIN - SP),369.0,343.0,354.0,331.0,221.0,324.0,SP,Brady Singer (CIN - SP),16.0,https://images.fantasypros.com/images/players/mlb/6811/headshot/70x70.png,Brady Singer (SP - CIN),,Brady Singer (CIN - SP),Brady Singer,Singer,CIN,SP,,"10-10-0SV|4.31|1.29|8.41K9
",177.0
306,,,14,,,,,109,,,,,,,206,16%,26%,6%,P,https://www.fantasypros.com/mlb/players/grant-holmes.php,112.4,110.0,6.0,0.0,4.04,1.29,50.0,36.0,43.0,16.0,5.0,0.0,8.81,grant-holmes,"Grant Holmes (ATL - RP,SP)",Grant Holmes,Holmes,ATL,"RP,SP",,6-5-0SV|4.04|1.29|8.81K9,309,"Grant Holmes (ATL - RP,SP)",294.0,281.0,347.0,325.0,383.0,326.0,"RP,SP","Grant Holmes (ATL - RP,SP)",17.0,https://images.fantasypros.com/images/players/mlb/6011/headshot/70x70.png,"Grant Holmes (SP,RP - ATL)",,"Grant Holmes (ATL - RP,SP)",Grant Holmes,Holmes,ATL,"RP,SP",,"6-5-0SV|4.04|1.29|8.81K9
",353.0
307,,,16,,,,,150,,,,,,,264,11%,13%,9%,P,https://www.fantasypros.com/mlb/players/brayan-bello.php,154.3,142.0,10.0,0.0,4.01,1.33,69.0,55.0,28.0,28.0,9.0,0.0,8.28,brayan-bello,Brayan Bello (BOS - SP),Brayan Bello,Bello,BOS,SP,,10-9-0SV|4.01|1.33|8.28K9,310,Brayan Bello (BOS - SP),380.0,348.0,353.0,317.0,233.0,326.0,SP,Brayan Bello (BOS - SP),16.0,https://images.fantasypros.com/images/players/mlb/44932/headshot/70x70.png,Brayan Bello (SP - BOS),,Brayan Bello (BOS - SP),Brayan Bello,Bello,BOS,SP,,"10-9-0SV|4.01|1.33|8.28K9
",219.0
308,,,21,,,,,155,,,,,,,256,27%,26%,29%,P,https://www.fantasypros.com/mlb/players/nick-martinez.php,154.0,129.0,8.0,0.0,4.15,1.27,71.0,40.0,41.0,23.0,8.0,1.0,7.54,nick-martinez,"Nick Martinez (CIN - RP,SP)",Nick Martinez,Martinez,CIN,"RP,SP",,8-8-0SV|4.15|1.27|7.54K9,311,"Nick Martinez (CIN - RP,SP)",338.0,324.0,379.0,322.0,271.0,327.0,"RP,SP","Nick Martinez (CIN - RP,SP)",16.0,https://images.fantasypros.com/images/players/mlb/4928/headshot/70x70.png,"Nick Martinez (SP,RP - CIN)",,"Nick Martinez (CIN - RP,SP)",Nick Martinez,Martinez,CIN,"RP,SP",,"8-8-0SV|4.15|1.27|7.54K9
",233.0
309,369.0,50.0,10,41.0,18.0,0.244,0.326,90,17.0,2.0,45.0,75.0,0.38,0.706,222,6%,7%,5%,H,https://www.fantasypros.com/mlb/players/ha-seong-kim.php,,,,,,,,,,,,,,ha-seong-kim,Ha-Seong Kim (TB - SS),Ha-Seong Kim,Kim,TB,SS,,.244|50R|10HR|41RBI|18SB,312,Ha-Seong Kim (TB - SS),364.0,370.0,292.0,327.0,291.0,329.0,SS,Ha-Seong Kim (TB - SS),17.0,https://images.fantasypros.com/images/players/mlb/6866/headshot/70x70.png,Ha-Seong Kim (SS - TB),,Ha-Seong Kim (TB - SS),Ha-Seong Kim,Kim,TB,SS,,".244|50R|10HR|41RBI|18SB
",307.0
310,554.0,64.0,21,75.0,1.0,0.254,0.305,141,29.0,1.0,41.0,123.0,0.429,0.734,292,10%,13%,7%,H,https://www.fantasypros.com/mlb/players/andrew-vaughn-1b.php,,,,,,,,,,,,,,andrew-vaughn-1b,"Andrew Vaughn (CWS - 1B,DH)",Andrew Vaughn,Vaughn,CWS,"1B,DH",,.254|64R|21HR|75RBI|1SB,313,"Andrew Vaughn (CWS - 1B,DH)",387.0,292.0,409.0,277.0,281.0,329.0,"1B,DH","Andrew Vaughn (CWS - 1B,DH)",16.0,https://images.fantasypros.com/images/players/mlb/22216/headshot/70x70.png,"Andrew Vaughn (1B,DH - CWS)",,"Andrew Vaughn (CWS - 1B,DH)",Andrew Vaughn,Vaughn,CWS,"1B,DH",,".254|64R|21HR|75RBI|1SB
",169.0
311,,,6,,,,,59,,,,,,,210,9%,16%,3%,P,https://www.fantasypros.com/mlb/players/calvin-faucher.php,62.3,64.0,2.0,18.0,4.08,1.4,28.0,28.0,59.0,0.0,3.0,0.0,9.25,calvin-faucher,Calvin Faucher (MIA - RP),Calvin Faucher,Faucher,MIA,RP,,2-3-18SV|4.08|1.40|9.25K9,314,Calvin Faucher (MIA - RP),254.0,307.0,303.0,349.0,442.0,331.0,RP,Calvin Faucher (MIA - RP),17.0,https://images.fantasypros.com/images/players/mlb/45017/headshot/70x70.png,Calvin Faucher (RP - MIA),,Calvin Faucher (MIA - RP),Calvin Faucher,Faucher,MIA,RP,,"2-3-18SV|4.08|1.40|9.25K9
",343.0
312,443.0,57.0,18,62.0,4.0,0.239,0.297,106,26.0,2.0,37.0,119.0,0.428,0.725,233,7%,8%,6%,H,https://www.fantasypros.com/mlb/players/jeimer-candelario.php,,,,,,,,,,,,,,jeimer-candelario,"Jeimer Candelario (CIN - 1B,3B,DH)",Jeimer Candelario,Candelario,CIN,"1B,3B,DH",,.239|57R|18HR|62RBI|4SB,315,"Jeimer Candelario (CIN - 1B,3B,DH)",372.0,309.0,376.0,298.0,305.0,332.0,"1B,3B,DH","Jeimer Candelario (CIN - 1B,3B,DH)",17.0,https://images.fantasypros.com/images/players/mlb/5920/headshot/70x70.png,"Jeimer Candelario (1B,3B,DH - CIN)",,"Jeimer Candelario (CIN - 1B,3B,DH)",Jeimer Candelario,Candelario,CIN,"1B,3B,DH",,".239|57R|18HR|62RBI|4SB
",280.0
313,,,25,,,,,165,,,,,,,265,9%,14%,4%,P,https://www.fantasypros.com/mlb/players/jameson-taillon.php,165.1,130.0,10.0,0.0,4.33,1.24,79.0,39.0,29.0,29.0,9.0,0.0,7.09,jameson-taillon,Jameson Taillon (CHC - SP),Jameson Taillon,Taillon,CHC,SP,,10-9-0SV|4.33|1.24|7.09K9,316,Jameson Taillon (CHC - SP),357.0,303.0,411.0,332.0,259.0,332.0,SP,Jameson Taillon (CHC - SP),16.0,https://images.fantasypros.com/images/players/mlb/4657/headshot/70x70.png,Jameson Taillon (SP - CHC),,Jameson Taillon (CHC - SP),Jameson Taillon,Taillon,CHC,SP,,"10-9-0SV|4.33|1.24|7.09K9
",217.0
314,453.0,57.0,13,54.0,11.0,0.261,0.296,118,22.0,2.0,22.0,96.0,0.408,0.704,233,9%,13%,5%,H,https://www.fantasypros.com/mlb/players/thairo-estrada.php,,,,,,,,,,,,,,thairo-estrada,Thairo Estrada (COL - 2B),Thairo Estrada,Estrada,COL,2B,,.261|57R|13HR|54RBI|11SB,317,Thairo Estrada (COL - 2B),353.0,297.0,358.0,314.0,341.0,333.0,2B,Thairo Estrada (COL - 2B),16.0,https://images.fantasypros.com/images/players/mlb/7544/headshot/70x70.png,Thairo Estrada (2B - COL),,Thairo Estrada (COL - 2B),Thairo Estrada,Estrada,COL,2B,,".261|57R|13HR|54RBI|11SB
",281.0
315,371.0,58.0,21,61.0,4.0,0.25,0.337,93,16.0,2.0,49.0,103.0,0.481,0.817,247,13%,18%,8%,H,https://www.fantasypros.com/mlb/players/joc-pederson.php,,,,,,,,,,,,,,joc-pederson,Joc Pederson (TEX - DH),Joc Pederson,Pederson,TEX,DH,,.250|58R|21HR|61RBI|4SB,318,Joc Pederson (TEX - DH),367.0,271.0,413.0,323.0,292.0,333.0,"DH,OF","Joc Pederson (TEX - DH,OF)",15.0,https://images.fantasypros.com/images/players/mlb/4769/headshot/70x70.png,Joc Pederson (DH - TEX),,Joc Pederson (TEX - DH),Joc Pederson,Pederson,TEX,DH,,".250|58R|21HR|61RBI|4SB
",251.0
316,,,5,,,,,52,,,,,,,199,13%,20%,7%,P,https://www.fantasypros.com/mlb/players/orion-kerkering.php,63.5,72.0,4.0,5.0,3.1,1.13,22.0,19.0,60.0,0.0,3.0,0.0,10.2,orion-kerkering,Orion Kerkering (PHI - RP),Orion Kerkering,Kerkering,PHI,RP,,4-3-5SV|3.10|1.13|10.20K9,319,Orion Kerkering (PHI - RP),251.0,342.0,356.0,329.0,390.0,334.0,RP,Orion Kerkering (PHI - RP),15.0,https://images.fantasypros.com/images/players/mlb/46918/headshot/70x70.png,Orion Kerkering (RP - PHI),,Orion Kerkering (PHI - RP),Orion Kerkering,Kerkering,PHI,RP,,"4-3-5SV|3.10|1.13|10.20K9
",372.0
317,455.0,57.0,3,37.0,29.0,0.248,0.297,113,20.0,3.0,32.0,94.0,0.324,0.621,208,4%,6%,3%,H,https://www.fantasypros.com/mlb/players/jacob-young.php,,,,,,,,,,,,,,jacob-young,Jacob Young (WSH - OF),Jacob Young,Young,WSH,OF,,.248|57R|3HR|37RBI|29SB,320,Jacob Young (WSH - OF),311.0,346.0,387.0,299.0,332.0,335.0,OF,Jacob Young (WSH - OF),15.0,https://images.fantasypros.com/images/players/mlb/missing/headshot/70x70.png,Jacob Young (CF - WSH),,Jacob Young (WSH - OF),Jacob Young,Young,WSH,OF,,".248|57R|3HR|37RBI|29SB
",346.0
318,406.0,55.0,19,57.0,10.0,0.232,0.287,94,18.0,2.0,31.0,137.0,0.425,0.712,190,6%,10%,2%,H,https://www.fantasypros.com/mlb/players/lucas-raley.php,,,,,,,,,,,,,,lucas-raley,"Luke Raley (SEA - 1B,OF)",Luke Raley,Raley,SEA,"1B,OF",,.232|55R|19HR|57RBI|10SB,321,"Luke Raley (SEA - 1B,OF)",406.0,305.0,355.0,290.0,321.0,335.0,"1B,OF","Luke Raley (SEA - 1B,OF)",14.0,https://images.fantasypros.com/images/players/mlb/8040/headshot/70x70.png,"Luke Raley (1B,LF,RF - SEA)",,"Luke Raley (SEA - 1B,OF)",Luke Raley,Raley,SEA,"1B,OF",,".232|55R|19HR|57RBI|10SB
",385.0
319,386.0,55.0,15,54.0,9.0,0.242,0.325,94,23.0,1.0,47.0,118.0,0.428,0.753,211,8%,10%,5%,H,https://www.fantasypros.com/mlb/players/wilyer-abreu.php,,,,,,,,,,,,,,wilyer-abreu,Wilyer Abreu (BOS - OF),Wilyer Abreu,Abreu,BOS,OF,,.242|55R|15HR|54RBI|9SB,322,Wilyer Abreu (BOS - OF),355.0,313.0,445.0,297.0,273.0,337.0,OF,Wilyer Abreu (BOS - OF),15.0,https://images.fantasypros.com/images/players/mlb/45630/headshot/70x70.png,Wilyer Abreu (RF - BOS),,Wilyer Abreu (BOS - OF),Wilyer Abreu,Abreu,BOS,OF,,".242|55R|15HR|54RBI|9SB
",341.0
320,,,14,,,,,83,,,,,,,164,5%,7%,2%,P,https://www.fantasypros.com/mlb/players/cody-bradford.php,88.2,79.0,5.0,0.0,4.12,1.16,40.0,19.0,36.0,12.0,5.0,0.0,8.06,cody-bradford,Cody Bradford (TEX - SP),Cody Bradford,Bradford,TEX,SP,,5-5-0SV|4.12|1.16|8.06K9,323,Cody Bradford (TEX - SP),376.0,317.0,384.0,319.0,298.0,339.0,SP,Cody Bradford (TEX - SP),16.0,https://images.fantasypros.com/images/players/mlb/45173/headshot/70x70.png,Cody Bradford (SP - TEX),,Cody Bradford (TEX - SP),Cody Bradford,Bradford,TEX,SP,,"5-5-0SV|4.12|1.16|8.06K9
",470.0
321,,,9,,,,,55,,,,,,,193,7%,13%,2%,P,https://www.fantasypros.com/mlb/players/edwin-uceta.php,65.0,71.0,3.0,8.0,3.89,1.24,28.0,26.0,59.0,0.0,3.0,0.0,9.83,edwin-uceta,Edwin Uceta (TB - RP),Edwin Uceta,Uceta,TB,RP,,3-3-8SV|3.89|1.24|9.83K9,324,Edwin Uceta (TB - RP),314.0,266.0,395.0,338.0,391.0,341.0,RP,Edwin Uceta (TB - RP),17.0,https://images.fantasypros.com/images/players/mlb/43645/headshot/70x70.png,Edwin Uceta (RP - TB),,Edwin Uceta (TB - RP),Edwin Uceta,Uceta,TB,RP,,"3-3-8SV|3.89|1.24|9.83K9
",383.0
322,,,6,,,,,55,,,,,,,226,28%,53%,3%,P,https://www.fantasypros.com/mlb/players/chris-martin.php,58.9,60.0,3.0,16.0,3.32,1.11,22.0,10.0,55.0,0.0,2.0,0.0,9.17,chris-martin,Chris Martin (TEX - RP),Chris Martin,Martin,TEX,RP,,3-2-16SV|3.32|1.11|9.17K9,325,Chris Martin (TEX - RP),185.0,257.0,336.0,359.0,570.0,341.0,RP,Chris Martin (TEX - RP),16.0,https://images.fantasypros.com/images/players/mlb/5477/headshot/70x70.png,Chris Martin (RP - TEX),,Chris Martin (TEX - RP),Chris Martin,Martin,TEX,RP,,"3-2-16SV|3.32|1.11|9.17K9
",292.0
323,487.0,68.0,20,65.0,13.0,0.221,0.29,108,22.0,4.0,47.0,135.0,0.409,0.699,256,6%,8%,4%,H,https://www.fantasypros.com/mlb/players/daulton-varsho.php,,,,,,,,,,,,,,daulton-varsho,Daulton Varsho (TOR - OF),Daulton Varsho,Varsho,TOR,OF,,.221|68R|20HR|65RBI|13SB,326,Daulton Varsho (TOR - OF),271.0,355.0,428.0,337.0,316.0,341.0,OF,Daulton Varsho (TOR - OF),15.0,https://images.fantasypros.com/images/players/mlb/7551/headshot/70x70.png,"Daulton Varsho (LF,CF - TOR)",,Daulton Varsho (TOR - OF),Daulton Varsho,Varsho,TOR,OF,,".221|68R|20HR|65RBI|13SB
",234.0
324,333.0,45.0,12,46.0,2.0,0.25,0.308,83,16.0,2.0,28.0,97.0,0.422,0.73,166,6%,10%,2%,H,https://www.fantasypros.com/mlb/players/heston-kjerstad.php,,,,,,,,,,,,,,heston-kjerstad,Heston Kjerstad (BAL - OF),Heston Kjerstad,Kjerstad,BAL,OF,,.250|45R|12HR|46RBI|2SB,327,Heston Kjerstad (BAL - OF),266.0,345.0,417.0,328.0,353.0,342.0,OF,Heston Kjerstad (BAL - OF),15.0,https://images.fantasypros.com/images/players/mlb/43717/headshot/70x70.png,Heston Kjerstad (LF - BAL),,Heston Kjerstad (BAL - OF),Heston Kjerstad,Kjerstad,BAL,OF,,".250|45R|12HR|46RBI|2SB
",463.0
325,381.0,50.0,20,57.0,5.0,0.223,0.294,85,16.0,0.0,38.0,139.0,0.427,0.721,172,5%,5%,5%,H,https://www.fantasypros.com/mlb/players/nolan-gorman.php,,,,,,,,,,,,,,nolan-gorman,Nolan Gorman (STL - 2B),Nolan Gorman,Gorman,STL,2B,,.223|50R|20HR|57RBI|5SB,328,Nolan Gorman (STL - 2B),346.0,382.0,311.0,360.0,312.0,342.0,2B,Nolan Gorman (STL - 2B),14.0,https://images.fantasypros.com/images/players/mlb/7471/headshot/70x70.png,Nolan Gorman (2B - STL),,Nolan Gorman (STL - 2B),Nolan Gorman,Gorman,STL,2B,,".223|50R|20HR|57RBI|5SB
",442.0
326,341.0,48.0,14,47.0,1.0,0.25,0.326,85,16.0,1.0,39.0,98.0,0.429,0.755,183,4%,6%,3%,H,https://www.fantasypros.com/mlb/players/jonathan-aranda.php,,,,,,,,,,,,,,jonathan-aranda,Jonathan Aranda (TB - 1B),Jonathan Aranda,Aranda,TB,1B,,.250|48R|14HR|47RBI|1SB,329,Jonathan Aranda (TB - 1B),362.0,336.0,345.0,316.0,354.0,343.0,"1B,2B","Jonathan Aranda (TB - 1B,2B)",14.0,https://images.fantasypros.com/images/players/mlb/45018/headshot/70x70.png,Jonathan Aranda (1B - TB),,Jonathan Aranda (TB - 1B),Jonathan Aranda,Aranda,TB,1B,,".250|48R|14HR|47RBI|1SB
",404.0
327,417.0,56.0,21,60.0,13.0,0.225,0.284,94,19.0,2.0,35.0,137.0,0.431,0.715,208,4%,6%,2%,H,https://www.fantasypros.com/mlb/players/jo-adell.php,,,,,,,,,,,,,,jo-adell,Jo Adell (LAA - OF),Jo Adell,Adell,LAA,OF,,.225|56R|21HR|60RBI|13SB,330,Jo Adell (LAA - OF),383.0,329.0,407.0,286.0,309.0,343.0,OF,Jo Adell (LAA - OF),13.0,https://images.fantasypros.com/images/players/mlb/6899/headshot/70x70.png,Jo Adell (RF - LAA),,Jo Adell (LAA - OF),Jo Adell,Adell,LAA,OF,,".225|56R|21HR|60RBI|13SB
",347.0
328,,,19,,,,,134,,,,,,,215,15%,19%,11%,P,https://www.fantasypros.com/mlb/players/justin-verlander.php,134.8,111.0,8.0,0.0,4.27,1.27,64.0,38.0,24.0,24.0,8.0,0.0,7.41,justin-verlander,Justin Verlander (SF - SP),Justin Verlander,Verlander,SF,SP,,8-8-0SV|4.27|1.27|7.41K9,331,Justin Verlander (SF - SP),342.0,299.0,323.0,365.0,394.0,345.0,SP,Justin Verlander (SF - SP),14.0,https://images.fantasypros.com/images/players/mlb/3623/headshot/70x70.png,Justin Verlander (SP - SF),,Justin Verlander (SF - SP),Justin Verlander,Verlander,SF,SP,,"8-8-0SV|4.27|1.27|7.41K9
",329.0
329,,,15,,,,,134,,,,,,,256,7%,10%,4%,P,https://www.fantasypros.com/mlb/players/david-peterson.php,142.5,133.0,9.0,0.0,3.87,1.33,61.0,55.0,29.0,25.0,7.0,0.0,8.4,david-peterson,David Peterson (NYM - SP),David Peterson,Peterson,NYM,SP,,9-7-0SV|3.87|1.33|8.40K9,332,David Peterson (NYM - SP),377.0,340.0,371.0,344.0,302.0,347.0,SP,David Peterson (NYM - SP),15.0,https://images.fantasypros.com/images/players/mlb/7275/headshot/70x70.png,David Peterson (SP - NYM),,David Peterson (NYM - SP),David Peterson,Peterson,NYM,SP,,"9-7-0SV|3.87|1.33|8.40K9
",235.0
330,,,20,,,,,115,,,,,,,225,7%,8%,6%,P,https://www.fantasypros.com/mlb/players/kutter-crawford.php,124.9,119.0,7.0,0.0,4.32,1.21,60.0,36.0,39.0,17.0,7.0,0.0,8.57,kutter-crawford,Kutter Crawford (BOS - SP),Kutter Crawford,Crawford,BOS,SP,,7-7-0SV|4.32|1.21|8.57K9,333,Kutter Crawford (BOS - SP),402.0,335.0,422.0,308.0,270.0,347.0,SP,Kutter Crawford (BOS - SP),14.0,https://images.fantasypros.com/images/players/mlb/9957/headshot/70x70.png,Kutter Crawford (SP - BOS),,Kutter Crawford (BOS - SP),Kutter Crawford,Crawford,BOS,SP,,"7-7-0SV|4.32|1.21|8.57K9
",297.0
331,,,14,,,,,100,,,,,,,231,7%,10%,4%,P,https://www.fantasypros.com/mlb/players/matt-boyd.php,114.0,117.0,7.0,0.0,3.82,1.2,48.0,36.0,27.0,21.0,6.0,0.0,9.24,matt-boyd,Matthew Boyd (CHC - SP),Matthew Boyd,Boyd,CHC,SP,,7-6-0SV|3.82|1.20|9.24K9,334,Matthew Boyd (CHC - SP),360.0,358.0,406.0,311.0,307.0,348.0,SP,Matthew Boyd (CHC - SP),14.0,https://images.fantasypros.com/images/players/mlb/5003/headshot/70x70.png,Matthew Boyd (SP - CHC),,Matthew Boyd (CHC - SP),Matthew Boyd,Boyd,CHC,SP,,"7-6-0SV|3.82|1.20|9.24K9
",284.0
332,478.0,64.0,12,54.0,8.0,0.255,0.343,122,20.0,1.0,65.0,92.0,0.374,0.718,281,9%,11%,7%,H,https://www.fantasypros.com/mlb/players/nolan-schanuel.php,,,,,,,,,,,,,,nolan-schanuel,Nolan Schanuel (LAA - 1B),Nolan Schanuel,Schanuel,LAA,1B,,.255|64R|12HR|54RBI|8SB,335,Nolan Schanuel (LAA - 1B),378.0,341.0,434.0,312.0,280.0,349.0,1B,Nolan Schanuel (LAA - 1B),14.0,https://images.fantasypros.com/images/players/mlb/47177/headshot/70x70.png,Nolan Schanuel (1B - LAA),"Nolan Schanuel maintained a .250 batting average, hitting 13 home runs, driving in 54 runs, scoring 62 times, and adding 10 stolen bases. His .343 on-base percentage and .362 slugging percentage resulted in a .705 OPS, aligning closely with his expected metrics, as indicated by a .321 xwOBA. Schanuel's disciplined approach at the plate was evident with an 17.0% strikeout rate and a 11.2% walk rate. However, his power numbers were modest, reflected by a 3.5% barrel rate and an average exit velocity of 86.1 mph. As he enters his age-23 season, Schanuel's consistent contact skills and plate discipline suggest room for growth, particularly in developing his power, making him a player to watch in 2025.​",Nolan Schanuel (LAA - 1B),Nolan Schanuel,Schanuel,LAA,1B,,".255|64R|12HR|54RBI|8SB
Nolan Schanuel maintained a .250 batting average, hitting 13 home runs, driving in 54 runs, scoring 62 times, and adding 10 stolen bases. His .343 on-base percentage and .362 slugging percentage resulted in a .705 OPS, aligning closely with his expected metrics, as indicated by a .321 xwOBA. Schanuel's disciplined approach at the plate was evident with an 17.0% strikeout rate and a 11.2% walk rate. However, his power numbers were modest, reflected by a 3.5% barrel rate and an average exit velocity of 86.1 mph. As he enters his age-23 season, Schanuel's consistent contact skills and plate discipline suggest room for growth, particularly in developing his power, making him a player to watch in 2025.​",188.0
333,,,9,,,,,58,,,,,,,115,8%,14%,3%,P,https://www.fantasypros.com/mlb/players/andrew-painter.php,62.9,63.0,3.0,0.0,4.14,1.25,29.0,21.0,16.0,11.0,3.0,0.0,9.01,andrew-painter,Andrew Painter (PHI - SP),Andrew Painter,Painter,PHI,SP,NRI,3-3-0SV|4.14|1.25|9.01K9,336,Andrew Painter (PHI - SP),382.0,315.0,402.0,352.0,294.0,349.0,SP,Andrew Painter (PHI - SP),13.0,https://images.fantasypros.com/images/players/mlb/missing/headshot/70x70.png,Andrew Painter (SP - PHI),,Andrew Painter (PHI - SP),Andrew Painter,Painter,PHI,SP,,"3-3-0SV|4.14|1.25|9.01K9
",617.0
334,,,12,,,,,87,,,,,,,187,6%,10%,2%,P,https://www.fantasypros.com/mlb/players/david-festa.php,96.1,103.0,5.0,0.0,3.95,1.27,42.0,35.0,28.0,17.0,5.0,0.0,9.65,david-festa,David Festa (MIN - SP),David Festa,Festa,MIN,SP,MiLB,5-5-0SV|3.95|1.27|9.65K9,337,David Festa (MIN - SP),394.0,356.0,398.0,304.0,308.0,352.0,SP,David Festa (MIN - SP),15.0,https://images.fantasypros.com/images/players/mlb/missing/headshot/70x70.png,David Festa (SP - MIN),,David Festa (MIN - SP),David Festa,Festa,MIN,SP,,"5-5-0SV|3.95|1.27|9.65K9
",390.0
335,,,8,,,,,62,,,,,,,140,17%,28%,6%,P,https://www.fantasypros.com/mlb/players/dustin-may.php,71.3,68.0,4.0,0.0,3.73,1.21,30.0,24.0,37.0,7.0,3.0,0.0,8.58,dustin-may,Dustin May (LAD - SP),Dustin May,May,LAD,SP,,4-3-0SV|3.73|1.21|8.58K9,338,Dustin May (LAD - SP),302.0,304.0,381.0,396.0,392.0,355.0,SP,Dustin May (LAD - SP),17.0,https://images.fantasypros.com/images/players/mlb/7413/headshot/70x70.png,Dustin May (SP - LAD),,Dustin May (LAD - SP),Dustin May,May,LAD,SP,,"4-3-0SV|3.73|1.21|8.58K9
",551.0
336,153.0,19.0,6,20.0,1.0,0.23,0.301,35,8.0,0.0,15.0,48.0,0.406,0.707,68,5%,7%,3%,H,https://www.fantasypros.com/mlb/players/coby-mayo.php,,,,,,,,,,,,,,coby-mayo,Coby Mayo (BAL - 3B),Coby Mayo,Mayo,BAL,3B,,.230|19R|6HR|20RBI|1SB,339,Coby Mayo (BAL - 3B),332.0,300.0,437.0,376.0,344.0,358.0,3B,Coby Mayo (BAL - 3B),19.0,https://images.fantasypros.com/images/players/mlb/missing/headshot/70x70.png,Coby Mayo (3B - BAL),,Coby Mayo (BAL - 3B),Coby Mayo,Mayo,BAL,3B,,".230|19R|6HR|20RBI|1SB
",743.0
337,168.0,21.0,3,16.0,9.0,0.244,0.287,41,7.0,1.0,10.0,36.0,0.35,0.637,79,4%,6%,3%,H,https://www.fantasypros.com/mlb/players/luisangel-acuna.php,,,,,,,,,,,,,,luisangel-acuna,Luisangel Acuna (NYM - SS),Luisangel Acuna,Acuna,NYM,SS,,.244|21R|3HR|16RBI|9SB,340,Luisangel Acuna (NYM - SS),305.0,361.0,324.0,391.0,409.0,358.0,SS,Luisangel Acuna (NYM - SS),18.0,https://images.fantasypros.com/images/players/mlb/missing/headshot/70x70.png,Luisangel Acuna (SS - NYM),,Luisangel Acuna (NYM - SS),Luisangel Acuna,Acuna,NYM,SS,,".244|21R|3HR|16RBI|9SB
",715.0
338,,,19,,,,,137,,,,,,,204,9%,15%,2%,P,https://www.fantasypros.com/mlb/players/ryan-weathers.php,137.1,120.0,7.0,0.0,4.44,1.37,68.0,50.0,27.0,26.0,9.0,0.0,7.88,ryan-weathers,Ryan Weathers (MIA - SP),Ryan Weathers,Weathers,MIA,SP,,7-9-0SV|4.44|1.37|7.88K9,341,Ryan Weathers (MIA - SP),379.0,339.0,368.0,346.0,360.0,358.0,SP,Ryan Weathers (MIA - SP),17.0,https://images.fantasypros.com/images/players/mlb/7484/headshot/70x70.png,Ryan Weathers (SP - MIA),,Ryan Weathers (MIA - SP),Ryan Weathers,Weathers,MIA,SP,,"7-9-0SV|4.44|1.37|7.88K9
",356.0
339,299.0,42.0,9,34.0,22.0,0.206,0.297,61,15.0,2.0,39.0,100.0,0.368,0.665,145,12%,14%,10%,H,https://www.fantasypros.com/mlb/players/dylan-moore.php,,,,,,,,,,,,,,dylan-moore,"Dylan Moore (SEA - 2B,3B,OF,SS)",Dylan Moore,Moore,SEA,"2B,3B,OF,SS",,.206|42R|9HR|34RBI|22SB,342,"Dylan Moore (SEA - 2B,3B,OF,SS)",348.0,319.0,424.0,342.0,371.0,361.0,"1B,2B,3B,OF,SS","Dylan Moore (SEA - 1B,2B,3B,OF,SS)",19.0,https://images.fantasypros.com/images/players/mlb/6484/headshot/70x70.png,"Dylan Moore (2B,3B,SS,LF - SEA)",,"Dylan Moore (SEA - 2B,3B,OF,SS)",Dylan Moore,Moore,SEA,"2B,3B,OF,SS",,".206|42R|9HR|34RBI|22SB
",537.0
340,,,21,,,,,143,,,,,,,263,9%,10%,7%,P,https://www.fantasypros.com/mlb/players/charlie-morton.php,154.1,153.0,9.0,0.0,4.27,1.34,73.0,63.0,27.0,27.0,9.0,0.0,8.94,charlie-morton,Charlie Morton (BAL - SP),Charlie Morton,Morton,BAL,SP,,9-9-0SV|4.27|1.34|8.94K9,343,Charlie Morton (BAL - SP),339.0,323.0,404.0,413.0,338.0,363.0,SP,Charlie Morton (BAL - SP),20.0,https://images.fantasypros.com/images/players/mlb/3181/headshot/70x70.png,Charlie Morton (SP - BAL),,Charlie Morton (BAL - SP),Charlie Morton,Morton,BAL,SP,,"9-9-0SV|4.27|1.34|8.94K9
",220.0
341,,,9,,,,,55,,,,,,,177,6%,8%,4%,P,https://www.fantasypros.com/mlb/players/chad-green.php,61.7,58.0,3.0,7.0,3.95,1.19,27.0,18.0,59.0,0.0,3.0,0.0,8.46,chad-green,Chad Green (TOR - RP),Chad Green,Green,TOR,RP,,3-3-7SV|3.95|1.19|8.46K9,344,Chad Green (TOR - RP),386.0,320.0,333.0,415.0,403.0,371.0,RP,Chad Green (TOR - RP),27.0,https://images.fantasypros.com/images/players/mlb/6177/headshot/70x70.png,Chad Green (RP - TOR),,Chad Green (TOR - RP),Chad Green,Green,TOR,RP,,"3-3-7SV|3.95|1.19|8.46K9
",419.0
342,,,14,,,,,126,,,,,,,246,4%,7%,2%,P,https://www.fantasypros.com/mlb/players/jose-soriano.php,140.8,132.0,8.0,0.0,3.93,1.32,61.0,60.0,26.0,26.0,8.0,0.0,8.44,jose-soriano,Jose Soriano (LAA - SP),Jose Soriano,Soriano,LAA,SP,,8-8-0SV|3.93|1.32|8.44K9,345,Jose Soriano (LAA - SP),390.0,377.0,410.0,335.0,347.0,372.0,SP,Jose Soriano (LAA - SP),27.0,https://images.fantasypros.com/images/players/mlb/7899/headshot/70x70.png,Jose Soriano (SP - LAA),,Jose Soriano (LAA - SP),Jose Soriano,Soriano,LAA,SP,,"8-8-0SV|3.93|1.32|8.44K9
",254.0
343,215.0,29.0,5,25.0,10.0,0.243,0.308,52,10.0,2.0,20.0,60.0,0.379,0.688,105,5%,8%,3%,H,https://www.fantasypros.com/mlb/players/jordan-lawlar.php,,,,,,,,,,,,,,jordan-lawlar,"Jordan Lawlar (ARI - 3B,SS)",Jordan Lawlar,Lawlar,ARI,"3B,SS",,.243|29R|5HR|25RBI|10SB,346,"Jordan Lawlar (ARI - 3B,SS)",350.0,373.0,415.0,351.0,374.0,373.0,"3B,SS","Jordan Lawlar (ARI - 3B,SS)",27.0,https://images.fantasypros.com/images/players/mlb/missing/headshot/70x70.png,"Jordan Lawlar (3B,SS - ARI)",,"Jordan Lawlar (ARI - 3B,SS)",Jordan Lawlar,Lawlar,ARI,"3B,SS",,".243|29R|5HR|25RBI|10SB
",643.0
344,394.0,52.0,17,55.0,1.0,0.237,0.317,93,24.0,1.0,46.0,100.0,0.432,0.749,226,8%,12%,4%,H,https://www.fantasypros.com/mlb/players/kyle-manzardo.php,,,,,,,,,,,,,,kyle-manzardo,Kyle Manzardo (CLE - DH),Kyle Manzardo,Manzardo,CLE,DH,,.237|52R|17HR|55RBI|1SB,347,Kyle Manzardo (CLE - DH),384.0,328.0,429.0,366.0,363.0,374.0,"1B,DH","Kyle Manzardo (CLE - 1B,DH)",27.0,https://images.fantasypros.com/images/players/mlb/missing/headshot/70x70.png,Kyle Manzardo (DH - CLE),,Kyle Manzardo (CLE - DH),Kyle Manzardo,Manzardo,CLE,DH,,".237|52R|17HR|55RBI|1SB
",293.0
345,223.0,28.0,4,25.0,13.0,0.235,0.303,52,12.0,1.0,22.0,32.0,0.354,0.657,136,6%,10%,2%,H,https://www.fantasypros.com/mlb/players/caleb-durbin.php,,,,,,,,,,,,,,caleb-durbin,"Caleb Durbin (MIL - 2B,3B)",Caleb Durbin,Durbin,MIL,"2B,3B",,.235|28R|4HR|25RBI|13SB,348,"Caleb Durbin (MIL - 2B,3B)",343.0,332.0,392.0,406.0,404.0,375.0,"2B,3B,SS","Caleb Durbin (MIL - 2B,3B,SS)",27.0,https://images.fantasypros.com/images/players/mlb/missing/headshot/70x70.png,"Caleb Durbin (2B,3B - MIL)",,"Caleb Durbin (MIL - 2B,3B)",Caleb Durbin,Durbin,MIL,"2B,3B",,".235|28R|4HR|25RBI|13SB
",563.0
346,296.0,38.0,8,40.0,2.0,0.277,0.332,82,16.0,1.0,24.0,43.0,0.424,0.756,184,5%,6%,4%,H,https://www.fantasypros.com/mlb/players/masataka-yoshida.php,,,,,,,,,,,,,,masataka-yoshida,Masataka Yoshida (BOS - DH),Masataka Yoshida,Yoshida,BOS,DH,,.277|38R|8HR|40RBI|2SB,349,Masataka Yoshida (BOS - DH),284.0,383.0,408.0,432.0,372.0,376.0,"DH,OF","Masataka Yoshida (BOS - DH,OF)",27.0,https://images.fantasypros.com/images/players/mlb/46547/headshot/70x70.png,Masataka Yoshida (DH - BOS),,Masataka Yoshida (BOS - DH),Masataka Yoshida,Yoshida,BOS,DH,,".277|38R|8HR|40RBI|2SB
",401.0
347,,,10,,,,,79,,,,,,,171,15%,18%,11%,P,https://www.fantasypros.com/mlb/players/shane-bieber.php,84.8,81.0,5.0,0.0,3.63,1.18,34.0,21.0,19.0,14.0,4.0,0.0,8.6,shane-bieber,Shane Bieber (CLE - SP),Shane Bieber,Bieber,CLE,SP,,5-4-0SV|3.63|1.18|8.60K9,350,Shane Bieber (CLE - SP),366.0,347.0,349.0,434.0,405.0,380.0,SP,Shane Bieber (CLE - SP),30.0,https://images.fantasypros.com/images/players/mlb/7178/headshot/70x70.png,Shane Bieber (SP - CLE),,Shane Bieber (CLE - SP),Shane Bieber,Bieber,CLE,SP,,"5-4-0SV|3.63|1.18|8.60K9
",447.0
348,,,6,,,,,49,,,,,,,179,9%,14%,4%,P,https://www.fantasypros.com/mlb/players/blake-treinen.php,57.3,62.0,4.0,5.0,3.43,1.16,22.0,17.0,54.0,0.0,3.0,0.0,9.74,blake-treinen,Blake Treinen (LAD - RP),Blake Treinen,Treinen,LAD,RP,,4-3-5SV|3.43|1.16|9.74K9,351,Blake Treinen (LAD - RP),310.0,380.0,441.0,405.0,424.0,392.0,RP,Blake Treinen (LAD - RP),41.0,https://images.fantasypros.com/images/players/mlb/5473/headshot/70x70.png,Blake Treinen (RP - LAD),,Blake Treinen (LAD - RP),Blake Treinen,Treinen,LAD,RP,,"4-3-5SV|3.43|1.16|9.74K9
",415.0
349,,,18,,,,,130,,,,,,,189,5%,7%,2%,P,https://www.fantasypros.com/mlb/players/max-meyer.php,128.0,111.0,6.0,0.0,4.5,1.37,64.0,46.0,29.0,24.0,8.0,0.0,7.8,max-meyer,Max Meyer (MIA - SP),Max Meyer,Meyer,MIA,SP,,6-8-0SV|4.50|1.37|7.80K9,352,Max Meyer (MIA - SP),404.0,352.0,378.0,417.0,484.0,407.0,SP,Max Meyer (MIA - SP),55.0,https://images.fantasypros.com/images/players/mlb/43836/headshot/70x70.png,Max Meyer (SP - MIA),,Max Meyer (MIA - SP),Max Meyer,Meyer,MIA,SP,,"6-8-0SV|4.50|1.37|7.80K9
",387.0
350,,,7,,,,,42,,,,,,,153,9%,7%,12%,P,https://www.fantasypros.com/mlb/players/michael-kopech.php,53.4,64.0,3.0,4.0,3.83,1.26,23.0,25.0,49.0,0.0,3.0,0.0,10.79,michael-kopech,Michael Kopech (LAD - RP),Michael Kopech,Kopech,LAD,RP,,3-3-4SV|3.83|1.26|10.79K9,353,Michael Kopech (LAD - RP),333.0,,261.0,324.0,313.0,308.0,RP,Michael Kopech (LAD - RP),-45.0,https://images.fantasypros.com/images/players/mlb/6023/headshot/70x70.png,Michael Kopech (RP - LAD),,Michael Kopech (LAD - RP),Michael Kopech,Kopech,LAD,RP,,"3-3-4SV|3.83|1.26|10.79K9
",510.0
351,,,8,,,,,56,,,,,,,225,26%,26%,27%,P,https://www.fantasypros.com/mlb/players/bryan-abreu.php,72.8,93.0,4.0,3.0,3.29,1.19,27.0,31.0,70.0,0.0,3.0,0.0,11.5,bryan-abreu,Bryan Abreu (HOU - RP),Bryan Abreu,Abreu,HOU,RP,,4-3-3SV|3.29|1.19|11.50K9,354,Bryan Abreu (HOU - RP),329.0,289.0,300.0,791.0,413.0,424.0,RP,Bryan Abreu (HOU - RP),70.0,https://images.fantasypros.com/images/players/mlb/8384/headshot/70x70.png,Bryan Abreu (RP - HOU),,Bryan Abreu (HOU - RP),Bryan Abreu,Abreu,HOU,RP,,"4-3-3SV|3.29|1.19|11.50K9
",298.0
352,,,6,,,,,54,,,,,,,223,25%,25%,25%,P,https://www.fantasypros.com/mlb/players/cade-smith.php,69.9,89.0,4.0,2.0,2.99,1.11,23.0,24.0,67.0,0.0,3.0,0.0,11.46,cade-smith,Cade Smith (CLE - RP),Cade Smith,Smith,CLE,RP,,4-3-2SV|2.99|1.11|11.46K9,355,Cade Smith (CLE - RP),298.0,290.0,308.0,387.0,,321.0,RP,Cade Smith (CLE - RP),-34.0,https://images.fantasypros.com/images/players/mlb/45654/headshot/70x70.png,Cade Smith (RP - CLE),,Cade Smith (CLE - RP),Cade Smith,Smith,CLE,RP,,"4-3-2SV|2.99|1.11|11.46K9
",303.0
353,367.0,46.0,14,46.0,7.0,0.215,0.297,79,17.0,1.0,42.0,112.0,0.383,0.679,170,5%,7%,3%,H,https://www.fantasypros.com/mlb/players/bo-naylor.php,,,,,,,,,,,,,,bo-naylor,Bo Naylor (CLE - C),Bo Naylor,Naylor,CLE,C,,.215|46R|14HR|46RBI|7SB,356,Bo Naylor (CLE - C),,351.0,348.0,288.0,349.0,334.0,C,Bo Naylor (CLE - C),-22.0,https://images.fantasypros.com/images/players/mlb/7925/headshot/70x70.png,Bo Naylor (C - CLE),,Bo Naylor (CLE - C),Bo Naylor,Naylor,CLE,C,,".215|46R|14HR|46RBI|7SB
",451.0
354,172.0,21.0,5,19.0,6.0,0.239,0.288,41,8.0,0.0,12.0,48.0,0.373,0.662,74,3%,5%,1%,H,https://www.fantasypros.com/mlb/players/noelvi-marte.php,,,,,,,,,,,,,,noelvi-marte,Noelvi Marte (CIN - 3B),Noelvi Marte,Marte,CIN,3B,MiLB,.239|21R|5HR|19RBI|6SB,357,Noelvi Marte (CIN - 3B),313.0,,361.0,350.0,318.0,336.0,3B,Noelvi Marte (CIN - 3B),-21.0,https://images.fantasypros.com/images/players/mlb/8284/headshot/70x70.png,Noelvi Marte (3B - CIN),,Noelvi Marte (CIN - 3B),Noelvi Marte,Marte,CIN,3B,,".239|21R|5HR|19RBI|6SB
",724.0
355,334.0,42.0,5,34.0,13.0,0.26,0.31,87,15.0,2.0,24.0,66.0,0.36,0.67,168,8%,10%,6%,H,https://www.fantasypros.com/mlb/players/hyeseong-kim.php,,,,,,,,,,,,,,hyeseong-kim,Hyeseong Kim (LAD - 2B),Hyeseong Kim,Kim,LAD,2B,MiLB,.260|42R|5HR|34RBI|13SB,358,Hyeseong Kim (LAD - 2B),308.0,,314.0,390.0,340.0,338.0,"2B,SS","Hyeseong Kim (LAD - 2B,SS)",-20.0,https://images.fantasypros.com/images/players/mlb/missing/headshot/70x70.png,Hyeseong Kim (2B - LAD),,Hyeseong Kim (LAD - 2B),Hyeseong Kim,Kim,LAD,2B,,".260|42R|5HR|34RBI|13SB
",459.0
356,300.0,39.0,12,40.0,1.0,0.224,0.303,67,16.0,1.0,34.0,91.0,0.406,0.709,145,5%,7%,2%,H,https://www.fantasypros.com/mlb/players/spencer-torkelson-if.php,,,,,,,,,,,,,,spencer-torkelson-if,Spencer Torkelson (DET - 1B),Spencer Torkelson,Torkelson,DET,1B,,.224|39R|12HR|40RBI|1SB,359,Spencer Torkelson (DET - 1B),,362.0,327.0,384.0,285.0,340.0,1B,Spencer Torkelson (DET - 1B),-19.0,https://images.fantasypros.com/images/players/mlb/43877/headshot/70x70.png,Spencer Torkelson (1B - DET),,Spencer Torkelson (DET - 1B),Spencer Torkelson,Torkelson,DET,1B,,".224|39R|12HR|40RBI|1SB
",538.0
357,337.0,45.0,9,39.0,7.0,0.243,0.312,82,17.0,1.0,34.0,80.0,0.378,0.691,173,5%,8%,2%,H,https://www.fantasypros.com/mlb/players/josh-smith-ss.php,,,,,,,,,,,,,,josh-smith-ss,"Josh Smith (TEX - 3B,SS)",Josh Smith,Smith,TEX,"3B,SS",,.243|45R|9HR|39RBI|7SB,360,"Josh Smith (TEX - 3B,SS)",309.0,334.0,,368.0,351.0,340.0,"3B,OF,SS","Josh Smith (TEX - 3B,OF,SS)",-20.0,https://images.fantasypros.com/images/players/mlb/24017/headshot/70x70.png,"Josh Smith (3B,SS - TEX)",,"Josh Smith (TEX - 3B,SS)",Josh Smith,Smith,TEX,"3B,SS",,".243|45R|9HR|39RBI|7SB
",436.0
358,418.0,49.0,6,40.0,16.0,0.268,0.315,112,22.0,3.0,28.0,79.0,0.378,0.693,213,4%,7%,1%,H,https://www.fantasypros.com/mlb/players/otto-lopez.php,,,,,,,,,,,,,,otto-lopez,Otto Lopez (MIA - 2B),Otto Lopez,Lopez,MIA,2B,,.268|49R|6HR|40RBI|16SB,361,Otto Lopez (MIA - 2B),334.0,,394.0,334.0,304.0,342.0,"2B,SS","Otto Lopez (MIA - 2B,SS)",-19.0,https://images.fantasypros.com/images/players/mlb/10618/headshot/70x70.png,Otto Lopez (2B - MIA),,Otto Lopez (MIA - 2B),Otto Lopez,Lopez,MIA,2B,,".268|49R|6HR|40RBI|16SB
",334.0
359,133.0,18.0,3,13.0,12.0,0.226,0.294,30,6.0,1.0,13.0,37.0,0.366,0.66,65,3%,5%,1%,H,https://www.fantasypros.com/mlb/players/david-hamilton.php,,,,,,,,,,,,,,david-hamilton,"David Hamilton (BOS - 2B,SS)",David Hamilton,Hamilton,BOS,"2B,SS",,.226|18R|3HR|13RBI|12SB,362,"David Hamilton (BOS - 2B,SS)",270.0,322.0,,379.0,401.0,343.0,"2B,SS","David Hamilton (BOS - 2B,SS)",-19.0,https://images.fantasypros.com/images/players/mlb/45029/headshot/70x70.png,"David Hamilton (2B,SS - BOS)",,"David Hamilton (BOS - 2B,SS)",David Hamilton,Hamilton,BOS,"2B,SS",,".226|18R|3HR|13RBI|12SB
",750.0
360,414.0,47.0,10,46.0,3.0,0.233,0.298,97,19.0,1.0,38.0,109.0,0.359,0.656,172,4%,5%,3%,H,https://www.fantasypros.com/mlb/players/patrick-bailey.php,,,,,,,,,,,,,,patrick-bailey,Patrick Bailey (SF - C),Patrick Bailey,Bailey,SF,C,,.233|47R|10HR|46RBI|3SB,363,Patrick Bailey (SF - C),,331.0,375.0,302.0,370.0,344.0,C,Patrick Bailey (SF - C),-19.0,https://images.fantasypros.com/images/players/mlb/8299/headshot/70x70.png,Patrick Bailey (C - SF),,Patrick Bailey (SF - C),Patrick Bailey,Bailey,SF,C,,".233|47R|10HR|46RBI|3SB
",443.0
361,163.0,20.0,5,21.0,1.0,0.247,0.292,40,8.0,0.0,10.0,45.0,0.4,0.693,69,4%,5%,2%,H,https://www.fantasypros.com/mlb/players/bryan-de-la-cruz.php,,,,,,,,,,,,,,bryan-de-la-cruz,"Bryan De La Cruz (ATL - DH,OF)",Bryan De La Cruz,De La Cruz,ATL,"DH,OF",,.247|20R|5HR|21RBI|1SB,364,"Bryan De La Cruz (ATL - DH,OF)",250.0,,352.0,426.0,377.0,351.0,"DH,OF","Bryan De La Cruz (ATL - DH,OF)",-13.0,https://images.fantasypros.com/images/players/mlb/44192/headshot/70x70.png,"Bryan De La Cruz (LF,RF,DH - ATL)",,"Bryan De La Cruz (ATL - DH,OF)",Bryan De La Cruz,De La Cruz,ATL,"DH,OF",,".247|20R|5HR|21RBI|1SB
",738.0
362,,,23,,,,,139,,,,,,,251,4%,3%,4%,P,https://www.fantasypros.com/mlb/players/aaron-civale.php,144.5,135.0,8.0,0.0,4.29,1.26,69.0,43.0,33.0,25.0,8.0,0.0,8.41,aaron-civale,Aaron Civale (MIL - SP),Aaron Civale,Civale,MIL,SP,,8-8-0SV|4.29|1.26|8.41K9,365,Aaron Civale (MIL - SP),,369.0,370.0,380.0,286.0,351.0,SP,Aaron Civale (MIL - SP),-14.0,https://images.fantasypros.com/images/players/mlb/21649/headshot/70x70.png,Aaron Civale (SP - MIL),,Aaron Civale (MIL - SP),Aaron Civale,Civale,MIL,SP,,"8-8-0SV|4.29|1.26|8.41K9
",244.0
363,487.0,59.0,18,64.0,3.0,0.225,0.308,110,22.0,0.0,59.0,99.0,0.384,0.692,272,14%,11%,17%,H,https://www.fantasypros.com/mlb/players/carlos-santana.php,,,,,,,,,,,,,,carlos-santana,Carlos Santana (CLE - 1B),Carlos Santana,Santana,CLE,1B,,.225|59R|18HR|64RBI|3SB,366,Carlos Santana (CLE - 1B),297.0,,430.0,354.0,324.0,351.0,1B,Carlos Santana (CLE - 1B),-15.0,https://images.fantasypros.com/images/players/mlb/3162/headshot/70x70.png,Carlos Santana (1B - CLE),,Carlos Santana (CLE - 1B),Carlos Santana,Santana,CLE,1B,,".225|59R|18HR|64RBI|3SB
",207.0
364,,,14,,,,,94,,,,,,,202,4%,6%,2%,P,https://www.fantasypros.com/mlb/players/davidjohn-herz.php,111.4,120.0,6.0,0.0,4.19,1.33,52.0,54.0,30.0,21.0,7.0,0.0,9.69,davidjohn-herz,DJ Herz (WSH - SP),DJ Herz,Herz,WSH,SP,,6-7-0SV|4.19|1.33|9.69K9,367,DJ Herz (WSH - SP),397.0,,397.0,318.0,295.0,352.0,SP,DJ Herz (WSH - SP),-15.0,https://images.fantasypros.com/images/players/mlb/missing/headshot/70x70.png,DJ Herz (SP - WSH),,DJ Herz (WSH - SP),DJ Herz,Herz,WSH,SP,,"6-7-0SV|4.19|1.33|9.69K9
",363.0
365,,,17,,,,,131,,,,,,,238,3%,4%,2%,P,https://www.fantasypros.com/mlb/players/eduardo-rodriguez.php,135.2,123.0,9.0,0.0,4.08,1.29,61.0,44.0,28.0,24.0,7.0,0.0,8.19,eduardo-rodriguez,Eduardo Rodriguez (ARI - SP),Eduardo Rodriguez,Rodriguez,ARI,SP,,9-7-0SV|4.08|1.29|8.19K9,368,Eduardo Rodriguez (ARI - SP),,338.0,359.0,389.0,331.0,354.0,SP,Eduardo Rodriguez (ARI - SP),-14.0,https://images.fantasypros.com/images/players/mlb/3963/headshot/70x70.png,Eduardo Rodriguez (SP - ARI),,Eduardo Rodriguez (ARI - SP),Eduardo Rodriguez,Rodriguez,ARI,SP,,"9-7-0SV|4.08|1.29|8.19K9
",271.0
366,,,6,,,,,42,,,,,,,143,4%,6%,2%,P,https://www.fantasypros.com/mlb/players/evan-phillips.php,51.2,57.0,3.0,2.0,3.37,1.13,19.0,16.0,50.0,0.0,2.0,0.0,10.02,evan-phillips,Evan Phillips (LAD - RP),Evan Phillips,Phillips,LAD,RP,,3-2-2SV|3.37|1.13|10.02K9,369,Evan Phillips (LAD - RP),248.0,,298.0,454.0,421.0,355.0,RP,Evan Phillips (LAD - RP),-14.0,https://images.fantasypros.com/images/players/mlb/7989/headshot/70x70.png,Evan Phillips (RP - LAD),,Evan Phillips (LAD - RP),Evan Phillips,Phillips,LAD,RP,,"3-2-2SV|3.37|1.13|10.02K9
",545.0
367,,,15,,,,,102,,,,,,,203,6%,8%,4%,P,https://www.fantasypros.com/mlb/players/kyle-harrison.php,112.2,113.0,6.0,0.0,4.15,1.28,52.0,41.0,27.0,20.0,7.0,0.0,9.06,kyle-harrison,Kyle Harrison (SF - SP),Kyle Harrison,Harrison,SF,SP,,6-7-0SV|4.15|1.28|9.06K9,370,Kyle Harrison (SF - SP),373.0,,400.0,369.0,288.0,358.0,SP,Kyle Harrison (SF - SP),-12.0,https://images.fantasypros.com/images/players/mlb/43921/headshot/70x70.png,Kyle Harrison (SP - SF),,Kyle Harrison (SF - SP),Kyle Harrison,Harrison,SF,SP,,"6-7-0SV|4.15|1.28|9.06K9
",359.0
368,495.0,57.0,11,51.0,14.0,0.252,0.303,125,23.0,3.0,36.0,105.0,0.376,0.679,242,4%,5%,3%,H,https://www.fantasypros.com/mlb/players/kebryan-hayes.php,,,,,,,,,,,,,,kebryan-hayes,Ke'Bryan Hayes (PIT - 3B),Ke'Bryan Hayes,Hayes,PIT,3B,,.252|57R|11HR|51RBI|14SB,371,Ke'Bryan Hayes (PIT - 3B),370.0,,350.0,358.0,355.0,358.0,3B,Ke'Bryan Hayes (PIT - 3B),-13.0,https://images.fantasypros.com/images/players/mlb/6910/headshot/70x70.png,Ke'Bryan Hayes (3B - PIT),,Ke'Bryan Hayes (PIT - 3B),Ke'Bryan Hayes,Hayes,PIT,3B,,".252|57R|11HR|51RBI|14SB
",263.0
369,,,8,,,,,62,,,,,,,202,15%,24%,7%,P,https://www.fantasypros.com/mlb/players/tyler-holton.php,72.0,62.0,4.0,6.0,3.37,1.12,27.0,18.0,65.0,0.0,3.0,0.0,7.75,tyler-holton,"Tyler Holton (DET - RP,SP)",Tyler Holton,Holton,DET,"RP,SP",,4-3-6SV|3.37|1.12|7.75K9,372,"Tyler Holton (DET - RP,SP)",240.0,367.0,443.0,814.0,444.0,462.0,"RP,SP","Tyler Holton (DET - RP,SP)",90.0,https://images.fantasypros.com/images/players/mlb/45538/headshot/70x70.png,"Tyler Holton (SP,RP - DET)",,"Tyler Holton (DET - RP,SP)",Tyler Holton,Holton,DET,"RP,SP",,"4-3-6SV|3.37|1.12|7.75K9
",364.0
370,405.0,50.0,8,44.0,4.0,0.258,0.309,104,22.0,1.0,30.0,57.0,0.378,0.686,223,5%,5%,4%,H,https://www.fantasypros.com/mlb/players/jeff-mcneil.php,,,,,,,,,,,,,,jeff-mcneil,Jeff McNeil (NYM - 2B),Jeff McNeil,McNeil,NYM,2B,,.258|50R|8HR|44RBI|4SB,373,Jeff McNeil (NYM - 2B),320.0,374.0,,400.0,358.0,363.0,"2B,OF","Jeff McNeil (NYM - 2B,OF)",-10.0,https://images.fantasypros.com/images/players/mlb/8027/headshot/70x70.png,Jeff McNeil (2B - NYM),,Jeff McNeil (NYM - 2B),Jeff McNeil,McNeil,NYM,2B,,".258|50R|8HR|44RBI|4SB
",304.0
371,461.0,58.0,7,48.0,4.0,0.278,0.319,128,29.0,2.0,28.0,55.0,0.401,0.72,265,5%,5%,4%,H,https://www.fantasypros.com/mlb/players/jacob-wilson-ss.php,,,,,,,,,,,,,,jacob-wilson-ss,Jacob Wilson (ATH - SS),Jacob Wilson,Wilson,ATH,SS,,.278|58R|7HR|48RBI|4SB,374,Jacob Wilson (ATH - SS),,379.0,326.0,347.0,407.0,365.0,SS,Jacob Wilson (ATH - SS),-9.0,https://images.fantasypros.com/images/players/mlb/missing/headshot/70x70.png,Jacob Wilson (SS - ATH),,Jacob Wilson (ATH - SS),Jacob Wilson,Wilson,ATH,SS,,".278|58R|7HR|48RBI|4SB
",218.0
372,280.0,37.0,6,31.0,13.0,0.26,0.307,73,12.0,2.0,19.0,65.0,0.383,0.69,143,2%,2%,1%,H,https://www.fantasypros.com/mlb/players/starling-marte.php,,,,,,,,,,,,,,starling-marte,Starling Marte (NYM - OF),Starling Marte,Marte,NYM,OF,,.260|37R|6HR|31RBI|13SB,375,Starling Marte (NYM - OF),,291.0,401.0,393.0,381.0,366.0,OF,Starling Marte (NYM - OF),-9.0,https://images.fantasypros.com/images/players/mlb/4377/headshot/70x70.png,Starling Marte (RF - NYM),,Starling Marte (NYM - OF),Starling Marte,Marte,NYM,OF,,".260|37R|6HR|31RBI|13SB
",546.0
373,305.0,40.0,14,43.0,1.0,0.225,0.304,69,15.0,0.0,35.0,69.0,0.414,0.718,175,2%,3%,1%,H,https://www.fantasypros.com/mlb/players/danny-jansen.php,,,,,,,,,,,,,,danny-jansen,Danny Jansen (TB - C),Danny Jansen,Jansen,TB,C,,.225|40R|14HR|43RBI|1SB,376,Danny Jansen (TB - C),,378.0,367.0,309.0,415.0,367.0,C,Danny Jansen (TB - C),-9.0,https://images.fantasypros.com/images/players/mlb/7237/headshot/70x70.png,Danny Jansen (C - TB),,Danny Jansen (TB - C),Danny Jansen,Jansen,TB,C,,".225|40R|14HR|43RBI|1SB
",426.0
374,403.0,55.0,10,47.0,6.0,0.255,0.327,103,21.0,3.0,43.0,101.0,0.399,0.726,212,4%,4%,3%,H,https://www.fantasypros.com/mlb/players/gavin-lux.php,,,,,,,,,,,,,,gavin-lux,Gavin Lux (CIN - 2B),Gavin Lux,Lux,CIN,2B,,.255|55R|10HR|47RBI|6SB,377,Gavin Lux (CIN - 2B),,384.0,431.0,345.0,310.0,368.0,2B,Gavin Lux (CIN - 2B),-9.0,https://images.fantasypros.com/images/players/mlb/7421/headshot/70x70.png,Gavin Lux (2B - CIN),,Gavin Lux (CIN - 2B),Gavin Lux,Lux,CIN,2B,,".255|55R|10HR|47RBI|6SB
",337.0
375,,,5,,,,,52,,,,,,,212,8%,12%,5%,P,https://www.fantasypros.com/mlb/players/camilo-doval.php,64.7,77.0,4.0,9.0,3.35,1.26,24.0,30.0,62.0,0.0,3.0,0.0,10.71,camilo-doval,Camilo Doval (SF - RP),Camilo Doval,Doval,SF,RP,,4-3-9SV|3.35|1.26|10.71K9,378,Camilo Doval (SF - RP),354.0,,316.0,383.0,419.0,368.0,RP,Camilo Doval (SF - RP),-10.0,https://images.fantasypros.com/images/players/mlb/43997/headshot/70x70.png,Camilo Doval (RP - SF),,Camilo Doval (SF - RP),Camilo Doval,Doval,SF,RP,,"4-3-9SV|3.35|1.26|10.71K9
",338.0
376,409.0,58.0,16,58.0,3.0,0.242,0.323,99,20.0,1.0,49.0,124.0,0.417,0.74,213,2%,2%,1%,H,https://www.fantasypros.com/mlb/players/trevor-larnach.php,,,,,,,,,,,,,,trevor-larnach,"Trevor Larnach (MIN - DH,OF)",Trevor Larnach,Larnach,MIN,"DH,OF",,.242|58R|16HR|58RBI|3SB,379,"Trevor Larnach (MIN - DH,OF)",,360.0,427.0,336.0,357.0,370.0,"DH,OF","Trevor Larnach (MIN - DH,OF)",-9.0,https://images.fantasypros.com/images/players/mlb/7176/headshot/70x70.png,"Trevor Larnach (LF,DH - MIN)",,"Trevor Larnach (MIN - DH,OF)",Trevor Larnach,Larnach,MIN,"DH,OF",,".242|58R|16HR|58RBI|3SB
",335.0
377,,,19,,,,,118,,,,,,,214,4%,4%,3%,P,https://www.fantasypros.com/mlb/players/lucas-giolito.php,124.4,126.0,7.0,0.0,4.42,1.31,61.0,45.0,28.0,22.0,8.0,0.0,9.12,lucas-giolito,Lucas Giolito (BOS - SP),Lucas Giolito,Giolito,BOS,SP,,7-8-0SV|4.42|1.31|9.12K9,380,Lucas Giolito (BOS - SP),391.0,,393.0,374.0,329.0,372.0,SP,Lucas Giolito (BOS - SP),-8.0,https://images.fantasypros.com/images/players/mlb/4723/headshot/70x70.png,Lucas Giolito (SP - BOS),,Lucas Giolito (BOS - SP),Lucas Giolito,Giolito,BOS,SP,,"7-8-0SV|4.42|1.31|9.12K9
",332.0
378,491.0,60.0,18,65.0,1.0,0.246,0.321,121,22.0,1.0,54.0,110.0,0.406,0.726,271,10%,11%,9%,H,https://www.fantasypros.com/mlb/players/josh-bell.php,,,,,,,,,,,,,,josh-bell,"Josh Bell (WSH - 1B,DH)",Josh Bell,Bell,WSH,"1B,DH",,.246|60R|18HR|65RBI|1SB,381,"Josh Bell (WSH - 1B,DH)",374.0,,421.0,343.0,364.0,376.0,"1B,DH","Josh Bell (WSH - 1B,DH)",-5.0,https://images.fantasypros.com/images/players/mlb/4664/headshot/70x70.png,"Josh Bell (1B,DH - WSH)",,"Josh Bell (WSH - 1B,DH)",Josh Bell,Bell,WSH,"1B,DH",,".246|60R|18HR|65RBI|1SB
",208.0
379,302.0,34.0,12,39.0,1.0,0.244,0.28,74,13.0,1.0,15.0,88.0,0.409,0.689,128,7%,13%,1%,H,https://www.fantasypros.com/mlb/players/deyvison-de-los-santos.php,,,,,,,,,,,,,,deyvison-de-los-santos,"Deyvison De Los Santos (MIA - 1B,3B)",Deyvison De Los Santos,De Los Santos,MIA,"1B,3B",MiLB,.244|34R|12HR|39RBI|1SB,382,"Deyvison De Los Santos (MIA - 1B,3B)",269.0,,363.0,423.0,458.0,378.0,"1B,3B","Deyvison De Los Santos (MIA - 1B,3B)",-4.0,https://images.fantasypros.com/images/players/mlb/missing/headshot/70x70.png,"Deyvison De Los Santos (1B,3B - MIA)",,"Deyvison De Los Santos (MIA - 1B,3B)",Deyvison De Los Santos,De Los Santos,MIA,"1B,3B",,".244|34R|12HR|39RBI|1SB
",582.0
380,,,12,,,,,102,,,,,,,186,2%,3%,2%,P,https://www.fantasypros.com/mlb/players/kris-bubic.php,105.3,101.0,5.0,0.0,4.1,1.32,48.0,37.0,38.0,16.0,5.0,0.0,8.63,kris-bubic,Kris Bubic (KC - RP),Kris Bubic,Bubic,KC,RP,,5-5-0SV|4.10|1.32|8.63K9,383,Kris Bubic (KC - RP),408.0,368.0,,356.0,427.0,390.0,RP,Kris Bubic (KC - RP),7.0,https://images.fantasypros.com/images/players/mlb/7933/headshot/70x70.png,Kris Bubic (RP - KC),,Kris Bubic (KC - RP),Kris Bubic,Bubic,KC,RP,,"5-5-0SV|4.10|1.32|8.63K9
",392.0
381,310.0,39.0,15,45.0,1.0,0.225,0.275,70,14.0,1.0,21.0,93.0,0.427,0.702,143,3%,3%,2%,H,https://www.fantasypros.com/mlb/players/jhonkensy-noel.php,,,,,,,,,,,,,,jhonkensy-noel,Jhonkensy Noel (CLE - OF),Jhonkensy Noel,Noel,CLE,OF,,.225|39R|15HR|45RBI|1SB,384,Jhonkensy Noel (CLE - OF),405.0,,388.0,370.0,399.0,390.0,OF,Jhonkensy Noel (CLE - OF),6.0,https://images.fantasypros.com/images/players/mlb/44696/headshot/70x70.png,Jhonkensy Noel (RF - CLE),,Jhonkensy Noel (CLE - OF),Jhonkensy Noel,Noel,CLE,OF,,".225|39R|15HR|45RBI|1SB
",547.0
382,366.0,47.0,10,44.0,18.0,0.253,0.32,93,18.0,1.0,36.0,81.0,0.394,0.714,207,1%,2%,1%,H,https://www.fantasypros.com/mlb/players/jake-fraley.php,,,,,,,,,,,,,,jake-fraley,Jake Fraley (CIN - OF),Jake Fraley,Fraley,CIN,OF,,.253|47R|10HR|44RBI|18SB,385,Jake Fraley (CIN - OF),,359.0,396.0,397.0,417.0,392.0,OF,Jake Fraley (CIN - OF),7.0,https://images.fantasypros.com/images/players/mlb/8083/headshot/70x70.png,Jake Fraley (RF - CIN),,Jake Fraley (CIN - OF),Jake Fraley,Fraley,CIN,OF,,".253|47R|10HR|44RBI|18SB
",351.0
383,,,8,,,,,63,,,,,,,153,3%,4%,1%,P,https://www.fantasypros.com/mlb/players/seth-halvorsen.php,63.3,59.0,3.0,9.0,4.56,1.43,32.0,28.0,60.0,0.0,4.0,0.0,8.39,seth-halvorsen,Seth Halvorsen (COL - RP),Seth Halvorsen,Halvorsen,COL,RP,,3-4-9SV|4.56|1.43|8.39K9,386,Seth Halvorsen (COL - RP),341.0,,369.0,403.0,492.0,401.0,RP,Seth Halvorsen (COL - RP),15.0,https://images.fantasypros.com/images/players/mlb/missing/headshot/70x70.png,Seth Halvorsen (RP - COL),,Seth Halvorsen (COL - RP),Seth Halvorsen,Halvorsen,COL,RP,,"3-4-9SV|4.56|1.43|8.39K9
",511.0
384,404.0,53.0,15,54.0,2.0,0.241,0.304,97,19.0,2.0,37.0,90.0,0.406,0.71,222,3%,4%,2%,H,https://www.fantasypros.com/mlb/players/max-kepler.php,,,,,,,,,,,,,,max-kepler,Max Kepler (PHI - OF),Max Kepler,Kepler,PHI,OF,,.241|53R|15HR|54RBI|2SB,387,Max Kepler (PHI - OF),,371.0,419.0,382.0,452.0,406.0,OF,Max Kepler (PHI - OF),19.0,https://images.fantasypros.com/images/players/mlb/5357/headshot/70x70.png,Max Kepler (RF - PHI),,Max Kepler (PHI - OF),Max Kepler,Kepler,PHI,OF,,".241|53R|15HR|54RBI|2SB
",308.0
385,,,14,,,,,84,,,,,,,154,2%,3%,1%,P,https://www.fantasypros.com/mlb/players/anthony-gonsolin.php,91.0,80.0,5.0,0.0,4.35,1.26,44.0,31.0,36.0,13.0,4.0,0.0,7.91,anthony-gonsolin,Tony Gonsolin (LAD - SP),Tony Gonsolin,Gonsolin,LAD,SP,,5-4-0SV|4.35|1.26|7.91K9,388,Tony Gonsolin (LAD - SP),399.0,,438.0,411.0,408.0,414.0,SP,Tony Gonsolin (LAD - SP),26.0,https://images.fantasypros.com/images/players/mlb/8518/headshot/70x70.png,Tony Gonsolin (SP - LAD),,Tony Gonsolin (LAD - SP),Tony Gonsolin,Gonsolin,LAD,SP,,"5-4-0SV|4.35|1.26|7.91K9
",503.0
386,,,8,,,,,60,,,,,,,154,1%,2%,1%,P,https://www.fantasypros.com/mlb/players/jorge-lopez.php,61.3,54.0,3.0,6.0,4.21,1.34,29.0,22.0,58.0,0.0,3.0,0.0,7.93,jorge-lopez,Jorge Lopez (WSH - RP),Jorge Lopez,Lopez,WSH,RP,,3-3-6SV|4.21|1.34|7.93K9,389,Jorge Lopez (WSH - RP),290.0,,299.0,440.0,647.0,419.0,RP,Jorge Lopez (WSH - RP),30.0,https://images.fantasypros.com/images/players/mlb/5858/headshot/70x70.png,Jorge Lopez (RP - WSH),,Jorge Lopez (WSH - RP),Jorge Lopez,Lopez,WSH,RP,,"3-3-6SV|4.21|1.34|7.93K9
",504.0
387,346.0,47.0,16,46.0,13.0,0.209,0.263,73,14.0,2.0,25.0,136.0,0.394,0.657,134,1%,2%,1%,H,https://www.fantasypros.com/mlb/players/jose-siri.php,,,,,,,,,,,,,,jose-siri,Jose Siri (NYM - OF),Jose Siri,Siri,NYM,OF,,.209|47R|16HR|46RBI|13SB,390,Jose Siri (NYM - OF),,357.0,436.0,455.0,430.0,420.0,OF,Jose Siri (NYM - OF),30.0,https://images.fantasypros.com/images/players/mlb/5727/headshot/70x70.png,Jose Siri (CF - NYM),,Jose Siri (NYM - OF),Jose Siri,Siri,NYM,OF,,".209|47R|16HR|46RBI|13SB
",571.0
388,,,15,,,,,99,,,,,,,169,4%,6%,2%,P,https://www.fantasypros.com/mlb/players/mike-soroka.php,106.1,99.0,5.0,0.0,4.43,1.34,52.0,43.0,37.0,15.0,7.0,0.0,8.4,mike-soroka,"Michael Soroka (WSH - RP,SP)",Michael Soroka,Soroka,WSH,"RP,SP",,5-7-0SV|4.43|1.34|8.40K9,391,"Michael Soroka (WSH - RP,SP)",403.0,372.0,385.0,1007.0,540.0,541.0,"RP,SP","Michael Soroka (WSH - RP,SP)",150.0,https://images.fantasypros.com/images/players/mlb/6950/headshot/70x70.png,"Michael Soroka (SP,RP - WSH)",,"Michael Soroka (WSH - RP,SP)",Michael Soroka,Soroka,WSH,"RP,SP",,"5-7-0SV|4.43|1.34|8.40K9
",455.0
389,,,7,,,,,48,,,,,,,204,7%,9%,5%,P,https://www.fantasypros.com/mlb/players/jeremiah-estrada.php,63.9,87.0,4.0,3.0,3.34,1.18,24.0,28.0,62.0,0.0,3.0,0.0,12.25,jeremiah-estrada,Jeremiah Estrada (SD - RP),Jeremiah Estrada,Estrada,SD,RP,,4-3-3SV|3.34|1.18|12.25K9,392,Jeremiah Estrada (SD - RP),371.0,,414.0,446.0,475.0,426.0,RP,Jeremiah Estrada (SD - RP),34.0,https://images.fantasypros.com/images/players/mlb/46471/headshot/70x70.png,Jeremiah Estrada (RP - SD),,Jeremiah Estrada (SD - RP),Jeremiah Estrada,Estrada,SD,RP,,"4-3-3SV|3.34|1.18|12.25K9
",357.0
390,,,14,,,,,120,,,,,,,180,4%,6%,2%,P,https://www.fantasypros.com/mlb/players/casey-mize.php,118.2,93.0,6.0,0.0,4.29,1.31,56.0,34.0,23.0,23.0,7.0,0.0,7.08,casey-mize,Casey Mize (DET - SP),Casey Mize,Mize,DET,SP,,6-7-0SV|4.29|1.31|7.08K9,393,Casey Mize (DET - SP),,381.0,425.0,448.0,478.0,433.0,SP,Casey Mize (DET - SP),40.0,https://images.fantasypros.com/images/players/mlb/7399/headshot/70x70.png,Casey Mize (SP - DET),,Casey Mize (DET - SP),Casey Mize,Mize,DET,SP,,"6-7-0SV|4.29|1.31|7.08K9
",412.0
391,,,8,,,,,60,,,,,,,173,3%,6%,1%,P,https://www.fantasypros.com/mlb/players/justin-slaten.php,64.9,68.0,3.0,4.0,3.88,1.29,28.0,24.0,58.0,0.0,3.0,0.0,9.43,justin-slaten,Justin Slaten (BOS - RP),Justin Slaten,Slaten,BOS,RP,,3-3-4SV|3.88|1.29|9.43K9,394,Justin Slaten (BOS - RP),392.0,,446.0,433.0,520.0,448.0,RP,Justin Slaten (BOS - RP),54.0,https://images.fantasypros.com/images/players/mlb/44581/headshot/70x70.png,Justin Slaten (RP - BOS),,Justin Slaten (BOS - RP),Justin Slaten,Slaten,BOS,RP,,"3-3-4SV|3.88|1.29|9.43K9
",437.0
392,,,10,,,,,60,,,,,,,140,14%,25%,4%,P,https://www.fantasypros.com/mlb/players/eury-perez-p.php,68.8,76.0,4.0,0.0,3.93,1.19,30.0,22.0,14.0,14.0,4.0,0.0,9.94,eury-perez-p,Eury Perez (MIA - SP),Eury Perez,Perez,MIA,SP,IL60,4-4-0SV|3.93|1.19|9.94K9,395,Eury Perez (MIA - SP),395.0,,364.0,665.0,428.0,463.0,SP,Eury Perez (MIA - SP),68.0,https://images.fantasypros.com/images/players/mlb/44610/headshot/70x70.png,Eury Perez (SP - MIA),,Eury Perez (MIA - SP),Eury Perez,Perez,MIA,SP,,"4-4-0SV|3.93|1.19|9.94K9
",552.0
393,419.0,55.0,11,45.0,7.0,0.252,0.311,106,20.0,3.0,36.0,97.0,0.395,0.707,212,5%,5%,4%,H,https://www.fantasypros.com/mlb/players/matt-vierling.php,,,,,,,,,,,,,,matt-vierling,"Matt Vierling (DET - 3B,OF)",Matt Vierling,Vierling,DET,"3B,OF",,.252|55R|11HR|45RBI|7SB,396,"Matt Vierling (DET - 3B,OF)",,,426.0,321.0,299.0,349.0,"3B,OF","Matt Vierling (DET - 3B,OF)",-47.0,https://images.fantasypros.com/images/players/mlb/10043/headshot/70x70.png,"Matt Vierling (3B,CF,RF - DET)",,"Matt Vierling (DET - 3B,OF)",Matt Vierling,Vierling,DET,"3B,OF",,".252|55R|11HR|45RBI|7SB
",339.0
394,,,6,,,,,41,,,,,,,83,2%,3%,1%,P,https://www.fantasypros.com/mlb/players/bobby-miller.php,45.0,43.0,3.0,0.0,4.18,1.28,21.0,16.0,29.0,3.0,2.0,0.0,8.6,bobby-miller,Bobby Miller (LAD - SP),Bobby Miller,Miller,LAD,SP,MiLB,3-2-0SV|4.18|1.28|8.60K9,397,Bobby Miller (LAD - SP),,,362.0,378.0,311.0,350.0,SP,Bobby Miller (LAD - SP),-47.0,https://images.fantasypros.com/images/players/mlb/43804/headshot/70x70.png,Bobby Miller (SP - LAD),,Bobby Miller (LAD - SP),Bobby Miller,Miller,LAD,SP,,"3-2-0SV|4.18|1.28|8.60K9
",705.0
395,,,14,,,,,108,,,,,,,153,4%,6%,2%,P,https://www.fantasypros.com/mlb/players/rhett-lowder.php,104.9,84.0,5.0,0.0,4.5,1.35,52.0,34.0,33.0,17.0,6.0,0.0,7.21,rhett-lowder,Rhett Lowder (CIN - SP),Rhett Lowder,Lowder,CIN,SP,,5-6-0SV|4.50|1.35|7.21K9,398,Rhett Lowder (CIN - SP),277.0,,,453.0,322.0,351.0,SP,Rhett Lowder (CIN - SP),-47.0,https://images.fantasypros.com/images/players/mlb/missing/headshot/70x70.png,Rhett Lowder (SP - CIN),,Rhett Lowder (CIN - SP),Rhett Lowder,Lowder,CIN,SP,,"5-6-0SV|4.50|1.35|7.21K9
",512.0
396,,,16,,,,,101,,,,,,,213,2%,2%,3%,P,https://www.fantasypros.com/mlb/players/reid-detmers.php,111.7,124.0,6.0,0.0,4.22,1.27,52.0,41.0,26.0,19.0,7.0,0.0,9.99,reid-detmers,Reid Detmers (LAA - SP),Reid Detmers,Detmers,LAA,SP,,6-7-0SV|4.22|1.27|9.99K9,399,Reid Detmers (LAA - SP),,,342.0,372.0,339.0,351.0,SP,Reid Detmers (LAA - SP),-48.0,https://images.fantasypros.com/images/players/mlb/43840/headshot/70x70.png,Reid Detmers (SP - LAA),,Reid Detmers (LAA - SP),Reid Detmers,Detmers,LAA,SP,,"6-7-0SV|4.22|1.27|9.99K9
",336.0
397,,,21,,,,,136,,,,,,,224,2%,2%,2%,P,https://www.fantasypros.com/mlb/players/zack-littell.php,133.9,114.0,7.0,0.0,4.25,1.24,63.0,30.0,30.0,24.0,8.0,0.0,7.66,zack-littell,Zack Littell (TB - SP),Zack Littell,Littell,TB,SP,,7-8-0SV|4.25|1.24|7.66K9,400,Zack Littell (TB - SP),,,331.0,395.0,330.0,352.0,SP,Zack Littell (TB - SP),-48.0,https://images.fantasypros.com/images/players/mlb/6563/headshot/70x70.png,Zack Littell (SP - TB),,Zack Littell (TB - SP),Zack Littell,Littell,TB,SP,,"7-8-0SV|4.25|1.24|7.66K9
",301.0
398,,,13,,,,,110,,,,,,,161,1%,2%,1%,P,https://www.fantasypros.com/mlb/players/jordan-montgomery.php,105.2,83.0,6.0,0.0,4.31,1.34,50.0,32.0,32.0,15.0,5.0,0.0,7.1,jordan-montgomery,Jordan Montgomery (ARI - SP),Jordan Montgomery,Montgomery,ARI,SP,,6-5-0SV|4.31|1.34|7.10K9,401,Jordan Montgomery (ARI - SP),,,302.0,422.0,361.0,362.0,SP,Jordan Montgomery (ARI - SP),-39.0,https://images.fantasypros.com/images/players/mlb/7062/headshot/70x70.png,Jordan Montgomery (SP - ARI),,Jordan Montgomery (ARI - SP),Jordan Montgomery,Montgomery,ARI,SP,,"6-5-0SV|4.31|1.34|7.10K9
",484.0
399,369.0,49.0,10,45.0,3.0,0.265,0.352,98,23.0,1.0,49.0,80.0,0.41,0.761,221,14%,3%,25%,H,https://www.fantasypros.com/mlb/players/spencer-horwitz.php,,,,,,,,,,,,,,spencer-horwitz,"Spencer Horwitz (PIT - 1B,2B)",Spencer Horwitz,Horwitz,PIT,"1B,2B",,.265|49R|10HR|45RBI|3SB,402,"Spencer Horwitz (PIT - 1B,2B)",,,440.0,330.0,323.0,364.0,"1B,2B","Spencer Horwitz (PIT - 1B,2B)",-38.0,https://images.fantasypros.com/images/players/mlb/45347/headshot/70x70.png,"Spencer Horwitz (1B,2B - PIT)",,"Spencer Horwitz (PIT - 1B,2B)",Spencer Horwitz,Horwitz,PIT,"1B,2B",,".265|49R|10HR|45RBI|3SB
",311.0
400,361.0,42.0,10,45.0,2.0,0.263,0.305,95,21.0,1.0,22.0,63.0,0.414,0.719,198,3%,3%,3%,H,https://www.fantasypros.com/mlb/players/jose-miranda.php,,,,,,,,,,,,,,jose-miranda,"Jose Miranda (MIN - 3B,DH)",Jose Miranda,Miranda,MIN,"3B,DH",,.263|42R|10HR|45RBI|2SB,403,"Jose Miranda (MIN - 3B,DH)",,364.0,,357.0,376.0,366.0,"1B,3B,DH","Jose Miranda (MIN - 1B,3B,DH)",-37.0,https://images.fantasypros.com/images/players/mlb/44244/headshot/70x70.png,"Jose Miranda (3B,DH - MIN)",,"Jose Miranda (MIN - 3B,DH)",Jose Miranda,Miranda,MIN,"3B,DH",,".263|42R|10HR|45RBI|2SB
",375.0
401,,,19,,,,,132,,,,,,,214,4%,6%,3%,P,https://www.fantasypros.com/mlb/players/luis-ortiz-sp.php,137.9,115.0,7.0,0.0,4.33,1.33,66.0,51.0,30.0,22.0,8.0,0.0,7.51,luis-ortiz-sp,"Luis L. Ortiz (CLE - RP,SP)",Luis L. Ortiz,L. Ortiz,CLE,"RP,SP",,7-8-0SV|4.33|1.33|7.51K9,404,"Luis L. Ortiz (CLE - RP,SP)",286.0,,444.0,375.0,,368.0,"RP,SP","Luis L. Ortiz (CLE - RP,SP)",-36.0,https://images.fantasypros.com/images/players/mlb/44927/headshot/70x70.png,"Luis L. Ortiz (SP,RP - CLE)",,"Luis L. Ortiz (CLE - RP,SP)",Luis L. Ortiz,L. Ortiz,CLE,"RP,SP",,"7-8-0SV|4.33|1.33|7.51K9
",333.0
402,248.0,30.0,8,32.0,0.0,0.25,0.298,62,11.0,0.0,17.0,44.0,0.389,0.687,131,1%,1%,1%,H,https://www.fantasypros.com/mlb/players/luis-campusano.php,,,,,,,,,,,,,,luis-campusano,Luis Campusano (SD - C),Luis Campusano,Campusano,SD,C,,.250|30R|8HR|32RBI|0SB,405,Luis Campusano (SD - C),,,271.0,386.0,450.0,369.0,C,Luis Campusano (SD - C),-36.0,https://images.fantasypros.com/images/players/mlb/7455/headshot/70x70.png,Luis Campusano (C - SD),,Luis Campusano (SD - C),Luis Campusano,Campusano,SD,C,,".250|30R|8HR|32RBI|0SB
",578.0
403,,,14,,,,,99,,,,,,,175,2%,1%,2%,P,https://www.fantasypros.com/mlb/players/frankie-montas.php,105.6,100.0,6.0,0.0,4.32,1.32,51.0,41.0,20.0,20.0,6.0,0.0,8.52,frankie-montas,Frankie Montas (NYM - SP),Frankie Montas,Montas,NYM,SP,,6-6-0SV|4.32|1.32|8.52K9,406,Frankie Montas (NYM - SP),,,418.0,373.0,319.0,370.0,SP,Frankie Montas (NYM - SP),-36.0,https://images.fantasypros.com/images/players/mlb/5619/headshot/70x70.png,Frankie Montas (SP - NYM),,Frankie Montas (NYM - SP),Frankie Montas,Montas,NYM,SP,,"6-6-0SV|4.32|1.32|8.52K9
",427.0
404,,,21,,,,,138,,,,,,,238,2%,3%,1%,P,https://www.fantasypros.com/mlb/players/dean-kremer.php,144.5,127.0,9.0,0.0,4.28,1.3,69.0,49.0,26.0,26.0,8.0,0.0,7.91,dean-kremer,Dean Kremer (BAL - SP),Dean Kremer,Kremer,BAL,SP,,9-8-0SV|4.28|1.30|7.91K9,407,Dean Kremer (BAL - SP),,365.0,,414.0,333.0,371.0,SP,Dean Kremer (BAL - SP),-36.0,https://images.fantasypros.com/images/players/mlb/7918/headshot/70x70.png,Dean Kremer (SP - BAL),,Dean Kremer (BAL - SP),Dean Kremer,Kremer,BAL,SP,,"9-8-0SV|4.28|1.30|7.91K9
",272.0
405,262.0,31.0,7,31.0,1.0,0.252,0.306,66,12.0,1.0,20.0,56.0,0.379,0.685,129,1%,1%,1%,H,https://www.fantasypros.com/mlb/players/freddy-fermin.php,,,,,,,,,,,,,,freddy-fermin,"Freddy Fermin (KC - C,DH)",Freddy Fermin,Fermin,KC,"C,DH",,.252|31R|7HR|31RBI|1SB,408,"Freddy Fermin (KC - C,DH)",,,317.0,361.0,439.0,372.0,"C,DH","Freddy Fermin (KC - C,DH)",-36.0,https://images.fantasypros.com/images/players/mlb/44157/headshot/70x70.png,"Freddy Fermin (C,DH - KC)",,"Freddy Fermin (KC - C,DH)",Freddy Fermin,Fermin,KC,"C,DH",,".252|31R|7HR|31RBI|1SB
",581.0
406,,,8,,,,,59,,,,,,,121,7%,8%,5%,P,https://www.fantasypros.com/mlb/players/clayton-kershaw.php,62.9,59.0,5.0,0.0,3.81,1.21,27.0,18.0,12.0,12.0,3.0,0.0,8.44,clayton-kershaw,Clayton Kershaw (LAD - SP),Clayton Kershaw,Kershaw,LAD,SP,,5-3-0SV|3.81|1.21|8.44K9,409,Clayton Kershaw (LAD - SP),326.0,,310.0,1077.0,485.0,550.0,SP,Clayton Kershaw (LAD - SP),141.0,https://images.fantasypros.com/images/players/mlb/3215/headshot/70x70.png,Clayton Kershaw (SP - LAD),,Clayton Kershaw (LAD - SP),Clayton Kershaw,Kershaw,LAD,SP,,"5-3-0SV|3.81|1.21|8.44K9
",596.0
407,232.0,28.0,10,32.0,0.0,0.232,0.284,54,11.0,1.0,17.0,64.0,0.417,0.701,111,2%,3%,1%,H,https://www.fantasypros.com/mlb/players/travis-darnaud.php,,,,,,,,,,,,,,travis-darnaud,Travis d'Arnaud (LAA - C),Travis d'Arnaud,d'Arnaud,LAA,C,,.232|28R|10HR|32RBI|0SB,410,Travis d'Arnaud (LAA - C),,,296.0,392.0,435.0,374.0,C,Travis d'Arnaud (LAA - C),-36.0,https://images.fantasypros.com/images/players/mlb/4099/headshot/70x70.png,Travis d'Arnaud (C - LAA),,Travis d'Arnaud (LAA - C),Travis d'Arnaud,d'Arnaud,LAA,C,,".232|28R|10HR|32RBI|0SB
",628.0
408,93.0,12.0,4,12.0,0.0,0.219,0.301,20,4.0,0.0,11.0,27.0,0.387,0.688,46,3%,4%,1%,H,https://www.fantasypros.com/mlb/players/dalton-rushing.php,,,,,,,,,,,,,,dalton-rushing,"Dalton Rushing (LAD - C,OF)",Dalton Rushing,Rushing,LAD,"C,OF",MiLB,.219|12R|4HR|12RBI|0SB,411,"Dalton Rushing (LAD - C,OF)",,,337.0,408.0,400.0,382.0,"C,OF","Dalton Rushing (LAD - C,OF)",-29.0,https://images.fantasypros.com/images/players/mlb/missing/headshot/70x70.png,"Dalton Rushing (C,LF - LAD)",,"Dalton Rushing (LAD - C,OF)",Dalton Rushing,Rushing,LAD,"C,OF",,".219|12R|4HR|12RBI|0SB
",799.0
409,,,14,,,,,103,,,,,,,216,2%,2%,1%,P,https://www.fantasypros.com/mlb/players/edward-cabrera-p.php,121.0,128.0,6.0,0.0,4.07,1.34,55.0,58.0,29.0,23.0,8.0,0.0,9.52,edward-cabrera-p,Edward Cabrera (MIA - SP),Edward Cabrera,Cabrera,MIA,SP,,6-8-0SV|4.07|1.34|9.52K9,412,Edward Cabrera (MIA - SP),,,420.0,394.0,336.0,383.0,SP,Edward Cabrera (MIA - SP),-29.0,https://images.fantasypros.com/images/players/mlb/39222/headshot/70x70.png,Edward Cabrera (SP - MIA),,Edward Cabrera (MIA - SP),Edward Cabrera,Cabrera,MIA,SP,,"6-8-0SV|4.07|1.34|9.52K9
",322.0
410,420.0,54.0,17,55.0,5.0,0.231,0.306,97,22.0,3.0,45.0,118.0,0.419,0.725,218,2%,2%,2%,H,https://www.fantasypros.com/mlb/players/mj-melendez.php,,,,,,,,,,,,,,mj-melendez,MJ Melendez (KC - OF),MJ Melendez,Melendez,KC,OF,,.231|54R|17HR|55RBI|5SB,413,MJ Melendez (KC - OF),,,313.0,402.0,440.0,385.0,OF,MJ Melendez (KC - OF),-28.0,https://images.fantasypros.com/images/players/mlb/10031/headshot/70x70.png,MJ Melendez (LF - KC),,MJ Melendez (KC - OF),MJ Melendez,Melendez,KC,OF,,".231|54R|17HR|55RBI|5SB
",320.0
411,,,7,,,,,46,,,,,,,177,10%,15%,4%,P,https://www.fantasypros.com/mlb/players/matthew-strahm.php,58.1,69.0,3.0,3.0,3.22,1.04,21.0,15.0,56.0,0.0,3.0,0.0,10.69,matthew-strahm,Matt Strahm (PHI - RP),Matt Strahm,Strahm,PHI,RP,,3-3-3SV|3.22|1.04|10.69K9,414,Matt Strahm (PHI - RP),293.0,,423.0,977.0,441.0,534.0,RP,Matt Strahm (PHI - RP),120.0,https://images.fantasypros.com/images/players/mlb/5901/headshot/70x70.png,Matt Strahm (RP - PHI),,Matt Strahm (PHI - RP),Matt Strahm,Strahm,PHI,RP,,"3-3-3SV|3.22|1.04|10.69K9
",420.0
412,80.0,10.0,2,10.0,1.0,0.255,0.313,20,5.0,0.0,7.0,16.0,0.408,0.721,42,2%,3%,1%,H,https://www.fantasypros.com/mlb/players/chase-delauter.php,,,,,,,,,,,,,,chase-delauter,Chase DeLauter (CLE - OF),Chase DeLauter,DeLauter,CLE,OF,NRI,.255|10R|2HR|10RBI|1SB,415,Chase DeLauter (CLE - OF),,,321.0,412.0,425.0,386.0,OF,Chase DeLauter (CLE - OF),-29.0,https://images.fantasypros.com/images/players/mlb/missing/headshot/70x70.png,"Chase DeLauter (CF,RF - CLE)",,Chase DeLauter (CLE - OF),Chase DeLauter,DeLauter,CLE,OF,,".255|10R|2HR|10RBI|1SB
",814.0
413,112.0,16.0,3,11.0,12.0,0.247,0.298,28,6.0,0.0,8.0,28.0,0.369,0.667,61,1%,1%,0%,H,https://www.fantasypros.com/mlb/players/esteury-ruiz-2b.php,,,,,,,,,,,,,,esteury-ruiz-2b,Esteury Ruiz (ATH - OF),Esteury Ruiz,Ruiz,ATH,OF,,.247|16R|3HR|11RBI|12SB,416,Esteury Ruiz (ATH - OF),,327.0,325.0,1051.0,509.0,553.0,OF,Esteury Ruiz (ATH - OF),137.0,https://images.fantasypros.com/images/players/mlb/10086/headshot/70x70.png,"Esteury Ruiz (LF,CF - ATH)",,Esteury Ruiz (ATH - OF),Esteury Ruiz,Ruiz,ATH,OF,,".247|16R|3HR|11RBI|12SB
",763.0
414,263.0,31.0,13,37.0,2.0,0.217,0.266,57,11.0,1.0,17.0,79.0,0.412,0.677,118,1%,1%,1%,H,https://www.fantasypros.com/mlb/players/kyle-higashioka.php,,,,,,,,,,,,,,kyle-higashioka,Kyle Higashioka (TEX - C),Kyle Higashioka,Higashioka,TEX,C,,.217|31R|13HR|37RBI|2SB,417,Kyle Higashioka (TEX - C),,325.0,,371.0,465.0,387.0,C,Kyle Higashioka (TEX - C),-30.0,https://images.fantasypros.com/images/players/mlb/6168/headshot/70x70.png,Kyle Higashioka (C - TEX),,Kyle Higashioka (TEX - C),Kyle Higashioka,Higashioka,TEX,C,,".217|31R|13HR|37RBI|2SB
",607.0
415,,,13,,,,,85,,,,,,,155,2%,3%,1%,P,https://www.fantasypros.com/mlb/players/zebby-matthews.php,85.5,79.0,4.0,0.0,4.09,1.21,39.0,18.0,30.0,13.0,5.0,0.0,8.32,zebby-matthews,Zebby Matthews (MIN - SP),Zebby Matthews,Matthews,MIN,SP,MiLB,4-5-0SV|4.09|1.21|8.32K9,418,Zebby Matthews (MIN - SP),335.0,,,419.0,437.0,397.0,SP,Zebby Matthews (MIN - SP),-21.0,https://images.fantasypros.com/images/players/mlb/missing/headshot/70x70.png,Zebby Matthews (SP - MIN),,Zebby Matthews (MIN - SP),Zebby Matthews,Matthews,MIN,SP,,"4-5-0SV|4.09|1.21|8.32K9
",502.0
416,,,6,,,,,44,,,,,,,146,2%,3%,1%,P,https://www.fantasypros.com/mlb/players/david-robertson.php,55.5,67.0,3.0,3.0,3.39,1.21,21.0,23.0,46.0,0.0,3.0,0.0,10.86,david-robertson,David Robertson (FA - RP),David Robertson,Robertson,FA,RP,FA,3-3-3SV|3.39|1.21|10.86K9,419,David Robertson (FA - RP),381.0,,357.0,738.0,591.0,517.0,RP,David Robertson (FA - RP),98.0,https://images.fantasypros.com/images/players/mlb/3283/headshot/70x70.png,David Robertson (RP - FA),,David Robertson (FA - RP),David Robertson,Robertson,FA,RP,,"3-3-3SV|3.39|1.21|10.86K9
",534.0
417,283.0,33.0,8,36.0,1.0,0.237,0.299,67,13.0,1.0,25.0,66.0,0.377,0.676,135,2%,2%,2%,H,https://www.fantasypros.com/mlb/players/miguel-amaya-c.php,,,,,,,,,,,,,,miguel-amaya-c,Miguel Amaya (CHC - C),Miguel Amaya,Amaya,CHC,C,,.237|33R|8HR|36RBI|1SB,420,Miguel Amaya (CHC - C),,,405.0,355.0,448.0,403.0,C,Miguel Amaya (CHC - C),-17.0,https://images.fantasypros.com/images/players/mlb/39277/headshot/70x70.png,Miguel Amaya (C - CHC),,Miguel Amaya (CHC - C),Miguel Amaya,Amaya,CHC,C,,".237|33R|8HR|36RBI|1SB
",567.0
418,387.0,44.0,9,46.0,5.0,0.245,0.298,95,21.0,1.0,29.0,71.0,0.378,0.676,198,3%,4%,2%,H,https://www.fantasypros.com/mlb/players/brooks-lee.php,,,,,,,,,,,,,,brooks-lee,"Brooks Lee (MIN - 3B,SS)",Brooks Lee,Lee,MIN,"3B,SS",,.245|44R|9HR|46RBI|5SB,421,"Brooks Lee (MIN - 3B,SS)",398.0,,,398.0,420.0,405.0,"2B,3B,SS","Brooks Lee (MIN - 2B,3B,SS)",-16.0,https://images.fantasypros.com/images/players/mlb/missing/headshot/70x70.png,"Brooks Lee (3B,SS - MIN)",,"Brooks Lee (MIN - 3B,SS)",Brooks Lee,Lee,MIN,"3B,SS",,".245|44R|9HR|46RBI|5SB
",376.0
419,,,10,,,,,79,,,,,,,162,4%,7%,1%,P,https://www.fantasypros.com/mlb/players/quinn-mathews.php,87.2,84.0,5.0,0.0,3.97,1.29,38.0,33.0,23.0,14.0,4.0,0.0,8.67,quinn-mathews,Quinn Mathews (STL - SP),Quinn Mathews,Mathews,STL,SP,MiLB,5-4-0SV|3.97|1.29|8.67K9,422,Quinn Mathews (STL - SP),,,344.0,410.0,466.0,407.0,SP,Quinn Mathews (STL - SP),-15.0,https://images.fantasypros.com/images/players/mlb/missing/headshot/70x70.png,Quinn Mathews (SP - STL),,Quinn Mathews (STL - SP),Quinn Mathews,Mathews,STL,SP,,"5-4-0SV|3.97|1.29|8.67K9
",480.0
420,437.0,63.0,6,43.0,14.0,0.244,0.326,107,21.0,3.0,53.0,84.0,0.348,0.674,241,2%,4%,1%,H,https://www.fantasypros.com/mlb/players/geraldo-perdomo.php,,,,,,,,,,,,,,geraldo-perdomo,Geraldo Perdomo (ARI - SS),Geraldo Perdomo,Perdomo,ARI,SS,,.244|63R|6HR|43RBI|14SB,423,Geraldo Perdomo (ARI - SS),318.0,,,436.0,469.0,408.0,SS,Geraldo Perdomo (ARI - SS),-15.0,https://images.fantasypros.com/images/players/mlb/43732/headshot/70x70.png,Geraldo Perdomo (SS - ARI),,Geraldo Perdomo (ARI - SS),Geraldo Perdomo,Perdomo,ARI,SS,,".244|63R|6HR|43RBI|14SB
",265.0
421,365.0,48.0,13,46.0,12.0,0.238,0.301,87,14.0,1.0,33.0,108.0,0.388,0.689,172,2%,4%,1%,H,https://www.fantasypros.com/mlb/players/chas-mccormick.php,,,,,,,,,,,,,,chas-mccormick,Chas McCormick (HOU - OF),Chas McCormick,McCormick,HOU,OF,,.238|48R|13HR|46RBI|12SB,424,Chas McCormick (HOU - OF),,,341.0,425.0,476.0,414.0,OF,Chas McCormick (HOU - OF),-10.0,https://images.fantasypros.com/images/players/mlb/10177/headshot/70x70.png,"Chas McCormick (LF,RF - HOU)",,Chas McCormick (HOU - OF),Chas McCormick,McCormick,HOU,OF,,".238|48R|13HR|46RBI|12SB
",444.0
422,272.0,33.0,12,37.0,0.0,0.204,0.297,56,11.0,0.0,36.0,90.0,0.378,0.675,118,1%,1%,1%,H,https://www.fantasypros.com/mlb/players/mitch-garver.php,,,,,,,,,,,,,,mitch-garver,"Mitch Garver (SEA - C,DH)",Mitch Garver,Garver,SEA,"C,DH",,.204|33R|12HR|37RBI|0SB,425,"Mitch Garver (SEA - C,DH)",,,346.0,449.0,459.0,418.0,"C,DH","Mitch Garver (SEA - C,DH)",-7.0,https://images.fantasypros.com/images/players/mlb/6239/headshot/70x70.png,"Mitch Garver (C,DH - SEA)",,"Mitch Garver (SEA - C,DH)",Mitch Garver,Garver,SEA,"C,DH",,".204|33R|12HR|37RBI|0SB
",608.0
423,417.0,56.0,16,53.0,4.0,0.222,0.296,93,20.0,4.0,44.0,124.0,0.405,0.702,202,2%,2%,2%,H,https://www.fantasypros.com/mlb/players/michael-yastrzemski.php,,,,,,,,,,,,,,michael-yastrzemski,Mike Yastrzemski (SF - OF),Mike Yastrzemski,Yastrzemski,SF,OF,,.222|56R|16HR|53RBI|4SB,426,Mike Yastrzemski (SF - OF),,350.0,,438.0,467.0,418.0,OF,Mike Yastrzemski (SF - OF),-8.0,https://images.fantasypros.com/images/players/mlb/8467/headshot/70x70.png,Mike Yastrzemski (RF - SF),,Mike Yastrzemski (SF - OF),Mike Yastrzemski,Yastrzemski,SF,OF,,".222|56R|16HR|53RBI|4SB
",365.0
424,350.0,48.0,11,44.0,6.0,0.235,0.338,82,15.0,1.0,54.0,87.0,0.375,0.714,199,3%,3%,4%,H,https://www.fantasypros.com/mlb/players/jesse-winker.php,,,,,,,,,,,,,,jesse-winker,"Jesse Winker (NYM - DH,OF)",Jesse Winker,Winker,NYM,"DH,OF",,.235|48R|11HR|44RBI|6SB,427,"Jesse Winker (NYM - DH,OF)",,,448.0,407.0,402.0,419.0,"DH,OF","Jesse Winker (NYM - DH,OF)",-8.0,https://images.fantasypros.com/images/players/mlb/5719/headshot/70x70.png,"Jesse Winker (LF,DH - NYM)",,"Jesse Winker (NYM - DH,OF)",Jesse Winker,Winker,NYM,"DH,OF",,".235|48R|11HR|44RBI|6SB
",373.0
425,,,11,,,,,82,,,,,,,172,1%,1%,1%,P,https://www.fantasypros.com/mlb/players/tylor-megill.php,90.1,94.0,5.0,0.0,4.02,1.28,40.0,34.0,41.0,11.0,4.0,0.0,9.39,tylor-megill,Tylor Megill (NYM - SP),Tylor Megill,Megill,NYM,SP,,5-4-0SV|4.02|1.28|9.39K9,428,Tylor Megill (NYM - SP),,,416.0,430.0,426.0,424.0,SP,Tylor Megill (NYM - SP),-4.0,https://images.fantasypros.com/images/players/mlb/44185/headshot/70x70.png,Tylor Megill (SP - NYM),,Tylor Megill (NYM - SP),Tylor Megill,Megill,NYM,SP,,"5-4-0SV|4.02|1.28|9.39K9
",445.0
426,298.0,35.0,5,26.0,21.0,0.223,0.274,67,11.0,2.0,21.0,66.0,0.324,0.598,134,1%,2%,1%,H,https://www.fantasypros.com/mlb/players/victor-scott.php,,,,,,,,,,,,,,victor-scott,Victor Scott (STL - OF),Victor Scott,Scott,STL,OF,,.223|35R|5HR|26RBI|21SB,429,Victor Scott (STL - OF),,,399.0,404.0,483.0,429.0,OF,Victor Scott (STL - OF),0.0,https://images.fantasypros.com/images/players/mlb/46622/headshot/70x70.png,Victor Scott (CF - STL),,Victor Scott (STL - OF),Victor Scott,Scott,STL,OF,,".223|35R|5HR|26RBI|21SB
",572.0
427,,,5,,,,,50,,,,,,,174,4%,5%,2%,P,https://www.fantasypros.com/mlb/players/jose-alvarado.php,61.0,69.0,3.0,4.0,3.46,1.27,23.0,28.0,60.0,0.0,3.0,0.0,10.18,jose-alvarado,Jose Alvarado (PHI - RP),Jose Alvarado,Alvarado,PHI,RP,,3-3-4SV|3.46|1.27|10.18K9,430,Jose Alvarado (PHI - RP),327.0,,330.0,1268.0,630.0,639.0,RP,Jose Alvarado (PHI - RP),209.0,https://images.fantasypros.com/images/players/mlb/6550/headshot/70x70.png,Jose Alvarado (RP - PHI),,Jose Alvarado (PHI - RP),Jose Alvarado,Alvarado,PHI,RP,,"3-3-4SV|3.46|1.27|10.18K9
",431.0
428,183.0,22.0,5,22.0,0.0,0.234,0.308,43,8.0,0.0,20.0,46.0,0.356,0.664,83,5%,7%,3%,H,https://www.fantasypros.com/mlb/players/drake-baldwin.php,,,,,,,,,,,,,,drake-baldwin,Drake Baldwin (ATL - C),Drake Baldwin,Baldwin,ATL,C,NRI,.234|22R|5HR|22RBI|0SB,431,Drake Baldwin (ATL - C),,363.0,335.0,912.0,590.0,550.0,C,Drake Baldwin (ATL - C),119.0,https://images.fantasypros.com/images/players/mlb/missing/headshot/70x70.png,Drake Baldwin (C - ATL),,Drake Baldwin (ATL - C),Drake Baldwin,Baldwin,ATL,C,,".234|22R|5HR|22RBI|0SB
",706.0
429,374.0,44.0,11,44.0,1.0,0.243,0.309,91,17.0,1.0,36.0,104.0,0.387,0.697,164,2%,2%,2%,H,https://www.fantasypros.com/mlb/players/kris-bryant.php,,,,,,,,,,,,,,kris-bryant,"Kris Bryant (COL - 1B,OF)",Kris Bryant,Bryant,COL,"1B,OF",,.243|44R|11HR|44RBI|1SB,432,"Kris Bryant (COL - 1B,OF)",,375.0,433.0,1095.0,510.0,603.0,"1B,OF","Kris Bryant (COL - 1B,OF)",171.0,https://images.fantasypros.com/images/players/mlb/4934/headshot/70x70.png,"Kris Bryant (1B,RF - COL)",,"Kris Bryant (COL - 1B,OF)",Kris Bryant,Bryant,COL,"1B,OF",,".243|44R|11HR|44RBI|1SB
",471.0
430,400.0,50.0,10,44.0,10.0,0.244,0.307,98,19.0,2.0,36.0,101.0,0.375,0.683,189,1%,1%,1%,H,https://www.fantasypros.com/mlb/players/tommy-pham.php,,,,,,,,,,,,,,tommy-pham,Tommy Pham (PIT - OF),Tommy Pham,Pham,PIT,OF,,.244|50R|10HR|44RBI|10SB,433,Tommy Pham (PIT - OF),,366.0,435.0,974.0,534.0,577.0,OF,Tommy Pham (PIT - OF),144.0,https://images.fantasypros.com/images/players/mlb/5584/headshot/70x70.png,"Tommy Pham (LF,CF,RF - PIT)",,Tommy Pham (PIT - OF),Tommy Pham,Pham,PIT,OF,,".244|50R|10HR|44RBI|10SB
",388.0
431,,,8,,,,,56,,,,,,,179,4%,6%,2%,P,https://www.fantasypros.com/mlb/players/joel-payamps.php,62.9,61.0,4.0,5.0,3.68,1.2,26.0,20.0,61.0,0.0,3.0,0.0,8.73,joel-payamps,Joel Payamps (MIL - RP),Joel Payamps,Payamps,MIL,RP,,4-3-5SV|3.68|1.20|8.73K9,434,Joel Payamps (MIL - RP),396.0,,377.0,1047.0,583.0,601.0,RP,Joel Payamps (MIL - RP),167.0,https://images.fantasypros.com/images/players/mlb/8174/headshot/70x70.png,Joel Payamps (RP - MIL),,Joel Payamps (MIL - RP),Joel Payamps,Payamps,MIL,RP,,"4-3-5SV|3.68|1.20|8.73K9
",416.0
432,,,7,,,,,58,,,,,,,167,2%,3%,0%,P,https://www.fantasypros.com/mlb/players/jesus-tinoco.php,63.4,64.0,3.0,6.0,3.9,1.3,28.0,25.0,59.0,0.0,3.0,0.0,9.09,jesus-tinoco,Jesus Tinoco (MIA - RP),Jesus Tinoco,Tinoco,MIA,RP,,3-3-6SV|3.90|1.30|9.09K9,435,Jesus Tinoco (MIA - RP),358.0,,,447.0,559.0,455.0,RP,Jesus Tinoco (MIA - RP),20.0,https://images.fantasypros.com/images/players/mlb/8376/headshot/70x70.png,Jesus Tinoco (RP - MIA),,Jesus Tinoco (MIA - RP),Jesus Tinoco,Tinoco,MIA,RP,,"3-3-6SV|3.90|1.30|9.09K9
",461.0
433,155.0,20.0,5,21.0,2.0,0.244,0.312,38,8.0,1.0,15.0,40.0,0.414,0.726,81,9%,16%,1%,H,https://www.fantasypros.com/mlb/players/david-fry.php,,,,,,,,,,,,,,david-fry,"David Fry (CLE - 1B,C,DH)",David Fry,Fry,CLE,"1B,C,DH",IL60,.244|20R|5HR|21RBI|2SB,436,"David Fry (CLE - 1B,C,DH)",393.0,,,549.0,443.0,462.0,"1B,C,DH,OF","David Fry (CLE - 1B,C,DH,OF)",26.0,https://images.fantasypros.com/images/players/mlb/45488/headshot/70x70.png,"David Fry (C,1B,DH - CLE)",,"David Fry (CLE - 1B,C,DH)",David Fry,Fry,CLE,"1B,C,DH",,".244|20R|5HR|21RBI|2SB
",709.0
434,118.0,16.0,3,15.0,1.0,0.227,0.278,27,4.0,3.0,8.0,30.0,0.392,0.67,58,9%,15%,3%,H,https://www.fantasypros.com/mlb/players/cam-smith.php,,,,,,,,,,,,,,cam-smith,Cam Smith (HOU - 3B),Cam Smith,Smith,HOU,3B,NRI,.227|16R|3HR|15RBI|1SB,437,Cam Smith (HOU - 3B),363.0,326.0,,813.0,763.0,566.0,3B,Cam Smith (HOU - 3B),129.0,https://images.fantasypros.com/images/players/mlb/missing/headshot/70x70.png,Cam Smith (3B - HOU),,Cam Smith (HOU - 3B),Cam Smith,Smith,HOU,3B,,".227|16R|3HR|15RBI|1SB
",772.0
435,,,13,,,,,96,,,,,,,163,5%,8%,2%,P,https://www.fantasypros.com/mlb/players/will-warren.php,99.6,94.0,5.0,0.0,4.38,1.33,49.0,36.0,32.0,16.0,6.0,0.0,8.49,will-warren,Will Warren (NYY - SP),Will Warren,Warren,NYY,SP,,5-6-0SV|4.38|1.33|8.49K9,438,Will Warren (NYY - SP),389.0,376.0,,1028.0,686.0,620.0,SP,Will Warren (NYY - SP),182.0,https://images.fantasypros.com/images/players/mlb/missing/headshot/70x70.png,Will Warren (SP - NYY),,Will Warren (NYY - SP),Will Warren,Warren,NYY,SP,,"5-6-0SV|4.38|1.33|8.49K9
",475.0
436,,,13,,,,,101,,,,,,,163,1%,2%,1%,P,https://www.fantasypros.com/mlb/players/ryne-nelson.php,100.1,82.0,5.0,0.0,4.21,1.27,47.0,26.0,41.0,11.0,5.0,0.0,7.37,ryne-nelson,Ryne Nelson (ARI - SP),Ryne Nelson,Nelson,ARI,SP,,5-5-0SV|4.21|1.27|7.37K9,439,Ryne Nelson (ARI - SP),,,,362.0,296.0,329.0,SP,Ryne Nelson (ARI - SP),-110.0,https://images.fantasypros.com/images/players/mlb/38389/headshot/70x70.png,Ryne Nelson (SP - ARI),,Ryne Nelson (ARI - SP),Ryne Nelson,Nelson,ARI,SP,,"5-5-0SV|4.21|1.27|7.37K9
",476.0
437,279.0,34.0,14,43.0,2.0,0.237,0.283,66,16.0,1.0,18.0,83.0,0.453,0.736,140,2%,2%,1%,H,https://www.fantasypros.com/mlb/players/hunter-goodman.php,,,,,,,,,,,,,,hunter-goodman,"Hunter Goodman (COL - C,OF)",Hunter Goodman,Goodman,COL,"C,OF",,.237|34R|14HR|43RBI|2SB,440,"Hunter Goodman (COL - C,OF)",,,,313.0,395.0,354.0,"C,OF","Hunter Goodman (COL - C,OF)",-86.0,https://images.fantasypros.com/images/players/mlb/45393/headshot/70x70.png,"Hunter Goodman (C,RF - COL)",,"Hunter Goodman (COL - C,OF)",Hunter Goodman,Goodman,COL,"C,OF",,".237|34R|14HR|43RBI|2SB
",553.0
438,367.0,49.0,13,52.0,3.0,0.263,0.321,97,18.0,2.0,31.0,74.0,0.437,0.758,220,4%,4%,4%,H,https://www.fantasypros.com/mlb/players/ryan-ohearn.php,,,,,,,,,,,,,,ryan-ohearn,"Ryan O'Hearn (BAL - 1B,DH)",Ryan O'Hearn,O'Hearn,BAL,"1B,DH",,.263|49R|13HR|52RBI|3SB,441,"Ryan O'Hearn (BAL - 1B,DH)",,,,341.0,369.0,355.0,"1B,DH,OF","Ryan O'Hearn (BAL - 1B,DH,OF)",-86.0,https://images.fantasypros.com/images/players/mlb/6681/headshot/70x70.png,"Ryan O'Hearn (1B,DH - BAL)",,"Ryan O'Hearn (BAL - 1B,DH)",Ryan O'Hearn,O'Hearn,BAL,"1B,DH",,".263|49R|13HR|52RBI|3SB
",315.0
439,,,24,,,,,135,,,,,,,226,2%,3%,2%,P,https://www.fantasypros.com/mlb/players/andrew-abbott.php,141.0,132.0,8.0,0.0,4.49,1.33,70.0,52.0,25.0,25.0,9.0,0.0,8.43,andrew-abbott,Andrew Abbott (CIN - SP),Andrew Abbott,Abbott,CIN,SP,,8-9-0SV|4.49|1.33|8.43K9,442,Andrew Abbott (CIN - SP),,,383.0,888.0,345.0,539.0,SP,Andrew Abbott (CIN - SP),97.0,https://images.fantasypros.com/images/players/mlb/44726/headshot/70x70.png,Andrew Abbott (SP - CIN),,Andrew Abbott (CIN - SP),Andrew Abbott,Abbott,CIN,SP,,"8-9-0SV|4.49|1.33|8.43K9
",294.0
440,221.0,32.0,9,31.0,2.0,0.243,0.304,54,12.0,1.0,19.0,61.0,0.436,0.741,118,3%,5%,1%,H,https://www.fantasypros.com/mlb/players/andy-pages.php,,,,,,,,,,,,,,andy-pages,Andy Pages (LAD - OF),Andy Pages,Pages,LAD,OF,,.243|32R|9HR|31RBI|2SB,443,Andy Pages (LAD - OF),,,,367.0,365.0,366.0,OF,Andy Pages (LAD - OF),-77.0,https://images.fantasypros.com/images/players/mlb/43671/headshot/70x70.png,"Andy Pages (CF,RF - LAD)",,Andy Pages (LAD - OF),Andy Pages,Pages,LAD,OF,,".243|32R|9HR|31RBI|2SB
",609.0
441,424.0,52.0,15,56.0,4.0,0.253,0.294,107,23.0,2.0,25.0,88.0,0.422,0.716,229,2%,3%,1%,H,https://www.fantasypros.com/mlb/players/mike-massey.php,,,,,,,,,,,,,,mike-massey,Michael Massey (KC - 2B),Michael Massey,Massey,KC,2B,,.253|52R|15HR|56RBI|4SB,444,Michael Massey (KC - 2B),,,,364.0,373.0,368.0,2B,Michael Massey (KC - 2B),-76.0,https://images.fantasypros.com/images/players/mlb/45756/headshot/70x70.png,Michael Massey (2B - KC),,Michael Massey (KC - 2B),Michael Massey,Massey,KC,2B,,".253|52R|15HR|56RBI|4SB
",287.0
442,425.0,53.0,10,50.0,5.0,0.259,0.311,110,26.0,4.0,32.0,105.0,0.408,0.719,211,3%,3%,3%,H,https://www.fantasypros.com/mlb/players/nick-gonzales-if.php,,,,,,,,,,,,,,nick-gonzales-if,Nick Gonzales (PIT - 2B),Nick Gonzales,Gonzales,PIT,2B,,.259|53R|10HR|50RBI|5SB,445,Nick Gonzales (PIT - 2B),,,,399.0,343.0,371.0,"2B,SS","Nick Gonzales (PIT - 2B,SS)",-74.0,https://images.fantasypros.com/images/players/mlb/43874/headshot/70x70.png,Nick Gonzales (2B - PIT),,Nick Gonzales (PIT - 2B),Nick Gonzales,Gonzales,PIT,2B,,".259|53R|10HR|50RBI|5SB
",342.0
443,,,18,,,,,120,,,,,,,208,2%,2%,1%,P,https://www.fantasypros.com/mlb/players/jonathan-gray.php,124.5,111.0,7.0,0.0,4.35,1.27,60.0,39.0,27.0,22.0,7.0,0.0,8.02,jonathan-gray,Jon Gray (TEX - SP),Jon Gray,Gray,TEX,SP,,7-7-0SV|4.35|1.27|8.02K9,446,Jon Gray (TEX - SP),331.0,,,903.0,414.0,549.0,SP,Jon Gray (TEX - SP),103.0,https://images.fantasypros.com/images/players/mlb/4933/headshot/70x70.png,Jon Gray (SP - TEX),,Jon Gray (TEX - SP),Jon Gray,Gray,TEX,SP,,"7-7-0SV|4.35|1.27|8.02K9
",348.0
444,,,24,,,,,161,,,,,,,256,3%,3%,4%,P,https://www.fantasypros.com/mlb/players/jake-irvin.php,165.8,137.0,9.0,0.0,4.38,1.29,81.0,53.0,29.0,29.0,10.0,0.0,7.44,jake-irvin,Jake Irvin (WSH - SP),Jake Irvin,Irvin,WSH,SP,,9-10-0SV|4.38|1.29|7.44K9,447,Jake Irvin (WSH - SP),,,,428.0,320.0,374.0,SP,Jake Irvin (WSH - SP),-73.0,https://images.fantasypros.com/images/players/mlb/43981/headshot/70x70.png,Jake Irvin (SP - WSH),,Jake Irvin (WSH - SP),Jake Irvin,Irvin,WSH,SP,,"9-10-0SV|4.38|1.29|7.44K9
",236.0
445,453.0,53.0,6,43.0,14.0,0.262,0.3,119,19.0,3.0,25.0,76.0,0.353,0.653,221,3%,4%,2%,H,https://www.fantasypros.com/mlb/players/isiah-kiner-falefa.php,,,,,,,,,,,,,,isiah-kiner-falefa,"Isiah Kiner-Falefa (PIT - 2B,3B,SS)",Isiah Kiner-Falefa,Kiner-Falefa,PIT,"2B,3B,SS",,.262|53R|6HR|43RBI|14SB,448,"Isiah Kiner-Falefa (PIT - 2B,3B,SS)",,,,353.0,398.0,376.0,"2B,3B,SS","Isiah Kiner-Falefa (PIT - 2B,3B,SS)",-72.0,https://images.fantasypros.com/images/players/mlb/7662/headshot/70x70.png,"Isiah Kiner-Falefa (2B,3B,SS - PIT)",,"Isiah Kiner-Falefa (PIT - 2B,3B,SS)",Isiah Kiner-Falefa,Kiner-Falefa,PIT,"2B,3B,SS",,".262|53R|6HR|43RBI|14SB
",312.0
446,,,13,,,,,88,,,,,,,185,4%,6%,1%,P,https://www.fantasypros.com/mlb/players/hayden-birdsong.php,101.5,109.0,5.0,0.0,4.15,1.33,47.0,47.0,33.0,17.0,6.0,0.0,9.67,hayden-birdsong,Hayden Birdsong (SF - SP),Hayden Birdsong,Birdsong,SF,SP,,5-6-0SV|4.15|1.33|9.67K9,449,Hayden Birdsong (SF - SP),,,,401.0,356.0,378.0,SP,Hayden Birdsong (SF - SP),-71.0,https://images.fantasypros.com/images/players/mlb/missing/headshot/70x70.png,Hayden Birdsong (SP - SF),,Hayden Birdsong (SF - SP),Hayden Birdsong,Birdsong,SF,SP,,"5-6-0SV|4.15|1.33|9.67K9
",394.0
447,402.0,49.0,12,47.0,15.0,0.23,0.287,93,19.0,3.0,32.0,90.0,0.387,0.674,207,1%,1%,1%,H,https://www.fantasypros.com/mlb/players/jonny-deluca.php,,,,,,,,,,,,,,jonny-deluca,Jonny DeLuca (TB - OF),Jonny DeLuca,DeLuca,TB,OF,,.230|49R|12HR|47RBI|15SB,450,Jonny DeLuca (TB - OF),,,,348.0,412.0,380.0,OF,Jonny DeLuca (TB - OF),-70.0,https://images.fantasypros.com/images/players/mlb/45829/headshot/70x70.png,"Jonny DeLuca (CF,RF - TB)",,Jonny DeLuca (TB - OF),Jonny DeLuca,DeLuca,TB,OF,,".230|49R|12HR|47RBI|15SB
",352.0
448,432.0,52.0,11,49.0,6.0,0.254,0.318,110,21.0,1.0,41.0,81.0,0.389,0.706,235,2%,1%,3%,H,https://www.fantasypros.com/mlb/players/andrew-benintendi.php,,,,,,,,,,,,,,andrew-benintendi,Andrew Benintendi (CWS - OF),Andrew Benintendi,Benintendi,CWS,OF,,.254|52R|11HR|49RBI|6SB,451,Andrew Benintendi (CWS - OF),,,,385.0,375.0,380.0,OF,Andrew Benintendi (CWS - OF),-71.0,https://images.fantasypros.com/images/players/mlb/5972/headshot/70x70.png,Andrew Benintendi (LF - CWS),,Andrew Benintendi (CWS - OF),Andrew Benintendi,Benintendi,CWS,OF,,".254|52R|11HR|49RBI|6SB
",274.0
449,403.0,51.0,4,39.0,14.0,0.257,0.317,104,19.0,3.0,35.0,67.0,0.354,0.671,212,6%,4%,8%,H,https://www.fantasypros.com/mlb/players/sal-frelick.php,,,,,,,,,,,,,,sal-frelick,Sal Frelick (MIL - OF),Sal Frelick,Frelick,MIL,OF,,.257|51R|4HR|39RBI|14SB,452,Sal Frelick (MIL - OF),,,,388.0,380.0,384.0,OF,Sal Frelick (MIL - OF),-68.0,https://images.fantasypros.com/images/players/mlb/44675/headshot/70x70.png,"Sal Frelick (LF,CF,RF - MIL)",,Sal Frelick (MIL - OF),Sal Frelick,Frelick,MIL,OF,,".257|51R|4HR|39RBI|14SB
",340.0
450,91.0,11.0,3,11.0,2.0,0.225,0.299,20,4.0,0.0,10.0,27.0,0.364,0.663,41,1%,1%,0%,H,https://www.fantasypros.com/mlb/players/henry-davis.php,,,,,,,,,,,,,,henry-davis,Henry Davis (PIT - C),Henry Davis,Davis,PIT,C,,.225|11R|3HR|11RBI|2SB,453,Henry Davis (PIT - C),,,282.0,1021.0,503.0,602.0,C,Henry Davis (PIT - C),149.0,https://images.fantasypros.com/images/players/mlb/44666/headshot/70x70.png,Henry Davis (C - PIT),,Henry Davis (PIT - C),Henry Davis,Davis,PIT,C,,".225|11R|3HR|11RBI|2SB
",817.0
451,,,18,,,,,111,,,,,,,191,1%,1%,1%,P,https://www.fantasypros.com/mlb/players/sean-burke.php,120.5,119.0,6.0,0.0,4.49,1.38,60.0,55.0,28.0,23.0,9.0,0.0,8.89,sean-burke,Sean Burke (CWS - SP),Sean Burke,Burke,CWS,SP,,6-9-0SV|4.49|1.38|8.89K9,454,Sean Burke (CWS - SP),,,,409.0,384.0,396.0,SP,Sean Burke (CWS - SP),-58.0,https://images.fantasypros.com/images/players/mlb/missing/headshot/70x70.png,Sean Burke (SP - CWS),,Sean Burke (CWS - SP),Sean Burke,Burke,CWS,SP,,"6-9-0SV|4.49|1.38|8.89K9
",384.0
452,309.0,36.0,7,35.0,7.0,0.262,0.293,81,16.0,2.0,14.0,33.0,0.393,0.686,182,2%,3%,2%,H,https://www.fantasypros.com/mlb/players/ernie-clement.php,,,,,,,,,,,,,,ernie-clement,"Ernie Clement (TOR - 3B,SS)",Ernie Clement,Clement,TOR,"3B,SS",,.262|36R|7HR|35RBI|7SB,455,"Ernie Clement (TOR - 3B,SS)",,,,381.0,418.0,400.0,"3B,SS","Ernie Clement (TOR - 3B,SS)",-55.0,https://images.fantasypros.com/images/players/mlb/8532/headshot/70x70.png,"Ernie Clement (3B,SS - TOR)",,"Ernie Clement (TOR - 3B,SS)",Ernie Clement,Clement,TOR,"3B,SS",,".262|36R|7HR|35RBI|7SB
",408.0
453,428.0,51.0,16,54.0,4.0,0.223,0.302,96,17.0,1.0,49.0,129.0,0.382,0.684,194,1%,1%,1%,H,https://www.fantasypros.com/mlb/players/jorge-polanco.php,,,,,,,,,,,,,,jorge-polanco,Jorge Polanco (SEA - 2B),Jorge Polanco,Polanco,SEA,2B,,.223|51R|16HR|54RBI|4SB,456,Jorge Polanco (SEA - 2B),,,,424.0,378.0,401.0,2B,Jorge Polanco (SEA - 2B),-55.0,https://images.fantasypros.com/images/players/mlb/5354/headshot/70x70.png,Jorge Polanco (2B - SEA),,Jorge Polanco (SEA - 2B),Jorge Polanco,Polanco,SEA,2B,,".223|51R|16HR|54RBI|4SB
",380.0
454,280.0,38.0,10,39.0,1.0,0.245,0.33,69,13.0,1.0,35.0,68.0,0.41,0.739,158,1%,1%,1%,H,https://www.fantasypros.com/mlb/players/pavin-smith.php,,,,,,,,,,,,,,pavin-smith,"Pavin Smith (ARI - 1B,OF)",Pavin Smith,Smith,ARI,"1B,OF",,.245|38R|10HR|39RBI|1SB,457,"Pavin Smith (ARI - 1B,OF)",,,,377.0,431.0,404.0,"1B,OF","Pavin Smith (ARI - 1B,OF)",-53.0,https://images.fantasypros.com/images/players/mlb/6959/headshot/70x70.png,"Pavin Smith (1B,LF,RF - ARI)",,"Pavin Smith (ARI - 1B,OF)",Pavin Smith,Smith,ARI,"1B,OF",,".245|38R|10HR|39RBI|1SB
",491.0
455,,,18,,,,,143,,,,,,,194,3%,4%,3%,P,https://www.fantasypros.com/mlb/players/marcus-stroman.php,140.8,105.0,7.0,0.0,4.43,1.37,69.0,50.0,27.0,25.0,8.0,0.0,6.71,marcus-stroman,Marcus Stroman (NYY - SP),Marcus Stroman,Stroman,NYY,SP,,7-8-0SV|4.43|1.37|6.71K9,458,Marcus Stroman (NYY - SP),,,339.0,1232.0,472.0,681.0,SP,Marcus Stroman (NYY - SP),223.0,https://images.fantasypros.com/images/players/mlb/4796/headshot/70x70.png,Marcus Stroman (SP - NYY),,Marcus Stroman (NYY - SP),Marcus Stroman,Stroman,NYY,SP,,"7-8-0SV|4.43|1.37|6.71K9
",381.0
456,,,30,,,,,174,,,,,,,257,2%,3%,1%,P,https://www.fantasypros.com/mlb/players/jp-sears.php,175.6,141.0,9.0,0.0,4.64,1.28,90.0,51.0,31.0,31.0,12.0,0.0,7.23,jp-sears,JP Sears (ATH - SP),JP Sears,Sears,ATH,SP,,9-12-0SV|4.64|1.28|7.23K9,459,JP Sears (ATH - SP),,,,457.0,359.0,408.0,SP,JP Sears (ATH - SP),-51.0,https://images.fantasypros.com/images/players/mlb/7334/headshot/70x70.png,JP Sears (SP - ATH),,JP Sears (ATH - SP),JP Sears,Sears,ATH,SP,,"9-12-0SV|4.64|1.28|7.23K9
",228.0
457,201.0,27.0,7,26.0,5.0,0.237,0.303,48,11.0,1.0,19.0,63.0,0.409,0.712,97,2%,2%,1%,H,https://www.fantasypros.com/mlb/players/jarred-kelenic.php,,,,,,,,,,,,,,jarred-kelenic,Jarred Kelenic (ATL - OF),Jarred Kelenic,Kelenic,ATL,OF,,.237|27R|7HR|26RBI|5SB,460,Jarred Kelenic (ATL - OF),,,372.0,857.0,457.0,562.0,OF,Jarred Kelenic (ATL - OF),102.0,https://images.fantasypros.com/images/players/mlb/6884/headshot/70x70.png,"Jarred Kelenic (LF,CF - ATL)",,Jarred Kelenic (ATL - OF),Jarred Kelenic,Kelenic,ATL,OF,,".237|27R|7HR|26RBI|5SB
",665.0
458,272.0,38.0,8,30.0,5.0,0.227,0.334,62,12.0,1.0,43.0,101.0,0.371,0.705,115,1%,1%,1%,H,https://www.fantasypros.com/mlb/players/edouard-julien.php,,,,,,,,,,,,,,edouard-julien,Edouard Julien (MIN - 2B),Edouard Julien,Julien,MIN,2B,,.227|38R|8HR|30RBI|5SB,461,Edouard Julien (MIN - 2B),,,365.0,1172.0,453.0,663.0,2B,Edouard Julien (MIN - 2B),202.0,https://images.fantasypros.com/images/players/mlb/44887/headshot/70x70.png,Edouard Julien (2B - MIN),,Edouard Julien (MIN - 2B),Edouard Julien,Julien,MIN,2B,,".227|38R|8HR|30RBI|5SB
",618.0
459,301.0,37.0,8,37.0,1.0,0.248,0.318,75,14.0,0.0,31.0,63.0,0.372,0.689,157,2%,3%,1%,H,https://www.fantasypros.com/mlb/players/justin-turner.php,,,,,,,,,,,,,,justin-turner,"Justin Turner (CHC - 1B,DH)",Justin Turner,Turner,CHC,"1B,DH",,.248|37R|8HR|37RBI|1SB,462,"Justin Turner (CHC - 1B,DH)",,,328.0,1087.0,502.0,639.0,"1B,DH","Justin Turner (CHC - 1B,DH)",177.0,https://images.fantasypros.com/images/players/mlb/4261/headshot/70x70.png,"Justin Turner (1B,DH - CHC)",,"Justin Turner (CHC - 1B,DH)",Justin Turner,Turner,CHC,"1B,DH",,".248|37R|8HR|37RBI|1SB
",497.0
460,,,14,,,,,85,,,,,,,175,2%,2%,1%,P,https://www.fantasypros.com/mlb/players/luis-garcia-p.php,93.3,93.0,6.0,0.0,4.13,1.24,43.0,31.0,23.0,16.0,5.0,0.0,8.97,luis-garcia-p,Luis Garcia (HOU - SP),Luis Garcia,Garcia,HOU,SP,,6-5-0SV|4.13|1.24|8.97K9,463,Luis Garcia (HOU - SP),,,,450.0,382.0,416.0,SP,Luis Garcia (HOU - SP),-47.0,https://images.fantasypros.com/images/players/mlb/43720/headshot/70x70.png,Luis Garcia (SP - HOU),,Luis Garcia (HOU - SP),Luis Garcia,Garcia,HOU,SP,,"6-5-0SV|4.13|1.24|8.97K9
",428.0
461,,,6,,,,,43,,,,,,,118,2%,3%,1%,P,https://www.fantasypros.com/mlb/players/benjamin-brown.php,52.2,59.0,3.0,0.0,3.57,1.19,21.0,19.0,29.0,4.0,2.0,0.0,10.17,benjamin-brown,"Ben Brown (CHC - RP,SP)",Ben Brown,Brown,CHC,"RP,SP",,3-2-0SV|3.57|1.19|10.17K9,464,"Ben Brown (CHC - RP,SP)",,,,421.0,411.0,416.0,"RP,SP","Ben Brown (CHC - RP,SP)",-48.0,https://images.fantasypros.com/images/players/mlb/8573/headshot/70x70.png,"Ben Brown (SP,RP - CHC)",,"Ben Brown (CHC - RP,SP)",Ben Brown,Brown,CHC,"RP,SP",,"3-2-0SV|3.57|1.19|10.17K9
",610.0
462,,,18,,,,,98,,,,,,,150,1%,2%,1%,P,https://www.fantasypros.com/mlb/players/triston-mckenzie-p.php,104.4,97.0,5.0,0.0,4.77,1.42,55.0,50.0,32.0,17.0,7.0,0.0,8.36,triston-mckenzie-p,Triston McKenzie (CLE - SP),Triston McKenzie,McKenzie,CLE,SP,,5-7-0SV|4.77|1.42|8.36K9,465,Triston McKenzie (CLE - SP),,,320.0,1116.0,513.0,650.0,SP,Triston McKenzie (CLE - SP),185.0,https://images.fantasypros.com/images/players/mlb/39295/headshot/70x70.png,Triston McKenzie (SP - CLE),,Triston McKenzie (CLE - SP),Triston McKenzie,McKenzie,CLE,SP,,"5-7-0SV|4.77|1.42|8.36K9
",522.0
463,,,8,,,,,72,,,,,,,116,2%,4%,1%,P,https://www.fantasypros.com/mlb/players/mike-mcgreevy.php,70.5,52.0,4.0,0.0,3.94,1.28,31.0,18.0,36.0,6.0,3.0,0.0,6.64,mike-mcgreevy,Michael McGreevy (STL - SP),Michael McGreevy,McGreevy,STL,SP,,4-3-0SV|3.94|1.28|6.64K9,466,Michael McGreevy (STL - SP),,,373.0,856.0,474.0,568.0,SP,Michael McGreevy (STL - SP),102.0,https://images.fantasypros.com/images/players/mlb/missing/headshot/70x70.png,Michael McGreevy (SP - STL),,Michael McGreevy (STL - SP),Michael McGreevy,McGreevy,STL,SP,,"4-3-0SV|3.94|1.28|6.64K9
",616.0
464,489.0,64.0,11,52.0,4.0,0.237,0.327,116,24.0,1.0,65.0,111.0,0.361,0.688,249,3%,2%,3%,H,https://www.fantasypros.com/mlb/players/jp-crawford.php,,,,,,,,,,,,,,jp-crawford,J.P. Crawford (SEA - SS),J.P. Crawford,Crawford,SEA,SS,,.237|64R|11HR|52RBI|4SB,467,J.P. Crawford (SEA - SS),,,,420.0,416.0,418.0,SS,J.P. Crawford (SEA - SS),-49.0,https://images.fantasypros.com/images/players/mlb/4950/headshot/70x70.png,J.P. Crawford (SS - SEA),,J.P. Crawford (SEA - SS),J.P. Crawford,Crawford,SEA,SS,,".237|64R|11HR|52RBI|4SB
",245.0
465,,,18,,,,,114,,,,,,,215,1%,1%,1%,P,https://www.fantasypros.com/mlb/players/tyler-mahle.php,123.5,113.0,7.0,0.0,4.24,1.24,58.0,39.0,23.0,23.0,7.0,0.0,8.23,tyler-mahle,Tyler Mahle (TEX - SP),Tyler Mahle,Mahle,TEX,SP,,7-7-0SV|4.24|1.24|8.23K9,468,Tyler Mahle (TEX - SP),,,,437.0,406.0,422.0,SP,Tyler Mahle (TEX - SP),-46.0,https://images.fantasypros.com/images/players/mlb/6637/headshot/70x70.png,Tyler Mahle (SP - TEX),,Tyler Mahle (TEX - SP),Tyler Mahle,Mahle,TEX,SP,,"7-7-0SV|4.24|1.24|8.23K9
",330.0
466,104.0,15.0,4,14.0,3.0,0.22,0.303,23,4.0,0.0,12.0,37.0,0.382,0.685,45,2%,3%,0%,H,https://www.fantasypros.com/mlb/players/james-outman.php,,,,,,,,,,,,,,james-outman,James Outman (LAD - OF),James Outman,Outman,LAD,OF,,.220|15R|4HR|14RBI|3SB,469,James Outman (LAD - OF),,,246.0,1178.0,598.0,674.0,OF,James Outman (LAD - OF),205.0,https://images.fantasypros.com/images/players/mlb/44201/headshot/70x70.png,James Outman (CF - LAD),,James Outman (LAD - OF),James Outman,Outman,LAD,OF,,".220|15R|4HR|14RBI|3SB
",804.0
467,,,9,,,,,49,,,,,,,149,2%,3%,1%,P,https://www.fantasypros.com/mlb/players/paul-sewald.php,58.1,64.0,3.0,1.0,3.84,1.17,25.0,19.0,55.0,0.0,3.0,0.0,9.91,paul-sewald,Paul Sewald (CLE - RP),Paul Sewald,Sewald,CLE,RP,,3-3-1SV|3.84|1.17|9.91K9,470,Paul Sewald (CLE - RP),,,279.0,1045.0,565.0,630.0,RP,Paul Sewald (CLE - RP),160.0,https://images.fantasypros.com/images/players/mlb/6147/headshot/70x70.png,Paul Sewald (RP - CLE),,Paul Sewald (CLE - RP),Paul Sewald,Sewald,CLE,RP,,"3-3-1SV|3.84|1.17|9.91K9
",524.0
468,,,8,,,,,46,,,,,,,171,5%,8%,2%,P,https://www.fantasypros.com/mlb/players/alex-vesia.php,61.0,77.0,4.0,1.0,3.51,1.18,24.0,26.0,60.0,0.0,3.0,0.0,11.36,alex-vesia,Alex Vesia (LAD - RP),Alex Vesia,Vesia,LAD,RP,,4-3-1SV|3.51|1.18|11.36K9,471,Alex Vesia (LAD - RP),291.0,,,1228.0,555.0,691.0,RP,Alex Vesia (LAD - RP),220.0,https://images.fantasypros.com/images/players/mlb/43639/headshot/70x70.png,Alex Vesia (RP - LAD),,Alex Vesia (LAD - RP),Alex Vesia,Vesia,LAD,RP,,"4-3-1SV|3.51|1.18|11.36K9
",448.0
469,299.0,37.0,7,35.0,2.0,0.245,0.306,73,17.0,2.0,26.0,68.0,0.385,0.691,146,1%,1%,1%,H,https://www.fantasypros.com/mlb/players/endy-rodriguez.php,,,,,,,,,,,,,,endy-rodriguez,Endy Rodriguez (PIT - C),Endy Rodriguez,Rodriguez,PIT,C,,.245|37R|7HR|35RBI|2SB,472,Endy Rodriguez (PIT - C),,,,416.0,434.0,425.0,C,Endy Rodriguez (PIT - C),-47.0,https://images.fantasypros.com/images/players/mlb/44137/headshot/70x70.png,Endy Rodriguez (C - PIT),,Endy Rodriguez (PIT - C),Endy Rodriguez,Rodriguez,PIT,C,,".245|37R|7HR|35RBI|2SB
",535.0
470,237.0,29.0,7,30.0,1.0,0.231,0.288,55,12.0,1.0,19.0,51.0,0.371,0.659,118,4%,7%,1%,H,https://www.fantasypros.com/mlb/players/enrique-hernandez.php,,,,,,,,,,,,,,enrique-hernandez,Enrique Hernandez (LAD - 3B),Enrique Hernandez,Hernandez,LAD,3B,,.231|29R|7HR|30RBI|1SB,473,Enrique Hernandez (LAD - 3B),220.0,,,1261.0,638.0,706.0,"1B,2B,3B,OF,SS","Enrique Hernandez (LAD - 1B,2B,3B,OF,SS)",233.0,https://images.fantasypros.com/images/players/mlb/5522/headshot/70x70.png,Enrique Hernandez (3B - LAD),,Enrique Hernandez (LAD - 3B),Enrique Hernandez,Hernandez,LAD,3B,,".231|29R|7HR|30RBI|1SB
",611.0
471,,,12,,,,,117,,,,,,,202,2%,2%,2%,P,https://www.fantasypros.com/mlb/players/jordan-hicks.php,123.9,113.0,7.0,0.0,4.12,1.38,57.0,54.0,35.0,21.0,7.0,0.0,8.21,jordan-hicks,"Jordan Hicks (SF - RP,SP)",Jordan Hicks,Hicks,SF,"RP,SP",,7-7-0SV|4.12|1.38|8.21K9,474,"Jordan Hicks (SF - RP,SP)",,,412.0,871.0,449.0,577.0,"RP,SP","Jordan Hicks (SF - RP,SP)",103.0,https://images.fantasypros.com/images/players/mlb/6897/headshot/70x70.png,"Jordan Hicks (SP,RP - SF)",,"Jordan Hicks (SF - RP,SP)",Jordan Hicks,Hicks,SF,"RP,SP",,"7-7-0SV|4.12|1.38|8.21K9
",366.0
472,207.0,24.0,3,21.0,7.0,0.263,0.295,55,10.0,2.0,9.0,42.0,0.375,0.67,98,2%,3%,0%,H,https://www.fantasypros.com/mlb/players/amed-rosario.php,,,,,,,,,,,,,,amed-rosario,"Amed Rosario (WSH - 2B,DH,OF)",Amed Rosario,Rosario,WSH,"2B,DH,OF",,.263|24R|3HR|21RBI|7SB,475,"Amed Rosario (WSH - 2B,DH,OF)",275.0,,,1162.0,589.0,675.0,"2B,3B,DH,OF,SS","Amed Rosario (WSH - 2B,3B,DH,OF,SS)",200.0,https://images.fantasypros.com/images/players/mlb/5994/headshot/70x70.png,"Amed Rosario (2B,RF,DH - WSH)",,"Amed Rosario (WSH - 2B,DH,OF)",Amed Rosario,Rosario,WSH,"2B,DH,OF",,".263|24R|3HR|21RBI|7SB
",662.0
473,333.0,42.0,14,49.0,0.0,0.239,0.306,80,18.0,1.0,32.0,106.0,0.422,0.728,159,2%,3%,1%,H,https://www.fantasypros.com/mlb/players/jd-martinez.php,,,,,,,,,,,,,,jd-martinez,J.D. Martinez (FA - DH),J.D. Martinez,Martinez,FA,DH,FA,.239|42R|14HR|49RBI|0SB,476,J.D. Martinez (FA - DH),,,403.0,1266.0,461.0,710.0,DH,J.D. Martinez (FA - DH),234.0,https://images.fantasypros.com/images/players/mlb/4339/headshot/70x70.png,J.D. Martinez (DH - FA),,J.D. Martinez (FA - DH),J.D. Martinez,Martinez,FA,DH,,".239|42R|14HR|49RBI|0SB
",488.0
474,341.0,41.0,10,41.0,1.0,0.238,0.326,81,16.0,1.0,45.0,80.0,0.375,0.7,177,1%,1%,0%,H,https://www.fantasypros.com/mlb/players/jonah-bride.php,,,,,,,,,,,,,,jonah-bride,Jonah Bride (MIA - 1B),Jonah Bride,Bride,MIA,1B,,.238|41R|10HR|41RBI|1SB,477,Jonah Bride (MIA - 1B),,,,431.0,438.0,434.0,"1B,3B","Jonah Bride (MIA - 1B,3B)",-43.0,https://images.fantasypros.com/images/players/mlb/44998/headshot/70x70.png,Jonah Bride (1B - MIA),,Jonah Bride (MIA - 1B),Jonah Bride,Bride,MIA,1B,,".238|41R|10HR|41RBI|1SB
",421.0
475,303.0,40.0,8,34.0,12.0,0.246,0.304,74,14.0,2.0,25.0,72.0,0.392,0.695,154,1%,1%,1%,H,https://www.fantasypros.com/mlb/players/leody-taveras-of.php,,,,,,,,,,,,,,leody-taveras-of,Leody Taveras (TEX - OF),Leody Taveras,Taveras,TEX,OF,,.246|40R|8HR|34RBI|12SB,478,Leody Taveras (TEX - OF),,,,439.0,432.0,436.0,OF,Leody Taveras (TEX - OF),-42.0,https://images.fantasypros.com/images/players/mlb/39153/headshot/70x70.png,Leody Taveras (CF - TEX),,Leody Taveras (TEX - OF),Leody Taveras,Taveras,TEX,OF,,".246|40R|8HR|34RBI|12SB
",505.0
476,488.0,56.0,15,58.0,2.0,0.233,0.29,114,21.0,0.0,39.0,110.0,0.373,0.663,223,2%,2%,2%,H,https://www.fantasypros.com/mlb/players/orlando-arcia.php,,,,,,,,,,,,,,orlando-arcia,Orlando Arcia (ATL - SS),Orlando Arcia,Arcia,ATL,SS,,.233|56R|15HR|58RBI|2SB,479,Orlando Arcia (ATL - SS),,,,429.0,446.0,438.0,SS,Orlando Arcia (ATL - SS),-41.0,https://images.fantasypros.com/images/players/mlb/4860/headshot/70x70.png,Orlando Arcia (SS - ATL),,Orlando Arcia (ATL - SS),Orlando Arcia,Arcia,ATL,SS,,".233|56R|15HR|58RBI|2SB
",305.0
477,247.0,28.0,6,28.0,6.0,0.25,0.293,62,12.0,1.0,15.0,72.0,0.38,0.673,98,1%,1%,0%,H,https://www.fantasypros.com/mlb/players/jose-tena.php,,,,,,,,,,,,,,jose-tena,Jose Tena (WSH - 3B),Jose Tena,Tena,WSH,3B,,.250|28R|6HR|28RBI|6SB,481,Jose Tena (WSH - 3B),,,,427.0,455.0,441.0,"2B,3B","Jose Tena (WSH - 2B,3B)",-40.0,https://images.fantasypros.com/images/players/mlb/44885/headshot/70x70.png,Jose Tena (3B - WSH),,Jose Tena (WSH - 3B),Jose Tena,Tena,WSH,3B,,".250|28R|6HR|28RBI|6SB
",663.0
478,,,8,,,,,59,,,,,,,180,2%,3%,1%,P,https://www.fantasypros.com/mlb/players/beau-brieske.php,66.3,63.0,3.0,8.0,3.94,1.28,29.0,25.0,58.0,0.0,4.0,0.0,8.55,beau-brieske,"Beau Brieske (DET - RP,SP)",Beau Brieske,Brieske,DET,"RP,SP",,3-4-8SV|3.94|1.28|8.55K9,482,"Beau Brieske (DET - RP,SP)",279.0,,,947.0,606.0,611.0,"RP,SP","Beau Brieske (DET - RP,SP)",129.0,https://images.fantasypros.com/images/players/mlb/45085/headshot/70x70.png,"Beau Brieske (SP,RP - DET)",,"Beau Brieske (DET - RP,SP)",Beau Brieske,Brieske,DET,"RP,SP",,"3-4-8SV|3.94|1.28|8.55K9
",413.0
479,333.0,39.0,6,35.0,4.0,0.258,0.291,86,17.0,1.0,16.0,49.0,0.366,0.657,169,4%,5%,3%,H,https://www.fantasypros.com/mlb/players/mauricio-dubon.php,,,,,,,,,,,,,,mauricio-dubon,"Mauricio Dubon (HOU - 1B,2B,OF)",Mauricio Dubon,Dubon,HOU,"1B,2B,OF",,.258|39R|6HR|35RBI|4SB,483,"Mauricio Dubon (HOU - 1B,2B,OF)",307.0,,,939.0,579.0,608.0,"1B,2B,3B,OF","Mauricio Dubon (HOU - 1B,2B,3B,OF)",125.0,https://images.fantasypros.com/images/players/mlb/6615/headshot/70x70.png,"Mauricio Dubon (1B,2B,LF,CF - HOU)",,"Mauricio Dubon (HOU - 1B,2B,OF)",Mauricio Dubon,Dubon,HOU,"1B,2B,OF",,".258|39R|6HR|35RBI|4SB
",456.0
480,,,10,,,,,75,,,,,,,152,1%,1%,0%,P,https://www.fantasypros.com/mlb/players/joey-cantillo.php,84.8,87.0,4.0,0.0,4.01,1.33,38.0,38.0,25.0,15.0,5.0,0.0,9.23,joey-cantillo,Joey Cantillo (CLE - SP),Joey Cantillo,Cantillo,CLE,SP,,4-5-0SV|4.01|1.33|9.23K9,484,Joey Cantillo (CLE - SP),,,,451.0,436.0,444.0,SP,Joey Cantillo (CLE - SP),-40.0,https://images.fantasypros.com/images/players/mlb/43689/headshot/70x70.png,Joey Cantillo (SP - CLE),,Joey Cantillo (CLE - SP),Joey Cantillo,Cantillo,CLE,SP,,"4-5-0SV|4.01|1.33|9.23K9
",516.0
481,187.0,21.0,7,24.0,1.0,0.258,0.309,48,9.0,0.0,14.0,42.0,0.417,0.725,98,2%,3%,1%,H,https://www.fantasypros.com/mlb/players/eloy-jimenez.php,,,,,,,,,,,,,,eloy-jimenez,Eloy Jimenez (TB - DH),Eloy Jimenez,Jimenez,TB,DH,NRI,.258|21R|7HR|24RBI|1SB,485,Eloy Jimenez (TB - DH),,,389.0,1252.0,501.0,714.0,"DH,OF","Eloy Jimenez (TB - DH,OF)",229.0,https://images.fantasypros.com/images/players/mlb/5141/headshot/70x70.png,Eloy Jimenez (DH - TB),,Eloy Jimenez (TB - DH),Eloy Jimenez,Jimenez,TB,DH,,".258|21R|7HR|24RBI|1SB
",664.0
482,411.0,49.0,12,48.0,3.0,0.24,0.304,99,21.0,2.0,38.0,127.0,0.388,0.693,172,1%,1%,0%,H,https://www.fantasypros.com/mlb/players/yoan-moncada.php,,,,,,,,,,,,,,yoan-moncada,Yoan Moncada (LAA - 3B),Yoan Moncada,Moncada,LAA,3B,,.240|49R|12HR|48RBI|3SB,486,Yoan Moncada (LAA - 3B),,349.0,,1015.0,544.0,636.0,3B,Yoan Moncada (LAA - 3B),150.0,https://images.fantasypros.com/images/players/mlb/5679/headshot/70x70.png,Yoan Moncada (3B - LAA),,Yoan Moncada (LAA - 3B),Yoan Moncada,Moncada,LAA,3B,,".240|49R|12HR|48RBI|3SB
",446.0
483,170.0,22.0,5,20.0,4.0,0.244,0.277,41,8.0,2.0,8.0,45.0,0.393,0.67,78,1%,2%,0%,H,https://www.fantasypros.com/mlb/players/edmundo-sosa.php,,,,,,,,,,,,,,edmundo-sosa,"Edmundo Sosa (PHI - 2B,3B,SS)",Edmundo Sosa,Sosa,PHI,"2B,3B,SS",,.244|22R|5HR|20RBI|4SB,487,"Edmundo Sosa (PHI - 2B,3B,SS)",276.0,,,1135.0,622.0,678.0,"2B,3B,SS","Edmundo Sosa (PHI - 2B,3B,SS)",191.0,https://images.fantasypros.com/images/players/mlb/6587/headshot/70x70.png,"Edmundo Sosa (2B,3B,SS - PHI)",,"Edmundo Sosa (PHI - 2B,3B,SS)",Edmundo Sosa,Sosa,PHI,"2B,3B,SS",,".244|22R|5HR|20RBI|4SB
",717.0
484,401.0,52.0,13,47.0,9.0,0.226,0.313,91,21.0,2.0,51.0,98.0,0.384,0.696,216,1%,1%,1%,H,https://www.fantasypros.com/mlb/players/miguel-vargas.php,,,,,,,,,,,,,,miguel-vargas,"Miguel Vargas (CWS - 3B,OF)",Miguel Vargas,Vargas,CWS,"3B,OF",,.226|52R|13HR|47RBI|9SB,488,"Miguel Vargas (CWS - 3B,OF)",,,,418.0,480.0,449.0,"3B,OF","Miguel Vargas (CWS - 3B,OF)",-39.0,https://images.fantasypros.com/images/players/mlb/8301/headshot/70x70.png,"Miguel Vargas (3B,LF - CWS)",,"Miguel Vargas (CWS - 3B,OF)",Miguel Vargas,Vargas,CWS,"3B,OF",,".226|52R|13HR|47RBI|9SB
",323.0
485,281.0,28.0,8,32.0,0.0,0.23,0.279,65,13.0,0.0,19.0,70.0,0.356,0.634,112,1%,1%,0%,H,https://www.fantasypros.com/mlb/players/elias-diaz.php,,,,,,,,,,,,,,elias-diaz,Elias Diaz (SD - C),Elias Diaz,Diaz,SD,C,,.230|28R|8HR|32RBI|0SB,489,Elias Diaz (SD - C),,,274.0,1084.0,632.0,663.0,C,Elias Diaz (SD - C),174.0,https://images.fantasypros.com/images/players/mlb/5591/headshot/70x70.png,Elias Diaz (C - SD),,Elias Diaz (SD - C),Elias Diaz,Diaz,SD,C,,".230|28R|8HR|32RBI|0SB
",626.0
486,,,6,,,,,57,,,,,,,173,10%,13%,8%,P,https://www.fantasypros.com/mlb/players/yennier-cano.php,63.6,63.0,3.0,3.0,3.4,1.25,24.0,23.0,61.0,0.0,3.0,0.0,8.92,yennier-cano,Yennier Cano (BAL - RP),Yennier Cano,Cano,BAL,RP,,3-3-3SV|3.40|1.25|8.92K9,490,Yennier Cano (BAL - RP),312.0,,,1199.0,595.0,702.0,RP,Yennier Cano (BAL - RP),212.0,https://images.fantasypros.com/images/players/mlb/45875/headshot/70x70.png,Yennier Cano (RP - BAL),,Yennier Cano (BAL - RP),Yennier Cano,Cano,BAL,RP,,"3-3-3SV|3.40|1.25|8.92K9
",438.0
487,394.0,56.0,13,46.0,3.0,0.241,0.346,95,17.0,1.0,63.0,98.0,0.387,0.733,226,2%,3%,1%,H,https://www.fantasypros.com/mlb/players/lamonte-wade.php,,,,,,,,,,,,,,lamonte-wade,LaMonte Wade Jr. (SF - 1B),LaMonte Wade Jr.,Wade Jr.,SF,1B,,.241|56R|13HR|46RBI|3SB,491,LaMonte Wade Jr. (SF - 1B),,,,443.0,468.0,456.0,"1B,OF","LaMonte Wade Jr. (SF - 1B,OF)",-35.0,https://images.fantasypros.com/images/players/mlb/7573/headshot/70x70.png,LaMonte Wade Jr. (1B - SF),,LaMonte Wade Jr. (SF - 1B),LaMonte Wade Jr.,Wade Jr.,SF,1B,,".241|56R|13HR|46RBI|3SB
",295.0
488,468.0,58.0,9,48.0,13.0,0.235,0.301,110,25.0,1.0,44.0,98.0,0.351,0.652,231,1%,1%,1%,H,https://www.fantasypros.com/mlb/players/brayan-rocchio.php,,,,,,,,,,,,,,brayan-rocchio,Brayan Rocchio (CLE - SS),Brayan Rocchio,Rocchio,CLE,SS,,.235|58R|9HR|48RBI|13SB,492,Brayan Rocchio (CLE - SS),,,,442.0,473.0,458.0,SS,Brayan Rocchio (CLE - SS),-34.0,https://images.fantasypros.com/images/players/mlb/8305/headshot/70x70.png,Brayan Rocchio (SS - CLE),,Brayan Rocchio (CLE - SS),Brayan Rocchio,Rocchio,CLE,SS,,".235|58R|9HR|48RBI|13SB
",285.0
489,50.0,6.0,2,6.0,1.0,0.239,0.295,12,2.0,0.0,4.0,13.0,0.384,0.679,24,4%,6%,2%,H,https://www.fantasypros.com/mlb/players/samuel-basallo.php,,,,,,,,,,,,,,samuel-basallo,"Samuel Basallo (BAL - 1B,C)",Samuel Basallo,Basallo,BAL,"1B,C",NRI,.239|6R|2HR|6RBI|1SB,493,"Samuel Basallo (BAL - 1B,C)",,,351.0,1220.0,573.0,715.0,"1B,C","Samuel Basallo (BAL - 1B,C)",222.0,https://images.fantasypros.com/images/players/mlb/missing/headshot/70x70.png,"Samuel Basallo (C,1B - BAL)",,"Samuel Basallo (BAL - 1B,C)",Samuel Basallo,Basallo,BAL,"1B,C",,".239|6R|2HR|6RBI|1SB
",849.0
490,,,6,,,,,35,,,,,,,107,1%,2%,1%,P,https://www.fantasypros.com/mlb/players/craig-kimbrel.php,43.1,53.0,3.0,3.0,4.03,1.28,19.0,21.0,36.0,0.0,3.0,0.0,11.07,craig-kimbrel,Craig Kimbrel (FA - RP),Craig Kimbrel,Kimbrel,FA,RP,FA,3-3-3SV|4.03|1.28|11.07K9,494,Craig Kimbrel (FA - RP),,,265.0,1170.0,665.0,700.0,RP,Craig Kimbrel (FA - RP),206.0,https://images.fantasypros.com/images/players/mlb/3238/headshot/70x70.png,Craig Kimbrel (RP - FA),,Craig Kimbrel (FA - RP),Craig Kimbrel,Kimbrel,FA,RP,,"3-3-3SV|4.03|1.28|11.07K9
",637.0
491,124.0,15.0,4,16.0,1.0,0.229,0.297,28,7.0,0.0,12.0,35.0,0.384,0.681,57,1%,1%,0%,H,https://www.fantasypros.com/mlb/players/adrian-del-castillo.php,,,,,,,,,,,,,,adrian-del-castillo,Adrian Del Castillo (ARI - C),Adrian Del Castillo,Del Castillo,ARI,C,,.229|15R|4HR|16RBI|1SB,495,Adrian Del Castillo (ARI - C),,,,452.0,486.0,469.0,C,Adrian Del Castillo (ARI - C),-26.0,https://images.fantasypros.com/images/players/mlb/missing/headshot/70x70.png,Adrian Del Castillo (C - ARI),,Adrian Del Castillo (ARI - C),Adrian Del Castillo,Del Castillo,ARI,C,,".229|15R|4HR|16RBI|1SB
",773.0
492,,,8,,,,,51,,,,,,,181,4%,8%,1%,P,https://www.fantasypros.com/mlb/players/yimi-garcia.php,60.4,67.0,3.0,4.0,3.55,1.14,24.0,18.0,57.0,0.0,3.0,0.0,9.98,yimi-garcia,Yimi Garcia (TOR - RP),Yimi Garcia,Garcia,TOR,RP,,3-3-4SV|3.55|1.14|9.98K9,496,Yimi Garcia (TOR - RP),324.0,,,988.0,619.0,644.0,RP,Yimi Garcia (TOR - RP),148.0,https://images.fantasypros.com/images/players/mlb/5193/headshot/70x70.png,Yimi Garcia (RP - TOR),,Yimi Garcia (TOR - RP),Yimi Garcia,Garcia,TOR,RP,,"3-3-4SV|3.55|1.14|9.98K9
",409.0
493,337.0,43.0,10,40.0,7.0,0.236,0.292,80,16.0,1.0,27.0,80.0,0.376,0.668,164,2%,2%,1%,H,https://www.fantasypros.com/mlb/players/oswaldo-cabrera.php,,,,,,,,,,,,,,oswaldo-cabrera,Oswaldo Cabrera (NYY - 3B),Oswaldo Cabrera,Cabrera,NYY,3B,,.236|43R|10HR|40RBI|7SB,497,Oswaldo Cabrera (NYY - 3B),,,386.0,1233.0,557.0,725.0,"1B,2B,3B","Oswaldo Cabrera (NYY - 1B,2B,3B)",228.0,https://images.fantasypros.com/images/players/mlb/8549/headshot/70x70.png,Oswaldo Cabrera (3B - NYY),,Oswaldo Cabrera (NYY - 3B),Oswaldo Cabrera,Cabrera,NYY,3B,,".236|43R|10HR|40RBI|7SB
",472.0
494,292.0,34.0,13,39.0,4.0,0.232,0.287,68,13.0,1.0,23.0,86.0,0.419,0.707,137,1%,1%,1%,H,https://www.fantasypros.com/mlb/players/seth-brown.php,,,,,,,,,,,,,,seth-brown,"Seth Brown (ATH - 1B,OF)",Seth Brown,Brown,ATH,"1B,OF",,.232|34R|13HR|39RBI|4SB,498,"Seth Brown (ATH - 1B,OF)",,,,459.0,487.0,473.0,"1B,OF","Seth Brown (ATH - 1B,OF)",-25.0,https://images.fantasypros.com/images/players/mlb/30700/headshot/70x70.png,"Seth Brown (1B,LF,RF - ATH)",,"Seth Brown (ATH - 1B,OF)",Seth Brown,Brown,ATH,"1B,OF",,".232|34R|13HR|39RBI|4SB
",558.0
495,,,7,,,,,54,,,,,,,205,3%,4%,2%,P,https://www.fantasypros.com/mlb/players/robert-garcia.php,64.6,74.0,4.0,8.0,3.49,1.2,25.0,23.0,63.0,0.0,3.0,0.0,10.31,robert-garcia,Robert Garcia (TEX - RP),Robert Garcia,Garcia,TEX,RP,,4-3-8SV|3.49|1.20|10.31K9,499,Robert Garcia (TEX - RP),304.0,,,1022.0,645.0,657.0,RP,Robert Garcia (TEX - RP),158.0,https://images.fantasypros.com/images/players/mlb/47023/headshot/70x70.png,Robert Garcia (RP - TEX),,Robert Garcia (TEX - RP),Robert Garcia,Garcia,TEX,RP,,"4-3-8SV|3.49|1.20|10.31K9
",355.0
496,,,9,,,,,88,,,,,,,185,1%,1%,1%,P,https://www.fantasypros.com/mlb/players/landen-roupp.php,99.8,98.0,5.0,0.0,3.76,1.3,42.0,42.0,41.0,13.0,5.0,0.0,8.84,landen-roupp,Landen Roupp (SF - RP),Landen Roupp,Roupp,SF,RP,,5-5-0SV|3.76|1.30|8.84K9,500,Landen Roupp (SF - RP),401.0,,,1088.0,550.0,680.0,"RP,SP","Landen Roupp (SF - RP,SP)",180.0,https://images.fantasypros.com/images/players/mlb/47041/headshot/70x70.png,Landen Roupp (RP - SF),,Landen Roupp (SF - RP),Landen Roupp,Roupp,SF,RP,,"5-5-0SV|3.76|1.30|8.84K9
",395.0
497,202.0,24.0,7,25.0,4.0,0.235,0.299,48,10.0,0.0,18.0,48.0,0.39,0.689,102,1%,1%,0%,H,https://www.fantasypros.com/mlb/players/agustin-ramirez.php,,,,,,,,,,,,,,agustin-ramirez,"Agustin Ramirez (MIA - 1B,C)",Agustin Ramirez,Ramirez,MIA,"1B,C",MiLB,.235|24R|7HR|25RBI|4SB,501,"Agustin Ramirez (MIA - 1B,C)",,,,435.0,521.0,478.0,"1B,C","Agustin Ramirez (MIA - 1B,C)",-23.0,https://images.fantasypros.com/images/players/mlb/missing/headshot/70x70.png,"Agustin Ramirez (C,1B - MIA)",,"Agustin Ramirez (MIA - 1B,C)",Agustin Ramirez,Ramirez,MIA,"1B,C",,".235|24R|7HR|25RBI|4SB
",654.0
498,358.0,42.0,10,41.0,9.0,0.238,0.303,85,19.0,2.0,33.0,115.0,0.39,0.693,149,1%,1%,0%,H,https://www.fantasypros.com/mlb/players/jordan-beck.php,,,,,,,,,,,,,,jordan-beck,Jordan Beck (COL - OF),Jordan Beck,Beck,COL,OF,,.238|42R|10HR|41RBI|9SB,502,Jordan Beck (COL - OF),,,,445.0,512.0,478.0,OF,Jordan Beck (COL - OF),-24.0,https://images.fantasypros.com/images/players/mlb/missing/headshot/70x70.png,"Jordan Beck (LF,RF - COL)",,Jordan Beck (COL - OF),Jordan Beck,Beck,COL,OF,,".238|42R|10HR|41RBI|9SB
",525.0
499,329.0,34.0,10,38.0,2.0,0.247,0.281,81,15.0,1.0,15.0,74.0,0.389,0.67,144,0%,0%,0%,H,https://www.fantasypros.com/mlb/players/lenyn-sosa.php,,,,,,,,,,,,,,lenyn-sosa,"Lenyn Sosa (CWS - 2B,3B)",Lenyn Sosa,Sosa,CWS,"2B,3B",,.247|34R|10HR|38RBI|2SB,503,"Lenyn Sosa (CWS - 2B,3B)",,,,456.0,511.0,484.0,"2B,3B","Lenyn Sosa (CWS - 2B,3B)",-19.0,https://images.fantasypros.com/images/players/mlb/44421/headshot/70x70.png,"Lenyn Sosa (2B,3B - CWS)",,"Lenyn Sosa (CWS - 2B,3B)",Lenyn Sosa,Sosa,CWS,"2B,3B",,".247|34R|10HR|38RBI|2SB
",542.0
500,,,13,,,,,83,,,,,,,153,1%,2%,1%,P,https://www.fantasypros.com/mlb/players/hayden-wesneski.php,88.8,82.0,4.0,0.0,4.26,1.27,42.0,30.0,37.0,11.0,5.0,0.0,8.31,hayden-wesneski,"Hayden Wesneski (HOU - RP,SP)",Hayden Wesneski,Wesneski,HOU,"RP,SP",,4-5-0SV|4.26|1.27|8.31K9,504,"Hayden Wesneski (HOU - RP,SP)",,,,441.0,527.0,484.0,"RP,SP","Hayden Wesneski (HOU - RP,SP)",-20.0,https://images.fantasypros.com/images/players/mlb/missing/headshot/70x70.png,"Hayden Wesneski (SP,RP - HOU)",,"Hayden Wesneski (HOU - RP,SP)",Hayden Wesneski,Wesneski,HOU,"RP,SP",,"4-5-0SV|4.26|1.27|8.31K9
",513.0
501,403.0,51.0,14,52.0,4.0,0.253,0.3,102,25.0,1.0,27.0,105.0,0.426,0.726,200,1%,2%,1%,H,https://www.fantasypros.com/mlb/players/austin-hays.php,,,,,,,,,,,,,,austin-hays,Austin Hays (CIN - OF),Austin Hays,Hays,CIN,OF,,.253|51R|14HR|52RBI|4SB,505,Austin Hays (CIN - OF),,,,444.0,531.0,488.0,OF,Austin Hays (CIN - OF),-17.0,https://images.fantasypros.com/images/players/mlb/7238/headshot/70x70.png,Austin Hays (LF - CIN),,Austin Hays (CIN - OF),Austin Hays,Hays,CIN,OF,,".253|51R|14HR|52RBI|4SB
",370.0
502,254.0,28.0,8,31.0,1.0,0.229,0.28,58,12.0,1.0,18.0,65.0,0.381,0.662,109,7%,14%,0%,H,https://www.fantasypros.com/mlb/players/brandon-drury.php,,,,,,,,,,,,,,brandon-drury,Brandon Drury (CWS - 2B),Brandon Drury,Drury,CWS,2B,NRI,.229|28R|8HR|31RBI|1SB,506,Brandon Drury (CWS - 2B),,,366.0,1191.0,611.0,723.0,"1B,2B,3B","Brandon Drury (CWS - 1B,2B,3B)",217.0,https://images.fantasypros.com/images/players/mlb/5607/headshot/70x70.png,Brandon Drury (2B - CWS),,Brandon Drury (CWS - 2B),Brandon Drury,Drury,CWS,2B,,".229|28R|8HR|31RBI|1SB
",631.0
503,78.0,10.0,0,7.0,8.0,0.275,0.323,21,3.0,0.0,6.0,11.0,0.332,0.656,43,4%,6%,2%,H,https://www.fantasypros.com/mlb/players/chandler-simpson.php,,,,,,,,,,,,,,chandler-simpson,Chandler Simpson (TB - OF),Chandler Simpson,Simpson,TB,OF,NRI,.275|10R|0HR|7RBI|8SB,507,Chandler Simpson (TB - OF),,,343.0,932.0,651.0,642.0,OF,Chandler Simpson (TB - OF),135.0,https://images.fantasypros.com/images/players/mlb/missing/headshot/70x70.png,"Chandler Simpson (LF,CF - TB)",,Chandler Simpson (TB - OF),Chandler Simpson,Simpson,TB,OF,,".275|10R|0HR|7RBI|8SB
",811.0
504,,,9,,,,,60,,,,,,,165,8%,11%,6%,P,https://www.fantasypros.com/mlb/players/hunter-gaddis.php,67.1,61.0,3.0,1.0,3.88,1.18,29.0,20.0,62.0,0.0,4.0,0.0,8.18,hunter-gaddis,Hunter Gaddis (CLE - RP),Hunter Gaddis,Gaddis,CLE,RP,,3-4-1SV|3.88|1.18|8.18K9,508,Hunter Gaddis (CLE - RP),,,432.0,1223.0,584.0,746.0,RP,Hunter Gaddis (CLE - RP),238.0,https://images.fantasypros.com/images/players/mlb/46133/headshot/70x70.png,Hunter Gaddis (RP - CLE),,Hunter Gaddis (CLE - RP),Hunter Gaddis,Gaddis,CLE,RP,,"3-4-1SV|3.88|1.18|8.18K9
",466.0
505,,,8,,,,,53,,,,,,,177,1%,1%,1%,P,https://www.fantasypros.com/mlb/players/jose-leclerc.php,66.2,77.0,3.0,3.0,3.83,1.27,28.0,31.0,63.0,0.0,3.0,0.0,10.47,jose-leclerc,Jose Leclerc (ATH - RP),Jose Leclerc,Leclerc,ATH,RP,,3-3-3SV|3.83|1.27|10.47K9,509,Jose Leclerc (ATH - RP),,,318.0,1240.0,711.0,756.0,RP,Jose Leclerc (ATH - RP),247.0,https://images.fantasypros.com/images/players/mlb/5914/headshot/70x70.png,Jose Leclerc (RP - ATH),,Jose Leclerc (ATH - RP),Jose Leclerc,Leclerc,ATH,RP,,"3-3-3SV|3.83|1.27|10.47K9
",422.0
506,,,5,,,,,34,,,,,,,80,2%,3%,0%,P,https://www.fantasypros.com/mlb/players/andrew-kittredge.php,36.5,33.0,2.0,1.0,3.85,1.21,16.0,10.0,35.0,0.0,2.0,0.0,8.14,andrew-kittredge,Andrew Kittredge (BAL - RP),Andrew Kittredge,Kittredge,BAL,RP,,2-2-1SV|3.85|1.21|8.14K9,510,Andrew Kittredge (BAL - RP),,,374.0,1158.0,678.0,737.0,RP,Andrew Kittredge (BAL - RP),227.0,https://images.fantasypros.com/images/players/mlb/6556/headshot/70x70.png,Andrew Kittredge (RP - BAL),,Andrew Kittredge (BAL - RP),Andrew Kittredge,Kittredge,BAL,RP,,"2-2-1SV|3.85|1.21|8.14K9
",714.0
507,,,3,,,,,17,,,,,,,43,1%,1%,1%,P,https://www.fantasypros.com/mlb/players/cristian-javier.php,21.0,22.0,1.0,0.0,4.07,1.23,9.0,9.0,15.0,0.0,1.0,0.0,9.43,cristian-javier,Cristian Javier (HOU - SP),Cristian Javier,Javier,HOU,SP,,1-1-0SV|4.07|1.23|9.43K9,511,Cristian Javier (HOU - SP),,,280.0,1040.0,776.0,699.0,SP,Cristian Javier (HOU - SP),188.0,https://images.fantasypros.com/images/players/mlb/10002/headshot/70x70.png,Cristian Javier (SP - HOU),,Cristian Javier (HOU - SP),Cristian Javier,Javier,HOU,SP,,"1-1-0SV|4.07|1.23|9.43K9
",812.0
508,,,9,,,,,60,,,,,,,183,1%,2%,1%,P,https://www.fantasypros.com/mlb/players/tyler-kinley.php,62.7,65.0,3.0,13.0,4.6,1.38,32.0,27.0,62.0,0.0,3.0,0.0,9.33,tyler-kinley,Tyler Kinley (COL - RP),Tyler Kinley,Kinley,COL,RP,,3-3-13SV|4.60|1.38|9.33K9,512,Tyler Kinley (COL - RP),365.0,,,1138.0,705.0,736.0,RP,Tyler Kinley (COL - RP),224.0,https://images.fantasypros.com/images/players/mlb/7371/headshot/70x70.png,Tyler Kinley (RP - COL),,Tyler Kinley (COL - RP),Tyler Kinley,Kinley,COL,RP,,"3-3-13SV|4.60|1.38|9.33K9
",405.0
509,270.0,32.0,11,37.0,2.0,0.234,0.298,63,10.0,1.0,25.0,100.0,0.401,0.699,104,1%,1%,0%,H,https://www.fantasypros.com/mlb/players/jerar-encarnacion.php,,,,,,,,,,,,,,jerar-encarnacion,Jerar Encarnacion (SF - OF),Jerar Encarnacion,Encarnacion,SF,OF,,.234|32R|11HR|37RBI|2SB,514,Jerar Encarnacion (SF - OF),,,442.0,980.0,662.0,695.0,OF,Jerar Encarnacion (SF - OF),181.0,https://images.fantasypros.com/images/players/mlb/43640/headshot/70x70.png,Jerar Encarnacion (RF - SF),,Jerar Encarnacion (SF - OF),Jerar Encarnacion,Encarnacion,SF,OF,,".234|32R|11HR|37RBI|2SB
",646.0
510,,,6,,,,,44,,,,,,,132,2%,3%,0%,P,https://www.fantasypros.com/mlb/players/tommy-kahnle.php,52.5,54.0,2.0,2.0,3.64,1.27,21.0,22.0,50.0,0.0,2.0,0.0,9.26,tommy-kahnle,Tommy Kahnle (DET - RP),Tommy Kahnle,Kahnle,DET,RP,,2-2-2SV|3.64|1.27|9.26K9,515,Tommy Kahnle (DET - RP),303.0,,,1058.0,827.0,729.0,RP,Tommy Kahnle (DET - RP),214.0,https://images.fantasypros.com/images/players/mlb/5382/headshot/70x70.png,Tommy Kahnle (RP - DET),,Tommy Kahnle (DET - RP),Tommy Kahnle,Kahnle,DET,RP,,"2-2-2SV|3.64|1.27|9.26K9
",575.0
511,,,6,,,,,45,,,,,,,158,3%,4%,1%,P,https://www.fantasypros.com/mlb/players/aj-minter.php,55.7,63.0,3.0,2.0,3.39,1.15,21.0,19.0,55.0,0.0,3.0,0.0,10.18,aj-minter,A.J. Minter (NYM - RP),A.J. Minter,Minter,NYM,RP,,3-3-2SV|3.39|1.15|10.18K9,516,A.J. Minter (NYM - RP),,,447.0,1204.0,721.0,791.0,RP,A.J. Minter (NYM - RP),275.0,https://images.fantasypros.com/images/players/mlb/7030/headshot/70x70.png,A.J. Minter (RP - NYM),,A.J. Minter (NYM - RP),A.J. Minter,Minter,NYM,RP,,"3-3-2SV|3.39|1.15|10.18K9
",492.0
512,,,20,,,,,130,,,,,,,222,1%,1%,2%,P,https://www.fantasypros.com/mlb/players/andrew-heaney.php,132.8,125.0,7.0,0.0,4.42,1.29,65.0,41.0,31.0,24.0,8.0,0.0,8.47,andrew-heaney,Andrew Heaney (PIT - SP),Andrew Heaney,Heaney,PIT,SP,,7-8-0SV|4.42|1.29|8.47K9,517,Andrew Heaney (PIT - SP),,,,775.0,397.0,586.0,SP,Andrew Heaney (PIT - SP),69.0,https://images.fantasypros.com/images/players/mlb/4678/headshot/70x70.png,Andrew Heaney (SP - PIT),,Andrew Heaney (PIT - SP),Andrew Heaney,Heaney,PIT,SP,,"7-8-0SV|4.42|1.29|8.47K9
",309.0
513,,,7,,,,,56,,,,,,,149,3%,4%,1%,P,https://www.fantasypros.com/mlb/players/joseph-romero.php,60.3,57.0,3.0,1.0,3.73,1.26,25.0,20.0,59.0,0.0,3.0,0.0,8.51,joseph-romero,JoJo Romero (STL - RP),JoJo Romero,Romero,STL,RP,,3-3-1SV|3.73|1.26|8.51K9,518,JoJo Romero (STL - RP),,,439.0,925.0,739.0,701.0,RP,JoJo Romero (STL - RP),183.0,https://images.fantasypros.com/images/players/mlb/8369/headshot/70x70.png,JoJo Romero (RP - STL),,JoJo Romero (STL - RP),JoJo Romero,Romero,STL,RP,,"3-3-1SV|3.73|1.26|8.51K9
",526.0
514,403.0,50.0,12,48.0,9.0,0.235,0.291,95,19.0,2.0,32.0,108.0,0.381,0.673,185,1%,1%,1%,H,https://www.fantasypros.com/mlb/players/jacob-meyers.php,,,,,,,,,,,,,,jacob-meyers,Jake Meyers (HOU - OF),Jake Meyers,Meyers,HOU,OF,,.235|50R|12HR|48RBI|9SB,519,Jake Meyers (HOU - OF),,,,774.0,479.0,626.0,OF,Jake Meyers (HOU - OF),107.0,https://images.fantasypros.com/images/players/mlb/10160/headshot/70x70.png,Jake Meyers (CF - HOU),,Jake Meyers (HOU - OF),Jake Meyers,Meyers,HOU,OF,,".235|50R|12HR|48RBI|9SB
",396.0
515,,,27,,,,,169,,,,,,,234,2%,2%,2%,P,https://www.fantasypros.com/mlb/players/tyler-anderson.php,171.1,136.0,9.0,0.0,4.68,1.37,89.0,64.0,29.0,29.0,11.0,0.0,7.15,tyler-anderson,Tyler Anderson (LAA - SP),Tyler Anderson,Anderson,LAA,SP,,9-11-0SV|4.68|1.37|7.15K9,520,Tyler Anderson (LAA - SP),,,,957.0,385.0,671.0,SP,Tyler Anderson (LAA - SP),151.0,https://images.fantasypros.com/images/players/mlb/5636/headshot/70x70.png,Tyler Anderson (SP - LAA),,Tyler Anderson (LAA - SP),Tyler Anderson,Anderson,LAA,SP,,"9-11-0SV|4.68|1.37|7.15K9
",278.0
516,238.0,29.0,6,27.0,0.0,0.247,0.296,59,12.0,1.0,17.0,59.0,0.381,0.678,102,0%,0%,0%,H,https://www.fantasypros.com/mlb/players/brendan-rodgers.php,,,,,,,,,,,,,,brendan-rodgers,Brendan Rodgers (HOU - 2B),Brendan Rodgers,Rodgers,HOU,2B,NRI,.247|29R|6HR|27RBI|0SB,521,Brendan Rodgers (HOU - 2B),,,,1057.0,386.0,722.0,2B,Brendan Rodgers (HOU - 2B),201.0,https://images.fantasypros.com/images/players/mlb/5966/headshot/70x70.png,Brendan Rodgers (2B - HOU),,Brendan Rodgers (HOU - 2B),Brendan Rodgers,Rodgers,HOU,2B,,".247|29R|6HR|27RBI|0SB
",655.0
517,,,7,,,,,46,,,,,,,117,1%,1%,0%,P,https://www.fantasypros.com/mlb/players/marc-church.php,49.7,51.0,2.0,3.0,4.29,1.32,24.0,20.0,45.0,0.0,3.0,0.0,9.24,marc-church,Marc Church (TEX - RP),Marc Church,Church,TEX,RP,,2-3-3SV|4.29|1.32|9.24K9,522,Marc Church (TEX - RP),409.0,,,944.0,850.0,734.0,RP,Marc Church (TEX - RP),212.0,https://images.fantasypros.com/images/players/mlb/45178/headshot/70x70.png,Marc Church (RP - TEX),,Marc Church (TEX - RP),Marc Church,Church,TEX,RP,,"2-3-3SV|4.29|1.32|9.24K9
",613.0
518,,,12,,,,,144,,,,,,,216,3%,2%,3%,P,https://www.fantasypros.com/mlb/players/andre-pallante.php,145.6,107.0,8.0,0.0,3.97,1.39,64.0,58.0,34.0,24.0,8.0,0.0,6.61,andre-pallante,"Andre Pallante (STL - RP,SP)",Andre Pallante,Pallante,STL,"RP,SP",,8-8-0SV|3.97|1.39|6.61K9,523,"Andre Pallante (STL - RP,SP)",,,,991.0,393.0,692.0,"RP,SP","Andre Pallante (STL - RP,SP)",169.0,https://images.fantasypros.com/images/players/mlb/45747/headshot/70x70.png,"Andre Pallante (SP,RP - STL)",,"Andre Pallante (STL - RP,SP)",Andre Pallante,Pallante,STL,"RP,SP",,"8-8-0SV|3.97|1.39|6.61K9
",324.0
519,,,20,,,,,141,,,,,,,226,1%,1%,1%,P,https://www.fantasypros.com/mlb/players/mitchell-parker.php,144.5,127.0,7.0,0.0,4.37,1.33,70.0,52.0,31.0,27.0,9.0,0.0,7.91,mitchell-parker,Mitchell Parker (WSH - SP),Mitchell Parker,Parker,WSH,SP,,7-9-0SV|4.37|1.33|7.91K9,524,Mitchell Parker (WSH - SP),,,,966.0,396.0,681.0,SP,Mitchell Parker (WSH - SP),157.0,https://images.fantasypros.com/images/players/mlb/missing/headshot/70x70.png,Mitchell Parker (SP - WSH),,Mitchell Parker (WSH - SP),Mitchell Parker,Parker,WSH,SP,,"7-9-0SV|4.37|1.33|7.91K9
",296.0
520,,,17,,,,,132,,,,,,,197,2%,2%,2%,P,https://www.fantasypros.com/mlb/players/jose-quintana.php,133.1,108.0,8.0,0.0,4.36,1.37,64.0,50.0,24.0,24.0,8.0,0.0,7.3,jose-quintana,Jose Quintana (MIL - SP),Jose Quintana,Quintana,MIL,SP,,8-8-0SV|4.36|1.37|7.30K9,525,Jose Quintana (MIL - SP),,,,993.0,422.0,708.0,SP,Jose Quintana (MIL - SP),183.0,https://images.fantasypros.com/images/players/mlb/4113/headshot/70x70.png,Jose Quintana (SP - MIL),,Jose Quintana (MIL - SP),Jose Quintana,Quintana,MIL,SP,,"8-8-0SV|4.36|1.37|7.30K9
",378.0
521,,,21,,,,,138,,,,,,,190,2%,4%,1%,P,https://www.fantasypros.com/mlb/players/ben-lively.php,135.6,105.0,8.0,0.0,4.57,1.35,69.0,44.0,25.0,25.0,9.0,0.0,6.97,ben-lively,Ben Lively (CLE - SP),Ben Lively,Lively,CLE,SP,,8-9-0SV|4.57|1.35|6.97K9,526,Ben Lively (CLE - SP),,,,1060.0,423.0,742.0,SP,Ben Lively (CLE - SP),216.0,https://images.fantasypros.com/images/players/mlb/5211/headshot/70x70.png,Ben Lively (SP - CLE),,Ben Lively (CLE - SP),Ben Lively,Lively,CLE,SP,,"8-9-0SV|4.57|1.35|6.97K9
",386.0
522,82.0,10.0,2,9.0,2.0,0.26,0.323,21,4.0,0.0,8.0,18.0,0.375,0.698,42,1%,1%,1%,H,https://www.fantasypros.com/mlb/players/vaughn-grissom.php,,,,,,,,,,,,,,vaughn-grissom,Vaughn Grissom (BOS - 2B),Vaughn Grissom,Grissom,BOS,2B,,.260|10R|2HR|9RBI|2SB,527,Vaughn Grissom (BOS - 2B),,,,1013.0,429.0,721.0,2B,Vaughn Grissom (BOS - 2B),194.0,https://images.fantasypros.com/images/players/mlb/44905/headshot/70x70.png,Vaughn Grissom (2B - BOS),,Vaughn Grissom (BOS - 2B),Vaughn Grissom,Grissom,BOS,2B,,".260|10R|2HR|9RBI|2SB
",815.0
523,334.0,43.0,8,40.0,2.0,0.255,0.313,85,18.0,1.0,28.0,57.0,0.391,0.704,183,3%,2%,4%,H,https://www.fantasypros.com/mlb/players/alex-verdugo.php,,,,,,,,,,,,,,alex-verdugo,Alex Verdugo (FA - OF),Alex Verdugo,Verdugo,FA,OF,FA,.255|43R|8HR|40RBI|2SB,528,Alex Verdugo (FA - OF),,,,967.0,433.0,700.0,OF,Alex Verdugo (FA - OF),172.0,https://images.fantasypros.com/images/players/mlb/5983/headshot/70x70.png,Alex Verdugo (LF - FA),,Alex Verdugo (FA - OF),Alex Verdugo,Verdugo,FA,OF,,".255|43R|8HR|40RBI|2SB
",406.0
524,,,12,,,,,82,,,,,,,146,1%,2%,0%,P,https://www.fantasypros.com/mlb/players/osvaldo-bido.php,89.8,83.0,4.0,0.0,4.4,1.31,44.0,36.0,31.0,13.0,5.0,0.0,8.32,osvaldo-bido,"Osvaldo Bido (ATH - RP,SP)",Osvaldo Bido,Bido,ATH,"RP,SP",,4-5-0SV|4.40|1.31|8.32K9,529,"Osvaldo Bido (ATH - RP,SP)",,,,846.0,463.0,654.0,"RP,SP","Osvaldo Bido (ATH - RP,SP)",125.0,https://images.fantasypros.com/images/players/mlb/missing/headshot/70x70.png,"Osvaldo Bido (SP,RP - ATH)",,"Osvaldo Bido (ATH - RP,SP)",Osvaldo Bido,Bido,ATH,"RP,SP",,"4-5-0SV|4.40|1.31|8.32K9
",536.0
525,,,26,,,,,187,,,,,,,243,2%,3%,2%,P,https://www.fantasypros.com/mlb/players/miles-mikolas.php,174.0,121.0,9.0,0.0,4.53,1.26,88.0,33.0,30.0,30.0,11.0,0.0,6.26,miles-mikolas,Miles Mikolas (STL - SP),Miles Mikolas,Mikolas,STL,SP,,9-11-0SV|4.53|1.26|6.26K9,530,Miles Mikolas (STL - SP),,,,1215.0,445.0,830.0,SP,Miles Mikolas (STL - SP),300.0,https://images.fantasypros.com/images/players/mlb/5408/headshot/70x70.png,Miles Mikolas (SP - STL),,Miles Mikolas (STL - SP),Miles Mikolas,Mikolas,STL,SP,,"9-11-0SV|4.53|1.26|6.26K9
",260.0
526,160.0,19.0,4,18.0,4.0,0.252,0.311,40,8.0,0.0,14.0,40.0,0.373,0.684,77,1%,1%,0%,H,https://www.fantasypros.com/mlb/players/nick-yorke.php,,,,,,,,,,,,,,nick-yorke,Nick Yorke (PIT - 2B),Nick Yorke,Yorke,PIT,2B,,.252|19R|4HR|18RBI|4SB,531,Nick Yorke (PIT - 2B),,,,961.0,447.0,704.0,2B,Nick Yorke (PIT - 2B),173.0,https://images.fantasypros.com/images/players/mlb/missing/headshot/70x70.png,Nick Yorke (2B - PIT),,Nick Yorke (PIT - 2B),Nick Yorke,Yorke,PIT,2B,,".252|19R|4HR|18RBI|4SB
",719.0
527,,,10,,,,,66,,,,,,,137,1%,2%,1%,P,https://www.fantasypros.com/mlb/players/aj-smith-shawver.php,74.7,78.0,4.0,0.0,4.18,1.3,35.0,31.0,36.0,10.0,4.0,0.0,9.4,aj-smith-shawver,AJ Smith-Shawver (ATL - SP),AJ Smith-Shawver,Smith-Shawver,ATL,SP,,4-4-0SV|4.18|1.30|9.40K9,532,AJ Smith-Shawver (ATL - SP),,,,973.0,451.0,712.0,SP,AJ Smith-Shawver (ATL - SP),180.0,https://images.fantasypros.com/images/players/mlb/45241/headshot/70x70.png,AJ Smith-Shawver (SP - ATL),,AJ Smith-Shawver (ATL - SP),AJ Smith-Shawver,Smith-Shawver,ATL,SP,,"4-4-0SV|4.18|1.30|9.40K9
",559.0
528,,,12,,,,,80,,,,,,,142,1%,2%,0%,P,https://www.fantasypros.com/mlb/players/cade-povich.php,85.5,78.0,5.0,0.0,4.34,1.32,41.0,33.0,22.0,15.0,5.0,0.0,8.21,cade-povich,Cade Povich (BAL - SP),Cade Povich,Povich,BAL,SP,,5-5-0SV|4.34|1.32|8.21K9,533,Cade Povich (BAL - SP),,,,892.0,456.0,674.0,SP,Cade Povich (BAL - SP),141.0,https://images.fantasypros.com/images/players/mlb/missing/headshot/70x70.png,Cade Povich (SP - BAL),,Cade Povich (BAL - SP),Cade Povich,Povich,BAL,SP,,"5-5-0SV|4.34|1.32|8.21K9
",549.0
529,,,15,,,,,99,,,,,,,162,0%,0%,0%,P,https://www.fantasypros.com/mlb/players/alec-marsh.php,102.4,98.0,5.0,0.0,4.57,1.34,52.0,38.0,29.0,18.0,7.0,0.0,8.61,alec-marsh,Alec Marsh (KC - SP),Alec Marsh,Marsh,KC,SP,,5-7-0SV|4.57|1.34|8.61K9,534,Alec Marsh (KC - SP),,,,1103.0,460.0,782.0,SP,Alec Marsh (KC - SP),248.0,https://images.fantasypros.com/images/players/mlb/44020/headshot/70x70.png,Alec Marsh (SP - KC),,Alec Marsh (KC - SP),Alec Marsh,Marsh,KC,SP,,"5-7-0SV|4.57|1.34|8.61K9
",481.0
530,,,9,,,,,94,,,,,,,162,1%,1%,0%,P,https://www.fantasypros.com/mlb/players/alex-cobb.php,94.7,78.0,6.0,0.0,3.83,1.28,40.0,28.0,18.0,18.0,5.0,1.0,7.41,alex-cobb,Alex Cobb (DET - SP),Alex Cobb,Cobb,DET,SP,,6-5-0SV|3.83|1.28|7.41K9,535,Alex Cobb (DET - SP),,,,1008.0,462.0,735.0,SP,Alex Cobb (DET - SP),200.0,https://images.fantasypros.com/images/players/mlb/3034/headshot/70x70.png,Alex Cobb (SP - DET),,Alex Cobb (DET - SP),Alex Cobb,Cobb,DET,SP,,"6-5-0SV|3.83|1.28|7.41K9
",482.0
531,273.0,37.0,5,29.0,10.0,0.235,0.324,64,13.0,1.0,36.0,57.0,0.352,0.675,151,0%,0%,1%,H,https://www.fantasypros.com/mlb/players/richie-palacios.php,,,,,,,,,,,,,,richie-palacios,"Richie Palacios (TB - 2B,OF)",Richie Palacios,Palacios,TB,"2B,OF",,.235|37R|5HR|29RBI|10SB,536,"Richie Palacios (TB - 2B,OF)",,,,1004.0,464.0,734.0,"2B,OF","Richie Palacios (TB - 2B,OF)",198.0,https://images.fantasypros.com/images/players/mlb/44377/headshot/70x70.png,"Richie Palacios (2B,LF,RF - TB)",,"Richie Palacios (TB - 2B,OF)",Richie Palacios,Palacios,TB,"2B,OF",,".235|37R|5HR|29RBI|10SB
",518.0
532,,,5,,,,,56,,,,,,,141,1%,1%,0%,P,https://www.fantasypros.com/mlb/players/john-schreiber.php,60.6,56.0,3.0,1.0,3.87,1.32,26.0,24.0,59.0,0.0,3.0,0.0,8.32,john-schreiber,John Schreiber (KC - RP),John Schreiber,Schreiber,KC,RP,,3-3-1SV|3.87|1.32|8.32K9,537,John Schreiber (KC - RP),,,,469.0,881.0,675.0,RP,John Schreiber (KC - RP),138.0,https://images.fantasypros.com/images/players/mlb/10132/headshot/70x70.png,John Schreiber (RP - KC),,John Schreiber (KC - RP),John Schreiber,Schreiber,KC,RP,,"3-3-1SV|3.87|1.32|8.32K9
",550.0
533,,,17,,,,,128,,,,,,,203,1%,1%,1%,P,https://www.fantasypros.com/mlb/players/javier-assad.php,131.9,109.0,7.0,0.0,4.25,1.36,62.0,52.0,36.0,23.0,7.0,0.0,7.44,javier-assad,Javier Assad (CHC - SP),Javier Assad,Assad,CHC,SP,,7-7-0SV|4.25|1.36|7.44K9,538,Javier Assad (CHC - SP),,,,1248.0,470.0,859.0,SP,Javier Assad (CHC - SP),321.0,https://images.fantasypros.com/images/players/mlb/45824/headshot/70x70.png,Javier Assad (SP - CHC),,Javier Assad (CHC - SP),Javier Assad,Assad,CHC,SP,,"7-7-0SV|4.25|1.36|7.44K9
",360.0
534,298.0,35.0,8,32.0,8.0,0.218,0.284,65,13.0,2.0,27.0,89.0,0.358,0.641,120,0%,0%,1%,H,https://www.fantasypros.com/mlb/players/trey-sweeney.php,,,,,,,,,,,,,,trey-sweeney,Trey Sweeney (DET - SS),Trey Sweeney,Sweeney,DET,SS,,.218|35R|8HR|32RBI|8SB,539,Trey Sweeney (DET - SS),,,,968.0,471.0,720.0,SS,Trey Sweeney (DET - SS),181.0,https://images.fantasypros.com/images/players/mlb/missing/headshot/70x70.png,Trey Sweeney (SS - DET),,Trey Sweeney (DET - SS),Trey Sweeney,Sweeney,DET,SS,,".218|35R|8HR|32RBI|8SB
",603.0
535,,,17,,,,,125,,,,,,,178,0%,0%,0%,P,https://www.fantasypros.com/mlb/players/kyle-gibson.php,122.9,103.0,7.0,0.0,4.51,1.38,62.0,45.0,21.0,21.0,7.0,0.0,7.54,kyle-gibson,Kyle Gibson (FA - SP),Kyle Gibson,Gibson,FA,SP,FA,7-7-0SV|4.51|1.38|7.54K9,541,Kyle Gibson (FA - SP),,,,1256.0,477.0,866.0,SP,Kyle Gibson (FA - SP),325.0,https://images.fantasypros.com/images/players/mlb/3655/headshot/70x70.png,Kyle Gibson (SP - FA),,Kyle Gibson (FA - SP),Kyle Gibson,Gibson,FA,SP,,"7-7-0SV|4.51|1.38|7.54K9
",418.0
536,290.0,35.0,9,34.0,2.0,0.22,0.312,64,14.0,1.0,38.0,87.0,0.364,0.676,130,2%,3%,1%,H,https://www.fantasypros.com/mlb/players/jace-jung.php,,,,,,,,,,,,,,jace-jung,Jace Jung (DET - 3B),Jace Jung,Jung,DET,3B,,.220|35R|9HR|34RBI|2SB,542,Jace Jung (DET - 3B),,,,898.0,481.0,690.0,3B,Jace Jung (DET - 3B),148.0,https://images.fantasypros.com/images/players/mlb/missing/headshot/70x70.png,Jace Jung (3B - DET),,Jace Jung (DET - 3B),Jace Jung,Jung,DET,3B,,".220|35R|9HR|34RBI|2SB
",580.0
537,,,17,,,,,108,,,,,,,174,0%,0%,1%,P,https://www.fantasypros.com/mlb/players/lance-lynn.php,110.3,103.0,6.0,0.0,4.56,1.33,56.0,38.0,20.0,20.0,7.0,0.0,8.4,lance-lynn,Lance Lynn (FA - SP),Lance Lynn,Lynn,FA,SP,FA,6-7-0SV|4.56|1.33|8.40K9,543,Lance Lynn (FA - SP),,,,1235.0,482.0,858.0,SP,Lance Lynn (FA - SP),315.0,https://images.fantasypros.com/images/players/mlb/3661/headshot/70x70.png,Lance Lynn (SP - FA),,Lance Lynn (FA - SP),Lance Lynn,Lynn,FA,SP,,"6-7-0SV|4.56|1.33|8.40K9
",432.0
538,,,5,,,,,31,,,,,,,79,0%,0%,0%,P,https://www.fantasypros.com/mlb/players/keegan-thompson.php,36.8,38.0,2.0,1.0,3.97,1.31,16.0,17.0,30.0,0.0,2.0,0.0,9.29,keegan-thompson,Keegan Thompson (CHC - RP),Keegan Thompson,Thompson,CHC,RP,,2-2-1SV|3.97|1.31|9.29K9,545,Keegan Thompson (CHC - RP),,,,525.0,831.0,678.0,RP,Keegan Thompson (CHC - RP),133.0,https://images.fantasypros.com/images/players/mlb/43927/headshot/70x70.png,Keegan Thompson (RP - CHC),,Keegan Thompson (CHC - RP),Keegan Thompson,Thompson,CHC,RP,,"2-2-1SV|3.97|1.31|9.29K9
",716.0
539,,,12,,,,,80,,,,,,,174,0%,0%,0%,P,https://www.fantasypros.com/mlb/players/yariel-rodriguez.php,93.0,96.0,4.0,0.0,4.08,1.3,42.0,41.0,45.0,11.0,5.0,0.0,9.29,yariel-rodriguez,Yariel Rodriguez (TOR - SP),Yariel Rodriguez,Rodriguez,TOR,SP,,4-5-0SV|4.08|1.30|9.29K9,546,Yariel Rodriguez (TOR - SP),,,,1018.0,488.0,753.0,SP,Yariel Rodriguez (TOR - SP),207.0,https://images.fantasypros.com/images/players/mlb/48332/headshot/70x70.png,Yariel Rodriguez (SP - TOR),,Yariel Rodriguez (TOR - SP),Yariel Rodriguez,Rodriguez,TOR,SP,,"4-5-0SV|4.08|1.30|9.29K9
",433.0
540,389.0,50.0,13,47.0,5.0,0.229,0.319,89,17.0,1.0,51.0,108.0,0.38,0.699,194,2%,3%,1%,H,https://www.fantasypros.com/mlb/players/andrew-mccutchen.php,,,,,,,,,,,,,,andrew-mccutchen,Andrew McCutchen (PIT - DH),Andrew McCutchen,McCutchen,PIT,DH,,.229|50R|13HR|47RBI|5SB,547,Andrew McCutchen (PIT - DH),,,,1187.0,489.0,838.0,"DH,OF","Andrew McCutchen (PIT - DH,OF)",291.0,https://images.fantasypros.com/images/players/mlb/3052/headshot/70x70.png,Andrew McCutchen (DH - PIT),,Andrew McCutchen (PIT - DH),Andrew McCutchen,McCutchen,PIT,DH,,".229|50R|13HR|47RBI|5SB
",382.0
541,322.0,39.0,13,40.0,2.0,0.21,0.27,68,14.0,1.0,26.0,107.0,0.379,0.649,124,1%,1%,1%,H,https://www.fantasypros.com/mlb/players/jake-rogers.php,,,,,,,,,,,,,,jake-rogers,Jake Rogers (DET - C),Jake Rogers,Rogers,DET,C,,.210|39R|13HR|40RBI|2SB,549,Jake Rogers (DET - C),,,,917.0,490.0,704.0,C,Jake Rogers (DET - C),155.0,https://images.fantasypros.com/images/players/mlb/7321/headshot/70x70.png,Jake Rogers (C - DET),,Jake Rogers (DET - C),Jake Rogers,Rogers,DET,C,,".210|39R|13HR|40RBI|2SB
",589.0
542,,,8,,,,,45,,,,,,,93,1%,1%,0%,P,https://www.fantasypros.com/mlb/players/landon-knack.php,49.7,49.0,2.0,0.0,4.18,1.23,23.0,16.0,31.0,3.0,2.0,0.0,8.87,landon-knack,Landon Knack (LAD - SP),Landon Knack,Knack,LAD,SP,,2-2-0SV|4.18|1.23|8.87K9,550,Landon Knack (LAD - SP),,,,1121.0,491.0,806.0,SP,Landon Knack (LAD - SP),256.0,https://images.fantasypros.com/images/players/mlb/43915/headshot/70x70.png,Landon Knack (SP - LAD),,Landon Knack (LAD - SP),Landon Knack,Knack,LAD,SP,,"2-2-0SV|4.18|1.23|8.87K9
",677.0
543,99.0,12.0,4,12.0,2.0,0.224,0.265,22,6.0,0.0,6.0,31.0,0.398,0.663,42,1%,1%,0%,H,https://www.fantasypros.com/mlb/players/colby-thomas.php,,,,,,,,,,,,,,colby-thomas,Colby Thomas (ATH - OF),Colby Thomas,Thomas,ATH,OF,MiLB,.224|12R|4HR|12RBI|2SB,551,Colby Thomas (ATH - OF),,,,956.0,493.0,724.0,OF,Colby Thomas (ATH - OF),173.0,https://images.fantasypros.com/images/players/mlb/missing/headshot/70x70.png,"Colby Thomas (LF,RF - ATH)",,Colby Thomas (ATH - OF),Colby Thomas,Thomas,ATH,OF,,".224|12R|4HR|12RBI|2SB
",816.0
544,99.0,11.0,3,12.0,1.0,0.243,0.302,24,5.0,0.0,8.0,21.0,0.395,0.697,49,0%,0%,0%,H,https://www.fantasypros.com/mlb/players/juan-yepez.php,,,,,,,,,,,,,,juan-yepez,Juan Yepez (WSH - 1B),Juan Yepez,Yepez,WSH,1B,,.243|11R|3HR|12RBI|1SB,552,Juan Yepez (WSH - 1B),,,,1118.0,494.0,806.0,1B,Juan Yepez (WSH - 1B),254.0,https://images.fantasypros.com/images/players/mlb/44924/headshot/70x70.png,Juan Yepez (1B - WSH),,Juan Yepez (WSH - 1B),Juan Yepez,Yepez,WSH,1B,,".243|11R|3HR|12RBI|1SB
",793.0
545,,,18,,,,,122,,,,,,,183,1%,1%,1%,P,https://www.fantasypros.com/mlb/players/simeon-woods-richardson-p.php,124.7,105.0,7.0,0.0,4.52,1.35,63.0,46.0,25.0,25.0,8.0,0.0,7.58,simeon-woods-richardson-p,Simeon Woods Richardson (MIN - SP),Simeon Woods Richardson,Woods Richardson,MIN,SP,,7-8-0SV|4.52|1.35|7.58K9,553,Simeon Woods Richardson (MIN - SP),,,,1070.0,495.0,782.0,SP,Simeon Woods Richardson (MIN - SP),229.0,https://images.fantasypros.com/images/players/mlb/26455/headshot/70x70.png,Simeon Woods Richardson (SP - MIN),,Simeon Woods Richardson (MIN - SP),Simeon Woods Richardson,Woods Richardson,MIN,SP,,"7-8-0SV|4.52|1.35|7.58K9
",407.0
546,,,14,,,,,91,,,,,,,145,1%,1%,0%,P,https://www.fantasypros.com/mlb/players/griffin-canning.php,93.5,80.0,5.0,0.0,4.51,1.32,47.0,33.0,35.0,12.0,5.0,0.0,7.7,griffin-canning,Griffin Canning (NYM - SP),Griffin Canning,Canning,NYM,SP,,5-5-0SV|4.51|1.32|7.70K9,554,Griffin Canning (NYM - SP),,,,1182.0,496.0,839.0,SP,Griffin Canning (NYM - SP),285.0,https://images.fantasypros.com/images/players/mlb/7166/headshot/70x70.png,Griffin Canning (SP - NYM),,Griffin Canning (NYM - SP),Griffin Canning,Canning,NYM,SP,,"5-5-0SV|4.51|1.32|7.70K9
",539.0
547,309.0,40.0,8,36.0,14.0,0.238,0.28,74,15.0,1.0,18.0,69.0,0.375,0.655,153,1%,1%,1%,H,https://www.fantasypros.com/mlb/players/harrison-bader.php,,,,,,,,,,,,,,harrison-bader,Harrison Bader (MIN - OF),Harrison Bader,Bader,MIN,OF,,.238|40R|8HR|36RBI|14SB,555,Harrison Bader (MIN - OF),,,,997.0,497.0,747.0,OF,Harrison Bader (MIN - OF),192.0,https://images.fantasypros.com/images/players/mlb/6480/headshot/70x70.png,Harrison Bader (CF - MIN),,Harrison Bader (MIN - OF),Harrison Bader,Bader,MIN,OF,,".238|40R|8HR|36RBI|14SB
",514.0
548,,,23,,,,,172,,,,,,,216,0%,0%,0%,P,https://www.fantasypros.com/mlb/players/ryan-feltner.php,164.7,139.0,7.0,0.0,4.85,1.4,89.0,59.0,30.0,30.0,11.0,0.0,7.6,ryan-feltner,Ryan Feltner (COL - SP),Ryan Feltner,Feltner,COL,SP,,7-11-0SV|4.85|1.40|7.60K9,556,Ryan Feltner (COL - SP),,,,1250.0,498.0,874.0,SP,Ryan Feltner (COL - SP),318.0,https://images.fantasypros.com/images/players/mlb/44878/headshot/70x70.png,Ryan Feltner (SP - COL),,Ryan Feltner (COL - SP),Ryan Feltner,Feltner,COL,SP,,"7-11-0SV|4.85|1.40|7.60K9
",325.0
549,371.0,43.0,15,50.0,2.0,0.223,0.29,83,19.0,2.0,35.0,128.0,0.404,0.694,154,0%,0%,1%,H,https://www.fantasypros.com/mlb/players/kyle-stowers.php,,,,,,,,,,,,,,kyle-stowers,Kyle Stowers (MIA - OF),Kyle Stowers,Stowers,MIA,OF,,.223|43R|15HR|50RBI|2SB,557,Kyle Stowers (MIA - OF),,,,1052.0,499.0,776.0,OF,Kyle Stowers (MIA - OF),219.0,https://images.fantasypros.com/images/players/mlb/22314/headshot/70x70.png,Kyle Stowers (LF - MIA),,Kyle Stowers (MIA - OF),Kyle Stowers,Stowers,MIA,OF,,".223|43R|15HR|50RBI|2SB
",506.0
550,,,27,,,,,168,,,,,,,162,0%,0%,0%,P,https://www.fantasypros.com/mlb/players/austin-gomber.php,148.8,104.0,7.0,0.0,5.12,1.41,85.0,42.0,27.0,27.0,11.0,0.0,6.29,austin-gomber,Austin Gomber (COL - SP),Austin Gomber,Gomber,COL,SP,,7-11-0SV|5.12|1.41|6.29K9,558,Austin Gomber (COL - SP),,,,874.0,500.0,687.0,SP,Austin Gomber (COL - SP),129.0,https://images.fantasypros.com/images/players/mlb/6257/headshot/70x70.png,Austin Gomber (SP - COL),,Austin Gomber (COL - SP),Austin Gomber,Gomber,COL,SP,,"7-11-0SV|5.12|1.41|6.29K9
",483.0
551,265.0,37.0,10,33.0,4.0,0.242,0.293,64,12.0,1.0,19.0,82.0,0.408,0.701,120,3%,4%,1%,H,https://www.fantasypros.com/mlb/players/christian-moore.php,,,,,,,,,,,,,,christian-moore,Christian Moore (LAA - 2B),Christian Moore,Moore,LAA,2B,NRI,.242|37R|10HR|33RBI|4SB,559,Christian Moore (LAA - 2B),,,,976.0,504.0,740.0,2B,Christian Moore (LAA - 2B),181.0,https://images.fantasypros.com/images/players/mlb/missing/headshot/70x70.png,Christian Moore (2B - LAA),,Christian Moore (LAA - 2B),Christian Moore,Moore,LAA,2B,,".242|37R|10HR|33RBI|4SB
",604.0
552,,,18,,,,,134,,,,,,,184,2%,3%,1%,P,https://www.fantasypros.com/mlb/players/michael-lorenzen.php,137.8,105.0,6.0,0.0,4.58,1.4,70.0,58.0,42.0,22.0,8.0,0.0,6.86,michael-lorenzen,Michael Lorenzen (KC - SP),Michael Lorenzen,Lorenzen,KC,SP,,6-8-0SV|4.58|1.40|6.86K9,560,Michael Lorenzen (KC - SP),,,,1184.0,505.0,844.0,"RP,SP","Michael Lorenzen (KC - RP,SP)",284.0,https://images.fantasypros.com/images/players/mlb/4976/headshot/70x70.png,Michael Lorenzen (SP - KC),,Michael Lorenzen (KC - SP),Michael Lorenzen,Lorenzen,KC,SP,,"6-8-0SV|4.58|1.40|6.86K9
",402.0
553,,,5,,,,,37,,,,,,,69,4%,7%,1%,P,https://www.fantasypros.com/mlb/players/noah-schultz.php,39.5,37.0,2.0,0.0,4.09,1.28,18.0,14.0,8.0,8.0,2.0,0.0,8.43,noah-schultz,Noah Schultz (CWS - SP),Noah Schultz,Schultz,CWS,SP,MiLB,2-2-0SV|4.09|1.28|8.43K9,561,Noah Schultz (CWS - SP),,,,1048.0,506.0,777.0,SP,Noah Schultz (CWS - SP),216.0,https://images.fantasypros.com/images/players/mlb/missing/headshot/70x70.png,Noah Schultz (SP - CWS),,Noah Schultz (CWS - SP),Noah Schultz,Schultz,CWS,SP,,"2-2-0SV|4.09|1.28|8.43K9
",739.0
554,288.0,36.0,5,32.0,2.0,0.259,0.329,75,16.0,1.0,30.0,59.0,0.38,0.709,148,1%,1%,0%,H,https://www.fantasypros.com/mlb/players/will-wagner.php,,,,,,,,,,,,,,will-wagner,Will Wagner (TOR - 2B),Will Wagner,Wagner,TOR,2B,,.259|36R|5HR|32RBI|2SB,562,Will Wagner (TOR - 2B),,,,1037.0,507.0,772.0,2B,Will Wagner (TOR - 2B),210.0,https://images.fantasypros.com/images/players/mlb/missing/headshot/70x70.png,Will Wagner (2B - TOR),,Will Wagner (TOR - 2B),Will Wagner,Wagner,TOR,2B,,".259|36R|5HR|32RBI|2SB
",528.0
555,,,6,,,,,56,,,,,,,109,0%,0%,0%,P,https://www.fantasypros.com/mlb/players/aaron-ashby.php,62.1,62.0,3.0,0.0,4.04,1.4,28.0,31.0,35.0,5.0,3.0,0.0,8.99,aaron-ashby,Aaron Ashby (MIL - RP),Aaron Ashby,Ashby,MIL,RP,,3-3-0SV|4.04|1.40|8.99K9,563,Aaron Ashby (MIL - RP),,,,901.0,508.0,704.0,RP,Aaron Ashby (MIL - RP),141.0,https://images.fantasypros.com/images/players/mlb/43700/headshot/70x70.png,Aaron Ashby (RP - MIL),,Aaron Ashby (MIL - RP),Aaron Ashby,Ashby,MIL,RP,,"3-3-0SV|4.04|1.40|8.99K9
",632.0
556,,,13,,,,,93,,,,,,,96,7%,13%,0%,P,https://www.fantasypros.com/mlb/players/patrick-corbin.php,82.7,64.0,4.0,0.0,5.03,1.46,46.0,27.0,15.0,15.0,6.0,0.0,6.96,patrick-corbin,Patrick Corbin (FA - SP),Patrick Corbin,Corbin,FA,SP,FA,4-6-0SV|5.03|1.46|6.96K9,564,Patrick Corbin (FA - SP),,,,711.0,668.0,690.0,SP,Patrick Corbin (FA - SP),126.0,https://images.fantasypros.com/images/players/mlb/4655/headshot/70x70.png,Patrick Corbin (SP - FA),,Patrick Corbin (FA - SP),Patrick Corbin,Corbin,FA,SP,,"4-6-0SV|5.03|1.46|6.96K9
",666.0
557,302.0,40.0,7,31.0,9.0,0.238,0.3,72,14.0,4.0,27.0,68.0,0.378,0.678,154,1%,1%,0%,H,https://www.fantasypros.com/mlb/players/wenceel-perez.php,,,,,,,,,,,,,,wenceel-perez,Wenceel Perez (DET - OF),Wenceel Perez,Perez,DET,OF,,.238|40R|7HR|31RBI|9SB,565,Wenceel Perez (DET - OF),,,,1075.0,514.0,794.0,OF,Wenceel Perez (DET - OF),229.0,https://images.fantasypros.com/images/players/mlb/8666/headshot/70x70.png,"Wenceel Perez (CF,RF - DET)",,Wenceel Perez (DET - OF),Wenceel Perez,Perez,DET,OF,,".238|40R|7HR|31RBI|9SB
",507.0
558,,,4,,,,,28,,,,,,,59,2%,3%,1%,P,https://www.fantasypros.com/mlb/players/jacob-misiorowski.php,33.5,36.0,2.0,0.0,4.42,1.44,16.0,20.0,27.0,1.0,2.0,0.0,9.67,jacob-misiorowski,"Jacob Misiorowski (MIL - RP,SP)",Jacob Misiorowski,Misiorowski,MIL,"RP,SP",MiLB,2-2-0SV|4.42|1.44|9.67K9,566,"Jacob Misiorowski (MIL - RP,SP)",,,,1142.0,515.0,828.0,"RP,SP","Jacob Misiorowski (MIL - RP,SP)",262.0,https://images.fantasypros.com/images/players/mlb/missing/headshot/70x70.png,"Jacob Misiorowski (SP,RP - MIL)",,"Jacob Misiorowski (MIL - RP,SP)",Jacob Misiorowski,Misiorowski,MIL,"RP,SP",,"2-2-0SV|4.42|1.44|9.67K9
",768.0
559,81.0,10.0,2,9.0,3.0,0.233,0.275,19,4.0,0.0,5.0,19.0,0.375,0.65,37,1%,1%,1%,H,https://www.fantasypros.com/mlb/players/ronny-mauricio-ss.php,,,,,,,,,,,,,,ronny-mauricio-ss,Ronny Mauricio (NYM - 2B),Ronny Mauricio,Mauricio,NYM,2B,,.233|10R|2HR|9RBI|3SB,567,Ronny Mauricio (NYM - 2B),,,,1033.0,516.0,774.0,2B,Ronny Mauricio (NYM - 2B),207.0,https://images.fantasypros.com/images/players/mlb/9998/headshot/70x70.png,Ronny Mauricio (2B - NYM),,Ronny Mauricio (NYM - 2B),Ronny Mauricio,Mauricio,NYM,2B,,".233|10R|2HR|9RBI|3SB
",824.0
560,,,12,,,,,76,,,,,,,117,0%,0%,0%,P,https://www.fantasypros.com/mlb/players/matt-waldron.php,76.4,63.0,4.0,0.0,4.54,1.27,39.0,21.0,19.0,11.0,5.0,0.0,7.42,matt-waldron,Matt Waldron (SD - SP),Matt Waldron,Waldron,SD,SP,,4-5-0SV|4.54|1.27|7.42K9,568,Matt Waldron (SD - SP),,,,1239.0,517.0,878.0,SP,Matt Waldron (SD - SP),310.0,https://images.fantasypros.com/images/players/mlb/45496/headshot/70x70.png,Matt Waldron (SP - SD),,Matt Waldron (SD - SP),Matt Waldron,Waldron,SD,SP,,"4-5-0SV|4.54|1.27|7.42K9
",614.0
561,160.0,20.0,4,17.0,3.0,0.237,0.313,38,7.0,0.0,18.0,46.0,0.353,0.666,68,2%,3%,1%,H,https://www.fantasypros.com/mlb/players/kyle-teel.php,,,,,,,,,,,,,,kyle-teel,Kyle Teel (CWS - C),Kyle Teel,Teel,CWS,C,NRI,.237|20R|4HR|17RBI|3SB,569,Kyle Teel (CWS - C),,,,1093.0,519.0,806.0,C,Kyle Teel (CWS - C),237.0,https://images.fantasypros.com/images/players/mlb/missing/headshot/70x70.png,Kyle Teel (C - CWS),,Kyle Teel (CWS - C),Kyle Teel,Teel,CWS,C,,".237|20R|4HR|17RBI|3SB
",744.0
562,305.0,34.0,13,38.0,2.0,0.208,0.258,63,12.0,0.0,20.0,105.0,0.375,0.633,103,1%,2%,1%,H,https://www.fantasypros.com/mlb/players/paul-dejong.php,,,,,,,,,,,,,,paul-dejong,"Paul DeJong (WSH - 3B,SS)",Paul DeJong,DeJong,WSH,"3B,SS",,.208|34R|13HR|38RBI|2SB,570,"Paul DeJong (WSH - 3B,SS)",,,,891.0,522.0,706.0,"3B,SS","Paul DeJong (WSH - 3B,SS)",136.0,https://images.fantasypros.com/images/players/mlb/7111/headshot/70x70.png,"Paul DeJong (3B,SS - WSH)",,"Paul DeJong (WSH - 3B,SS)",Paul DeJong,DeJong,WSH,"3B,SS",,".208|34R|13HR|38RBI|2SB
",648.0
563,326.0,47.0,8,34.0,6.0,0.239,0.335,78,15.0,1.0,47.0,82.0,0.364,0.699,171,0%,0%,0%,H,https://www.fantasypros.com/mlb/players/mike-tauchman.php,,,,,,,,,,,,,,mike-tauchman,"Mike Tauchman (CWS - DH,OF)",Mike Tauchman,Tauchman,CWS,"DH,OF",,.239|47R|8HR|34RBI|6SB,571,"Mike Tauchman (CWS - DH,OF)",,,,908.0,523.0,716.0,"DH,OF","Mike Tauchman (CWS - DH,OF)",145.0,https://images.fantasypros.com/images/players/mlb/7084/headshot/70x70.png,"Mike Tauchman (RF,DH - CWS)",,"Mike Tauchman (CWS - DH,OF)",Mike Tauchman,Tauchman,CWS,"DH,OF",,".239|47R|8HR|34RBI|6SB
",449.0
564,,,8,,,,,61,,,,,,,85,1%,1%,0%,P,https://www.fantasypros.com/mlb/players/shinnosuke-ogasawara.php,59.9,49.0,2.0,0.0,4.68,1.38,31.0,21.0,30.0,8.0,2.0,0.0,7.36,shinnosuke-ogasawara,Shinnosuke Ogasawara (WSH - SP),Shinnosuke Ogasawara,Ogasawara,WSH,SP,,2-2-0SV|4.68|1.38|7.36K9,572,Shinnosuke Ogasawara (WSH - SP),,,,1112.0,524.0,818.0,SP,Shinnosuke Ogasawara (WSH - SP),246.0,https://images.fantasypros.com/images/players/mlb/missing/headshot/70x70.png,Shinnosuke Ogasawara (SP - WSH),,Shinnosuke Ogasawara (WSH - SP),Shinnosuke Ogasawara,Ogasawara,WSH,SP,,"2-2-0SV|4.68|1.38|7.36K9
",700.0
565,331.0,40.0,7,32.0,10.0,0.235,0.309,78,15.0,1.0,36.0,82.0,0.355,0.664,153,1%,1%,0%,H,https://www.fantasypros.com/mlb/players/josh-rojas.php,,,,,,,,,,,,,,josh-rojas,Josh Rojas (CWS - 3B),Josh Rojas,Rojas,CWS,3B,,.235|40R|7HR|32RBI|10SB,573,Josh Rojas (CWS - 3B),,,,1097.0,525.0,811.0,"2B,3B","Josh Rojas (CWS - 2B,3B)",238.0,https://images.fantasypros.com/images/players/mlb/26964/headshot/70x70.png,Josh Rojas (3B - CWS),,Josh Rojas (CWS - 3B),Josh Rojas,Rojas,CWS,3B,,".235|40R|7HR|32RBI|10SB
",515.0
566,,,16,,,,,112,,,,,,,160,1%,2%,1%,P,https://www.fantasypros.com/mlb/players/trevor-williams.php,109.4,87.0,5.0,0.0,4.48,1.34,54.0,35.0,40.0,17.0,6.0,0.0,7.16,trevor-williams,Trevor Williams (WSH - SP),Trevor Williams,Williams,WSH,SP,,5-6-0SV|4.48|1.34|7.16K9,574,Trevor Williams (WSH - SP),,,,1061.0,526.0,794.0,SP,Trevor Williams (WSH - SP),220.0,https://images.fantasypros.com/images/players/mlb/4982/headshot/70x70.png,Trevor Williams (SP - WSH),,Trevor Williams (WSH - SP),Trevor Williams,Williams,WSH,SP,,"5-6-0SV|4.48|1.34|7.16K9
",487.0
567,147.0,19.0,4,17.0,4.0,0.221,0.279,33,7.0,1.0,12.0,52.0,0.369,0.648,53,1%,1%,0%,H,https://www.fantasypros.com/mlb/players/joey-loperfido.php,,,,,,,,,,,,,,joey-loperfido,Joey Loperfido (TOR - OF),Joey Loperfido,Loperfido,TOR,OF,,.221|19R|4HR|17RBI|4SB,575,Joey Loperfido (TOR - OF),,,,1107.0,528.0,818.0,OF,Joey Loperfido (TOR - OF),243.0,https://images.fantasypros.com/images/players/mlb/missing/headshot/70x70.png,"Joey Loperfido (LF,CF - TOR)",,Joey Loperfido (TOR - OF),Joey Loperfido,Loperfido,TOR,OF,,".221|19R|4HR|17RBI|4SB
",781.0
568,221.0,26.0,4,23.0,6.0,0.239,0.314,53,10.0,1.0,24.0,63.0,0.351,0.665,93,0%,0%,0%,H,https://www.fantasypros.com/mlb/players/jared-triolo.php,,,,,,,,,,,,,,jared-triolo,"Jared Triolo (PIT - 2B,3B)",Jared Triolo,Triolo,PIT,"2B,3B",,.239|26R|4HR|23RBI|6SB,576,"Jared Triolo (PIT - 2B,3B)",,,,1225.0,529.0,877.0,"2B,3B,SS","Jared Triolo (PIT - 2B,3B,SS)",301.0,https://images.fantasypros.com/images/players/mlb/44918/headshot/70x70.png,"Jared Triolo (2B,3B - PIT)",,"Jared Triolo (PIT - 2B,3B)",Jared Triolo,Triolo,PIT,"2B,3B",,".239|26R|4HR|23RBI|6SB
",678.0
569,,,7,,,,,52,,,,,,,86,0%,0%,0%,P,https://www.fantasypros.com/mlb/players/tyler-gilbert.php,50.3,43.0,2.0,0.0,4.48,1.35,25.0,16.0,44.0,1.0,3.0,0.0,7.69,tyler-gilbert,Tyler Gilbert (CWS - RP),Tyler Gilbert,Gilbert,CWS,RP,,2-3-0SV|4.48|1.35|7.69K9,577,Tyler Gilbert (CWS - RP),,,,529.0,944.0,736.0,RP,Tyler Gilbert (CWS - RP),159.0,https://images.fantasypros.com/images/players/mlb/8370/headshot/70x70.png,Tyler Gilbert (RP - CWS),,Tyler Gilbert (CWS - RP),Tyler Gilbert,Gilbert,CWS,RP,,"2-3-0SV|4.48|1.35|7.69K9
",692.0
570,342.0,41.0,13,46.0,1.0,0.235,0.297,81,18.0,0.0,30.0,80.0,0.41,0.707,174,1%,1%,1%,H,https://www.fantasypros.com/mlb/players/hunter-renfroe.php,,,,,,,,,,,,,,hunter-renfroe,Hunter Renfroe (KC - OF),Hunter Renfroe,Renfroe,KC,OF,,.235|41R|13HR|46RBI|1SB,578,Hunter Renfroe (KC - OF),,,,1127.0,530.0,828.0,OF,Hunter Renfroe (KC - OF),250.0,https://images.fantasypros.com/images/players/mlb/4959/headshot/70x70.png,Hunter Renfroe (RF - KC),,Hunter Renfroe (KC - OF),Hunter Renfroe,Renfroe,KC,OF,,".235|41R|13HR|46RBI|1SB
",434.0
571,146.0,17.0,4,18.0,1.0,0.244,0.314,36,7.0,0.0,15.0,33.0,0.384,0.698,72,1%,1%,0%,H,https://www.fantasypros.com/mlb/players/edgar-quero.php,,,,,,,,,,,,,,edgar-quero,Edgar Quero (CWS - C),Edgar Quero,Quero,CWS,C,NRI,.244|17R|4HR|18RBI|1SB,579,Edgar Quero (CWS - C),,,,895.0,532.0,714.0,C,Edgar Quero (CWS - C),135.0,https://images.fantasypros.com/images/players/mlb/missing/headshot/70x70.png,Edgar Quero (C - CWS),,Edgar Quero (CWS - C),Edgar Quero,Quero,CWS,C,,".244|17R|4HR|18RBI|1SB
",731.0
572,,,16,,,,,101,,,,,,,177,4%,5%,2%,P,https://www.fantasypros.com/mlb/players/jack-leiter.php,109.6,111.0,5.0,0.0,4.64,1.36,56.0,48.0,32.0,18.0,7.0,0.0,9.11,jack-leiter,"Jack Leiter (TEX - RP,SP)",Jack Leiter,Leiter,TEX,"RP,SP",,5-7-0SV|4.64|1.36|9.11K9,580,"Jack Leiter (TEX - RP,SP)",,,,1031.0,533.0,782.0,"RP,SP","Jack Leiter (TEX - RP,SP)",202.0,https://images.fantasypros.com/images/players/mlb/missing/headshot/70x70.png,"Jack Leiter (SP,RP - TEX)",,"Jack Leiter (TEX - RP,SP)",Jack Leiter,Leiter,TEX,"RP,SP",,"5-7-0SV|4.64|1.36|9.11K9
",423.0
573,195.0,25.0,4,21.0,9.0,0.225,0.304,44,8.0,1.0,22.0,57.0,0.339,0.643,86,1%,1%,0%,H,https://www.fantasypros.com/mlb/players/blake-perkins-of.php,,,,,,,,,,,,,,blake-perkins-of,Blake Perkins (MIL - OF),Blake Perkins,Perkins,MIL,OF,,.225|25R|4HR|21RBI|9SB,581,Blake Perkins (MIL - OF),,,,1081.0,535.0,808.0,OF,Blake Perkins (MIL - OF),227.0,https://images.fantasypros.com/images/players/mlb/10117/headshot/70x70.png,Blake Perkins (CF - MIL),,Blake Perkins (MIL - OF),Blake Perkins,Perkins,MIL,OF,,".225|25R|4HR|21RBI|9SB
",693.0
574,128.0,18.0,7,19.0,2.0,0.227,0.309,29,5.0,0.0,15.0,36.0,0.427,0.737,72,1%,1%,1%,H,https://www.fantasypros.com/mlb/players/ben-rice.php,,,,,,,,,,,,,,ben-rice,Ben Rice (NYY - 1B),Ben Rice,Rice,NYY,1B,,.227|18R|7HR|19RBI|2SB,582,Ben Rice (NYY - 1B),,,,1032.0,536.0,784.0,1B,Ben Rice (NYY - 1B),202.0,https://images.fantasypros.com/images/players/mlb/missing/headshot/70x70.png,Ben Rice (1B - NYY),,Ben Rice (NYY - 1B),Ben Rice,Rice,NYY,1B,,".227|18R|7HR|19RBI|2SB
",732.0
575,,,18,,,,,121,,,,,,,177,1%,2%,0%,P,https://www.fantasypros.com/mlb/players/colin-rea.php,119.3,94.0,6.0,0.0,4.53,1.3,60.0,34.0,29.0,19.0,7.0,0.0,7.09,colin-rea,Colin Rea (CHC - SP),Colin Rea,Rea,CHC,SP,,6-7-0SV|4.53|1.30|7.09K9,583,Colin Rea (CHC - SP),,,,1234.0,537.0,886.0,"RP,SP","Colin Rea (CHC - RP,SP)",303.0,https://images.fantasypros.com/images/players/mlb/5822/headshot/70x70.png,Colin Rea (SP - CHC),,Colin Rea (CHC - SP),Colin Rea,Rea,CHC,SP,,"6-7-0SV|4.53|1.30|7.09K9
",424.0
576,189.0,25.0,5,22.0,8.0,0.231,0.317,44,8.0,2.0,24.0,50.0,0.373,0.691,100,1%,1%,0%,H,https://www.fantasypros.com/mlb/players/tyler-black.php,,,,,,,,,,,,,,tyler-black,Tyler Black (MIL - 1B),Tyler Black,Black,MIL,1B,,.231|25R|5HR|22RBI|8SB,584,Tyler Black (MIL - 1B),,,,1090.0,538.0,814.0,"1B,DH","Tyler Black (MIL - 1B,DH)",230.0,https://images.fantasypros.com/images/players/mlb/missing/headshot/70x70.png,Tyler Black (1B - MIL),,Tyler Black (MIL - 1B),Tyler Black,Black,MIL,1B,,".231|25R|5HR|22RBI|8SB
",659.0
577,,,22,,,,,157,,,,,,,184,1%,1%,0%,P,https://www.fantasypros.com/mlb/players/jonathan-cannon.php,151.3,110.0,6.0,0.0,4.79,1.39,81.0,53.0,30.0,26.0,11.0,0.0,6.54,jonathan-cannon,Jonathan Cannon (CWS - SP),Jonathan Cannon,Cannon,CWS,SP,,6-11-0SV|4.79|1.39|6.54K9,585,Jonathan Cannon (CWS - SP),,,,1193.0,539.0,866.0,SP,Jonathan Cannon (CWS - SP),281.0,https://images.fantasypros.com/images/players/mlb/missing/headshot/70x70.png,Jonathan Cannon (SP - CWS),,Jonathan Cannon (CWS - SP),Jonathan Cannon,Cannon,CWS,SP,,"6-11-0SV|4.79|1.39|6.54K9
",403.0
578,274.0,36.0,7,34.0,7.0,0.25,0.298,68,14.0,2.0,19.0,56.0,0.396,0.694,147,0%,0%,0%,H,https://www.fantasypros.com/mlb/players/alek-thomas.php,,,,,,,,,,,,,,alek-thomas,Alek Thomas (ARI - OF),Alek Thomas,Thomas,ARI,OF,,.250|36R|7HR|34RBI|7SB,586,Alek Thomas (ARI - OF),,,,1067.0,541.0,804.0,OF,Alek Thomas (ARI - OF),218.0,https://images.fantasypros.com/images/players/mlb/8265/headshot/70x70.png,Alek Thomas (CF - ARI),,Alek Thomas (ARI - OF),Alek Thomas,Thomas,ARI,OF,,".250|36R|7HR|34RBI|7SB
",530.0
579,,,5,,,,,39,,,,,,,82,1%,1%,0%,P,https://www.fantasypros.com/mlb/players/dl-hall.php,43.5,46.0,2.0,0.0,4.04,1.34,20.0,20.0,26.0,4.0,2.0,0.0,9.52,dl-hall,"DL Hall (MIL - RP,SP)",DL Hall,Hall,MIL,"RP,SP",IL60,2-2-0SV|4.04|1.34|9.52K9,587,"DL Hall (MIL - RP,SP)",,,,1140.0,542.0,841.0,"RP,SP","DL Hall (MIL - RP,SP)",254.0,https://images.fantasypros.com/images/players/mlb/6845/headshot/70x70.png,"DL Hall (SP,RP - MIL)",,"DL Hall (MIL - RP,SP)",DL Hall,Hall,MIL,"RP,SP",,"2-2-0SV|4.04|1.34|9.52K9
",708.0
580,160.0,23.0,6,19.0,8.0,0.21,0.305,33,8.0,1.0,22.0,63.0,0.387,0.691,69,1%,1%,0%,H,https://www.fantasypros.com/mlb/players/will-benson.php,,,,,,,,,,,,,,will-benson,Will Benson (CIN - OF),Will Benson,Benson,CIN,OF,MiLB,.210|23R|6HR|19RBI|8SB,588,Will Benson (CIN - OF),,,,1194.0,543.0,868.0,OF,Will Benson (CIN - OF),280.0,https://images.fantasypros.com/images/players/mlb/6408/headshot/70x70.png,"Will Benson (LF,CF,RF - CIN)",,Will Benson (CIN - OF),Will Benson,Benson,CIN,OF,,".210|23R|6HR|19RBI|8SB
",740.0
581,,,4,,,,,28,,,,,,,46,2%,4%,1%,P,https://www.fantasypros.com/mlb/players/brandon-sproat.php,29.3,25.0,2.0,0.0,4.38,1.33,14.0,11.0,6.0,6.0,2.0,0.0,7.68,brandon-sproat,Brandon Sproat (NYM - SP),Brandon Sproat,Sproat,NYM,SP,MiLB,2-2-0SV|4.38|1.33|7.68K9,589,Brandon Sproat (NYM - SP),,,,1109.0,545.0,827.0,SP,Brandon Sproat (NYM - SP),238.0,https://images.fantasypros.com/images/players/mlb/missing/headshot/70x70.png,Brandon Sproat (SP - NYM),,Brandon Sproat (NYM - SP),Brandon Sproat,Sproat,NYM,SP,,"2-2-0SV|4.38|1.33|7.68K9
",800.0
582,,,15,,,,,108,,,,,,,177,0%,0%,0%,P,https://www.fantasypros.com/mlb/players/chris-paddack.php,105.5,95.0,5.0,0.0,4.34,1.27,51.0,27.0,35.0,15.0,5.0,0.0,8.1,chris-paddack,Chris Paddack (MIN - SP),Chris Paddack,Paddack,MIN,SP,,5-5-0SV|4.34|1.27|8.10K9,590,Chris Paddack (MIN - SP),,,,1207.0,546.0,876.0,SP,Chris Paddack (MIN - SP),286.0,https://images.fantasypros.com/images/players/mlb/6426/headshot/70x70.png,Chris Paddack (SP - MIN),,Chris Paddack (MIN - SP),Chris Paddack,Paddack,MIN,SP,,"5-5-0SV|4.34|1.27|8.10K9
",425.0
583,202.0,24.0,6,24.0,3.0,0.239,0.279,48,10.0,1.0,11.0,54.0,0.381,0.661,86,0%,0%,0%,H,https://www.fantasypros.com/mlb/players/thomas-saggese.php,,,,,,,,,,,,,,thomas-saggese,Thomas Saggese (STL - 2B),Thomas Saggese,Saggese,STL,2B,,.239|24R|6HR|24RBI|3SB,591,Thomas Saggese (STL - 2B),,,,1227.0,547.0,887.0,2B,Thomas Saggese (STL - 2B),296.0,https://images.fantasypros.com/images/players/mlb/missing/headshot/70x70.png,Thomas Saggese (2B - STL),,Thomas Saggese (STL - 2B),Thomas Saggese,Saggese,STL,2B,,".239|24R|6HR|24RBI|3SB
",694.0
584,374.0,45.0,10,45.0,1.0,0.255,0.308,95,19.0,0.0,29.0,78.0,0.395,0.703,185,1%,2%,1%,H,https://www.fantasypros.com/mlb/players/tyler-france.php,,,,,,,,,,,,,,tyler-france,Ty France (MIN - 1B),Ty France,France,MIN,1B,,.255|45R|10HR|45RBI|1SB,592,Ty France (MIN - 1B),,,,1023.0,548.0,786.0,1B,Ty France (MIN - 1B),194.0,https://images.fantasypros.com/images/players/mlb/8163/headshot/70x70.png,Ty France (1B - MIN),,Ty France (MIN - 1B),Ty France,France,MIN,1B,,".255|45R|10HR|45RBI|1SB
",397.0
585,160.0,20.0,6,20.0,1.0,0.232,0.302,37,6.0,0.0,16.0,45.0,0.376,0.679,72,1%,2%,1%,H,https://www.fantasypros.com/mlb/players/brett-baty.php,,,,,,,,,,,,,,brett-baty,Brett Baty (NYM - 3B),Brett Baty,Baty,NYM,3B,,.232|20R|6HR|20RBI|1SB,593,Brett Baty (NYM - 3B),,,,1082.0,549.0,816.0,3B,Brett Baty (NYM - 3B),223.0,https://images.fantasypros.com/images/players/mlb/20757/headshot/70x70.png,Brett Baty (3B - NYM),,Brett Baty (NYM - 3B),Brett Baty,Baty,NYM,3B,,".232|20R|6HR|20RBI|1SB
",733.0
586,,,17,,,,,124,,,,,,,179,2%,2%,1%,P,https://www.fantasypros.com/mlb/players/mitch-spence.php,120.5,95.0,6.0,0.0,4.43,1.33,59.0,36.0,26.0,20.0,7.0,0.0,7.1,mitch-spence,"Mitch Spence (ATH - RP,SP)",Mitch Spence,Spence,ATH,"RP,SP",,6-7-0SV|4.43|1.33|7.10K9,594,"Mitch Spence (ATH - RP,SP)",,,,1243.0,551.0,897.0,"RP,SP","Mitch Spence (ATH - RP,SP)",303.0,https://images.fantasypros.com/images/players/mlb/45318/headshot/70x70.png,"Mitch Spence (SP,RP - ATH)",,"Mitch Spence (ATH - RP,SP)",Mitch Spence,Spence,ATH,"RP,SP",,"6-7-0SV|4.43|1.33|7.10K9
",417.0
587,54.0,9.0,2,7.0,2.0,0.213,0.344,12,2.0,0.0,11.0,22.0,0.391,0.735,25,2%,3%,1%,H,https://www.fantasypros.com/mlb/players/emmanuel-rodriguez.php,,,,,,,,,,,,,,emmanuel-rodriguez,Emmanuel Rodriguez (MIN - OF),Emmanuel Rodriguez,Rodriguez,MIN,OF,MiLB,.213|9R|2HR|7RBI|2SB,595,Emmanuel Rodriguez (MIN - OF),,,,1108.0,552.0,830.0,OF,Emmanuel Rodriguez (MIN - OF),235.0,https://images.fantasypros.com/images/players/mlb/missing/headshot/70x70.png,Emmanuel Rodriguez (CF - MIN),,Emmanuel Rodriguez (MIN - OF),Emmanuel Rodriguez,Rodriguez,MIN,OF,,".213|9R|2HR|7RBI|2SB
",848.0
588,190.0,19.0,6,19.0,4.0,0.214,0.255,41,8.0,0.0,11.0,61.0,0.35,0.606,59,0%,0%,0%,H,https://www.fantasypros.com/mlb/players/korey-lee.php,,,,,,,,,,,,,,korey-lee,Korey Lee (CWS - C),Korey Lee,Lee,CWS,C,,.214|19R|6HR|19RBI|4SB,596,Korey Lee (CWS - C),,,,1152.0,553.0,852.0,C,Korey Lee (CWS - C),256.0,https://images.fantasypros.com/images/players/mlb/20414/headshot/70x70.png,Korey Lee (C - CWS),,Korey Lee (CWS - C),Korey Lee,Lee,CWS,C,,".214|19R|6HR|19RBI|4SB
",769.0
589,292.0,35.0,12,37.0,6.0,0.229,0.268,67,13.0,2.0,16.0,91.0,0.407,0.676,123,1%,1%,0%,H,https://www.fantasypros.com/mlb/players/mckenzie-moniak.php,,,,,,,,,,,,,,mckenzie-moniak,Mickey Moniak (LAA - OF),Mickey Moniak,Moniak,LAA,OF,,.229|35R|12HR|37RBI|6SB,597,Mickey Moniak (LAA - OF),,,,1222.0,554.0,888.0,OF,Mickey Moniak (LAA - OF),291.0,https://images.fantasypros.com/images/players/mlb/8368/headshot/70x70.png,Mickey Moniak (CF - LAA),,Mickey Moniak (LAA - OF),Mickey Moniak,Moniak,LAA,OF,,".229|35R|12HR|37RBI|6SB
",591.0
590,33.0,4.0,1,3.0,0.0,0.237,0.309,8,2.0,0.0,3.0,9.0,0.381,0.69,15,2%,4%,1%,H,https://www.fantasypros.com/mlb/players/nick-kurtz.php,,,,,,,,,,,,,,nick-kurtz,Nick Kurtz (ATH - 1B),Nick Kurtz,Kurtz,ATH,1B,MiLB,.237|4R|1HR|3RBI|0SB,598,Nick Kurtz (ATH - 1B),,,,1042.0,556.0,799.0,1B,Nick Kurtz (ATH - 1B),201.0,https://images.fantasypros.com/images/players/mlb/missing/headshot/70x70.png,Nick Kurtz (1B - ATH),,Nick Kurtz (ATH - 1B),Nick Kurtz,Kurtz,ATH,1B,,".237|4R|1HR|3RBI|0SB
",872.0
591,430.0,59.0,10,46.0,13.0,0.237,0.289,102,21.0,5.0,32.0,99.0,0.378,0.667,215,1%,1%,1%,H,https://www.fantasypros.com/mlb/players/kyle-isbel.php,,,,,,,,,,,,,,kyle-isbel,Kyle Isbel (KC - OF),Kyle Isbel,Isbel,KC,OF,,.237|59R|10HR|46RBI|13SB,599,Kyle Isbel (KC - OF),,,,1069.0,558.0,814.0,OF,Kyle Isbel (KC - OF),215.0,https://images.fantasypros.com/images/players/mlb/8285/headshot/70x70.png,Kyle Isbel (CF - KC),,Kyle Isbel (KC - OF),Kyle Isbel,Isbel,KC,OF,,".237|59R|10HR|46RBI|13SB
",331.0
592,,,13,,,,,85,,,,,,,121,1%,1%,1%,P,https://www.fantasypros.com/mlb/players/drew-thorpe-.php,87.4,68.0,4.0,0.0,4.55,1.34,44.0,32.0,16.0,16.0,6.0,0.0,7.0,drew-thorpe-,Drew Thorpe (CWS - SP),Drew Thorpe,Thorpe,CWS,SP,,4-6-0SV|4.55|1.34|7.00K9,600,Drew Thorpe (CWS - SP),,,,1130.0,560.0,845.0,SP,Drew Thorpe (CWS - SP),245.0,https://images.fantasypros.com/images/players/mlb/missing/headshot/70x70.png,Drew Thorpe (SP - CWS),,Drew Thorpe (CWS - SP),Drew Thorpe,Thorpe,CWS,SP,,"4-6-0SV|4.55|1.34|7.00K9
",597.0
593,,,6,,,,,51,,,,,,,103,1%,1%,0%,P,https://www.fantasypros.com/mlb/players/brant-hurter.php,53.0,44.0,3.0,0.0,3.77,1.21,22.0,13.0,43.0,1.0,3.0,0.0,7.47,brant-hurter,Brant Hurter (DET - RP),Brant Hurter,Hurter,DET,RP,,3-3-0SV|3.77|1.21|7.47K9,601,Brant Hurter (DET - RP),,,,1076.0,561.0,818.0,RP,Brant Hurter (DET - RP),217.0,https://images.fantasypros.com/images/players/mlb/missing/headshot/70x70.png,Brant Hurter (RP - DET),,Brant Hurter (DET - RP),Brant Hurter,Hurter,DET,RP,,"3-3-0SV|3.77|1.21|7.47K9
",649.0
594,203.0,25.0,9,29.0,1.0,0.219,0.277,44,10.0,1.0,16.0,60.0,0.413,0.69,96,1%,2%,1%,H,https://www.fantasypros.com/mlb/players/orelvis-martinez.php,,,,,,,,,,,,,,orelvis-martinez,"Orelvis Martinez (TOR - 2B,3B)",Orelvis Martinez,Martinez,TOR,"2B,3B",,.219|25R|9HR|29RBI|1SB,602,"Orelvis Martinez (TOR - 2B,3B)",,,,1155.0,562.0,858.0,"2B,3B","Orelvis Martinez (TOR - 2B,3B)",256.0,https://images.fantasypros.com/images/players/mlb/43695/headshot/70x70.png,"Orelvis Martinez (2B,3B - TOR)",,"Orelvis Martinez (TOR - 2B,3B)",Orelvis Martinez,Martinez,TOR,"2B,3B",,".219|25R|9HR|29RBI|1SB
",667.0
595,289.0,37.0,4,28.0,20.0,0.246,0.282,71,13.0,2.0,14.0,62.0,0.352,0.633,136,1%,1%,1%,H,https://www.fantasypros.com/mlb/players/johan-rojas.php,,,,,,,,,,,,,,johan-rojas,Johan Rojas (PHI - OF),Johan Rojas,Rojas,PHI,OF,,.246|37R|4HR|28RBI|20SB,603,Johan Rojas (PHI - OF),,,,1101.0,563.0,832.0,OF,Johan Rojas (PHI - OF),229.0,https://images.fantasypros.com/images/players/mlb/44203/headshot/70x70.png,Johan Rojas (CF - PHI),,Johan Rojas (PHI - OF),Johan Rojas,Rojas,PHI,OF,,".246|37R|4HR|28RBI|20SB
",564.0
596,43.0,5.0,1,4.0,2.0,0.238,0.317,10,2.0,0.0,5.0,9.0,0.376,0.693,22,1%,1%,0%,H,https://www.fantasypros.com/mlb/players/adael-amador.php,,,,,,,,,,,,,,adael-amador,Adael Amador (COL - 2B),Adael Amador,Amador,COL,2B,MiLB,.238|5R|1HR|4RBI|2SB,604,Adael Amador (COL - 2B),,,,1171.0,564.0,868.0,2B,Adael Amador (COL - 2B),264.0,https://images.fantasypros.com/images/players/mlb/44920/headshot/70x70.png,Adael Amador (2B - COL),,Adael Amador (COL - 2B),Adael Amador,Amador,COL,2B,,".238|5R|1HR|4RBI|2SB
",851.0
597,251.0,30.0,8,30.0,1.0,0.23,0.296,58,10.0,0.0,24.0,56.0,0.368,0.665,121,1%,2%,1%,H,https://www.fantasypros.com/mlb/players/anthony-rizzo.php,,,,,,,,,,,,,,anthony-rizzo,Anthony Rizzo (FA - 1B),Anthony Rizzo,Rizzo,FA,1B,FA,.230|30R|8HR|30RBI|1SB,606,Anthony Rizzo (FA - 1B),,,,1131.0,566.0,848.0,1B,Anthony Rizzo (FA - 1B),242.0,https://images.fantasypros.com/images/players/mlb/4307/headshot/70x70.png,Anthony Rizzo (1B - FA),,Anthony Rizzo (FA - 1B),Anthony Rizzo,Rizzo,FA,1B,,".230|30R|8HR|30RBI|1SB
",598.0
598,,,5,,,,,40,,,,,,,62,0%,0%,0%,P,https://www.fantasypros.com/mlb/players/trevor-rogers.php,40.2,34.0,2.0,0.0,4.39,1.37,20.0,15.0,19.0,4.0,2.0,0.0,7.61,trevor-rogers,Trevor Rogers (BAL - SP),Trevor Rogers,Rogers,BAL,SP,,2-2-0SV|4.39|1.37|7.61K9,607,Trevor Rogers (BAL - SP),,,,1128.0,567.0,848.0,SP,Trevor Rogers (BAL - SP),241.0,https://images.fantasypros.com/images/players/mlb/6995/headshot/70x70.png,Trevor Rogers (SP - BAL),,Trevor Rogers (BAL - SP),Trevor Rogers,Rogers,BAL,SP,,"2-2-0SV|4.39|1.37|7.61K9
",759.0
599,,,25,,,,,172,,,,,,,166,0%,0%,0%,P,https://www.fantasypros.com/mlb/players/kyle-freeland.php,150.2,107.0,7.0,0.0,5.08,1.42,85.0,42.0,27.0,27.0,11.0,0.0,6.41,kyle-freeland,Kyle Freeland (COL - SP),Kyle Freeland,Freeland,COL,SP,,7-11-0SV|5.08|1.42|6.41K9,608,Kyle Freeland (COL - SP),,,,879.0,568.0,724.0,SP,Kyle Freeland (COL - SP),116.0,https://images.fantasypros.com/images/players/mlb/6041/headshot/70x70.png,Kyle Freeland (SP - COL),,Kyle Freeland (COL - SP),Kyle Freeland,Freeland,COL,SP,,"7-11-0SV|5.08|1.42|6.41K9
",464.0
600,,,21,,,,,151,,,,,,,189,0%,0%,0%,P,https://www.fantasypros.com/mlb/players/german-marquez.php,142.9,117.0,7.0,0.0,4.81,1.4,76.0,48.0,26.0,26.0,10.0,0.0,7.37,german-marquez,German Marquez (COL - SP),German Marquez,Marquez,COL,SP,,7-10-0SV|4.81|1.40|7.37K9,609,German Marquez (COL - SP),,,,1211.0,569.0,890.0,SP,German Marquez (COL - SP),281.0,https://images.fantasypros.com/images/players/mlb/5893/headshot/70x70.png,German Marquez (SP - COL),,German Marquez (COL - SP),German Marquez,Marquez,COL,SP,,"7-10-0SV|4.81|1.40|7.37K9
",389.0
601,,,7,,,,,55,,,,,,,158,2%,3%,1%,P,https://www.fantasypros.com/mlb/players/jose-butto.php,64.4,64.0,4.0,1.0,3.8,1.26,27.0,27.0,54.0,0.0,3.0,0.0,8.94,jose-butto,"Jose Butto (NYM - RP,SP)",Jose Butto,Butto,NYM,"RP,SP",,4-3-1SV|3.80|1.26|8.94K9,610,"Jose Butto (NYM - RP,SP)",,,,1247.0,571.0,909.0,"RP,SP","Jose Butto (NYM - RP,SP)",299.0,https://images.fantasypros.com/images/players/mlb/7207/headshot/70x70.png,"Jose Butto (SP,RP - NYM)",,"Jose Butto (NYM - RP,SP)",Jose Butto,Butto,NYM,"RP,SP",,"4-3-1SV|3.80|1.26|8.94K9
",493.0
602,,,7,,,,,59,,,,,,,165,1%,2%,1%,P,https://www.fantasypros.com/mlb/players/garrett-whitlock.php,63.6,62.0,3.0,2.0,3.61,1.17,25.0,15.0,53.0,0.0,3.0,0.0,8.77,garrett-whitlock,Garrett Whitlock (BOS - SP),Garrett Whitlock,Whitlock,BOS,SP,,3-3-2SV|3.61|1.17|8.77K9,611,Garrett Whitlock (BOS - SP),,,,1236.0,572.0,904.0,SP,Garrett Whitlock (BOS - SP),293.0,https://images.fantasypros.com/images/players/mlb/7916/headshot/70x70.png,Garrett Whitlock (SP - BOS),,Garrett Whitlock (BOS - SP),Garrett Whitlock,Whitlock,BOS,SP,,"3-3-2SV|3.61|1.17|8.77K9
",467.0
603,,,10,,,,,74,,,,,,,135,1%,1%,0%,P,https://www.fantasypros.com/mlb/players/cade-cavalli-p.php,80.8,76.0,4.0,0.0,4.27,1.33,38.0,33.0,24.0,14.0,5.0,1.0,8.47,cade-cavalli-p,Cade Cavalli (WSH - SP),Cade Cavalli,Cavalli,WSH,SP,,4-5-0SV|4.27|1.33|8.47K9,612,Cade Cavalli (WSH - SP),,,,1251.0,574.0,912.0,SP,Cade Cavalli (WSH - SP),300.0,https://images.fantasypros.com/images/players/mlb/43871/headshot/70x70.png,Cade Cavalli (SP - WSH),,Cade Cavalli (WSH - SP),Cade Cavalli,Cavalli,WSH,SP,,"4-5-0SV|4.27|1.33|8.47K9
",568.0
604,,,8,,,,,58,,,,,,,154,1%,1%,0%,P,https://www.fantasypros.com/mlb/players/tayler-scott.php,65.2,66.0,4.0,1.0,4.05,1.34,29.0,29.0,62.0,0.0,3.0,0.0,9.11,tayler-scott,Tayler Scott (HOU - RP),Tayler Scott,Scott,HOU,RP,,4-3-1SV|4.05|1.34|9.11K9,613,Tayler Scott (HOU - RP),,,,626.0,818.0,722.0,RP,Tayler Scott (HOU - RP),109.0,https://images.fantasypros.com/images/players/mlb/7596/headshot/70x70.png,Tayler Scott (RP - HOU),,Tayler Scott (HOU - RP),Tayler Scott,Scott,HOU,RP,,"4-3-1SV|4.05|1.34|9.11K9
",508.0
605,196.0,23.0,6,24.0,1.0,0.242,0.307,48,7.0,0.0,18.0,45.0,0.375,0.682,94,1%,1%,0%,H,https://www.fantasypros.com/mlb/players/victor-caratini.php,,,,,,,,,,,,,,victor-caratini,Victor Caratini (HOU - C),Victor Caratini,Caratini,HOU,C,,.242|23R|6HR|24RBI|1SB,614,Victor Caratini (HOU - C),,,,1096.0,575.0,836.0,"1B,C","Victor Caratini (HOU - 1B,C)",222.0,https://images.fantasypros.com/images/players/mlb/5080/headshot/70x70.png,Victor Caratini (C - HOU),,Victor Caratini (HOU - C),Victor Caratini,Caratini,HOU,C,,".242|23R|6HR|24RBI|1SB
",673.0
606,,,19,,,,,142,,,,,,,158,0%,0%,0%,P,https://www.fantasypros.com/mlb/players/cal-quantrill.php,134.5,97.0,7.0,0.0,4.85,1.44,72.0,51.0,25.0,25.0,10.0,0.0,6.49,cal-quantrill,Cal Quantrill (MIA - SP),Cal Quantrill,Quantrill,MIA,SP,,7-10-0SV|4.85|1.44|6.49K9,615,Cal Quantrill (MIA - SP),,,,998.0,576.0,787.0,SP,Cal Quantrill (MIA - SP),172.0,https://images.fantasypros.com/images/players/mlb/6399/headshot/70x70.png,Cal Quantrill (SP - MIA),,Cal Quantrill (MIA - SP),Cal Quantrill,Quantrill,MIA,SP,,"7-10-0SV|4.85|1.44|6.49K9
",494.0
607,341.0,37.0,9,36.0,3.0,0.204,0.281,70,14.0,1.0,36.0,112.0,0.331,0.611,113,2%,3%,1%,H,https://www.fantasypros.com/mlb/players/colson-montgomery.php,,,,,,,,,,,,,,colson-montgomery,Colson Montgomery (CWS - SS),Colson Montgomery,Montgomery,CWS,SS,MiLB,.204|37R|9HR|36RBI|3SB,616,Colson Montgomery (CWS - SS),,,,1035.0,577.0,806.0,SS,Colson Montgomery (CWS - SS),190.0,https://images.fantasypros.com/images/players/mlb/missing/headshot/70x70.png,Colson Montgomery (SS - CWS),,Colson Montgomery (CWS - SS),Colson Montgomery,Montgomery,CWS,SS,,".204|37R|9HR|36RBI|3SB
",623.0
608,,,4,,,,,23,,,,,,,48,1%,1%,0%,P,https://www.fantasypros.com/mlb/players/john-means.php,26.4,21.0,2.0,0.0,3.77,1.13,11.0,7.0,6.0,5.0,2.0,0.0,7.16,john-means,John Means (CLE - SP),John Means,Means,CLE,SP,,2-2-0SV|3.77|1.13|7.16K9,617,John Means (CLE - SP),,,,577.0,977.0,777.0,SP,John Means (CLE - SP),160.0,https://images.fantasypros.com/images/players/mlb/8079/headshot/70x70.png,John Means (SP - CLE),,John Means (CLE - SP),John Means,Means,CLE,SP,,"2-2-0SV|3.77|1.13|7.16K9
",795.0
609,51.0,6.0,2,6.0,1.0,0.225,0.302,11,2.0,0.0,6.0,18.0,0.355,0.657,20,1%,2%,0%,H,https://www.fantasypros.com/mlb/players/owen-caissie.php,,,,,,,,,,,,,,owen-caissie,Owen Caissie (CHC - OF),Owen Caissie,Caissie,CHC,OF,MiLB,.225|6R|2HR|6RBI|1SB,618,Owen Caissie (CHC - OF),,,,1102.0,578.0,840.0,OF,Owen Caissie (CHC - OF),222.0,https://images.fantasypros.com/images/players/mlb/missing/headshot/70x70.png,"Owen Caissie (LF,RF - CHC)",,Owen Caissie (CHC - OF),Owen Caissie,Caissie,CHC,OF,,".225|6R|2HR|6RBI|1SB
",857.0
610,,,3,,,,,22,,,,,,,31,2%,3%,0%,P,https://www.fantasypros.com/mlb/players/chris-flexen.php,20.9,17.0,1.0,0.0,4.68,1.41,11.0,7.0,13.0,1.0,1.0,0.0,7.32,chris-flexen,Chris Flexen (CHC - SP),Chris Flexen,Flexen,CHC,SP,MiLB,1-1-0SV|4.68|1.41|7.32K9,619,Chris Flexen (CHC - SP),,,,681.0,767.0,724.0,"RP,SP","Chris Flexen (CHC - RP,SP)",105.0,https://images.fantasypros.com/images/players/mlb/6543/headshot/70x70.png,Chris Flexen (SP - CHC),,Chris Flexen (CHC - SP),Chris Flexen,Flexen,CHC,SP,,"1-1-0SV|4.68|1.41|7.32K9
",836.0
611,260.0,28.0,6,29.0,1.0,0.233,0.303,61,13.0,1.0,26.0,70.0,0.359,0.663,108,0%,0%,0%,H,https://www.fantasypros.com/mlb/players/jacob-stallings.php,,,,,,,,,,,,,,jacob-stallings,Jacob Stallings (COL - C),Jacob Stallings,Stallings,COL,C,,.233|28R|6HR|29RBI|1SB,620,Jacob Stallings (COL - C),,,,935.0,580.0,758.0,C,Jacob Stallings (COL - C),138.0,https://images.fantasypros.com/images/players/mlb/6310/headshot/70x70.png,Jacob Stallings (C - COL),,Jacob Stallings (COL - C),Jacob Stallings,Stallings,COL,C,,".233|28R|6HR|29RBI|1SB
",635.0
612,330.0,34.0,7,36.0,1.0,0.261,0.303,86,15.0,1.0,20.0,59.0,0.379,0.682,157,1%,1%,0%,H,https://www.fantasypros.com/mlb/players/giovanny-urshela.php,,,,,,,,,,,,,,giovanny-urshela,Gio Urshela (ATH - 3B),Gio Urshela,Urshela,ATH,3B,,.261|34R|7HR|36RBI|1SB,621,Gio Urshela (ATH - 3B),,,,1026.0,581.0,804.0,"1B,3B","Gio Urshela (ATH - 1B,3B)",183.0,https://images.fantasypros.com/images/players/mlb/5595/headshot/70x70.png,Gio Urshela (3B - ATH),,Gio Urshela (ATH - 3B),Gio Urshela,Urshela,ATH,3B,,".261|34R|7HR|36RBI|1SB
",498.0
613,,,18,,,,,128,,,,,,,169,0%,0%,0%,P,https://www.fantasypros.com/mlb/players/bailey-falter.php,123.6,91.0,6.0,0.0,4.57,1.33,63.0,37.0,35.0,21.0,8.0,0.0,6.63,bailey-falter,Bailey Falter (PIT - SP),Bailey Falter,Falter,PIT,SP,,6-8-0SV|4.57|1.33|6.63K9,622,Bailey Falter (PIT - SP),,,,1180.0,582.0,881.0,SP,Bailey Falter (PIT - SP),259.0,https://images.fantasypros.com/images/players/mlb/44073/headshot/70x70.png,Bailey Falter (SP - PIT),,Bailey Falter (PIT - SP),Bailey Falter,Falter,PIT,SP,,"6-8-0SV|4.57|1.33|6.63K9
",457.0
614,,,11,,,,,66,,,,,,,95,1%,1%,0%,P,https://www.fantasypros.com/mlb/players/caden-dana.php,67.6,58.0,4.0,0.0,4.8,1.35,36.0,26.0,13.0,13.0,5.0,0.0,7.72,caden-dana,Caden Dana (LAA - SP),Caden Dana,Dana,LAA,SP,MiLB,4-5-0SV|4.80|1.35|7.72K9,623,Caden Dana (LAA - SP),,,,1196.0,585.0,890.0,SP,Caden Dana (LAA - SP),267.0,https://images.fantasypros.com/images/players/mlb/missing/headshot/70x70.png,Caden Dana (SP - LAA),,Caden Dana (LAA - SP),Caden Dana,Dana,LAA,SP,,"4-5-0SV|4.80|1.35|7.72K9
",670.0
615,37.0,5.0,1,5.0,1.0,0.229,0.285,8,2.0,0.0,3.0,12.0,0.371,0.656,15,0%,0%,0%,H,https://www.fantasypros.com/mlb/players/zach-dezenzo.php,,,,,,,,,,,,,,zach-dezenzo,Zach Dezenzo (HOU - 1B),Zach Dezenzo,Dezenzo,HOU,1B,,.229|5R|1HR|5RBI|1SB,624,Zach Dezenzo (HOU - 1B),,,,1085.0,586.0,836.0,1B,Zach Dezenzo (HOU - 1B),212.0,https://images.fantasypros.com/images/players/mlb/missing/headshot/70x70.png,Zach Dezenzo (1B - HOU),,Zach Dezenzo (HOU - 1B),Zach Dezenzo,Dezenzo,HOU,1B,,".229|5R|1HR|5RBI|1SB
",873.0
616,49.0,6.0,1,5.0,1.0,0.252,0.312,12,3.0,0.0,4.0,13.0,0.382,0.694,21,4%,6%,1%,H,https://www.fantasypros.com/mlb/players/marcelo-mayer.php,,,,,,,,,,,,,,marcelo-mayer,Marcelo Mayer (BOS - SS),Marcelo Mayer,Mayer,BOS,SS,NRI,.252|6R|1HR|5RBI|1SB,625,Marcelo Mayer (BOS - SS),,,,1226.0,587.0,906.0,SS,Marcelo Mayer (BOS - SS),281.0,https://images.fantasypros.com/images/players/mlb/missing/headshot/70x70.png,Marcelo Mayer (SS - BOS),,Marcelo Mayer (BOS - SS),Marcelo Mayer,Mayer,BOS,SS,,".252|6R|1HR|5RBI|1SB
",855.0
617,,,7,,,,,47,,,,,,,106,1%,1%,0%,P,https://www.fantasypros.com/mlb/players/eli-morgan.php,51.1,48.0,3.0,0.0,4.05,1.23,23.0,16.0,48.0,0.0,2.0,0.0,8.45,eli-morgan,Eli Morgan (CHC - RP),Eli Morgan,Morgan,CHC,RP,,3-2-0SV|4.05|1.23|8.45K9,626,Eli Morgan (CHC - RP),,,,588.0,869.0,728.0,RP,Eli Morgan (CHC - RP),102.0,https://images.fantasypros.com/images/players/mlb/43930/headshot/70x70.png,Eli Morgan (RP - CHC),,Eli Morgan (CHC - RP),Eli Morgan,Morgan,CHC,RP,,"3-2-0SV|4.05|1.23|8.45K9
",640.0
618,217.0,28.0,8,27.0,6.0,0.233,0.286,51,10.0,1.0,16.0,68.0,0.398,0.684,96,0%,0%,0%,H,https://www.fantasypros.com/mlb/players/ramon-laureano.php,,,,,,,,,,,,,,ramon-laureano,Ramon Laureano (BAL - OF),Ramon Laureano,Laureano,BAL,OF,,.233|28R|8HR|27RBI|6SB,627,Ramon Laureano (BAL - OF),,,,1161.0,588.0,874.0,OF,Ramon Laureano (BAL - OF),247.0,https://images.fantasypros.com/images/players/mlb/6740/headshot/70x70.png,"Ramon Laureano (LF,RF - BAL)",,Ramon Laureano (BAL - OF),Ramon Laureano,Laureano,BAL,OF,,".233|28R|8HR|27RBI|6SB
",668.0
619,,,14,,,,,92,,,,,,,124,3%,4%,1%,P,https://www.fantasypros.com/mlb/players/chase-dollander.php,91.2,85.0,4.0,0.0,4.9,1.43,50.0,39.0,17.0,17.0,6.0,0.0,8.39,chase-dollander,Chase Dollander (COL - SP),Chase Dollander,Dollander,COL,SP,NRI,4-6-0SV|4.90|1.43|8.39K9,628,Chase Dollander (COL - SP),,,,1263.0,592.0,928.0,SP,Chase Dollander (COL - SP),300.0,https://images.fantasypros.com/images/players/mlb/missing/headshot/70x70.png,Chase Dollander (SP - COL),,Chase Dollander (COL - SP),Chase Dollander,Dollander,COL,SP,,"4-6-0SV|4.90|1.43|8.39K9
",590.0
620,,,10,,,,,84,,,,,,,125,1%,1%,0%,P,https://www.fantasypros.com/mlb/players/ian-anderson.php,84.3,72.0,5.0,0.0,4.41,1.42,41.0,36.0,24.0,15.0,5.0,0.0,7.69,ian-anderson,Ian Anderson (ATL - SP),Ian Anderson,Anderson,ATL,SP,,5-5-0SV|4.41|1.42|7.69K9,629,Ian Anderson (ATL - SP),,,,1231.0,593.0,912.0,SP,Ian Anderson (ATL - SP),283.0,https://images.fantasypros.com/images/players/mlb/6479/headshot/70x70.png,Ian Anderson (SP - ATL),,Ian Anderson (ATL - SP),Ian Anderson,Anderson,ATL,SP,,"5-5-0SV|4.41|1.42|7.69K9
",585.0
621,123.0,16.0,2,11.0,4.0,0.216,0.295,26,5.0,0.0,14.0,37.0,0.318,0.612,45,0%,0%,0%,H,https://www.fantasypros.com/mlb/players/max-schuemann.php,,,,,,,,,,,,,,max-schuemann,"Max Schuemann (ATH - 3B,SS)",Max Schuemann,Schuemann,ATH,"3B,SS",,.216|16R|2HR|11RBI|4SB,630,"Max Schuemann (ATH - 3B,SS)",,,,1146.0,594.0,870.0,"2B,3B,OF,SS","Max Schuemann (ATH - 2B,3B,OF,SS)",240.0,https://images.fantasypros.com/images/players/mlb/missing/headshot/70x70.png,"Max Schuemann (3B,SS - ATH)",,"Max Schuemann (ATH - 3B,SS)",Max Schuemann,Schuemann,ATH,"3B,SS",,".216|16R|2HR|11RBI|4SB
",805.0
622,,,8,,,,,54,,,,,,,170,1%,2%,1%,P,https://www.fantasypros.com/mlb/players/seranthony-dominguez.php,62.3,67.0,3.0,4.0,3.82,1.25,26.0,24.0,62.0,0.0,3.0,0.0,9.68,seranthony-dominguez,Seranthony Dominguez (BAL - RP),Seranthony Dominguez,Dominguez,BAL,RP,,3-3-4SV|3.82|1.25|9.68K9,631,Seranthony Dominguez (BAL - RP),,,,1258.0,596.0,927.0,RP,Seranthony Dominguez (BAL - RP),296.0,https://images.fantasypros.com/images/players/mlb/7177/headshot/70x70.png,Seranthony Dominguez (RP - BAL),,Seranthony Dominguez (BAL - RP),Seranthony Dominguez,Dominguez,BAL,RP,,"3-3-4SV|3.82|1.25|9.68K9
",452.0
623,85.0,11.0,3,10.0,3.0,0.23,0.292,20,4.0,1.0,8.0,31.0,0.402,0.694,36,3%,5%,1%,H,https://www.fantasypros.com/mlb/players/carson-williams.php,,,,,,,,,,,,,,carson-williams,Carson Williams (TB - SS),Carson Williams,Williams,TB,SS,NRI,.230|11R|3HR|10RBI|3SB,632,Carson Williams (TB - SS),,,,1157.0,597.0,877.0,SS,Carson Williams (TB - SS),245.0,https://images.fantasypros.com/images/players/mlb/missing/headshot/70x70.png,Carson Williams (SS - TB),,Carson Williams (TB - SS),Carson Williams,Williams,TB,SS,,".230|11R|3HR|10RBI|3SB
",826.0
624,,,8,,,,,70,,,,,,,145,1%,0%,1%,P,https://www.fantasypros.com/mlb/players/lance-mccullers.php,77.7,76.0,5.0,0.0,3.86,1.32,33.0,32.0,26.0,11.0,4.0,0.0,8.8,lance-mccullers,Lance McCullers Jr. (HOU - SP),Lance McCullers Jr.,McCullers Jr.,HOU,SP,,5-4-0SV|3.86|1.32|8.80K9,633,Lance McCullers Jr. (HOU - SP),,,,1269.0,599.0,934.0,SP,Lance McCullers Jr. (HOU - SP),301.0,https://images.fantasypros.com/images/players/mlb/4831/headshot/70x70.png,Lance McCullers Jr. (SP - HOU),,Lance McCullers Jr. (HOU - SP),Lance McCullers Jr.,McCullers Jr.,HOU,SP,,"5-4-0SV|3.86|1.32|8.80K9
",540.0
625,76.0,9.0,3,9.0,1.0,0.232,0.294,18,4.0,0.0,7.0,25.0,0.384,0.678,33,3%,5%,1%,H,https://www.fantasypros.com/mlb/players/bryce-eldridge.php,,,,,,,,,,,,,,bryce-eldridge,Bryce Eldridge (SF - 1B),Bryce Eldridge,Eldridge,SF,1B,MiLB,.232|9R|3HR|9RBI|1SB,634,Bryce Eldridge (SF - 1B),,,,1168.0,600.0,884.0,1B,Bryce Eldridge (SF - 1B),250.0,https://images.fantasypros.com/images/players/mlb/missing/headshot/70x70.png,Bryce Eldridge (1B - SF),,Bryce Eldridge (SF - 1B),Bryce Eldridge,Eldridge,SF,1B,,".232|9R|3HR|9RBI|1SB
",834.0
626,,,20,,,,,149,,,,,,,173,1%,1%,0%,P,https://www.fantasypros.com/mlb/players/martin-perez.php,140.7,103.0,6.0,0.0,4.58,1.43,72.0,51.0,25.0,25.0,10.0,0.0,6.59,martin-perez,Martin Perez (CWS - SP),Martin Perez,Perez,CWS,SP,,6-10-0SV|4.58|1.43|6.59K9,635,Martin Perez (CWS - SP),,,,1160.0,601.0,880.0,SP,Martin Perez (CWS - SP),245.0,https://images.fantasypros.com/images/players/mlb/3501/headshot/70x70.png,Martin Perez (SP - CWS),,Martin Perez (CWS - SP),Martin Perez,Perez,CWS,SP,,"6-10-0SV|4.58|1.43|6.59K9
",439.0
627,215.0,27.0,10,31.0,1.0,0.214,0.287,46,8.0,1.0,22.0,65.0,0.401,0.688,103,1%,1%,0%,H,https://www.fantasypros.com/mlb/players/gary-sanchez.php,,,,,,,,,,,,,,gary-sanchez,"Gary Sanchez (BAL - C,DH)",Gary Sanchez,Sanchez,BAL,"C,DH",,.214|27R|10HR|31RBI|1SB,636,"Gary Sanchez (BAL - C,DH)",,,,1092.0,602.0,847.0,"C,DH","Gary Sanchez (BAL - C,DH)",211.0,https://images.fantasypros.com/images/players/mlb/4670/headshot/70x70.png,"Gary Sanchez (C,DH - BAL)",,"Gary Sanchez (BAL - C,DH)",Gary Sanchez,Sanchez,BAL,"C,DH",,".214|27R|10HR|31RBI|1SB
",650.0
628,51.0,5.0,2,6.0,0.0,0.228,0.265,12,2.0,0.0,3.0,15.0,0.35,0.615,19,1%,1%,0%,H,https://www.fantasypros.com/mlb/players/brady-house.php,,,,,,,,,,,,,,brady-house,Brady House (WSH - 3B),Brady House,House,WSH,3B,NRI,.228|5R|2HR|6RBI|0SB,637,Brady House (WSH - 3B),,,,1099.0,603.0,851.0,3B,Brady House (WSH - 3B),214.0,https://images.fantasypros.com/images/players/mlb/missing/headshot/70x70.png,Brady House (3B - WSH),,Brady House (WSH - 3B),Brady House,House,WSH,3B,,".228|5R|2HR|6RBI|0SB
",860.0
629,217.0,26.0,5,24.0,3.0,0.232,0.308,50,12.0,0.0,24.0,46.0,0.361,0.669,107,1%,1%,0%,H,https://www.fantasypros.com/mlb/players/juan-brito.php,,,,,,,,,,,,,,juan-brito,"Juan Brito (CLE - 1B,2B,3B)",Juan Brito,Brito,CLE,"1B,2B,3B",,.232|26R|5HR|24RBI|3SB,638,"Juan Brito (CLE - 1B,2B,3B)",,,,1134.0,604.0,869.0,"1B,2B,3B,OF,SS","Juan Brito (CLE - 1B,2B,3B,OF,SS)",231.0,https://images.fantasypros.com/images/players/mlb/missing/headshot/70x70.png,"Juan Brito (1B,2B,3B - CLE)",,"Juan Brito (CLE - 1B,2B,3B)",Juan Brito,Brito,CLE,"1B,2B,3B",,".232|26R|5HR|24RBI|3SB
",638.0
630,,,2,,,,,12,,,,,,,18,1%,1%,0%,P,https://www.fantasypros.com/mlb/players/thomas-harrington.php,12.0,9.0,1.0,0.0,4.44,1.29,6.0,3.0,3.0,2.0,1.0,0.0,6.75,thomas-harrington,Thomas Harrington (PIT - SP),Thomas Harrington,Harrington,PIT,SP,NRI,1-1-0SV|4.44|1.29|6.75K9,639,Thomas Harrington (PIT - SP),,,,1214.0,605.0,910.0,SP,Thomas Harrington (PIT - SP),271.0,https://images.fantasypros.com/images/players/mlb/missing/headshot/70x70.png,Thomas Harrington (SP - PIT),,Thomas Harrington (PIT - SP),Thomas Harrington,Harrington,PIT,SP,,"1-1-0SV|4.44|1.29|6.75K9
",863.0
631,195.0,23.0,3,16.0,11.0,0.213,0.283,42,7.0,1.0,19.0,55.0,0.296,0.58,73,0%,0%,0%,H,https://www.fantasypros.com/mlb/players/mike-siani.php,,,,,,,,,,,,,,mike-siani,Michael Siani (STL - OF),Michael Siani,Siani,STL,OF,,.213|23R|3HR|16RBI|11SB,641,Michael Siani (STL - OF),,,,1224.0,607.0,916.0,OF,Michael Siani (STL - OF),275.0,https://images.fantasypros.com/images/players/mlb/7929/headshot/70x70.png,Michael Siani (CF - STL),,Michael Siani (STL - OF),Michael Siani,Siani,STL,OF,,".213|23R|3HR|16RBI|11SB
",729.0
632,,,9,,,,,78,,,,,,,125,0%,0%,0%,P,https://www.fantasypros.com/mlb/players/kyle-wright.php,79.1,67.0,4.0,0.0,4.22,1.33,37.0,27.0,30.0,11.0,5.0,0.0,7.62,kyle-wright,Kyle Wright (KC - SP),Kyle Wright,Wright,KC,SP,,4-5-0SV|4.22|1.33|7.62K9,642,Kyle Wright (KC - SP),,,,1185.0,608.0,896.0,SP,Kyle Wright (KC - SP),254.0,https://images.fantasypros.com/images/players/mlb/6922/headshot/70x70.png,Kyle Wright (SP - KC),,Kyle Wright (KC - SP),Kyle Wright,Wright,KC,SP,,"4-5-0SV|4.22|1.33|7.62K9
",586.0
633,42.0,6.0,1,4.0,3.0,0.222,0.289,9,2.0,0.0,4.0,14.0,0.361,0.65,17,0%,0%,0%,H,https://www.fantasypros.com/mlb/players/jonatan-clase.php,,,,,,,,,,,,,,jonatan-clase,Jonatan Clase (TOR - OF),Jonatan Clase,Clase,TOR,OF,,.222|6R|1HR|4RBI|3SB,643,Jonatan Clase (TOR - OF),,,,1147.0,609.0,878.0,OF,Jonatan Clase (TOR - OF),235.0,https://images.fantasypros.com/images/players/mlb/45929/headshot/70x70.png,"Jonatan Clase (LF,CF - TOR)",,Jonatan Clase (TOR - OF),Jonatan Clase,Clase,TOR,OF,,".222|6R|1HR|4RBI|3SB
",868.0
634,113.0,14.0,4,14.0,1.0,0.232,0.299,26,6.0,0.0,11.0,32.0,0.392,0.691,52,0%,0%,0%,H,https://www.fantasypros.com/mlb/players/addison-barger.php,,,,,,,,,,,,,,addison-barger,"Addison Barger (TOR - 3B,OF)",Addison Barger,Barger,TOR,"3B,OF",,.232|14R|4HR|14RBI|1SB,644,"Addison Barger (TOR - 3B,OF)",,,,1195.0,610.0,902.0,"3B,OF","Addison Barger (TOR - 3B,OF)",258.0,https://images.fantasypros.com/images/players/mlb/45361/headshot/70x70.png,"Addison Barger (3B,RF - TOR)",,"Addison Barger (TOR - 3B,OF)",Addison Barger,Barger,TOR,"3B,OF",,".232|14R|4HR|14RBI|1SB
",784.0
635,101.0,12.0,3,12.0,3.0,0.226,0.281,23,5.0,1.0,8.0,31.0,0.378,0.659,44,0%,0%,0%,H,https://www.fantasypros.com/mlb/players/billy-cook.php,,,,,,,,,,,,,,billy-cook,"Billy Cook (PIT - 1B,OF)",Billy Cook,Cook,PIT,"1B,OF",,.226|12R|3HR|12RBI|3SB,645,"Billy Cook (PIT - 1B,OF)",,,,1164.0,612.0,888.0,"1B,OF","Billy Cook (PIT - 1B,OF)",243.0,https://images.fantasypros.com/images/players/mlb/missing/headshot/70x70.png,"Billy Cook (1B,CF,RF - PIT)",,"Billy Cook (PIT - 1B,OF)",Billy Cook,Cook,PIT,"1B,OF",,".226|12R|3HR|12RBI|3SB
",809.0
636,114.0,13.0,4,13.0,1.0,0.227,0.282,26,5.0,0.0,9.0,29.0,0.365,0.648,51,0%,0%,0%,H,https://www.fantasypros.com/mlb/players/bryan-ramos.php,,,,,,,,,,,,,,bryan-ramos,Bryan Ramos (CWS - 3B),Bryan Ramos,Ramos,CWS,3B,,.227|13R|4HR|13RBI|1SB,646,Bryan Ramos (CWS - 3B),,,,1136.0,613.0,874.0,3B,Bryan Ramos (CWS - 3B),228.0,https://images.fantasypros.com/images/players/mlb/45518/headshot/70x70.png,Bryan Ramos (3B - CWS),,Bryan Ramos (CWS - 3B),Bryan Ramos,Ramos,CWS,3B,,".227|13R|4HR|13RBI|1SB
",788.0
637,128.0,18.0,3,13.0,10.0,0.229,0.272,29,7.0,1.0,7.0,34.0,0.378,0.65,62,0%,0%,0%,H,https://www.fantasypros.com/mlb/players/jorge-mateo.php,,,,,,,,,,,,,,jorge-mateo,Jorge Mateo (BAL - 2B),Jorge Mateo,Mateo,BAL,2B,,.229|18R|3HR|13RBI|10SB,647,Jorge Mateo (BAL - 2B),,,,1133.0,615.0,874.0,2B,Jorge Mateo (BAL - 2B),227.0,https://images.fantasypros.com/images/players/mlb/5971/headshot/70x70.png,Jorge Mateo (2B - BAL),,Jorge Mateo (BAL - 2B),Jorge Mateo,Mateo,BAL,2B,,".229|18R|3HR|13RBI|10SB
",760.0
638,213.0,22.0,6,24.0,1.0,0.224,0.286,48,8.0,1.0,18.0,60.0,0.35,0.636,81,0%,0%,0%,H,https://www.fantasypros.com/mlb/players/pedro-pages.php,,,,,,,,,,,,,,pedro-pages,Pedro Pages (STL - C),Pedro Pages,Pages,STL,C,,.224|22R|6HR|24RBI|1SB,648,Pedro Pages (STL - C),,,,1181.0,616.0,898.0,C,Pedro Pages (STL - C),250.0,https://images.fantasypros.com/images/players/mlb/43967/headshot/70x70.png,Pedro Pages (C - STL),,Pedro Pages (STL - C),Pedro Pages,Pages,STL,C,,".224|22R|6HR|24RBI|1SB
",710.0
639,,,7,,,,,55,,,,,,,152,1%,1%,0%,P,https://www.fantasypros.com/mlb/players/adrian-morejon-p.php,61.8,64.0,3.0,1.0,3.62,1.24,25.0,21.0,59.0,0.0,3.0,0.0,9.32,adrian-morejon-p,Adrian Morejon (SD - RP),Adrian Morejon,Morejon,SD,RP,,3-3-1SV|3.62|1.24|9.32K9,649,Adrian Morejon (SD - RP),,,,1159.0,617.0,888.0,RP,Adrian Morejon (SD - RP),239.0,https://images.fantasypros.com/images/players/mlb/25391/headshot/70x70.png,Adrian Morejon (RP - SD),,Adrian Morejon (SD - RP),Adrian Morejon,Morejon,SD,RP,,"3-3-1SV|3.62|1.24|9.32K9
",517.0
640,,,22,,,,,113,,,,,,,144,0%,0%,0%,P,https://www.fantasypros.com/mlb/players/joey-estes.php,110.3,82.0,5.0,0.0,5.03,1.3,62.0,30.0,27.0,19.0,7.0,1.0,6.69,joey-estes,Joey Estes (ATH - SP),Joey Estes,Estes,ATH,SP,,5-7-0SV|5.03|1.30|6.69K9,650,Joey Estes (ATH - SP),,,,1071.0,618.0,844.0,SP,Joey Estes (ATH - SP),194.0,https://images.fantasypros.com/images/players/mlb/missing/headshot/70x70.png,Joey Estes (SP - ATH),,Joey Estes (ATH - SP),Joey Estes,Estes,ATH,SP,,"5-7-0SV|5.03|1.30|6.69K9
",543.0
641,,,7,,,,,57,,,,,,,104,0%,0%,0%,P,https://www.fantasypros.com/mlb/players/spencer-turnbull.php,61.8,57.0,4.0,0.0,4.17,1.29,29.0,23.0,13.0,11.0,4.0,0.0,8.3,spencer-turnbull,"Spencer Turnbull (FA - RP,SP)",Spencer Turnbull,Turnbull,FA,"RP,SP",FA,4-4-0SV|4.17|1.29|8.30K9,651,"Spencer Turnbull (FA - RP,SP)",,,,1197.0,620.0,908.0,"RP,SP","Spencer Turnbull (FA - RP,SP)",257.0,https://images.fantasypros.com/images/players/mlb/7850/headshot/70x70.png,"Spencer Turnbull (SP,RP - FA)",,"Spencer Turnbull (FA - RP,SP)",Spencer Turnbull,Turnbull,FA,"RP,SP",,"4-4-0SV|4.17|1.29|8.30K9
",647.0
642,98.0,11.0,2,10.0,2.0,0.206,0.274,20,4.0,0.0,9.0,32.0,0.311,0.585,29,5%,8%,2%,H,https://www.fantasypros.com/mlb/players/travis-bazzana.php,,,,,,,,,,,,,,travis-bazzana,Travis Bazzana (CLE - 2B),Travis Bazzana,Bazzana,CLE,2B,MiLB,.206|11R|2HR|10RBI|2SB,652,Travis Bazzana (CLE - 2B),,,,1206.0,621.0,914.0,2B,Travis Bazzana (CLE - 2B),262.0,https://images.fantasypros.com/images/players/mlb/missing/headshot/70x70.png,Travis Bazzana (2B - CLE),,Travis Bazzana (CLE - 2B),Travis Bazzana,Bazzana,CLE,2B,,".206|11R|2HR|10RBI|2SB
",838.0
643,,,6,,,,,56,,,,,,,185,3%,5%,1%,P,https://www.fantasypros.com/mlb/players/kevin-ginkel.php,63.6,68.0,4.0,4.0,3.44,1.2,24.0,20.0,61.0,0.0,3.0,0.0,9.62,kevin-ginkel,Kevin Ginkel (ARI - RP),Kevin Ginkel,Ginkel,ARI,RP,,4-3-4SV|3.44|1.20|9.62K9,653,Kevin Ginkel (ARI - RP),,,,1259.0,623.0,941.0,RP,Kevin Ginkel (ARI - RP),288.0,https://images.fantasypros.com/images/players/mlb/8447/headshot/70x70.png,Kevin Ginkel (RP - ARI),,Kevin Ginkel (ARI - RP),Kevin Ginkel,Ginkel,ARI,RP,,"4-3-4SV|3.44|1.20|9.62K9
",398.0
644,253.0,30.0,5,26.0,1.0,0.24,0.315,61,10.0,1.0,28.0,52.0,0.344,0.659,121,1%,1%,1%,H,https://www.fantasypros.com/mlb/players/dj-lemahieu.php,,,,,,,,,,,,,,dj-lemahieu,"DJ LeMahieu (NYY - 1B,3B)",DJ LeMahieu,LeMahieu,NYY,"1B,3B",,.240|30R|5HR|26RBI|1SB,654,"DJ LeMahieu (NYY - 1B,3B)",,,,1200.0,624.0,912.0,"1B,3B","DJ LeMahieu (NYY - 1B,3B)",258.0,https://images.fantasypros.com/images/players/mlb/4417/headshot/70x70.png,"DJ LeMahieu (1B,3B - NYY)",,"DJ LeMahieu (NYY - 1B,3B)",DJ LeMahieu,LeMahieu,NYY,"1B,3B",,".240|30R|5HR|26RBI|1SB
",599.0
645,45.0,5.0,2,6.0,2.0,0.222,0.28,10,2.0,0.0,4.0,14.0,0.38,0.659,22,0%,0%,0%,H,https://www.fantasypros.com/mlb/players/shay-whitcomb.php,,,,,,,,,,,,,,shay-whitcomb,Shay Whitcomb (HOU - 3B),Shay Whitcomb,Whitcomb,HOU,3B,,.222|5R|2HR|6RBI|2SB,655,Shay Whitcomb (HOU - 3B),,,,1145.0,625.0,885.0,3B,Shay Whitcomb (HOU - 3B),230.0,https://images.fantasypros.com/images/players/mlb/missing/headshot/70x70.png,Shay Whitcomb (3B - HOU),,Shay Whitcomb (HOU - 3B),Shay Whitcomb,Whitcomb,HOU,3B,,".222|5R|2HR|6RBI|2SB
",852.0
646,,,6,,,,,42,,,,,,,103,0%,0%,0%,P,https://www.fantasypros.com/mlb/players/troy-taylor.php,47.8,48.0,3.0,0.0,3.84,1.29,20.0,20.0,49.0,0.0,3.0,0.0,9.04,troy-taylor,Troy Taylor (SEA - RP),Troy Taylor,Taylor,SEA,RP,,3-3-0SV|3.84|1.29|9.04K9,656,Troy Taylor (SEA - RP),,,,662.0,833.0,748.0,RP,Troy Taylor (SEA - RP),92.0,https://images.fantasypros.com/images/players/mlb/missing/headshot/70x70.png,Troy Taylor (RP - SEA),,Troy Taylor (SEA - RP),Troy Taylor,Taylor,SEA,RP,,"3-3-0SV|3.84|1.29|9.04K9
",651.0
647,165.0,20.0,4,20.0,3.0,0.254,0.303,42,9.0,1.0,12.0,35.0,0.395,0.698,85,1%,2%,1%,H,https://www.fantasypros.com/mlb/players/curtis-meade.php,,,,,,,,,,,,,,curtis-meade,"Curtis Mead (TB - 2B,3B)",Curtis Mead,Mead,TB,"2B,3B",,.254|20R|4HR|20RBI|3SB,657,"Curtis Mead (TB - 2B,3B)",,,,1059.0,626.0,842.0,"2B,3B","Curtis Mead (TB - 2B,3B)",185.0,https://images.fantasypros.com/images/players/mlb/39303/headshot/70x70.png,"Curtis Mead (2B,3B - TB)",,"Curtis Mead (TB - 2B,3B)",Curtis Mead,Mead,TB,"2B,3B",,".254|20R|4HR|20RBI|3SB
",701.0
648,198.0,27.0,8,26.0,3.0,0.216,0.306,43,10.0,1.0,26.0,67.0,0.397,0.703,94,1%,1%,0%,H,https://www.fantasypros.com/mlb/players/davis-schneider.php,,,,,,,,,,,,,,davis-schneider,"Davis Schneider (TOR - 2B,OF)",Davis Schneider,Schneider,TOR,"2B,OF",,.216|27R|8HR|26RBI|3SB,658,"Davis Schneider (TOR - 2B,OF)",,,,1216.0,627.0,922.0,"2B,OF","Davis Schneider (TOR - 2B,OF)",264.0,https://images.fantasypros.com/images/players/mlb/45729/headshot/70x70.png,"Davis Schneider (2B,LF - TOR)",,"Davis Schneider (TOR - 2B,OF)",Davis Schneider,Schneider,TOR,"2B,OF",,".216|27R|8HR|26RBI|3SB
",674.0
649,179.0,20.0,3,20.0,4.0,0.258,0.309,46,9.0,0.0,13.0,29.0,0.359,0.669,93,1%,1%,0%,H,https://www.fantasypros.com/mlb/players/santiago-espinal.php,,,,,,,,,,,,,,santiago-espinal,"Santiago Espinal (CIN - 2B,3B)",Santiago Espinal,Espinal,CIN,"2B,3B",,.258|20R|3HR|20RBI|4SB,659,"Santiago Espinal (CIN - 2B,3B)",,,,1208.0,628.0,918.0,"2B,3B","Santiago Espinal (CIN - 2B,3B)",259.0,https://images.fantasypros.com/images/players/mlb/8474/headshot/70x70.png,"Santiago Espinal (2B,3B - CIN)",,"Santiago Espinal (CIN - 2B,3B)",Santiago Espinal,Espinal,CIN,"2B,3B",,".258|20R|3HR|20RBI|4SB
",679.0
650,,,2,,,,,14,,,,,,,38,2%,3%,1%,P,https://www.fantasypros.com/mlb/players/kyle-bradish.php,17.0,18.0,1.0,0.0,3.42,1.16,6.0,5.0,8.0,2.0,1.0,0.0,9.53,kyle-bradish,Kyle Bradish (BAL - SP),Kyle Bradish,Bradish,BAL,SP,,1-1-0SV|3.42|1.16|9.53K9,660,Kyle Bradish (BAL - SP),,,,1272.0,629.0,950.0,SP,Kyle Bradish (BAL - SP),290.0,https://images.fantasypros.com/images/players/mlb/39964/headshot/70x70.png,Kyle Bradish (SP - BAL),,Kyle Bradish (BAL - SP),Kyle Bradish,Bradish,BAL,SP,,"1-1-0SV|3.42|1.16|9.53K9
",823.0
651,248.0,29.0,7,29.0,1.0,0.229,0.296,57,10.0,0.0,24.0,56.0,0.361,0.658,113,0%,0%,0%,H,https://www.fantasypros.com/mlb/players/carson-kelly.php,,,,,,,,,,,,,,carson-kelly,Carson Kelly (CHC - C),Carson Kelly,Kelly,CHC,C,,.229|29R|7HR|29RBI|1SB,661,Carson Kelly (CHC - C),,,,1072.0,633.0,852.0,C,Carson Kelly (CHC - C),191.0,https://images.fantasypros.com/images/players/mlb/6253/headshot/70x70.png,Carson Kelly (C - CHC),,Carson Kelly (CHC - C),Carson Kelly,Kelly,CHC,C,,".229|29R|7HR|29RBI|1SB
",624.0
652,224.0,27.0,6,26.0,3.0,0.25,0.298,56,11.0,1.0,15.0,50.0,0.39,0.687,109,0%,0%,0%,H,https://www.fantasypros.com/mlb/players/kyle-farmer.php,,,,,,,,,,,,,,kyle-farmer,"Kyle Farmer (COL - 2B,3B)",Kyle Farmer,Farmer,COL,"2B,3B",,.250|27R|6HR|26RBI|3SB,662,"Kyle Farmer (COL - 2B,3B)",,,,1183.0,635.0,909.0,"2B,3B,SS","Kyle Farmer (COL - 2B,3B,SS)",247.0,https://images.fantasypros.com/images/players/mlb/5706/headshot/70x70.png,"Kyle Farmer (2B,3B - COL)",,"Kyle Farmer (COL - 2B,3B)",Kyle Farmer,Farmer,COL,"2B,3B",,".250|27R|6HR|26RBI|3SB
",633.0
653,173.0,23.0,7,21.0,5.0,0.227,0.299,39,7.0,1.0,18.0,62.0,0.414,0.713,72,0%,0%,0%,H,https://www.fantasypros.com/mlb/players/sam-hilliard.php,,,,,,,,,,,,,,sam-hilliard,Sam Hilliard (COL - OF),Sam Hilliard,Hilliard,COL,OF,,.227|23R|7HR|21RBI|5SB,663,Sam Hilliard (COL - OF),,,,1176.0,636.0,906.0,OF,Sam Hilliard (COL - OF),243.0,https://images.fantasypros.com/images/players/mlb/7679/headshot/70x70.png,"Sam Hilliard (LF,CF - COL)",,Sam Hilliard (COL - OF),Sam Hilliard,Hilliard,COL,OF,,".227|23R|7HR|21RBI|5SB
",734.0
654,,,8,,,,,51,,,,,,,161,1%,1%,1%,P,https://www.fantasypros.com/mlb/players/mark-leiter-jr.php,60.4,72.0,3.0,1.0,3.82,1.22,26.0,22.0,57.0,0.0,3.0,0.0,10.73,mark-leiter-jr,Mark Leiter Jr. (NYY - RP),Mark Leiter Jr.,Leiter Jr.,NYY,RP,,3-3-1SV|3.82|1.22|10.73K9,664,Mark Leiter Jr. (NYY - RP),,,,761.0,745.0,753.0,RP,Mark Leiter Jr. (NYY - RP),89.0,https://images.fantasypros.com/images/players/mlb/7140/headshot/70x70.png,Mark Leiter Jr. (RP - NYY),,Mark Leiter Jr. (NYY - RP),Mark Leiter Jr.,Leiter Jr.,NYY,RP,,"3-3-1SV|3.82|1.22|10.73K9
",485.0
655,,,8,,,,,57,,,,,,,175,1%,2%,1%,P,https://www.fantasypros.com/mlb/players/cole-sands.php,65.2,71.0,4.0,2.0,3.67,1.18,27.0,19.0,59.0,0.0,3.0,0.0,9.8,cole-sands,Cole Sands (MIN - RP),Cole Sands,Sands,MIN,RP,,4-3-2SV|3.67|1.18|9.80K9,665,Cole Sands (MIN - RP),,,,1242.0,637.0,940.0,RP,Cole Sands (MIN - RP),275.0,https://images.fantasypros.com/images/players/mlb/6835/headshot/70x70.png,Cole Sands (RP - MIN),,Cole Sands (MIN - RP),Cole Sands,Sands,MIN,RP,,"4-3-2SV|3.67|1.18|9.80K9
",429.0
656,,,6,,,,,41,,,,,,,63,0%,0%,0%,P,https://www.fantasypros.com/mlb/players/keider-montero.php,41.7,35.0,2.0,0.0,4.49,1.36,21.0,16.0,21.0,4.0,2.0,1.0,7.55,keider-montero,Keider Montero (DET - SP),Keider Montero,Montero,DET,SP,,2-2-0SV|4.49|1.36|7.55K9,666,Keider Montero (DET - SP),,,,1098.0,639.0,868.0,SP,Keider Montero (DET - SP),202.0,https://images.fantasypros.com/images/players/mlb/45088/headshot/70x70.png,Keider Montero (SP - DET),,Keider Montero (DET - SP),Keider Montero,Montero,DET,SP,,"2-2-0SV|4.49|1.36|7.55K9
",756.0
657,22.0,3.0,0,2.0,1.0,0.223,0.295,5,1.0,0.0,2.0,6.0,0.33,0.624,8,0%,0%,0%,H,https://www.fantasypros.com/mlb/players/dustin-harris.php,,,,,,,,,,,,,,dustin-harris,Dustin Harris (TEX - OF),Dustin Harris,Harris,TEX,OF,,.223|3R|0HR|2RBI|1SB,668,Dustin Harris (TEX - OF),,,,811.0,699.0,755.0,"3B,DH,OF","Dustin Harris (TEX - 3B,DH,OF)",87.0,https://images.fantasypros.com/images/players/mlb/44006/headshot/70x70.png,"Dustin Harris (LF,CF - TEX)",,Dustin Harris (TEX - OF),Dustin Harris,Harris,TEX,OF,,".223|3R|0HR|2RBI|1SB
",886.0
658,261.0,29.0,4,27.0,3.0,0.263,0.295,69,14.0,1.0,12.0,46.0,0.362,0.657,121,0%,0%,0%,H,https://www.fantasypros.com/mlb/players/jose-iglesias.php,,,,,,,,,,,,,,jose-iglesias,"Jose Iglesias (SD - 2B,3B)",Jose Iglesias,Iglesias,SD,"2B,3B",NRI,.263|29R|4HR|27RBI|3SB,669,"Jose Iglesias (SD - 2B,3B)",,,,1120.0,641.0,880.0,"2B,3B","Jose Iglesias (SD - 2B,3B)",211.0,https://images.fantasypros.com/images/players/mlb/3581/headshot/70x70.png,"Jose Iglesias (2B,3B - SD)",,"Jose Iglesias (SD - 2B,3B)",Jose Iglesias,Iglesias,SD,"2B,3B",,".263|29R|4HR|27RBI|3SB
",600.0
659,,,7,,,,,47,,,,,,,125,0%,0%,0%,P,https://www.fantasypros.com/mlb/players/nate-pearson.php,54.4,59.0,2.0,1.0,3.91,1.25,24.0,21.0,51.0,0.0,3.0,0.0,9.76,nate-pearson,Nate Pearson (CHC - RP),Nate Pearson,Pearson,CHC,RP,,2-3-1SV|3.91|1.25|9.76K9,670,Nate Pearson (CHC - RP),,,,1201.0,642.0,922.0,RP,Nate Pearson (CHC - RP),252.0,https://images.fantasypros.com/images/players/mlb/7261/headshot/70x70.png,Nate Pearson (RP - CHC),,Nate Pearson (CHC - RP),Nate Pearson,Pearson,CHC,RP,,"2-3-1SV|3.91|1.25|9.76K9
",587.0
660,36.0,4.0,1,4.0,0.0,0.237,0.3,9,2.0,0.0,3.0,8.0,0.361,0.661,17,1%,1%,0%,H,https://www.fantasypros.com/mlb/players/moises-ballesteros.php,,,,,,,,,,,,,,moises-ballesteros,Moises Ballesteros (CHC - C),Moises Ballesteros,Ballesteros,CHC,C,NRI,.237|4R|1HR|4RBI|0SB,671,Moises Ballesteros (CHC - C),,,,1139.0,643.0,891.0,C,Moises Ballesteros (CHC - C),220.0,https://images.fantasypros.com/images/players/mlb/missing/headshot/70x70.png,Moises Ballesteros (C - CHC),,Moises Ballesteros (CHC - C),Moises Ballesteros,Ballesteros,CHC,C,,".237|4R|1HR|4RBI|0SB
",869.0
661,26.0,3.0,1,3.0,0.0,0.238,0.288,6,1.0,0.0,2.0,6.0,0.375,0.663,12,1%,2%,0%,H,https://www.fantasypros.com/mlb/players/joey-meneses.php,,,,,,,,,,,,,,joey-meneses,"Joey Meneses (NYM - 1B,DH)",Joey Meneses,Meneses,NYM,"1B,DH",NRI,.238|3R|1HR|3RBI|0SB,672,"Joey Meneses (NYM - 1B,DH)",,,,670.0,843.0,756.0,"1B,DH","Joey Meneses (NYM - 1B,DH)",84.0,https://images.fantasypros.com/images/players/mlb/43684/headshot/70x70.png,"Joey Meneses (1B,DH - NYM)",,"Joey Meneses (NYM - 1B,DH)",Joey Meneses,Meneses,NYM,"1B,DH",,".238|3R|1HR|3RBI|0SB
",881.0
662,173.0,18.0,4,19.0,2.0,0.243,0.278,42,8.0,1.0,9.0,40.0,0.372,0.65,71,0%,0%,0%,H,https://www.fantasypros.com/mlb/players/drew-romo.php,,,,,,,,,,,,,,drew-romo,Drew Romo (COL - C),Drew Romo,Romo,COL,C,MiLB,.243|18R|4HR|19RBI|2SB,673,Drew Romo (COL - C),,,,1148.0,644.0,896.0,C,Drew Romo (COL - C),223.0,https://images.fantasypros.com/images/players/mlb/missing/headshot/70x70.png,Drew Romo (C - COL),,Drew Romo (COL - C),Drew Romo,Romo,COL,C,,".243|18R|4HR|19RBI|2SB
",736.0
663,96.0,12.0,3,13.0,4.0,0.245,0.289,23,4.0,1.0,6.0,29.0,0.404,0.693,43,0%,0%,0%,H,https://www.fantasypros.com/mlb/players/romy-gonzalez.php,,,,,,,,,,,,,,romy-gonzalez,"Romy Gonzalez (BOS - 1B,2B,SS)",Romy Gonzalez,Gonzalez,BOS,"1B,2B,SS",,.245|12R|3HR|13RBI|4SB,674,"Romy Gonzalez (BOS - 1B,2B,SS)",,,,1205.0,646.0,926.0,"1B,2B,3B,SS","Romy Gonzalez (BOS - 1B,2B,3B,SS)",252.0,https://images.fantasypros.com/images/players/mlb/44875/headshot/70x70.png,"Romy Gonzalez (1B,2B,SS - BOS)",,"Romy Gonzalez (BOS - 1B,2B,SS)",Romy Gonzalez,Gonzalez,BOS,"1B,2B,SS",,".245|12R|3HR|13RBI|4SB
",813.0
664,,,4,,,,,34,,,,,,,120,1%,1%,1%,P,https://www.fantasypros.com/mlb/players/matt-brash.php,43.1,56.0,2.0,2.0,3.17,1.23,15.0,19.0,42.0,0.0,2.0,0.0,11.69,matt-brash,Matt Brash (SEA - RP),Matt Brash,Brash,SEA,RP,,2-2-2SV|3.17|1.23|11.69K9,675,Matt Brash (SEA - RP),,,,1253.0,648.0,950.0,RP,Matt Brash (SEA - RP),275.0,https://images.fantasypros.com/images/players/mlb/44295/headshot/70x70.png,Matt Brash (RP - SEA),,Matt Brash (SEA - RP),Matt Brash,Brash,SEA,RP,,"2-2-2SV|3.17|1.23|11.69K9
",605.0
665,,,3,,,,,21,,,,,,,66,1%,2%,0%,P,https://www.fantasypros.com/mlb/players/joe-jimenez.php,25.1,30.0,1.0,0.0,3.52,1.15,10.0,8.0,25.0,0.0,1.0,0.0,10.76,joe-jimenez,Joe Jimenez (ATL - RP),Joe Jimenez,Jimenez,ATL,RP,,1-1-0SV|3.52|1.15|10.76K9,676,Joe Jimenez (ATL - RP),,,,787.0,731.0,759.0,RP,Joe Jimenez (ATL - RP),83.0,https://images.fantasypros.com/images/players/mlb/6164/headshot/70x70.png,Joe Jimenez (RP - ATL),,Joe Jimenez (ATL - RP),Joe Jimenez,Jimenez,ATL,RP,,"1-1-0SV|3.52|1.15|10.76K9
",747.0
666,,,9,,,,,65,,,,,,,138,1%,2%,0%,P,https://www.fantasypros.com/mlb/players/jake-junis.php,67.0,61.0,3.0,0.0,4.06,1.2,30.0,15.0,45.0,3.0,3.0,0.0,8.19,jake-junis,"Jakob Junis (CLE - RP,SP)",Jakob Junis,Junis,CLE,"RP,SP",,3-3-0SV|4.06|1.20|8.19K9,677,"Jakob Junis (CLE - RP,SP)",,,,1255.0,649.0,952.0,"RP,SP","Jakob Junis (CLE - RP,SP)",275.0,https://images.fantasypros.com/images/players/mlb/6585/headshot/70x70.png,"Jakob Junis (SP,RP - CLE)",,"Jakob Junis (CLE - RP,SP)",Jakob Junis,Junis,CLE,"RP,SP",,"3-3-0SV|4.06|1.20|8.19K9
",557.0
667,,,18,,,,,124,,,,,,,181,0%,0%,0%,P,https://www.fantasypros.com/mlb/players/davis-martin.php,124.6,109.0,6.0,0.0,4.52,1.36,63.0,46.0,25.0,25.0,9.0,0.0,7.87,davis-martin,Davis Martin (CWS - SP),Davis Martin,Martin,CWS,SP,,6-9-0SV|4.52|1.36|7.87K9,678,Davis Martin (CWS - SP),,,,1212.0,650.0,931.0,SP,Davis Martin (CWS - SP),253.0,https://images.fantasypros.com/images/players/mlb/missing/headshot/70x70.png,Davis Martin (SP - CWS),,Davis Martin (CWS - SP),Davis Martin,Martin,CWS,SP,,"6-9-0SV|4.52|1.36|7.87K9
",410.0
668,104.0,12.0,3,11.0,1.0,0.21,0.305,22,4.0,0.0,14.0,32.0,0.327,0.632,41,0%,0%,0%,H,https://www.fantasypros.com/mlb/players/matt-thaiss.php,,,,,,,,,,,,,,matt-thaiss,Matt Thaiss (CWS - C),Matt Thaiss,Thaiss,CWS,C,,.210|12R|3HR|11RBI|1SB,679,Matt Thaiss (CWS - C),,,,650.0,885.0,768.0,C,Matt Thaiss (CWS - C),89.0,https://images.fantasypros.com/images/players/mlb/6942/headshot/70x70.png,Matt Thaiss (C - CWS),,Matt Thaiss (CWS - C),Matt Thaiss,Thaiss,CWS,C,,".210|12R|3HR|11RBI|1SB
",818.0
669,,,7,,,,,55,,,,,,,165,2%,4%,1%,P,https://www.fantasypros.com/mlb/players/hunter-harvey.php,61.2,63.0,3.0,2.0,3.74,1.21,25.0,19.0,58.0,0.0,3.0,0.0,9.26,hunter-harvey,Hunter Harvey (KC - RP),Hunter Harvey,Harvey,KC,RP,,3-3-2SV|3.74|1.21|9.26K9,680,Hunter Harvey (KC - RP),,,,1144.0,652.0,898.0,RP,Hunter Harvey (KC - RP),218.0,https://images.fantasypros.com/images/players/mlb/4953/headshot/70x70.png,Hunter Harvey (RP - KC),,Hunter Harvey (KC - RP),Hunter Harvey,Harvey,KC,RP,,"3-3-2SV|3.74|1.21|9.26K9
",468.0
670,,,8,,,,,50,,,,,,,119,1%,1%,0%,P,https://www.fantasypros.com/mlb/players/mason-montgomery.php,53.4,54.0,2.0,1.0,4.15,1.31,25.0,20.0,47.0,0.0,3.0,0.0,9.1,mason-montgomery,Mason Montgomery (TB - RP),Mason Montgomery,Montgomery,TB,RP,,2-3-1SV|4.15|1.31|9.10K9,681,Mason Montgomery (TB - RP),,,,1213.0,653.0,933.0,RP,Mason Montgomery (TB - RP),252.0,https://images.fantasypros.com/images/players/mlb/missing/headshot/70x70.png,Mason Montgomery (RP - TB),,Mason Montgomery (TB - RP),Mason Montgomery,Montgomery,TB,RP,,"2-3-1SV|4.15|1.31|9.10K9
",606.0
671,,,6,,,,,45,,,,,,,103,1%,1%,0%,P,https://www.fantasypros.com/mlb/players/joe-boyle.php,58.1,68.0,3.0,0.0,4.29,1.48,28.0,40.0,35.0,5.0,3.0,0.0,10.53,joe-boyle,Joe Boyle (TB - SP),Joe Boyle,Boyle,TB,SP,,3-3-0SV|4.29|1.48|10.53K9,682,Joe Boyle (TB - SP),,,,1270.0,654.0,962.0,SP,Joe Boyle (TB - SP),280.0,https://images.fantasypros.com/images/players/mlb/44486/headshot/70x70.png,Joe Boyle (SP - TB),,Joe Boyle (TB - SP),Joe Boyle,Boyle,TB,SP,,"3-3-0SV|4.29|1.48|10.53K9
",652.0
672,138.0,14.0,4,16.0,0.0,0.232,0.293,32,7.0,0.0,12.0,32.0,0.371,0.663,61,0%,0%,1%,H,https://www.fantasypros.com/mlb/players/gavin-sheets.php,,,,,,,,,,,,,,gavin-sheets,"Gavin Sheets (SD - 1B,DH,OF)",Gavin Sheets,Sheets,SD,"1B,DH,OF",NRI,.232|14R|4HR|16RBI|0SB,683,"Gavin Sheets (SD - 1B,DH,OF)",,,,1080.0,655.0,868.0,"1B,DH,OF","Gavin Sheets (SD - 1B,DH,OF)",185.0,https://images.fantasypros.com/images/players/mlb/43643/headshot/70x70.png,"Gavin Sheets (1B,RF,DH - SD)",,"Gavin Sheets (SD - 1B,DH,OF)",Gavin Sheets,Sheets,SD,"1B,DH,OF",,".232|14R|4HR|16RBI|0SB
",764.0
673,,,7,,,,,70,,,,,,,163,6%,10%,3%,P,https://www.fantasypros.com/mlb/players/tyler-rogers.php,70.0,50.0,3.0,2.0,3.72,1.22,29.0,15.0,68.0,0.0,3.0,0.0,6.43,tyler-rogers,Tyler Rogers (SF - RP),Tyler Rogers,Rogers,SF,RP,,3-3-2SV|3.72|1.22|6.43K9,684,Tyler Rogers (SF - RP),,,,844.0,681.0,762.0,RP,Tyler Rogers (SF - RP),78.0,https://images.fantasypros.com/images/players/mlb/30850/headshot/70x70.png,Tyler Rogers (RP - SF),,Tyler Rogers (SF - RP),Tyler Rogers,Rogers,SF,RP,,"3-3-2SV|3.72|1.22|6.43K9
",477.0
674,198.0,24.0,4,19.0,7.0,0.229,0.291,46,9.0,2.0,17.0,47.0,0.359,0.65,90,1%,1%,0%,H,https://www.fantasypros.com/mlb/players/zach-mckinstry.php,,,,,,,,,,,,,,zach-mckinstry,"Zach McKinstry (DET - 3B,SS)",Zach McKinstry,McKinstry,DET,"3B,SS",,.229|24R|4HR|19RBI|7SB,685,"Zach McKinstry (DET - 3B,SS)",,,,1267.0,656.0,962.0,"2B,3B,OF,SS","Zach McKinstry (DET - 2B,3B,OF,SS)",277.0,https://images.fantasypros.com/images/players/mlb/10153/headshot/70x70.png,"Zach McKinstry (3B,SS - DET)",,"Zach McKinstry (DET - 3B,SS)",Zach McKinstry,McKinstry,DET,"3B,SS",,".229|24R|4HR|19RBI|7SB
",682.0
675,,,3,,,,,20,,,,,,,46,0%,0%,0%,P,https://www.fantasypros.com/mlb/players/prelander-berroa.php,23.9,26.0,1.0,1.0,4.67,1.57,12.0,17.0,20.0,0.0,2.0,0.0,9.79,prelander-berroa,Prelander Berroa (CWS - RP),Prelander Berroa,Berroa,CWS,RP,,1-2-1SV|4.67|1.57|9.79K9,686,Prelander Berroa (CWS - RP),,,,1110.0,657.0,884.0,RP,Prelander Berroa (CWS - RP),198.0,https://images.fantasypros.com/images/players/mlb/26966/headshot/70x70.png,Prelander Berroa (RP - CWS),,Prelander Berroa (CWS - RP),Prelander Berroa,Berroa,CWS,RP,,"1-2-1SV|4.67|1.57|9.79K9
",801.0
676,242.0,32.0,9,33.0,1.0,0.255,0.301,62,13.0,1.0,16.0,53.0,0.429,0.73,132,1%,1%,0%,H,https://www.fantasypros.com/mlb/players/randal-grichuk.php,,,,,,,,,,,,,,randal-grichuk,"Randal Grichuk (ARI - DH,OF)",Randal Grichuk,Grichuk,ARI,"DH,OF",,.255|32R|9HR|33RBI|1SB,687,"Randal Grichuk (ARI - DH,OF)",,,,1175.0,658.0,916.0,"DH,OF","Randal Grichuk (ARI - DH,OF)",229.0,https://images.fantasypros.com/images/players/mlb/5423/headshot/70x70.png,"Randal Grichuk (RF,DH - ARI)",,"Randal Grichuk (ARI - DH,OF)",Randal Grichuk,Grichuk,ARI,"DH,OF",,".255|32R|9HR|33RBI|1SB
",576.0
677,144.0,17.0,5,16.0,7.0,0.215,0.265,31,6.0,0.0,10.0,43.0,0.355,0.62,59,1%,1%,0%,H,https://www.fantasypros.com/mlb/players/jacob-melton.php,,,,,,,,,,,,,,jacob-melton,Jacob Melton (HOU - OF),Jacob Melton,Melton,HOU,OF,MiLB,.215|17R|5HR|16RBI|7SB,688,Jacob Melton (HOU - OF),,,,1167.0,659.0,913.0,OF,Jacob Melton (HOU - OF),225.0,https://images.fantasypros.com/images/players/mlb/missing/headshot/70x70.png,"Jacob Melton (CF,RF - HOU)",,Jacob Melton (HOU - OF),Jacob Melton,Melton,HOU,OF,,".215|17R|5HR|16RBI|7SB
",770.0
678,176.0,22.0,4,20.0,3.0,0.241,0.318,42,8.0,0.0,20.0,41.0,0.36,0.678,86,4%,8%,0%,H,https://www.fantasypros.com/mlb/players/mark-canha.php,,,,,,,,,,,,,,mark-canha,"Mark Canha (MIL - 1B,DH,OF)",Mark Canha,Canha,MIL,"1B,DH,OF",NRI,.241|22R|4HR|20RBI|3SB,689,"Mark Canha (MIL - 1B,DH,OF)",,,,1262.0,660.0,961.0,"1B,DH,OF","Mark Canha (MIL - 1B,DH,OF)",272.0,https://images.fantasypros.com/images/players/mlb/5670/headshot/70x70.png,"Mark Canha (1B,LF,DH - MIL)",,"Mark Canha (MIL - 1B,DH,OF)",Mark Canha,Canha,MIL,"1B,DH,OF",,".241|22R|4HR|20RBI|3SB
",695.0
679,,,4,,,,,31,,,,,,,88,0%,0%,0%,P,https://www.fantasypros.com/mlb/players/josh-sborz.php,35.4,40.0,2.0,2.0,3.91,1.28,15.0,15.0,33.0,0.0,2.0,0.0,10.17,josh-sborz,Josh Sborz (TEX - RP),Josh Sborz,Sborz,TEX,RP,IL60,2-2-2SV|3.91|1.28|10.17K9,690,Josh Sborz (TEX - RP),,,,740.0,790.0,765.0,RP,Josh Sborz (TEX - RP),75.0,https://images.fantasypros.com/images/players/mlb/7103/headshot/70x70.png,Josh Sborz (RP - TEX),,Josh Sborz (TEX - RP),Josh Sborz,Sborz,TEX,RP,,"2-2-2SV|3.91|1.28|10.17K9
",687.0
680,,,21,,,,,135,,,,,,,140,0%,0%,0%,P,https://www.fantasypros.com/mlb/players/kyle-hendricks.php,123.0,86.0,6.0,0.0,5.03,1.39,69.0,36.0,23.0,23.0,9.0,0.0,6.29,kyle-hendricks,Kyle Hendricks (LAA - SP),Kyle Hendricks,Hendricks,LAA,SP,,6-9-0SV|5.03|1.39|6.29K9,691,Kyle Hendricks (LAA - SP),,,,1050.0,661.0,856.0,"RP,SP","Kyle Hendricks (LAA - RP,SP)",165.0,https://images.fantasypros.com/images/players/mlb/5462/headshot/70x70.png,Kyle Hendricks (SP - LAA),,Kyle Hendricks (LAA - SP),Kyle Hendricks,Hendricks,LAA,SP,,"6-9-0SV|5.03|1.39|6.29K9
",554.0
681,301.0,35.0,11,37.0,1.0,0.215,0.283,65,11.0,0.0,28.0,95.0,0.368,0.651,114,0%,0%,0%,H,https://www.fantasypros.com/mlb/players/mitch-haniger.php,,,,,,,,,,,,,,mitch-haniger,"Mitch Haniger (SEA - DH,OF)",Mitch Haniger,Haniger,SEA,"DH,OF",,.215|35R|11HR|37RBI|1SB,692,"Mitch Haniger (SEA - DH,OF)",,,,1257.0,663.0,960.0,"DH,OF","Mitch Haniger (SEA - DH,OF)",268.0,https://images.fantasypros.com/images/players/mlb/6481/headshot/70x70.png,"Mitch Haniger (RF,DH - SEA)",,"Mitch Haniger (SEA - DH,OF)",Mitch Haniger,Haniger,SEA,"DH,OF",,".215|35R|11HR|37RBI|1SB
",621.0
682,110.0,14.0,4,13.0,1.0,0.223,0.323,25,5.0,0.0,16.0,38.0,0.365,0.689,48,0%,0%,0%,H,https://www.fantasypros.com/mlb/players/justyn-henry-malloy.php,,,,,,,,,,,,,,justyn-henry-malloy,"Justyn-Henry Malloy (DET - DH,OF)",Justyn-Henry Malloy,Malloy,DET,"DH,OF",,.223|14R|4HR|13RBI|1SB,693,"Justyn-Henry Malloy (DET - DH,OF)",,,,1156.0,664.0,910.0,"DH,OF","Justyn-Henry Malloy (DET - DH,OF)",217.0,https://images.fantasypros.com/images/players/mlb/missing/headshot/70x70.png,"Justyn-Henry Malloy (LF,DH - DET)",,"Justyn-Henry Malloy (DET - DH,OF)",Justyn-Henry Malloy,Malloy,DET,"DH,OF",,".223|14R|4HR|13RBI|1SB
",796.0
683,139.0,17.0,4,16.0,3.0,0.247,0.286,34,7.0,1.0,8.0,36.0,0.398,0.683,64,0%,0%,0%,H,https://www.fantasypros.com/mlb/players/ezequiel-duran.php,,,,,,,,,,,,,,ezequiel-duran,Ezequiel Duran (TEX - 3B),Ezequiel Duran,Duran,TEX,3B,,.247|17R|4HR|16RBI|3SB,694,Ezequiel Duran (TEX - 3B),,,,1198.0,666.0,932.0,"1B,3B,OF,SS","Ezequiel Duran (TEX - 1B,3B,OF,SS)",238.0,https://images.fantasypros.com/images/players/mlb/43722/headshot/70x70.png,Ezequiel Duran (3B - TEX),,Ezequiel Duran (TEX - 3B),Ezequiel Duran,Duran,TEX,3B,,".247|17R|4HR|16RBI|3SB
",753.0
684,312.0,35.0,12,40.0,1.0,0.215,0.286,67,13.0,1.0,31.0,122.0,0.374,0.66,105,0%,0%,0%,H,https://www.fantasypros.com/mlb/players/griffin-conine.php,,,,,,,,,,,,,,griffin-conine,Griffin Conine (MIA - OF),Griffin Conine,Conine,MIA,OF,,.215|35R|12HR|40RBI|1SB,695,Griffin Conine (MIA - OF),,,,1190.0,667.0,928.0,OF,Griffin Conine (MIA - OF),233.0,https://images.fantasypros.com/images/players/mlb/missing/headshot/70x70.png,"Griffin Conine (LF,RF - MIA)",,Griffin Conine (MIA - OF),Griffin Conine,Conine,MIA,OF,,".215|35R|12HR|40RBI|1SB
",644.0
685,67.0,8.0,2,7.0,1.0,0.216,0.298,14,3.0,0.0,8.0,22.0,0.325,0.623,27,1%,1%,0%,H,https://www.fantasypros.com/mlb/players/marco-luciano.php,,,,,,,,,,,,,,marco-luciano,"Marco Luciano (SF - 2B,SS)",Marco Luciano,Luciano,SF,"2B,SS",MiLB,.216|8R|2HR|7RBI|1SB,696,"Marco Luciano (SF - 2B,SS)",,,,1041.0,669.0,855.0,"2B,SS","Marco Luciano (SF - 2B,SS)",159.0,https://images.fantasypros.com/images/players/mlb/8025/headshot/70x70.png,"Marco Luciano (2B,SS - SF)",,"Marco Luciano (SF - 2B,SS)",Marco Luciano,Luciano,SF,"2B,SS",,".216|8R|2HR|7RBI|1SB
",843.0
686,150.0,18.0,2,15.0,3.0,0.253,0.3,38,7.0,0.0,10.0,20.0,0.353,0.653,75,1%,2%,0%,H,https://www.fantasypros.com/mlb/players/miguel-rojas.php,,,,,,,,,,,,,,miguel-rojas,Miguel Rojas (LAD - SS),Miguel Rojas,Rojas,LAD,SS,,.253|18R|2HR|15RBI|3SB,697,Miguel Rojas (LAD - SS),,,,1065.0,670.0,868.0,"2B,3B,SS","Miguel Rojas (LAD - 2B,3B,SS)",171.0,https://images.fantasypros.com/images/players/mlb/5504/headshot/70x70.png,Miguel Rojas (SS - LAD),,Miguel Rojas (LAD - SS),Miguel Rojas,Rojas,LAD,SS,,".253|18R|2HR|15RBI|3SB
",720.0
687,,,12,,,,,91,,,,,,,136,0%,0%,0%,P,https://www.fantasypros.com/mlb/players/paul-blackburn.php,89.5,73.0,5.0,0.0,4.44,1.34,44.0,29.0,39.0,11.0,5.0,0.0,7.34,paul-blackburn,Paul Blackburn (NYM - SP),Paul Blackburn,Blackburn,NYM,SP,,5-5-0SV|4.44|1.34|7.34K9,699,Paul Blackburn (NYM - SP),,,,1264.0,671.0,968.0,SP,Paul Blackburn (NYM - SP),269.0,https://images.fantasypros.com/images/players/mlb/6440/headshot/70x70.png,Paul Blackburn (SP - NYM),,Paul Blackburn (NYM - SP),Paul Blackburn,Blackburn,NYM,SP,,"5-5-0SV|4.44|1.34|7.34K9
",565.0
688,,,10,,,,,61,,,,,,,84,1%,1%,0%,P,https://www.fantasypros.com/mlb/players/emerson-hancock.php,61.4,44.0,3.0,0.0,4.61,1.34,31.0,21.0,19.0,10.0,4.0,0.0,6.45,emerson-hancock,Emerson Hancock (SEA - SP),Emerson Hancock,Hancock,SEA,SP,,3-4-0SV|4.61|1.34|6.45K9,700,Emerson Hancock (SEA - SP),,,,1113.0,672.0,892.0,SP,Emerson Hancock (SEA - SP),192.0,https://images.fantasypros.com/images/players/mlb/43825/headshot/70x70.png,Emerson Hancock (SP - SEA),,Emerson Hancock (SEA - SP),Emerson Hancock,Hancock,SEA,SP,,"3-4-0SV|4.61|1.34|6.45K9
",702.0
689,,,5,,,,,36,,,,,,,65,0%,0%,0%,P,https://www.fantasypros.com/mlb/players/matt-manning.php,38.6,32.0,2.0,0.0,4.16,1.28,18.0,13.0,22.0,3.0,2.0,0.0,7.46,matt-manning,Matt Manning (DET - SP),Matt Manning,Manning,DET,SP,MiLB,2-2-0SV|4.16|1.28|7.46K9,701,Matt Manning (DET - SP),,,,1005.0,673.0,839.0,SP,Matt Manning (DET - SP),138.0,https://images.fantasypros.com/images/players/mlb/6421/headshot/70x70.png,Matt Manning (SP - DET),,Matt Manning (DET - SP),Matt Manning,Manning,DET,SP,,"2-2-0SV|4.16|1.28|7.46K9
",751.0
690,,,13,,,,,100,,,,,,,166,0%,0%,0%,P,https://www.fantasypros.com/mlb/players/steven-matz.php,100.5,87.0,5.0,0.0,4.18,1.3,47.0,31.0,31.0,17.0,5.0,0.0,7.79,steven-matz,"Steven Matz (STL - RP,SP)",Steven Matz,Matz,STL,"RP,SP",,5-5-0SV|4.18|1.30|7.79K9,702,"Steven Matz (STL - RP,SP)",,,,1238.0,674.0,956.0,"RP,SP","Steven Matz (STL - RP,SP)",254.0,https://images.fantasypros.com/images/players/mlb/5344/headshot/70x70.png,"Steven Matz (SP,RP - STL)",,"Steven Matz (STL - RP,SP)",Steven Matz,Matz,STL,"RP,SP",,"5-5-0SV|4.18|1.30|7.79K9
",465.0
691,140.0,17.0,4,15.0,8.0,0.233,0.297,33,6.0,1.0,13.0,41.0,0.368,0.665,67,1%,1%,1%,H,https://www.fantasypros.com/mlb/players/zac-veen.php,,,,,,,,,,,,,,zac-veen,Zac Veen (COL - OF),Zac Veen,Veen,COL,OF,,.233|17R|4HR|15RBI|8SB,703,Zac Veen (COL - OF),,,,1237.0,675.0,956.0,OF,Zac Veen (COL - OF),253.0,https://images.fantasypros.com/images/players/mlb/missing/headshot/70x70.png,Zac Veen (LF - COL),,Zac Veen (COL - OF),Zac Veen,Veen,COL,OF,,".233|17R|4HR|15RBI|8SB
",745.0
692,265.0,35.0,9,33.0,7.0,0.232,0.276,62,14.0,2.0,16.0,67.0,0.398,0.675,131,0%,0%,0%,H,https://www.fantasypros.com/mlb/players/tyrone-taylor.php,,,,,,,,,,,,,,tyrone-taylor,Tyrone Taylor (NYM - OF),Tyrone Taylor,Taylor,NYM,OF,,.232|35R|9HR|33RBI|7SB,704,Tyrone Taylor (NYM - OF),,,,1203.0,676.0,940.0,OF,Tyrone Taylor (NYM - OF),236.0,https://images.fantasypros.com/images/players/mlb/7578/headshot/70x70.png,"Tyrone Taylor (LF,CF,RF - NYM)",,Tyrone Taylor (NYM - OF),Tyrone Taylor,Taylor,NYM,OF,,".232|35R|9HR|33RBI|7SB
",579.0
693,,,4,,,,,38,,,,,,,115,0%,0%,0%,P,https://www.fantasypros.com/mlb/players/abner-uribe.php,48.9,55.0,2.0,2.0,3.6,1.36,20.0,29.0,45.0,0.0,2.0,0.0,10.12,abner-uribe,Abner Uribe (MIL - RP),Abner Uribe,Uribe,MIL,RP,,2-2-2SV|3.60|1.36|10.12K9,705,Abner Uribe (MIL - RP),,,,1254.0,677.0,966.0,RP,Abner Uribe (MIL - RP),261.0,https://images.fantasypros.com/images/players/mlb/45146/headshot/70x70.png,Abner Uribe (RP - MIL),,Abner Uribe (MIL - RP),Abner Uribe,Uribe,MIL,RP,,"2-2-2SV|3.60|1.36|10.12K9
",619.0
694,202.0,26.0,6,23.0,6.0,0.221,0.312,45,9.0,1.0,27.0,47.0,0.357,0.669,110,0%,0%,0%,H,https://www.fantasypros.com/mlb/players/alex-call.php,,,,,,,,,,,,,,alex-call,Alex Call (WSH - OF),Alex Call,Call,WSH,OF,,.221|26R|6HR|23RBI|6SB,707,Alex Call (WSH - OF),,,,1009.0,679.0,844.0,OF,Alex Call (WSH - OF),137.0,https://images.fantasypros.com/images/players/mlb/8208/headshot/70x70.png,Alex Call (RF - WSH),,Alex Call (WSH - OF),Alex Call,Call,WSH,OF,,".221|26R|6HR|23RBI|6SB
",629.0
695,170.0,20.0,8,24.0,1.0,0.208,0.259,35,7.0,0.0,12.0,57.0,0.396,0.656,66,2%,3%,0%,H,https://www.fantasypros.com/mlb/players/adam-duvall.php,,,,,,,,,,,,,,adam-duvall,Adam Duvall (FA - OF),Adam Duvall,Duvall,FA,OF,FA,.208|20R|8HR|24RBI|1SB,708,Adam Duvall (FA - OF),,,,679.0,915.0,797.0,OF,Adam Duvall (FA - OF),89.0,https://images.fantasypros.com/images/players/mlb/5317/headshot/70x70.png,"Adam Duvall (LF,RF - FA)",,Adam Duvall (FA - OF),Adam Duvall,Duvall,FA,OF,,".208|20R|8HR|24RBI|1SB
",748.0
696,,,7,,,,,48,,,,,,,64,1%,1%,0%,P,https://www.fantasypros.com/mlb/players/richard-fitts.php,45.5,35.0,2.0,0.0,4.62,1.36,23.0,14.0,24.0,4.0,3.0,0.0,6.92,richard-fitts,Richard Fitts (BOS - SP),Richard Fitts,Fitts,BOS,SP,,2-3-0SV|4.62|1.36|6.92K9,709,Richard Fitts (BOS - SP),,,,1192.0,680.0,936.0,SP,Richard Fitts (BOS - SP),227.0,https://images.fantasypros.com/images/players/mlb/missing/headshot/70x70.png,Richard Fitts (SP - BOS),,Richard Fitts (BOS - SP),Richard Fitts,Fitts,BOS,SP,,"2-3-0SV|4.62|1.36|6.92K9
",754.0
697,39.0,5.0,1,4.0,0.0,0.244,0.298,10,2.0,0.0,3.0,8.0,0.385,0.683,19,2%,3%,0%,H,https://www.fantasypros.com/mlb/players/abraham-toro.php,,,,,,,,,,,,,,abraham-toro,Abraham Toro (BOS - 3B),Abraham Toro,Toro,BOS,3B,NRI,.244|5R|1HR|4RBI|0SB,710,Abraham Toro (BOS - 3B),,,,680.0,919.0,800.0,"2B,3B","Abraham Toro (BOS - 2B,3B)",90.0,https://images.fantasypros.com/images/players/mlb/8427/headshot/70x70.png,Abraham Toro (3B - BOS),,Abraham Toro (BOS - 3B),Abraham Toro,Toro,BOS,3B,,".244|5R|1HR|4RBI|0SB
",861.0
698,302.0,32.0,7,30.0,3.0,0.23,0.273,69,13.0,1.0,18.0,52.0,0.347,0.62,136,0%,0%,0%,H,https://www.fantasypros.com/mlb/players/nick-fortes.php,,,,,,,,,,,,,,nick-fortes,Nick Fortes (MIA - C),Nick Fortes,Fortes,MIA,C,,.230|32R|7HR|30RBI|3SB,711,Nick Fortes (MIA - C),,,,1246.0,682.0,964.0,C,Nick Fortes (MIA - C),253.0,https://images.fantasypros.com/images/players/mlb/8673/headshot/70x70.png,Nick Fortes (C - MIA),,Nick Fortes (MIA - C),Nick Fortes,Fortes,MIA,C,,".230|32R|7HR|30RBI|3SB
",566.0
699,89.0,11.0,3,11.0,1.0,0.214,0.283,19,4.0,0.0,9.0,29.0,0.353,0.637,35,0%,0%,0%,H,https://www.fantasypros.com/mlb/players/tyler-locklear.php,,,,,,,,,,,,,,tyler-locklear,Tyler Locklear (SEA - 1B),Tyler Locklear,Locklear,SEA,1B,MiLB,.214|11R|3HR|11RBI|1SB,712,Tyler Locklear (SEA - 1B),,,,1094.0,683.0,888.0,1B,Tyler Locklear (SEA - 1B),176.0,https://images.fantasypros.com/images/players/mlb/missing/headshot/70x70.png,Tyler Locklear (1B - SEA),,Tyler Locklear (SEA - 1B),Tyler Locklear,Locklear,SEA,1B,,".214|11R|3HR|11RBI|1SB
",828.0
700,32.0,4.0,1,4.0,0.0,0.19,0.293,6,1.0,0.0,5.0,14.0,0.353,0.647,9,0%,0%,0%,H,https://www.fantasypros.com/mlb/players/niko-kavadas.php,,,,,,,,,,,,,,niko-kavadas,Niko Kavadas (LAA - DH),Niko Kavadas,Kavadas,LAA,DH,MiLB,.190|4R|1HR|4RBI|0SB,713,Niko Kavadas (LAA - DH),,,,683.0,980.0,832.0,"1B,DH","Niko Kavadas (LAA - 1B,DH)",119.0,https://images.fantasypros.com/images/players/mlb/missing/headshot/70x70.png,Niko Kavadas (DH - LAA),,Niko Kavadas (LAA - DH),Niko Kavadas,Kavadas,LAA,DH,,".190|4R|1HR|4RBI|0SB
",885.0
701,,,12,,,,,100,,,,,,,101,0%,0%,0%,P,https://www.fantasypros.com/mlb/players/jack-kochanowicz.php,90.0,52.0,4.0,0.0,4.71,1.38,47.0,25.0,24.0,14.0,6.0,0.0,5.2,jack-kochanowicz,Jack Kochanowicz (LAA - SP),Jack Kochanowicz,Kochanowicz,LAA,SP,,4-6-0SV|4.71|1.38|5.20K9,714,Jack Kochanowicz (LAA - SP),,,,1030.0,684.0,857.0,SP,Jack Kochanowicz (LAA - SP),143.0,https://images.fantasypros.com/images/players/mlb/missing/headshot/70x70.png,Jack Kochanowicz (SP - LAA),,Jack Kochanowicz (LAA - SP),Jack Kochanowicz,Kochanowicz,LAA,SP,,"4-6-0SV|4.71|1.38|5.20K9
",658.0
702,149.0,23.0,3,16.0,21.0,0.253,0.303,38,7.0,1.0,11.0,40.0,0.376,0.679,86,0%,0%,0%,H,https://www.fantasypros.com/mlb/players/dairon-blanco.php,,,,,,,,,,,,,,dairon-blanco,Dairon Blanco (KC - OF),Dairon Blanco,Blanco,KC,OF,,.253|23R|3HR|16RBI|21SB,715,Dairon Blanco (KC - OF),,,,1219.0,685.0,952.0,OF,Dairon Blanco (KC - OF),237.0,https://images.fantasypros.com/images/players/mlb/6839/headshot/70x70.png,"Dairon Blanco (LF,RF - KC)",,Dairon Blanco (KC - OF),Dairon Blanco,Blanco,KC,OF,,".253|23R|3HR|16RBI|21SB
",696.0
703,53.0,6.0,1,5.0,1.0,0.234,0.317,13,3.0,0.0,6.0,10.0,0.335,0.652,27,1%,1%,0%,H,https://www.fantasypros.com/mlb/players/anthony-rendon.php,,,,,,,,,,,,,,anthony-rendon,Anthony Rendon (LAA - 3B),Anthony Rendon,Rendon,LAA,3B,IL60,.234|6R|1HR|5RBI|1SB,716,Anthony Rendon (LAA - 3B),,,,982.0,687.0,834.0,3B,Anthony Rendon (LAA - 3B),118.0,https://images.fantasypros.com/images/players/mlb/4291/headshot/70x70.png,Anthony Rendon (3B - LAA),,Anthony Rendon (LAA - 3B),Anthony Rendon,Rendon,LAA,3B,,".234|6R|1HR|5RBI|1SB
",844.0
704,,,10,,,,,63,,,,,,,74,0%,0%,0%,P,https://www.fantasypros.com/mlb/players/valente-bellozo.php,59.9,44.0,2.0,0.0,4.88,1.4,32.0,21.0,21.0,9.0,4.0,0.0,6.61,valente-bellozo,Valente Bellozo (MIA - SP),Valente Bellozo,Bellozo,MIA,SP,MiLB,2-4-0SV|4.88|1.40|6.61K9,718,Valente Bellozo (MIA - SP),,,,828.0,730.0,779.0,SP,Valente Bellozo (MIA - SP),61.0,https://images.fantasypros.com/images/players/mlb/missing/headshot/70x70.png,Valente Bellozo (SP - MIA),,Valente Bellozo (MIA - SP),Valente Bellozo,Bellozo,MIA,SP,,"2-4-0SV|4.88|1.40|6.61K9
",725.0
705,54.0,6.0,1,5.0,2.0,0.236,0.279,13,2.0,0.0,3.0,12.0,0.315,0.594,22,0%,0%,0%,H,https://www.fantasypros.com/mlb/players/trey-lipscomb.php,,,,,,,,,,,,,,trey-lipscomb,Trey Lipscomb (WSH - 3B),Trey Lipscomb,Lipscomb,WSH,3B,,.236|6R|1HR|5RBI|2SB,719,Trey Lipscomb (WSH - 3B),,,,832.0,727.0,780.0,3B,Trey Lipscomb (WSH - 3B),61.0,https://images.fantasypros.com/images/players/mlb/missing/headshot/70x70.png,Trey Lipscomb (3B - WSH),,Trey Lipscomb (WSH - 3B),Trey Lipscomb,Lipscomb,WSH,3B,,".236|6R|1HR|5RBI|2SB
",853.0
706,271.0,30.0,7,30.0,3.0,0.235,0.293,64,13.0,1.0,22.0,64.0,0.363,0.656,121,0%,0%,0%,H,https://www.fantasypros.com/mlb/players/tirso-ornelas-of.php,,,,,,,,,,,,,,tirso-ornelas-of,Tirso Ornelas (SD - OF),Tirso Ornelas,Ornelas,SD,OF,,.235|30R|7HR|30RBI|3SB,720,Tirso Ornelas (SD - OF),,,,1123.0,690.0,906.0,OF,Tirso Ornelas (SD - OF),186.0,https://images.fantasypros.com/images/players/mlb/missing/headshot/70x70.png,Tirso Ornelas (LF - SD),,Tirso Ornelas (SD - OF),Tirso Ornelas,Ornelas,SD,OF,,".235|30R|7HR|30RBI|3SB
",601.0
707,275.0,34.0,6,28.0,19.0,0.215,0.278,59,12.0,2.0,24.0,80.0,0.344,0.622,117,0%,0%,0%,H,https://www.fantasypros.com/mlb/players/ryan-bliss.php,,,,,,,,,,,,,,ryan-bliss,Ryan Bliss (SEA - 2B),Ryan Bliss,Bliss,SEA,2B,,.215|34R|6HR|28RBI|19SB,721,Ryan Bliss (SEA - 2B),,,,1149.0,691.0,920.0,2B,Ryan Bliss (SEA - 2B),199.0,https://images.fantasypros.com/images/players/mlb/missing/headshot/70x70.png,Ryan Bliss (2B - SEA),,Ryan Bliss (SEA - 2B),Ryan Bliss,Bliss,SEA,2B,,".215|34R|6HR|28RBI|19SB
",615.0
708,,,5,,,,,41,,,,,,,63,0%,0%,0%,P,https://www.fantasypros.com/mlb/players/jhony-brito.php,40.7,31.0,2.0,0.0,4.14,1.31,19.0,13.0,31.0,1.0,2.0,0.0,6.86,jhony-brito,Jhony Brito (SD - RP),Jhony Brito,Brito,SD,RP,,2-2-0SV|4.14|1.31|6.86K9,722,Jhony Brito (SD - RP),,,,691.0,879.0,785.0,RP,Jhony Brito (SD - RP),63.0,https://images.fantasypros.com/images/players/mlb/45324/headshot/70x70.png,Jhony Brito (RP - SD),,Jhony Brito (SD - RP),Jhony Brito,Brito,SD,RP,,"2-2-0SV|4.14|1.31|6.86K9
",757.0
709,191.0,26.0,6,25.0,3.0,0.259,0.335,49,10.0,1.0,22.0,54.0,0.412,0.746,102,0%,0%,0%,H,https://www.fantasypros.com/mlb/players/rob-refsnyder.php,,,,,,,,,,,,,,rob-refsnyder,Rob Refsnyder (BOS - OF),Rob Refsnyder,Refsnyder,BOS,OF,,.259|26R|6HR|25RBI|3SB,723,Rob Refsnyder (BOS - OF),,,,994.0,692.0,843.0,OF,Rob Refsnyder (BOS - OF),120.0,https://images.fantasypros.com/images/players/mlb/5673/headshot/70x70.png,"Rob Refsnyder (LF,RF - BOS)",,Rob Refsnyder (BOS - OF),Rob Refsnyder,Refsnyder,BOS,OF,,".259|26R|6HR|25RBI|3SB
",656.0
710,267.0,27.0,5,27.0,2.0,0.234,0.276,62,11.0,0.0,16.0,60.0,0.338,0.614,99,0%,0%,0%,H,https://www.fantasypros.com/mlb/players/christian-vazquez.php,,,,,,,,,,,,,,christian-vazquez,Christian Vazquez (MIN - C),Christian Vazquez,Vazquez,MIN,C,,.234|27R|5HR|27RBI|2SB,724,Christian Vazquez (MIN - C),,,,1265.0,693.0,979.0,C,Christian Vazquez (MIN - C),255.0,https://images.fantasypros.com/images/players/mlb/5391/headshot/70x70.png,Christian Vazquez (C - MIN),,Christian Vazquez (MIN - C),Christian Vazquez,Vazquez,MIN,C,,".234|27R|5HR|27RBI|2SB
",660.0
711,59.0,6.0,2,6.0,2.0,0.201,0.257,12,2.0,0.0,4.0,21.0,0.336,0.592,17,0%,0%,0%,H,https://www.fantasypros.com/mlb/players/scott-kingery.php,,,,,,,,,,,,,,scott-kingery,Scott Kingery (LAA - SS),Scott Kingery,Kingery,LAA,SS,,.201|6R|2HR|6RBI|2SB,725,Scott Kingery (LAA - SS),,,,1115.0,694.0,904.0,"2B,SS","Scott Kingery (LAA - 2B,SS)",179.0,https://images.fantasypros.com/images/players/mlb/6742/headshot/70x70.png,Scott Kingery (SS - LAA),,Scott Kingery (LAA - SS),Scott Kingery,Kingery,LAA,SS,,".201|6R|2HR|6RBI|2SB
",870.0
712,218.0,27.0,7,27.0,1.0,0.248,0.304,54,10.0,1.0,18.0,53.0,0.395,0.699,108,1%,1%,0%,H,https://www.fantasypros.com/mlb/players/ramon-urias.php,,,,,,,,,,,,,,ramon-urias,Ramon Urias (BAL - 3B),Ramon Urias,Urias,BAL,3B,,.248|27R|7HR|27RBI|1SB,727,Ramon Urias (BAL - 3B),,,,1174.0,695.0,934.0,3B,Ramon Urias (BAL - 3B),207.0,https://images.fantasypros.com/images/players/mlb/8377/headshot/70x70.png,Ramon Urias (3B - BAL),,Ramon Urias (BAL - 3B),Ramon Urias,Urias,BAL,3B,,".248|27R|7HR|27RBI|1SB
",636.0
713,,,8,,,,,70,,,,,,,174,1%,2%,1%,P,https://www.fantasypros.com/mlb/players/derek-law.php,72.5,62.0,4.0,5.0,3.92,1.32,32.0,25.0,68.0,0.0,4.0,0.0,7.7,derek-law,Derek Law (WSH - RP),Derek Law,Law,WSH,RP,,4-4-5SV|3.92|1.32|7.70K9,728,Derek Law (WSH - RP),,,,1125.0,696.0,910.0,RP,Derek Law (WSH - RP),182.0,https://images.fantasypros.com/images/players/mlb/5616/headshot/70x70.png,Derek Law (RP - WSH),,Derek Law (WSH - RP),Derek Law,Law,WSH,RP,,"4-4-5SV|3.92|1.32|7.70K9
",435.0
714,212.0,24.0,2,19.0,5.0,0.245,0.287,52,10.0,1.0,13.0,37.0,0.336,0.624,94,0%,0%,0%,H,https://www.fantasypros.com/mlb/players/kevin-newman.php,,,,,,,,,,,,,,kevin-newman,"Kevin Newman (LAA - 2B,SS)",Kevin Newman,Newman,LAA,"2B,SS",,.245|24R|2HR|19RBI|5SB,729,"Kevin Newman (LAA - 2B,SS)",,,,1169.0,697.0,933.0,"1B,2B,SS","Kevin Newman (LAA - 1B,2B,SS)",204.0,https://images.fantasypros.com/images/players/mlb/6044/headshot/70x70.png,"Kevin Newman (2B,SS - LAA)",,"Kevin Newman (LAA - 2B,SS)",Kevin Newman,Newman,LAA,"2B,SS",,".245|24R|2HR|19RBI|5SB
",675.0
715,163.0,21.0,7,22.0,4.0,0.219,0.304,36,8.0,1.0,20.0,55.0,0.412,0.716,81,0%,0%,0%,H,https://www.fantasypros.com/mlb/players/jack-suwinski.php,,,,,,,,,,,,,,jack-suwinski,Jack Suwinski (PIT - OF),Jack Suwinski,Suwinski,PIT,OF,,.219|21R|7HR|22RBI|4SB,730,Jack Suwinski (PIT - OF),,,,1210.0,698.0,954.0,OF,Jack Suwinski (PIT - OF),224.0,https://images.fantasypros.com/images/players/mlb/44698/headshot/70x70.png,"Jack Suwinski (LF,CF,RF - PIT)",,Jack Suwinski (PIT - OF),Jack Suwinski,Suwinski,PIT,OF,,".219|21R|7HR|22RBI|4SB
",711.0
716,,,7,,,,,51,,,,,,,170,1%,1%,0%,P,https://www.fantasypros.com/mlb/players/garrett-cleavinger.php,62.1,73.0,3.0,3.0,3.89,1.3,27.0,29.0,61.0,0.0,4.0,0.0,10.58,garrett-cleavinger,Garrett Cleavinger (TB - RP),Garrett Cleavinger,Cleavinger,TB,RP,,3-4-3SV|3.89|1.30|10.58K9,733,Garrett Cleavinger (TB - RP),,,,954.0,701.0,828.0,RP,Garrett Cleavinger (TB - RP),95.0,https://images.fantasypros.com/images/players/mlb/39173/headshot/70x70.png,Garrett Cleavinger (RP - TB),,Garrett Cleavinger (TB - RP),Garrett Cleavinger,Cleavinger,TB,RP,,"3-4-3SV|3.89|1.30|10.58K9
",453.0
717,,,6,,,,,44,,,,,,,88,0%,0%,0%,P,https://www.fantasypros.com/mlb/players/yilber-diaz.php,49.0,50.0,3.0,0.0,4.2,1.37,23.0,23.0,33.0,2.0,2.0,0.0,9.18,yilber-diaz,Yilber Diaz (ARI - SP),Yilber Diaz,Diaz,ARI,SP,MiLB,3-2-0SV|4.20|1.37|9.18K9,734,Yilber Diaz (ARI - SP),,,,1141.0,702.0,922.0,SP,Yilber Diaz (ARI - SP),188.0,https://images.fantasypros.com/images/players/mlb/missing/headshot/70x70.png,Yilber Diaz (SP - ARI),,Yilber Diaz (ARI - SP),Yilber Diaz,Diaz,ARI,SP,,"3-2-0SV|4.20|1.37|9.18K9
",688.0
718,73.0,8.0,2,9.0,1.0,0.235,0.28,17,3.0,0.0,5.0,18.0,0.366,0.646,31,0%,0%,0%,H,https://www.fantasypros.com/mlb/players/casey-schmitt.php,,,,,,,,,,,,,,casey-schmitt,"Casey Schmitt (SF - 2B,SS)",Casey Schmitt,Schmitt,SF,"2B,SS",,.235|8R|2HR|9RBI|1SB,735,"Casey Schmitt (SF - 2B,SS)",,,,882.0,703.0,792.0,"2B,3B,SS","Casey Schmitt (SF - 2B,3B,SS)",57.0,https://images.fantasypros.com/images/players/mlb/43913/headshot/70x70.png,"Casey Schmitt (2B,SS - SF)",,"Casey Schmitt (SF - 2B,SS)",Casey Schmitt,Schmitt,SF,"2B,SS",,".235|8R|2HR|9RBI|1SB
",837.0
719,,,14,,,,,90,,,,,,,144,0%,0%,0%,P,https://www.fantasypros.com/mlb/players/kyle-hart.php,92.2,77.0,4.0,0.0,4.39,1.32,45.0,32.0,33.0,13.0,4.0,1.0,7.52,kyle-hart,Kyle Hart (SD - SP),Kyle Hart,Hart,SD,SP,,4-4-0SV|4.39|1.32|7.52K9,736,Kyle Hart (SD - SP),,,,1053.0,704.0,878.0,SP,Kyle Hart (SD - SP),142.0,https://images.fantasypros.com/images/players/mlb/39258/headshot/70x70.png,Kyle Hart (SP - SD),,Kyle Hart (SD - SP),Kyle Hart,Hart,SD,SP,,"4-4-0SV|4.39|1.32|7.52K9
",544.0
720,,,8,,,,,51,,,,,,,137,1%,1%,0%,P,https://www.fantasypros.com/mlb/players/antonio-santillan.php,57.6,66.0,3.0,2.0,4.3,1.36,28.0,27.0,54.0,0.0,3.0,0.0,10.31,antonio-santillan,Tony Santillan (CIN - RP),Tony Santillan,Santillan,CIN,RP,,3-3-2SV|4.30|1.36|10.31K9,737,Tony Santillan (CIN - RP),,,,1114.0,706.0,910.0,RP,Tony Santillan (CIN - RP),173.0,https://images.fantasypros.com/images/players/mlb/8361/headshot/70x70.png,Tony Santillan (RP - CIN),,Tony Santillan (CIN - RP),Tony Santillan,Santillan,CIN,RP,,"3-3-2SV|4.30|1.36|10.31K9
",560.0
721,,,3,,,,,22,,,,,,,35,1%,1%,0%,P,https://www.fantasypros.com/mlb/players/hurston-waldrep.php,22.6,20.0,1.0,0.0,4.51,1.47,11.0,11.0,13.0,2.0,1.0,0.0,7.96,hurston-waldrep,Hurston Waldrep (ATL - SP),Hurston Waldrep,Waldrep,ATL,SP,MiLB,1-1-0SV|4.51|1.47|7.96K9,738,Hurston Waldrep (ATL - SP),,,,1241.0,707.0,974.0,SP,Hurston Waldrep (ATL - SP),236.0,https://images.fantasypros.com/images/players/mlb/missing/headshot/70x70.png,Hurston Waldrep (SP - ATL),,Hurston Waldrep (ATL - SP),Hurston Waldrep,Waldrep,ATL,SP,,"1-1-0SV|4.51|1.47|7.96K9
",829.0
722,,,7,,,,,44,,,,,,,110,0%,0%,0%,P,https://www.fantasypros.com/mlb/players/hunter-bigge.php,51.1,58.0,2.0,0.0,4.08,1.36,23.0,25.0,49.0,0.0,2.0,0.0,10.22,hunter-bigge,Hunter Bigge (TB - RP),Hunter Bigge,Bigge,TB,RP,,2-2-0SV|4.08|1.36|10.22K9,739,Hunter Bigge (TB - RP),,,,1271.0,708.0,990.0,RP,Hunter Bigge (TB - RP),251.0,https://images.fantasypros.com/images/players/mlb/missing/headshot/70x70.png,Hunter Bigge (RP - TB),,Hunter Bigge (TB - RP),Hunter Bigge,Bigge,TB,RP,,"2-2-0SV|4.08|1.36|10.22K9
",630.0
723,,,6,,,,,57,,,,,,,140,1%,1%,0%,P,https://www.fantasypros.com/mlb/players/jose-ferrer.php,59.2,49.0,3.0,3.0,3.81,1.28,25.0,19.0,56.0,0.0,3.0,0.0,7.45,jose-ferrer,Jose A. Ferrer (WSH - RP),Jose A. Ferrer,A. Ferrer,WSH,RP,,3-3-3SV|3.81|1.28|7.45K9,740,Jose A. Ferrer (WSH - RP),,,,1126.0,709.0,918.0,RP,Jose A. Ferrer (WSH - RP),178.0,https://images.fantasypros.com/images/players/mlb/46493/headshot/70x70.png,Jose A. Ferrer (RP - WSH),,Jose A. Ferrer (WSH - RP),Jose A. Ferrer,A. Ferrer,WSH,RP,,"3-3-3SV|3.81|1.28|7.45K9
",555.0
724,,,9,,,,,60,,,,,,,185,1%,2%,0%,P,https://www.fantasypros.com/mlb/players/keegan-akin-p.php,70.4,78.0,4.0,1.0,3.53,1.15,28.0,21.0,64.0,0.0,3.0,0.0,9.97,keegan-akin-p,Keegan Akin (BAL - RP),Keegan Akin,Akin,BAL,RP,,4-3-1SV|3.53|1.15|9.97K9,741,Keegan Akin (BAL - RP),,,,1179.0,710.0,944.0,RP,Keegan Akin (BAL - RP),203.0,https://images.fantasypros.com/images/players/mlb/39140/headshot/70x70.png,Keegan Akin (RP - BAL),,Keegan Akin (BAL - RP),Keegan Akin,Akin,BAL,RP,,"4-3-1SV|3.53|1.15|9.97K9
",399.0
725,,,7,,,,,66,,,,,,,140,0%,0%,0%,P,https://www.fantasypros.com/mlb/players/victor-vodnik.php,66.3,62.0,3.0,4.0,4.38,1.47,32.0,31.0,62.0,0.0,4.0,0.0,8.42,victor-vodnik,Victor Vodnik (COL - RP),Victor Vodnik,Vodnik,COL,RP,,3-4-4SV|4.38|1.47|8.42K9,742,Victor Vodnik (COL - RP),,,,1104.0,712.0,908.0,RP,Victor Vodnik (COL - RP),166.0,https://images.fantasypros.com/images/players/mlb/44332/headshot/70x70.png,Victor Vodnik (RP - COL),,Victor Vodnik (COL - RP),Victor Vodnik,Vodnik,COL,RP,,"3-4-4SV|4.38|1.47|8.42K9
",556.0
726,271.0,30.0,5,30.0,6.0,0.268,0.31,73,15.0,1.0,16.0,41.0,0.388,0.698,147,0%,0%,0%,H,https://www.fantasypros.com/mlb/players/will-brennan.php,,,,,,,,,,,,,,will-brennan,Will Brennan (CLE - OF),Will Brennan,Brennan,CLE,OF,,.268|30R|5HR|30RBI|6SB,743,Will Brennan (CLE - OF),,,,1245.0,713.0,979.0,OF,Will Brennan (CLE - OF),236.0,https://images.fantasypros.com/images/players/mlb/45057/headshot/70x70.png,Will Brennan (RF - CLE),,Will Brennan (CLE - OF),Will Brennan,Brennan,CLE,OF,,".268|30R|5HR|30RBI|6SB
",531.0
727,,,6,,,,,46,,,,,,,84,0%,0%,0%,P,https://www.fantasypros.com/mlb/players/tristan-beck.php,47.0,41.0,2.0,0.0,4.08,1.27,21.0,14.0,38.0,0.0,2.0,0.0,7.85,tristan-beck,"Tristan Beck (SF - RP,SP)",Tristan Beck,Beck,SF,"RP,SP",,2-2-0SV|4.08|1.27|7.85K9,744,"Tristan Beck (SF - RP,SP)",,,,751.0,832.0,792.0,"RP,SP","Tristan Beck (SF - RP,SP)",48.0,https://images.fantasypros.com/images/players/mlb/6996/headshot/70x70.png,"Tristan Beck (SP,RP - SF)",,"Tristan Beck (SF - RP,SP)",Tristan Beck,Beck,SF,"RP,SP",,"2-2-0SV|4.08|1.27|7.85K9
",703.0
728,176.0,22.0,3,17.0,8.0,0.245,0.3,43,8.0,1.0,14.0,33.0,0.347,0.647,90,7%,13%,0%,H,https://www.fantasypros.com/mlb/players/whit-merrifield.php,,,,,,,,,,,,,,whit-merrifield,"Whit Merrifield (FA - 2B,OF)",Whit Merrifield,Merrifield,FA,"2B,OF",FA,.245|22R|3HR|17RBI|8SB,746,"Whit Merrifield (FA - 2B,OF)",,,,996.0,715.0,856.0,"2B,3B,OF","Whit Merrifield (FA - 2B,3B,OF)",110.0,https://images.fantasypros.com/images/players/mlb/6338/headshot/70x70.png,"Whit Merrifield (2B,LF - FA)",,"Whit Merrifield (FA - 2B,OF)",Whit Merrifield,Merrifield,FA,"2B,OF",,".245|22R|3HR|17RBI|8SB
",683.0
729,84.0,10.0,1,10.0,2.0,0.255,0.303,21,5.0,0.0,6.0,16.0,0.373,0.676,41,0%,0%,0%,H,https://www.fantasypros.com/mlb/players/manuel-margot.php,,,,,,,,,,,,,,manuel-margot,Manuel Margot (MIL - OF),Manuel Margot,Margot,MIL,OF,NRI,.255|10R|1HR|10RBI|2SB,747,Manuel Margot (MIL - OF),,,,715.0,871.0,793.0,OF,Manuel Margot (MIL - OF),46.0,https://images.fantasypros.com/images/players/mlb/5888/headshot/70x70.png,"Manuel Margot (LF,CF,RF - MIL)",,Manuel Margot (MIL - OF),Manuel Margot,Margot,MIL,OF,,".255|10R|1HR|10RBI|2SB
",819.0
730,112.0,14.0,4,14.0,0.0,0.207,0.306,23,4.0,0.0,16.0,36.0,0.36,0.666,47,0%,0%,0%,H,https://www.fantasypros.com/mlb/players/jonathan-singleton.php,,,,,,,,,,,,,,jonathan-singleton,Jon Singleton (HOU - 1B),Jon Singleton,Singleton,HOU,1B,,.207|14R|4HR|14RBI|0SB,748,Jon Singleton (HOU - 1B),,,,972.0,716.0,844.0,1B,Jon Singleton (HOU - 1B),96.0,https://images.fantasypros.com/images/players/mlb/4640/headshot/70x70.png,Jon Singleton (1B - HOU),,Jon Singleton (HOU - 1B),Jon Singleton,Singleton,HOU,1B,,".207|14R|4HR|14RBI|0SB
",798.0
731,302.0,36.0,10,39.0,0.0,0.239,0.306,72,14.0,0.0,29.0,52.0,0.392,0.698,168,0%,0%,0%,H,https://www.fantasypros.com/mlb/players/wilmer-flores.php,,,,,,,,,,,,,,wilmer-flores,Wilmer Flores (SF - 1B),Wilmer Flores,Flores,SF,1B,,.239|36R|10HR|39RBI|0SB,749,Wilmer Flores (SF - 1B),,,,1132.0,717.0,924.0,1B,Wilmer Flores (SF - 1B),175.0,https://images.fantasypros.com/images/players/mlb/4257/headshot/70x70.png,Wilmer Flores (1B - SF),,Wilmer Flores (SF - 1B),Wilmer Flores,Flores,SF,1B,,".239|36R|10HR|39RBI|0SB
",460.0
732,231.0,27.0,7,28.0,1.0,0.237,0.286,55,9.0,0.0,16.0,44.0,0.374,0.66,112,0%,0%,0%,H,https://www.fantasypros.com/mlb/players/jose-trevino.php,,,,,,,,,,,,,,jose-trevino,Jose Trevino (CIN - C),Jose Trevino,Trevino,CIN,C,,.237|27R|7HR|28RBI|1SB,750,Jose Trevino (CIN - C),,,,1202.0,719.0,960.0,C,Jose Trevino (CIN - C),210.0,https://images.fantasypros.com/images/players/mlb/7023/headshot/70x70.png,Jose Trevino (C - CIN),,Jose Trevino (CIN - C),Jose Trevino,Trevino,CIN,C,,".237|27R|7HR|28RBI|1SB
",627.0
733,52.0,6.0,2,6.0,1.0,0.196,0.267,10,2.0,0.0,5.0,22.0,0.343,0.61,14,0%,0%,0%,H,https://www.fantasypros.com/mlb/players/robert-dalbec.php,,,,,,,,,,,,,,robert-dalbec,"Bobby Dalbec (CWS - 1B,3B)",Bobby Dalbec,Dalbec,CWS,"1B,3B",NRI,.196|6R|2HR|6RBI|1SB,752,"Bobby Dalbec (CWS - 1B,3B)",,,,721.0,991.0,856.0,"1B,3B","Bobby Dalbec (CWS - 1B,3B)",104.0,https://images.fantasypros.com/images/players/mlb/8355/headshot/70x70.png,"Bobby Dalbec (1B,3B - CWS)",,"Bobby Dalbec (CWS - 1B,3B)",Bobby Dalbec,Dalbec,CWS,"1B,3B",,".196|6R|2HR|6RBI|1SB
",874.0
734,,,5,,,,,45,,,,,,,109,1%,2%,0%,P,https://www.fantasypros.com/mlb/players/kevin-kelly.php,49.0,44.0,2.0,0.0,3.57,1.15,19.0,11.0,46.0,0.0,2.0,0.0,8.08,kevin-kelly,Kevin Kelly (TB - RP),Kevin Kelly,Kelly,TB,RP,,2-2-0SV|3.57|1.15|8.08K9,753,Kevin Kelly (TB - RP),,,,797.0,794.0,796.0,RP,Kevin Kelly (TB - RP),43.0,https://images.fantasypros.com/images/players/mlb/45797/headshot/70x70.png,Kevin Kelly (RP - TB),,Kevin Kelly (TB - RP),Kevin Kelly,Kelly,TB,RP,,"2-2-0SV|3.57|1.15|8.08K9
",634.0
735,,,2,,,,,8,,,,,,,19,0%,0%,0%,P,https://www.fantasypros.com/mlb/players/logan-henderson.php,9.1,9.0,1.0,0.0,4.36,1.19,4.0,3.0,8.0,0.0,1.0,0.0,8.9,logan-henderson,Logan Henderson (MIL - SP),Logan Henderson,Henderson,MIL,SP,MiLB,1-1-0SV|4.36|1.19|8.90K9,754,Logan Henderson (MIL - SP),,,,1209.0,722.0,966.0,SP,Logan Henderson (MIL - SP),212.0,https://images.fantasypros.com/images/players/mlb/missing/headshot/70x70.png,Logan Henderson (SP - MIL),,Logan Henderson (MIL - SP),Logan Henderson,Henderson,MIL,SP,,"1-1-0SV|4.36|1.19|8.90K9
",862.0
736,208.0,24.0,7,25.0,2.0,0.223,0.279,46,10.0,1.0,16.0,64.0,0.373,0.652,83,0%,0%,0%,H,https://www.fantasypros.com/mlb/players/dillon-dingler.php,,,,,,,,,,,,,,dillon-dingler,Dillon Dingler (DET - C),Dillon Dingler,Dingler,DET,C,,.223|24R|7HR|25RBI|2SB,755,Dillon Dingler (DET - C),,,,1188.0,723.0,956.0,C,Dillon Dingler (DET - C),201.0,https://images.fantasypros.com/images/players/mlb/43821/headshot/70x70.png,Dillon Dingler (C - DET),,Dillon Dingler (DET - C),Dillon Dingler,Dingler,DET,C,,".223|24R|7HR|25RBI|2SB
",707.0
737,,,2,,,,,16,,,,,,,27,1%,2%,1%,P,https://www.fantasypros.com/mlb/players/tink-hence.php,16.7,15.0,1.0,0.0,4.29,1.3,8.0,6.0,3.0,3.0,1.0,0.0,8.08,tink-hence,Tink Hence (STL - SP),Tink Hence,Hence,STL,SP,MiLB,1-1-0SV|4.29|1.30|8.08K9,756,Tink Hence (STL - SP),,,,1217.0,724.0,970.0,SP,Tink Hence (STL - SP),214.0,https://images.fantasypros.com/images/players/mlb/missing/headshot/70x70.png,Tink Hence (SP - STL),,Tink Hence (STL - SP),Tink Hence,Hence,STL,SP,,"1-1-0SV|4.29|1.30|8.08K9
",845.0
738,333.0,37.0,12,42.0,2.0,0.217,0.285,72,16.0,1.0,32.0,107.0,0.381,0.666,134,0%,0%,0%,H,https://www.fantasypros.com/mlb/players/matt-mervis.php,,,,,,,,,,,,,,matt-mervis,Matt Mervis (MIA - DH),Matt Mervis,Mervis,MIA,DH,,.217|37R|12HR|42RBI|2SB,757,Matt Mervis (MIA - DH),,,,1083.0,725.0,904.0,"1B,DH","Matt Mervis (MIA - 1B,DH)",147.0,https://images.fantasypros.com/images/players/mlb/44607/headshot/70x70.png,Matt Mervis (DH - MIA),,Matt Mervis (MIA - DH),Matt Mervis,Mervis,MIA,DH,,".217|37R|12HR|42RBI|2SB
",573.0
739,,,8,,,,,50,,,,,,,89,0%,0%,0%,P,https://www.fantasypros.com/mlb/players/chase-silseth.php,53.9,51.0,2.0,0.0,4.33,1.34,26.0,22.0,35.0,4.0,3.0,0.0,8.52,chase-silseth,Chase Silseth (LAA - SP),Chase Silseth,Silseth,LAA,SP,,2-3-0SV|4.33|1.34|8.52K9,758,Chase Silseth (LAA - SP),,,,1055.0,726.0,890.0,SP,Chase Silseth (LAA - SP),132.0,https://images.fantasypros.com/images/players/mlb/45213/headshot/70x70.png,Chase Silseth (SP - LAA),,Chase Silseth (LAA - SP),Chase Silseth,Silseth,LAA,SP,,"2-3-0SV|4.33|1.34|8.52K9
",685.0
740,216.0,28.0,6,24.0,2.0,0.228,0.31,49,11.0,1.0,26.0,58.0,0.373,0.683,102,1%,1%,1%,H,https://www.fantasypros.com/mlb/players/connor-joe.php,,,,,,,,,,,,,,connor-joe,"Connor Joe (SD - 1B,OF)",Connor Joe,Joe,SD,"1B,OF",,.228|28R|6HR|24RBI|2SB,759,"Connor Joe (SD - 1B,OF)",,,,1091.0,728.0,910.0,"1B,OF","Connor Joe (SD - 1B,OF)",151.0,https://images.fantasypros.com/images/players/mlb/7302/headshot/70x70.png,"Connor Joe (1B,RF - SD)",,"Connor Joe (SD - 1B,OF)",Connor Joe,Joe,SD,"1B,OF",,".228|28R|6HR|24RBI|2SB
",657.0
741,43.0,4.0,1,4.0,1.0,0.24,0.28,10,2.0,0.0,2.0,12.0,0.363,0.644,14,0%,0%,0%,H,https://www.fantasypros.com/mlb/players/aaron-schunk.php,,,,,,,,,,,,,,aaron-schunk,"Aaron Schunk (COL - 2B,3B)",Aaron Schunk,Schunk,COL,"2B,3B",NRI,.240|4R|1HR|4RBI|1SB,760,"Aaron Schunk (COL - 2B,3B)",,,,820.0,778.0,799.0,"2B,3B","Aaron Schunk (COL - 2B,3B)",39.0,https://images.fantasypros.com/images/players/mlb/missing/headshot/70x70.png,"Aaron Schunk (2B,3B - COL)",,"Aaron Schunk (COL - 2B,3B)",Aaron Schunk,Schunk,COL,"2B,3B",,".240|4R|1HR|4RBI|1SB
",875.0
742,111.0,14.0,4,14.0,1.0,0.239,0.304,27,5.0,0.0,10.0,37.0,0.395,0.699,45,0%,0%,0%,H,https://www.fantasypros.com/mlb/players/johnathan-rodriguez.php,,,,,,,,,,,,,,johnathan-rodriguez,Johnathan Rodriguez (CLE - OF),Johnathan Rodriguez,Rodriguez,CLE,OF,,.239|14R|4HR|14RBI|1SB,761,Johnathan Rodriguez (CLE - OF),,,,1177.0,729.0,953.0,OF,Johnathan Rodriguez (CLE - OF),192.0,https://images.fantasypros.com/images/players/mlb/missing/headshot/70x70.png,Johnathan Rodriguez (RF - CLE),,Johnathan Rodriguez (CLE - OF),Johnathan Rodriguez,Rodriguez,CLE,OF,,".239|14R|4HR|14RBI|1SB
",806.0
743,,,9,,,,,56,,,,,,,170,1%,1%,0%,P,https://www.fantasypros.com/mlb/players/taylor-rogers.php,61.9,68.0,3.0,6.0,4.17,1.3,29.0,24.0,61.0,0.0,3.0,0.0,9.89,taylor-rogers,Taylor Rogers (CIN - RP),Taylor Rogers,Rogers,CIN,RP,,3-3-6SV|4.17|1.30|9.89K9,763,Taylor Rogers (CIN - RP),,,,1017.0,732.0,874.0,RP,Taylor Rogers (CIN - RP),111.0,https://images.fantasypros.com/images/players/mlb/5909/headshot/70x70.png,Taylor Rogers (RP - CIN),,Taylor Rogers (CIN - RP),Taylor Rogers,Rogers,CIN,RP,,"3-3-6SV|4.17|1.30|9.89K9
",454.0
744,312.0,33.0,6,32.0,1.0,0.253,0.307,79,15.0,0.0,24.0,76.0,0.356,0.662,125,1%,1%,0%,H,https://www.fantasypros.com/mlb/players/donovan-solano.php,,,,,,,,,,,,,,donovan-solano,"Donovan Solano (SEA - 1B,3B,DH)",Donovan Solano,Solano,SEA,"1B,3B,DH",,.253|33R|6HR|32RBI|1SB,765,"Donovan Solano (SEA - 1B,3B,DH)",,,,1165.0,733.0,949.0,"1B,3B,DH","Donovan Solano (SEA - 1B,3B,DH)",184.0,https://images.fantasypros.com/images/players/mlb/4591/headshot/70x70.png,"Donovan Solano (1B,3B,DH - SEA)",,"Donovan Solano (SEA - 1B,3B,DH)",Donovan Solano,Solano,SEA,"1B,3B,DH",,".253|33R|6HR|32RBI|1SB
",588.0
745,,,4,,,,,49,,,,,,,156,0%,0%,0%,P,https://www.fantasypros.com/mlb/players/gregory-santos.php,55.9,56.0,3.0,3.0,3.28,1.23,20.0,20.0,50.0,0.0,2.0,0.0,9.02,gregory-santos,Gregory Santos (SEA - RP),Gregory Santos,Santos,SEA,RP,,3-2-3SV|3.28|1.23|9.02K9,766,Gregory Santos (SEA - RP),,,,1079.0,734.0,906.0,RP,Gregory Santos (SEA - RP),140.0,https://images.fantasypros.com/images/players/mlb/7285/headshot/70x70.png,Gregory Santos (RP - SEA),,Gregory Santos (SEA - RP),Gregory Santos,Santos,SEA,RP,,"3-2-3SV|3.28|1.23|9.02K9
",500.0
746,138.0,15.0,3,14.0,4.0,0.243,0.296,34,7.0,0.0,10.0,33.0,0.367,0.663,61,0%,0%,0%,H,https://www.fantasypros.com/mlb/players/brooks-baldwin.php,,,,,,,,,,,,,,brooks-baldwin,"Brooks Baldwin (CWS - 2B,SS)",Brooks Baldwin,Baldwin,CWS,"2B,SS",,.243|15R|3HR|14RBI|4SB,767,"Brooks Baldwin (CWS - 2B,SS)",,,,1143.0,735.0,939.0,"2B,SS","Brooks Baldwin (CWS - 2B,SS)",172.0,https://images.fantasypros.com/images/players/mlb/missing/headshot/70x70.png,"Brooks Baldwin (2B,SS - CWS)",,"Brooks Baldwin (CWS - 2B,SS)",Brooks Baldwin,Baldwin,CWS,"2B,SS",,".243|15R|3HR|14RBI|4SB
",765.0
747,,,6,,,,,50,,,,,,,74,0%,0%,0%,P,https://www.fantasypros.com/mlb/players/bryce-elder.php,49.4,40.0,3.0,0.0,4.34,1.38,24.0,18.0,15.0,7.0,3.0,0.0,7.29,bryce-elder,Bryce Elder (ATL - SP),Bryce Elder,Elder,ATL,SP,,3-3-0SV|4.34|1.38|7.29K9,768,Bryce Elder (ATL - SP),,,,854.0,751.0,802.0,SP,Bryce Elder (ATL - SP),34.0,https://images.fantasypros.com/images/players/mlb/44280/headshot/70x70.png,Bryce Elder (SP - ATL),,Bryce Elder (ATL - SP),Bryce Elder,Elder,ATL,SP,,"3-3-0SV|4.34|1.38|7.29K9
",726.0
748,101.0,13.0,2,12.0,2.0,0.253,0.324,25,5.0,0.0,11.0,19.0,0.379,0.702,55,1%,1%,0%,H,https://www.fantasypros.com/mlb/players/alan-roden.php,,,,,,,,,,,,,,alan-roden,Alan Roden (TOR - OF),Alan Roden,Roden,TOR,OF,NRI,.253|13R|2HR|12RBI|2SB,769,Alan Roden (TOR - OF),,,,1129.0,736.0,932.0,OF,Alan Roden (TOR - OF),163.0,https://images.fantasypros.com/images/players/mlb/missing/headshot/70x70.png,"Alan Roden (LF,RF - TOR)",,Alan Roden (TOR - OF),Alan Roden,Roden,TOR,OF,,".253|13R|2HR|12RBI|2SB
",776.0
749,,,5,,,,,48,,,,,,,74,0%,0%,0%,P,https://www.fantasypros.com/mlb/players/quinn-priester.php,47.5,39.0,3.0,0.0,4.26,1.35,23.0,16.0,27.0,4.0,3.0,0.0,7.39,quinn-priester,"Quinn Priester (BOS - RP,SP)",Quinn Priester,Priester,BOS,"RP,SP",,3-3-0SV|4.26|1.35|7.39K9,770,"Quinn Priester (BOS - RP,SP)",,,,1086.0,737.0,912.0,"RP,SP","Quinn Priester (BOS - RP,SP)",142.0,https://images.fantasypros.com/images/players/mlb/23367/headshot/70x70.png,"Quinn Priester (SP,RP - BOS)",,"Quinn Priester (BOS - RP,SP)",Quinn Priester,Priester,BOS,"RP,SP",,"3-3-0SV|4.26|1.35|7.39K9
",727.0
750,54.0,7.0,1,5.0,1.0,0.261,0.337,14,3.0,0.0,6.0,11.0,0.367,0.704,29,0%,0%,0%,H,https://www.fantasypros.com/mlb/players/wade-meckler.php,,,,,,,,,,,,,,wade-meckler,Wade Meckler (SF - OF),Wade Meckler,Meckler,SF,OF,,.261|7R|1HR|5RBI|1SB,771,Wade Meckler (SF - OF),,,,737.0,908.0,822.0,OF,Wade Meckler (SF - OF),51.0,https://images.fantasypros.com/images/players/mlb/47291/headshot/70x70.png,Wade Meckler (CF - SF),,Wade Meckler (SF - OF),Wade Meckler,Meckler,SF,OF,,".261|7R|1HR|5RBI|1SB
",839.0
751,,,8,,,,,59,,,,,,,163,0%,0%,0%,P,https://www.fantasypros.com/mlb/players/justin-anderson.php,63.5,66.0,2.0,8.0,4.35,1.41,31.0,31.0,62.0,0.0,3.0,0.0,9.35,justin-anderson,Justin Anderson (CWS - RP),Justin Anderson,Anderson,CWS,RP,,2-3-8SV|4.35|1.41|9.35K9,772,Justin Anderson (CWS - RP),,,,1089.0,738.0,914.0,RP,Justin Anderson (CWS - RP),142.0,https://images.fantasypros.com/images/players/mlb/7890/headshot/70x70.png,Justin Anderson (RP - CWS),,Justin Anderson (CWS - RP),Justin Anderson,Anderson,CWS,RP,,"2-3-8SV|4.35|1.41|9.35K9
",478.0
752,124.0,14.0,2,12.0,2.0,0.218,0.289,27,4.0,0.0,12.0,32.0,0.311,0.6,44,0%,0%,0%,H,https://www.fantasypros.com/mlb/players/austin-barnes.php,,,,,,,,,,,,,,austin-barnes,Austin Barnes (LAD - C),Austin Barnes,Barnes,LAD,C,,.218|14R|2HR|12RBI|2SB,773,Austin Barnes (LAD - C),,,,841.0,768.0,804.0,C,Austin Barnes (LAD - C),31.0,https://images.fantasypros.com/images/players/mlb/5633/headshot/70x70.png,Austin Barnes (C - LAD),,Austin Barnes (LAD - C),Austin Barnes,Barnes,LAD,C,,".218|14R|2HR|12RBI|2SB
",810.0
753,,,7,,,,,56,,,,,,,180,1%,1%,0%,P,https://www.fantasypros.com/mlb/players/pierce-johnson.php,64.3,77.0,4.0,3.0,3.69,1.29,26.0,27.0,62.0,0.0,3.0,0.0,10.78,pierce-johnson,Pierce Johnson (ATL - RP),Pierce Johnson,Johnson,ATL,RP,,4-3-3SV|3.69|1.29|10.78K9,774,Pierce Johnson (ATL - RP),,,,1173.0,740.0,956.0,RP,Pierce Johnson (ATL - RP),182.0,https://images.fantasypros.com/images/players/mlb/4212/headshot/70x70.png,Pierce Johnson (RP - ATL),,Pierce Johnson (ATL - RP),Pierce Johnson,Johnson,ATL,RP,,"4-3-3SV|3.69|1.29|10.78K9
",414.0
754,325.0,37.0,8,37.0,4.0,0.265,0.306,86,16.0,1.0,19.0,51.0,0.393,0.699,175,1%,1%,0%,H,https://www.fantasypros.com/mlb/players/miguel-andujar.php,,,,,,,,,,,,,,miguel-andujar,Miguel Andujar (ATH - OF),Miguel Andujar,Andujar,ATH,OF,,.265|37R|8HR|37RBI|4SB,775,Miguel Andujar (ATH - OF),,,,1189.0,741.0,965.0,OF,Miguel Andujar (ATH - OF),190.0,https://images.fantasypros.com/images/players/mlb/6570/headshot/70x70.png,Miguel Andujar (LF - ATH),,Miguel Andujar (ATH - OF),Miguel Andujar,Andujar,ATH,OF,,".265|37R|8HR|37RBI|4SB
",430.0
755,,,7,,,,,62,,,,,,,156,1%,1%,0%,P,https://www.fantasypros.com/mlb/players/dennis-santana.php,66.9,64.0,3.0,3.0,4.2,1.35,31.0,28.0,64.0,0.0,3.0,0.0,8.61,dennis-santana,Dennis Santana (PIT - RP),Dennis Santana,Santana,PIT,RP,,3-3-3SV|4.20|1.35|8.61K9,776,Dennis Santana (PIT - RP),,,,1244.0,742.0,993.0,RP,Dennis Santana (PIT - RP),217.0,https://images.fantasypros.com/images/players/mlb/7410/headshot/70x70.png,Dennis Santana (RP - PIT),,Dennis Santana (PIT - RP),Dennis Santana,Santana,PIT,RP,,"3-3-3SV|4.20|1.35|8.61K9
",501.0
756,,,5,,,,,52,,,,,,,159,1%,2%,0%,P,https://www.fantasypros.com/mlb/players/tim-herrin.php,62.6,66.0,3.0,0.0,3.38,1.24,24.0,25.0,61.0,0.0,3.0,0.0,9.49,tim-herrin,Tim Herrin (CLE - RP),Tim Herrin,Herrin,CLE,RP,,3-3-0SV|3.38|1.24|9.49K9,777,Tim Herrin (CLE - RP),,,,742.0,903.0,822.0,RP,Tim Herrin (CLE - RP),45.0,https://images.fantasypros.com/images/players/mlb/45689/headshot/70x70.png,Tim Herrin (RP - CLE),,Tim Herrin (CLE - RP),Tim Herrin,Herrin,CLE,RP,,"3-3-0SV|3.38|1.24|9.49K9
",489.0
757,,,7,,,,,56,,,,,,,173,1%,1%,1%,P,https://www.fantasypros.com/mlb/players/reed-garrett.php,65.3,77.0,4.0,2.0,3.75,1.32,27.0,30.0,61.0,0.0,4.0,0.0,10.61,reed-garrett,Reed Garrett (NYM - RP),Reed Garrett,Garrett,NYM,RP,,4-4-2SV|3.75|1.32|10.61K9,778,Reed Garrett (NYM - RP),,,,924.0,744.0,834.0,RP,Reed Garrett (NYM - RP),56.0,https://images.fantasypros.com/images/players/mlb/8189/headshot/70x70.png,Reed Garrett (RP - NYM),,Reed Garrett (NYM - RP),Reed Garrett,Garrett,NYM,RP,,"4-4-2SV|3.75|1.32|10.61K9
",440.0
758,,,10,,,,,64,,,,,,,87,0%,0%,0%,P,https://www.fantasypros.com/mlb/players/taijuan-walker.php,62.8,46.0,3.0,0.0,4.79,1.39,33.0,23.0,37.0,4.0,3.0,0.0,6.59,taijuan-walker,Taijuan Walker (PHI - SP),Taijuan Walker,Walker,PHI,SP,,3-3-0SV|4.79|1.39|6.59K9,779,Taijuan Walker (PHI - SP),,,,770.0,844.0,807.0,SP,Taijuan Walker (PHI - SP),28.0,https://images.fantasypros.com/images/players/mlb/4571/headshot/70x70.png,Taijuan Walker (SP - PHI),,Taijuan Walker (PHI - SP),Taijuan Walker,Walker,PHI,SP,,"3-3-0SV|4.79|1.39|6.59K9
",690.0
759,,,2,,,,,22,,,,,,,49,1%,1%,0%,P,https://www.fantasypros.com/mlb/players/brusdar-graterol-p.php,23.8,20.0,1.0,0.0,3.26,1.18,9.0,6.0,22.0,0.0,1.0,0.0,7.56,brusdar-graterol-p,Brusdar Graterol (LAD - RP),Brusdar Graterol,Graterol,LAD,RP,,1-1-0SV|3.26|1.18|7.56K9,780,Brusdar Graterol (LAD - RP),,,,810.0,805.0,808.0,RP,Brusdar Graterol (LAD - RP),28.0,https://images.fantasypros.com/images/players/mlb/31521/headshot/70x70.png,Brusdar Graterol (RP - LAD),,Brusdar Graterol (LAD - RP),Brusdar Graterol,Graterol,LAD,RP,,"1-1-0SV|3.26|1.18|7.56K9
",794.0
760,43.0,5.0,1,5.0,0.0,0.21,0.294,9,2.0,0.0,5.0,16.0,0.363,0.657,13,0%,0%,0%,H,https://www.fantasypros.com/mlb/players/austin-shenton.php,,,,,,,,,,,,,,austin-shenton,Austin Shenton (SEA - 1B),Austin Shenton,Shenton,SEA,1B,,.210|5R|1HR|5RBI|0SB,781,Austin Shenton (SEA - 1B),,,,746.0,917.0,832.0,1B,Austin Shenton (SEA - 1B),51.0,https://images.fantasypros.com/images/players/mlb/43965/headshot/70x70.png,Austin Shenton (1B - SEA),,Austin Shenton (SEA - 1B),Austin Shenton,Shenton,SEA,1B,,".210|5R|1HR|5RBI|0SB
",877.0
761,,,10,,,,,71,,,,,,,123,0%,0%,0%,P,https://www.fantasypros.com/mlb/players/dane-dunning.php,73.0,65.0,3.0,0.0,4.33,1.32,35.0,26.0,46.0,4.0,4.0,0.0,8.01,dane-dunning,"Dane Dunning (TEX - RP,SP)",Dane Dunning,Dunning,TEX,"RP,SP",,3-4-0SV|4.33|1.32|8.01K9,782,"Dane Dunning (TEX - RP,SP)",,,,915.0,746.0,830.0,"RP,SP","Dane Dunning (TEX - RP,SP)",48.0,https://images.fantasypros.com/images/players/mlb/6619/headshot/70x70.png,"Dane Dunning (SP,RP - TEX)",,"Dane Dunning (TEX - RP,SP)",Dane Dunning,Dunning,TEX,"RP,SP",,"3-4-0SV|4.33|1.32|8.01K9
",592.0
762,122.0,14.0,2,12.0,3.0,0.246,0.295,30,6.0,0.0,8.0,23.0,0.352,0.647,56,0%,0%,0%,H,https://www.fantasypros.com/mlb/players/darell-hernaiz.php,,,,,,,,,,,,,,darell-hernaiz,"Darell Hernaiz (ATH - 3B,SS)",Darell Hernaiz,Hernaiz,ATH,"3B,SS",,.246|14R|2HR|12RBI|3SB,783,"Darell Hernaiz (ATH - 3B,SS)",,,,919.0,747.0,833.0,"3B,SS","Darell Hernaiz (ATH - 3B,SS)",50.0,https://images.fantasypros.com/images/players/mlb/missing/headshot/70x70.png,"Darell Hernaiz (3B,SS - ATH)",,"Darell Hernaiz (ATH - 3B,SS)",Darell Hernaiz,Hernaiz,ATH,"3B,SS",,".246|14R|2HR|12RBI|3SB
",775.0
763,231.0,31.0,7,28.0,6.0,0.219,0.298,51,10.0,1.0,26.0,84.0,0.363,0.661,91,1%,1%,1%,H,https://www.fantasypros.com/mlb/players/chris-taylor.php,,,,,,,,,,,,,,chris-taylor,"Chris Taylor (LAD - 2B,3B,OF)",Chris Taylor,Taylor,LAD,"2B,3B,OF",,.219|31R|7HR|28RBI|6SB,784,"Chris Taylor (LAD - 2B,3B,OF)",,,,1020.0,748.0,884.0,"2B,3B,OF","Chris Taylor (LAD - 2B,3B,OF)",100.0,https://images.fantasypros.com/images/players/mlb/4888/headshot/70x70.png,"Chris Taylor (2B,3B,LF - LAD)",,"Chris Taylor (LAD - 2B,3B,OF)",Chris Taylor,Taylor,LAD,"2B,3B,OF",,".219|31R|7HR|28RBI|6SB
",680.0
764,,,6,,,,,32,,,,,,,72,0%,0%,0%,P,https://www.fantasypros.com/mlb/players/michael-grove.php,34.6,36.0,1.0,0.0,4.43,1.28,17.0,12.0,25.0,0.0,3.0,0.0,9.36,michael-grove,Michael Grove (LAD - RP),Michael Grove,Grove,LAD,RP,,1-3-0SV|4.43|1.28|9.36K9,785,Michael Grove (LAD - RP),,,,792.0,826.0,809.0,RP,Michael Grove (LAD - RP),24.0,https://images.fantasypros.com/images/players/mlb/43947/headshot/70x70.png,Michael Grove (RP - LAD),,Michael Grove (LAD - RP),Michael Grove,Grove,LAD,RP,,"1-3-0SV|4.43|1.28|9.36K9
",735.0
765,,,9,,,,,71,,,,,,,158,0%,0%,0%,P,https://www.fantasypros.com/mlb/players/matthew-liberatore.php,75.2,68.0,4.0,1.0,4.09,1.32,34.0,28.0,57.0,3.0,4.0,0.0,8.14,matthew-liberatore,"Matthew Liberatore (STL - RP,SP)",Matthew Liberatore,Liberatore,STL,"RP,SP",,4-4-1SV|4.09|1.32|8.14K9,786,"Matthew Liberatore (STL - RP,SP)",,,,1122.0,749.0,936.0,"RP,SP","Matthew Liberatore (STL - RP,SP)",150.0,https://images.fantasypros.com/images/players/mlb/7459/headshot/70x70.png,"Matthew Liberatore (SP,RP - STL)",,"Matthew Liberatore (STL - RP,SP)",Matthew Liberatore,Liberatore,STL,"RP,SP",,"4-4-1SV|4.09|1.32|8.14K9
",495.0
766,,,8,,,,,64,,,,,,,103,0%,0%,0%,P,https://www.fantasypros.com/mlb/players/johan-oviedo.php,67.5,59.0,3.0,0.0,4.42,1.38,33.0,29.0,26.0,9.0,4.0,0.0,7.87,johan-oviedo,Johan Oviedo (PIT - SP),Johan Oviedo,Oviedo,PIT,SP,IL60,3-4-0SV|4.42|1.38|7.87K9,787,Johan Oviedo (PIT - SP),,,,992.0,750.0,871.0,SP,Johan Oviedo (PIT - SP),84.0,https://images.fantasypros.com/images/players/mlb/7131/headshot/70x70.png,Johan Oviedo (SP - PIT),,Johan Oviedo (PIT - SP),Johan Oviedo,Oviedo,PIT,SP,,"3-4-0SV|4.42|1.38|7.87K9
",653.0
767,69.0,9.0,3,9.0,2.0,0.201,0.29,14,3.0,0.0,9.0,26.0,0.373,0.663,29,0%,0%,0%,H,https://www.fantasypros.com/mlb/players/jake-bauers.php,,,,,,,,,,,,,,jake-bauers,Jake Bauers (MIL - 1B),Jake Bauers,Bauers,MIL,1B,NRI,.201|9R|3HR|9RBI|2SB,788,Jake Bauers (MIL - 1B),,,,971.0,752.0,862.0,"1B,OF","Jake Bauers (MIL - 1B,OF)",74.0,https://images.fantasypros.com/images/players/mlb/5090/headshot/70x70.png,Jake Bauers (1B - MIL),,Jake Bauers (MIL - 1B),Jake Bauers,Bauers,MIL,1B,,".201|9R|3HR|9RBI|2SB
",840.0
768,39.0,5.0,1,4.0,1.0,0.253,0.329,10,2.0,0.0,4.0,9.0,0.342,0.671,21,0%,0%,0%,H,https://www.fantasypros.com/mlb/players/ignacio-alvarez.php,,,,,,,,,,,,,,ignacio-alvarez,Nacho Alvarez Jr. (ATL - 2B),Nacho Alvarez Jr.,Alvarez Jr.,ATL,2B,,.253|5R|1HR|4RBI|1SB,789,Nacho Alvarez Jr. (ATL - 2B),,,,933.0,753.0,843.0,2B,Nacho Alvarez Jr. (ATL - 2B),54.0,https://images.fantasypros.com/images/players/mlb/missing/headshot/70x70.png,Nacho Alvarez Jr. (2B - ATL),,Nacho Alvarez Jr. (ATL - 2B),Nacho Alvarez Jr.,Alvarez Jr.,ATL,2B,,".253|5R|1HR|4RBI|1SB
",856.0
769,123.0,17.0,1,11.0,6.0,0.242,0.32,30,7.0,0.0,14.0,25.0,0.338,0.658,62,0%,0%,0%,H,https://www.fantasypros.com/mlb/players/austin-martin-if.php,,,,,,,,,,,,,,austin-martin-if,Austin Martin (MIN - OF),Austin Martin,Martin,MIN,OF,,.242|17R|1HR|11RBI|6SB,791,Austin Martin (MIN - OF),,,,859.0,766.0,812.0,"2B,OF","Austin Martin (MIN - 2B,OF)",21.0,https://images.fantasypros.com/images/players/mlb/43881/headshot/70x70.png,"Austin Martin (LF,CF - MIN)",,Austin Martin (MIN - OF),Austin Martin,Martin,MIN,OF,,".242|17R|1HR|11RBI|6SB
",761.0
770,295.0,36.0,8,32.0,10.0,0.243,0.288,72,12.0,3.0,18.0,89.0,0.382,0.67,122,0%,0%,0%,H,https://www.fantasypros.com/mlb/players/derek-hill-of.php,,,,,,,,,,,,,,derek-hill-of,Derek Hill (MIA - OF),Derek Hill,Hill,MIA,OF,,.243|36R|8HR|32RBI|10SB,792,Derek Hill (MIA - OF),,,,1056.0,756.0,906.0,OF,Derek Hill (MIA - OF),114.0,https://images.fantasypros.com/images/players/mlb/10000/headshot/70x70.png,"Derek Hill (LF,CF - MIA)",,Derek Hill (MIA - OF),Derek Hill,Hill,MIA,OF,,".243|36R|8HR|32RBI|10SB
",594.0
771,,,7,,,,,48,,,,,,,147,1%,1%,1%,P,https://www.fantasypros.com/mlb/players/yuki-matsui.php,58.8,67.0,3.0,1.0,3.65,1.24,24.0,25.0,57.0,0.0,2.0,0.0,10.26,yuki-matsui,Yuki Matsui (SD - RP),Yuki Matsui,Matsui,SD,RP,,3-2-1SV|3.65|1.24|10.26K9,793,Yuki Matsui (SD - RP),,,,1066.0,757.0,912.0,RP,Yuki Matsui (SD - RP),119.0,https://images.fantasypros.com/images/players/mlb/7013/headshot/70x70.png,Yuki Matsui (RP - SD),,Yuki Matsui (SD - RP),Yuki Matsui,Matsui,SD,RP,,"3-2-1SV|3.65|1.24|10.26K9
",532.0
772,292.0,32.0,8,33.0,7.0,0.229,0.266,67,13.0,1.0,15.0,76.0,0.368,0.634,118,1%,1%,1%,H,https://www.fantasypros.com/mlb/players/javier-baez.php,,,,,,,,,,,,,,javier-baez,Javier Baez (DET - SS),Javier Baez,Baez,DET,SS,,.229|32R|8HR|33RBI|7SB,795,Javier Baez (DET - SS),,,,1137.0,758.0,948.0,SS,Javier Baez (DET - SS),153.0,https://images.fantasypros.com/images/players/mlb/4606/headshot/70x70.png,Javier Baez (SS - DET),,Javier Baez (DET - SS),Javier Baez,Baez,DET,SS,,".229|32R|8HR|33RBI|7SB
",612.0
773,55.0,7.0,0,4.0,4.0,0.222,0.31,12,2.0,0.0,7.0,14.0,0.274,0.585,22,0%,0%,0%,H,https://www.fantasypros.com/mlb/players/nasim-nunez.php,,,,,,,,,,,,,,nasim-nunez,Nasim Nunez (WSH - SS),Nasim Nunez,Nunez,WSH,SS,,.222|7R|0HR|4RBI|4SB,796,Nasim Nunez (WSH - SS),,,,758.0,916.0,837.0,SS,Nasim Nunez (WSH - SS),41.0,https://images.fantasypros.com/images/players/mlb/19789/headshot/70x70.png,Nasim Nunez (SS - WSH),,Nasim Nunez (WSH - SS),Nasim Nunez,Nunez,WSH,SS,,".222|7R|0HR|4RBI|4SB
",854.0
774,,,3,,,,,24,,,,,,,37,0%,0%,0%,P,https://www.fantasypros.com/mlb/players/caleb-kilian.php,24.3,19.0,1.0,0.0,4.29,1.36,12.0,9.0,16.0,2.0,1.0,0.0,7.04,caleb-kilian,"Caleb Kilian (CHC - RP,SP)",Caleb Kilian,Kilian,CHC,"RP,SP",MiLB,1-1-0SV|4.29|1.36|7.04K9,797,"Caleb Kilian (CHC - RP,SP)",,,,902.0,759.0,830.0,"RP,SP","Caleb Kilian (CHC - RP,SP)",33.0,https://images.fantasypros.com/images/players/mlb/44815/headshot/70x70.png,"Caleb Kilian (SP,RP - CHC)",,"Caleb Kilian (CHC - RP,SP)",Caleb Kilian,Kilian,CHC,"RP,SP",,"1-1-0SV|4.29|1.36|7.04K9
",825.0
775,,,3,,,,,19,,,,,,,41,1%,1%,0%,P,https://www.fantasypros.com/mlb/players/alek-manoah-p.php,21.7,21.0,1.0,0.0,4.18,1.27,10.0,8.0,10.0,3.0,1.0,0.0,8.71,alek-manoah-p,Alek Manoah (TOR - SP),Alek Manoah,Manoah,TOR,SP,,1-1-0SV|4.18|1.27|8.71K9,798,Alek Manoah (TOR - SP),,,,815.0,814.0,814.0,SP,Alek Manoah (TOR - SP),16.0,https://images.fantasypros.com/images/players/mlb/19812/headshot/70x70.png,Alek Manoah (SP - TOR),,Alek Manoah (TOR - SP),Alek Manoah,Manoah,TOR,SP,,"1-1-0SV|4.18|1.27|8.71K9
",820.0
776,,,6,,,,,39,,,,,,,66,0%,0%,0%,P,https://www.fantasypros.com/mlb/players/justin-wrobleski.php,40.6,36.0,2.0,0.0,4.35,1.32,20.0,15.0,31.0,1.0,2.0,0.0,7.98,justin-wrobleski,"Justin Wrobleski (LAD - RP,SP)",Justin Wrobleski,Wrobleski,LAD,"RP,SP",,2-2-0SV|4.35|1.32|7.98K9,799,"Justin Wrobleski (LAD - RP,SP)",,,,926.0,760.0,843.0,"RP,SP","Justin Wrobleski (LAD - RP,SP)",44.0,https://images.fantasypros.com/images/players/mlb/missing/headshot/70x70.png,"Justin Wrobleski (SP,RP - LAD)",,"Justin Wrobleski (LAD - RP,SP)",Justin Wrobleski,Wrobleski,LAD,"RP,SP",,"2-2-0SV|4.35|1.32|7.98K9
",749.0
777,,,6,,,,,38,,,,,,,95,0%,0%,0%,P,https://www.fantasypros.com/mlb/players/andrew-walters.php,44.8,50.0,2.0,0.0,4.01,1.32,20.0,21.0,46.0,0.0,2.0,0.0,10.04,andrew-walters,Andrew Walters (CLE - RP),Andrew Walters,Walters,CLE,RP,,2-2-0SV|4.01|1.32|10.04K9,800,Andrew Walters (CLE - RP),,,,760.0,872.0,816.0,RP,Andrew Walters (CLE - RP),16.0,https://images.fantasypros.com/images/players/mlb/missing/headshot/70x70.png,Andrew Walters (RP - CLE),,Andrew Walters (CLE - RP),Andrew Walters,Walters,CLE,RP,,"2-2-0SV|4.01|1.32|10.04K9
",671.0
778,,,7,,,,,44,,,,,,,99,0%,0%,0%,P,https://www.fantasypros.com/mlb/players/erik-swanson.php,46.7,46.0,2.0,1.0,4.28,1.29,22.0,16.0,46.0,0.0,2.0,0.0,8.87,erik-swanson,Erik Swanson (TOR - RP),Erik Swanson,Swanson,TOR,RP,,2-2-1SV|4.28|1.29|8.87K9,801,Erik Swanson (TOR - RP),,,,1001.0,761.0,881.0,RP,Erik Swanson (TOR - RP),80.0,https://images.fantasypros.com/images/players/mlb/6455/headshot/70x70.png,Erik Swanson (RP - TOR),,Erik Swanson (TOR - RP),Erik Swanson,Swanson,TOR,RP,,"2-2-1SV|4.28|1.29|8.87K9
",661.0
779,114.0,13.0,4,15.0,1.0,0.214,0.268,24,4.0,0.0,8.0,42.0,0.364,0.632,34,0%,0%,0%,H,https://www.fantasypros.com/mlb/players/eric-haase.php,,,,,,,,,,,,,,eric-haase,Eric Haase (MIL - C),Eric Haase,Haase,MIL,C,,.214|13R|4HR|15RBI|1SB,802,Eric Haase (MIL - C),,,,1064.0,762.0,913.0,C,Eric Haase (MIL - C),111.0,https://images.fantasypros.com/images/players/mlb/7567/headshot/70x70.png,Eric Haase (C - MIL),,Eric Haase (MIL - C),Eric Haase,Haase,MIL,C,,".214|13R|4HR|15RBI|1SB
",833.0
780,,,12,,,,,74,,,,,,,127,1%,1%,0%,P,https://www.fantasypros.com/mlb/players/kenta-maeda.php,76.1,69.0,3.0,0.0,4.45,1.26,38.0,22.0,40.0,6.0,4.0,0.0,8.16,kenta-maeda,"Kenta Maeda (DET - RP,SP)",Kenta Maeda,Maeda,DET,"RP,SP",,3-4-0SV|4.45|1.26|8.16K9,804,"Kenta Maeda (DET - RP,SP)",,,,1063.0,764.0,914.0,"RP,SP","Kenta Maeda (DET - RP,SP)",110.0,https://images.fantasypros.com/images/players/mlb/5939/headshot/70x70.png,"Kenta Maeda (SP,RP - DET)",,"Kenta Maeda (DET - RP,SP)",Kenta Maeda,Maeda,DET,"RP,SP",,"3-4-0SV|4.45|1.26|8.16K9
",583.0
781,,,5,,,,,48,,,,,,,165,1%,1%,0%,P,https://www.fantasypros.com/mlb/players/erik-miller.php,62.4,76.0,3.0,1.0,3.51,1.3,24.0,33.0,62.0,0.0,3.0,0.0,10.96,erik-miller,"Erik Miller (SF - RP,SP)",Erik Miller,Miller,SF,"RP,SP",,3-3-1SV|3.51|1.30|10.96K9,805,"Erik Miller (SF - RP,SP)",,,,764.0,904.0,834.0,"RP,SP","Erik Miller (SF - RP,SP)",29.0,https://images.fantasypros.com/images/players/mlb/23362/headshot/70x70.png,"Erik Miller (SP,RP - SF)",,"Erik Miller (SF - RP,SP)",Erik Miller,Miller,SF,"RP,SP",,"3-3-1SV|3.51|1.30|10.96K9
",469.0
782,47.0,6.0,1,5.0,1.0,0.24,0.293,11,2.0,0.0,4.0,14.0,0.353,0.646,18,1%,1%,0%,H,https://www.fantasypros.com/mlb/players/kevin-alcantara.php,,,,,,,,,,,,,,kevin-alcantara,Kevin Alcantara (CHC - OF),Kevin Alcantara,Alcantara,CHC,OF,MiLB,.240|6R|1HR|5RBI|1SB,806,Kevin Alcantara (CHC - OF),,,,1111.0,765.0,938.0,OF,Kevin Alcantara (CHC - OF),132.0,https://images.fantasypros.com/images/players/mlb/43724/headshot/70x70.png,Kevin Alcantara (CF - CHC),,Kevin Alcantara (CHC - OF),Kevin Alcantara,Alcantara,CHC,OF,,".240|6R|1HR|5RBI|1SB
",864.0
783,64.0,7.0,0,4.0,2.0,0.237,0.297,15,2.0,1.0,5.0,11.0,0.292,0.589,26,1%,1%,0%,H,https://www.fantasypros.com/mlb/players/nicky-lopez.php,,,,,,,,,,,,,,nicky-lopez,"Nicky Lopez (CHC - 2B,SS)",Nicky Lopez,Lopez,CHC,"2B,SS",NRI,.237|7R|0HR|4RBI|2SB,807,"Nicky Lopez (CHC - 2B,SS)",,,,766.0,884.0,825.0,"2B,3B,SS","Nicky Lopez (CHC - 2B,3B,SS)",18.0,https://images.fantasypros.com/images/players/mlb/7530/headshot/70x70.png,"Nicky Lopez (2B,SS - CHC)",,"Nicky Lopez (CHC - 2B,SS)",Nicky Lopez,Lopez,CHC,"2B,SS",,".237|7R|0HR|4RBI|2SB
",846.0
784,,,5,,,,,33,,,,,,,45,0%,0%,0%,P,https://www.fantasypros.com/mlb/players/logan-allen-p.php,32.3,28.0,2.0,0.0,4.64,1.41,17.0,13.0,7.0,5.0,2.0,0.0,7.8,logan-allen-p,Logan Allen (CLE - SP),Logan Allen,Allen,CLE,SP,,2-2-0SV|4.64|1.41|7.80K9,808,Logan Allen (CLE - SP),,,,866.0,770.0,818.0,SP,Logan Allen (CLE - SP),10.0,https://images.fantasypros.com/images/players/mlb/43900/headshot/70x70.png,Logan Allen (SP - CLE),,Logan Allen (CLE - SP),Logan Allen,Allen,CLE,SP,,"2-2-0SV|4.64|1.41|7.80K9
",807.0
785,,,3,,,,,27,,,,,,,53,0%,0%,0%,P,https://www.fantasypros.com/mlb/players/noah-cameron.php,28.0,26.0,2.0,0.0,3.94,1.26,12.0,8.0,24.0,1.0,2.0,0.0,8.36,noah-cameron,Noah Cameron (KC - SP),Noah Cameron,Cameron,KC,SP,MiLB,2-2-0SV|3.94|1.26|8.36K9,809,Noah Cameron (KC - SP),,,,1229.0,769.0,999.0,SP,Noah Cameron (KC - SP),190.0,https://images.fantasypros.com/images/players/mlb/missing/headshot/70x70.png,Noah Cameron (SP - KC),,Noah Cameron (KC - SP),Noah Cameron,Cameron,KC,SP,,"2-2-0SV|3.94|1.26|8.36K9
",782.0
786,,,9,,,,,63,,,,,,,86,0%,0%,0%,P,https://www.fantasypros.com/mlb/players/randy-vasquez.php,61.8,47.0,3.0,0.0,4.58,1.37,31.0,21.0,21.0,10.0,4.0,0.0,6.84,randy-vasquez,Randy Vasquez (SD - SP),Randy Vasquez,Vasquez,SD,SP,,3-4-0SV|4.58|1.37|6.84K9,810,Randy Vasquez (SD - SP),,,,1068.0,771.0,920.0,SP,Randy Vasquez (SD - SP),110.0,https://images.fantasypros.com/images/players/mlb/44895/headshot/70x70.png,Randy Vasquez (SP - SD),,Randy Vasquez (SD - SP),Randy Vasquez,Vasquez,SD,SP,,"3-4-0SV|4.58|1.37|6.84K9
",697.0
787,,,2,,,,,20,,,,,,,35,1%,1%,0%,P,https://www.fantasypros.com/mlb/players/patrick-sandoval.php,20.7,20.0,1.0,0.0,4.17,1.41,10.0,9.0,7.0,3.0,1.0,0.0,8.7,patrick-sandoval,Patrick Sandoval (BOS - SP),Patrick Sandoval,Sandoval,BOS,SP,IL60,1-1-0SV|4.17|1.41|8.70K9,811,Patrick Sandoval (BOS - SP),,,,771.0,994.0,882.0,SP,Patrick Sandoval (BOS - SP),71.0,https://images.fantasypros.com/images/players/mlb/8031/headshot/70x70.png,Patrick Sandoval (SP - BOS),,Patrick Sandoval (BOS - SP),Patrick Sandoval,Sandoval,BOS,SP,,"1-1-0SV|4.17|1.41|8.70K9
",830.0
788,,,5,,,,,27,,,,,,,74,1%,1%,0%,P,https://www.fantasypros.com/mlb/players/robert-stephenson.php,31.8,38.0,2.0,0.0,3.94,1.17,14.0,10.0,31.0,0.0,2.0,0.0,10.75,robert-stephenson,Robert Stephenson (LAA - RP),Robert Stephenson,Stephenson,LAA,RP,IL60,2-2-0SV|3.94|1.17|10.75K9,812,Robert Stephenson (LAA - RP),,,,1105.0,772.0,938.0,RP,Robert Stephenson (LAA - RP),126.0,https://images.fantasypros.com/images/players/mlb/4734/headshot/70x70.png,Robert Stephenson (RP - LAA),,Robert Stephenson (LAA - RP),Robert Stephenson,Stephenson,LAA,RP,,"2-2-0SV|3.94|1.17|10.75K9
",728.0
789,187.0,25.0,4,21.0,7.0,0.253,0.307,47,9.0,1.0,14.0,30.0,0.373,0.68,107,0%,0%,0%,H,https://www.fantasypros.com/mlb/players/tyler-freeman-ss.php,,,,,,,,,,,,,,tyler-freeman-ss,Tyler Freeman (CLE - OF),Tyler Freeman,Freeman,CLE,OF,,.253|25R|4HR|21RBI|7SB,813,Tyler Freeman (CLE - OF),,,,1010.0,773.0,892.0,"OF,SS","Tyler Freeman (CLE - OF,SS)",79.0,https://images.fantasypros.com/images/players/mlb/10024/headshot/70x70.png,Tyler Freeman (CF - CLE),,Tyler Freeman (CLE - OF),Tyler Freeman,Freeman,CLE,OF,,".253|25R|4HR|21RBI|7SB
",639.0
790,,,6,,,,,62,,,,,,,169,1%,1%,1%,P,https://www.fantasypros.com/mlb/players/will-vest.php,68.4,66.0,3.0,2.0,3.55,1.22,27.0,22.0,66.0,0.0,3.0,0.0,8.68,will-vest,Will Vest (DET - RP),Will Vest,Vest,DET,RP,,3-3-2SV|3.55|1.22|8.68K9,814,Will Vest (DET - RP),,,,1117.0,774.0,946.0,RP,Will Vest (DET - RP),132.0,https://images.fantasypros.com/images/players/mlb/44080/headshot/70x70.png,Will Vest (RP - DET),,Will Vest (DET - RP),Will Vest,Vest,DET,RP,,"3-3-2SV|3.55|1.22|8.68K9
",458.0
791,28.0,3.0,1,4.0,0.0,0.223,0.287,6,1.0,0.0,2.0,9.0,0.351,0.637,10,0%,0%,0%,H,https://www.fantasypros.com/mlb/players/stone-garrett.php,,,,,,,,,,,,,,stone-garrett,Stone Garrett (WSH - OF),Stone Garrett,Garrett,WSH,OF,MiLB,.223|3R|1HR|4RBI|0SB,815,Stone Garrett (WSH - OF),,,,1029.0,775.0,902.0,"DH,OF","Stone Garrett (WSH - DH,OF)",87.0,https://images.fantasypros.com/images/players/mlb/44049/headshot/70x70.png,"Stone Garrett (LF,RF - WSH)",,Stone Garrett (WSH - OF),Stone Garrett,Garrett,WSH,OF,,".223|3R|1HR|4RBI|0SB
",884.0
792,74.0,9.0,2,8.0,1.0,0.231,0.302,17,4.0,0.0,8.0,19.0,0.368,0.67,35,0%,0%,0%,H,https://www.fantasypros.com/mlb/players/dylan-carlson.php,,,,,,,,,,,,,,dylan-carlson,Dylan Carlson (BAL - OF),Dylan Carlson,Carlson,BAL,OF,,.231|9R|2HR|8RBI|1SB,816,Dylan Carlson (BAL - OF),,,,987.0,777.0,882.0,OF,Dylan Carlson (BAL - OF),66.0,https://images.fantasypros.com/images/players/mlb/6407/headshot/70x70.png,"Dylan Carlson (LF,CF,RF - BAL)",,Dylan Carlson (BAL - OF),Dylan Carlson,Carlson,BAL,OF,,".231|9R|2HR|8RBI|1SB
",831.0
793,,,3,,,,,18,,,,,,,40,0%,0%,0%,P,https://www.fantasypros.com/mlb/players/edgardo-henriquez.php,21.2,23.0,1.0,0.0,4.24,1.41,10.0,11.0,21.0,0.0,1.0,0.0,9.76,edgardo-henriquez,Edgardo Henriquez (LAD - RP),Edgardo Henriquez,Henriquez,LAD,RP,,1-1-0SV|4.24|1.41|9.76K9,817,Edgardo Henriquez (LAD - RP),,,,834.0,813.0,824.0,RP,Edgardo Henriquez (LAD - RP),7.0,https://images.fantasypros.com/images/players/mlb/missing/headshot/70x70.png,Edgardo Henriquez (RP - LAD),,Edgardo Henriquez (LAD - RP),Edgardo Henriquez,Henriquez,LAD,RP,,"1-1-0SV|4.24|1.41|9.76K9
",822.0
794,,,6,,,,,48,,,,,,,151,0%,0%,0%,P,https://www.fantasypros.com/mlb/players/michel-otanez.php,59.7,74.0,3.0,1.0,3.89,1.38,26.0,35.0,58.0,0.0,3.0,0.0,11.16,michel-otanez,Michel Otanez (ATH - RP),Michel Otanez,Otanez,ATH,RP,,3-3-1SV|3.89|1.38|11.16K9,818,Michel Otanez (ATH - RP),,,,1038.0,779.0,908.0,RP,Michel Otanez (ATH - RP),90.0,https://images.fantasypros.com/images/players/mlb/missing/headshot/70x70.png,Michel Otanez (RP - ATH),,Michel Otanez (ATH - RP),Michel Otanez,Otanez,ATH,RP,,"3-3-1SV|3.89|1.38|11.16K9
",519.0
795,120.0,15.0,2,11.0,5.0,0.223,0.287,27,5.0,1.0,11.0,27.0,0.333,0.619,55,0%,0%,0%,H,https://www.fantasypros.com/mlb/players/vidal-brujan-2b.php,,,,,,,,,,,,,,vidal-brujan-2b,"Vidal Brujan (CHC - 2B,SS)",Vidal Brujan,Brujan,CHC,"2B,SS",,.223|15R|2HR|11RBI|5SB,819,"Vidal Brujan (CHC - 2B,SS)",,,,1153.0,780.0,966.0,"2B,3B,OF,SS","Vidal Brujan (CHC - 2B,3B,OF,SS)",147.0,https://images.fantasypros.com/images/players/mlb/10035/headshot/70x70.png,"Vidal Brujan (2B,SS - CHC)",,"Vidal Brujan (CHC - 2B,SS)",Vidal Brujan,Brujan,CHC,"2B,SS",,".223|15R|2HR|11RBI|5SB
",777.0
796,89.0,11.0,2,9.0,2.0,0.239,0.3,21,5.0,0.0,8.0,19.0,0.363,0.664,45,0%,0%,0%,H,https://www.fantasypros.com/mlb/players/angel-martinez.php,,,,,,,,,,,,,,angel-martinez,Angel Martinez (CLE - OF),Angel Martinez,Martinez,CLE,OF,,.239|11R|2HR|9RBI|2SB,820,Angel Martinez (CLE - OF),,,,965.0,781.0,873.0,OF,Angel Martinez (CLE - OF),53.0,https://images.fantasypros.com/images/players/mlb/44791/headshot/70x70.png,"Angel Martinez (LF,CF - CLE)",,Angel Martinez (CLE - OF),Angel Martinez,Martinez,CLE,OF,,".239|11R|2HR|9RBI|2SB
",808.0
797,58.0,7.0,2,8.0,0.0,0.236,0.297,14,3.0,0.0,5.0,14.0,0.395,0.691,29,0%,0%,0%,H,https://www.fantasypros.com/mlb/players/andres-chaparro.php,,,,,,,,,,,,,,andres-chaparro,"Andres Chaparro (WSH - 1B,DH)",Andres Chaparro,Chaparro,WSH,"1B,DH",IL60,.236|7R|2HR|8RBI|0SB,821,"Andres Chaparro (WSH - 1B,DH)",,,,918.0,782.0,850.0,"1B,DH","Andres Chaparro (WSH - 1B,DH)",29.0,https://images.fantasypros.com/images/players/mlb/missing/headshot/70x70.png,"Andres Chaparro (1B,DH - WSH)",,"Andres Chaparro (WSH - 1B,DH)",Andres Chaparro,Chaparro,WSH,"1B,DH",,".236|7R|2HR|8RBI|0SB
",841.0
798,,,15,,,,,95,,,,,,,115,0%,0%,0%,P,https://www.fantasypros.com/mlb/players/bryse-wilson.php,90.0,66.0,3.0,0.0,4.73,1.36,47.0,28.0,35.0,11.0,6.0,0.0,6.6,bryse-wilson,"Bryse Wilson (CWS - RP,SP)",Bryse Wilson,Wilson,CWS,"RP,SP",,3-6-0SV|4.73|1.36|6.60K9,822,"Bryse Wilson (CWS - RP,SP)",,,,868.0,784.0,826.0,"RP,SP","Bryse Wilson (CWS - RP,SP)",4.0,https://images.fantasypros.com/images/players/mlb/7397/headshot/70x70.png,"Bryse Wilson (SP,RP - CWS)",,"Bryse Wilson (CWS - RP,SP)",Bryse Wilson,Wilson,CWS,"RP,SP",,"3-6-0SV|4.73|1.36|6.60K9
",620.0
799,16.0,2.0,0,1.0,1.0,0.198,0.316,3,1.0,0.0,3.0,5.0,0.269,0.585,6,1%,1%,0%,H,https://www.fantasypros.com/mlb/players/jett-williams.php,,,,,,,,,,,,,,jett-williams,Jett Williams (NYM - SS),Jett Williams,Williams,NYM,SS,MiLB,.198|2R|0HR|1RBI|1SB,823,Jett Williams (NYM - SS),,,,1043.0,783.0,913.0,SS,Jett Williams (NYM - SS),90.0,https://images.fantasypros.com/images/players/mlb/missing/headshot/70x70.png,Jett Williams (SS - NYM),,Jett Williams (NYM - SS),Jett Williams,Williams,NYM,SS,,".198|2R|0HR|1RBI|1SB
",888.0
800,27.0,3.0,1,3.0,2.0,0.214,0.285,6,1.0,0.0,3.0,8.0,0.32,0.605,13,0%,0%,0%,H,https://www.fantasypros.com/mlb/players/cooper-bowman.php,,,,,,,,,,,,,,cooper-bowman,"Cooper Bowman (ATH - 2B,OF)",Cooper Bowman,Bowman,ATH,"2B,OF",MiLB,.214|3R|1HR|3RBI|2SB,824,"Cooper Bowman (ATH - 2B,OF)",,,,783.0,888.0,836.0,"2B,OF","Cooper Bowman (ATH - 2B,OF)",12.0,https://images.fantasypros.com/images/players/mlb/missing/headshot/70x70.png,"Cooper Bowman (2B,CF - ATH)",,"Cooper Bowman (ATH - 2B,OF)",Cooper Bowman,Bowman,ATH,"2B,OF",,".214|3R|1HR|3RBI|2SB
",878.0
801,,,6,,,,,41,,,,,,,137,0%,0%,0%,P,https://www.fantasypros.com/mlb/players/jake-cousins.php,53.0,64.0,3.0,1.0,3.75,1.27,22.0,26.0,50.0,0.0,2.0,0.0,10.87,jake-cousins,Jake Cousins (NYY - RP),Jake Cousins,Cousins,NYY,RP,,3-2-1SV|3.75|1.27|10.87K9,825,Jake Cousins (NYY - RP),,,,786.0,867.0,826.0,RP,Jake Cousins (NYY - RP),1.0,https://images.fantasypros.com/images/players/mlb/44219/headshot/70x70.png,Jake Cousins (RP - NYY),,Jake Cousins (NYY - RP),Jake Cousins,Cousins,NYY,RP,,"3-2-1SV|3.75|1.27|10.87K9
",561.0
802,30.0,3.0,1,4.0,0.0,0.222,0.28,7,1.0,0.0,2.0,7.0,0.382,0.662,13,1%,1%,0%,H,https://www.fantasypros.com/mlb/players/jeferson-quero.php,,,,,,,,,,,,,,jeferson-quero,Jeferson Quero (MIL - C),Jeferson Quero,Quero,MIL,C,MiLB,.222|3R|1HR|4RBI|0SB,826,Jeferson Quero (MIL - C),,,,938.0,785.0,862.0,C,Jeferson Quero (MIL - C),36.0,https://images.fantasypros.com/images/players/mlb/44588/headshot/70x70.png,Jeferson Quero (C - MIL),,Jeferson Quero (MIL - C),Jeferson Quero,Quero,MIL,C,,".222|3R|1HR|4RBI|0SB
",879.0
803,,,5,,,,,36,,,,,,,94,1%,2%,0%,P,https://www.fantasypros.com/mlb/players/craig-yoho.php,42.7,50.0,2.0,0.0,3.62,1.27,17.0,18.0,42.0,0.0,2.0,0.0,10.54,craig-yoho,Craig Yoho (MIL - RP),Craig Yoho,Yoho,MIL,RP,NRI,2-2-0SV|3.62|1.27|10.54K9,827,Craig Yoho (MIL - RP),,,,1100.0,786.0,943.0,RP,Craig Yoho (MIL - RP),116.0,https://images.fantasypros.com/images/players/mlb/missing/headshot/70x70.png,Craig Yoho (RP - MIL),,Craig Yoho (MIL - RP),Craig Yoho,Yoho,MIL,RP,,"2-2-0SV|3.62|1.27|10.54K9
",676.0
804,121.0,15.0,3,13.0,5.0,0.216,0.276,26,5.0,1.0,10.0,44.0,0.357,0.633,41,0%,0%,0%,H,https://www.fantasypros.com/mlb/players/grant-mccray.php,,,,,,,,,,,,,,grant-mccray,Grant McCray (SF - OF),Grant McCray,McCray,SF,OF,,.216|15R|3HR|13RBI|5SB,829,Grant McCray (SF - OF),,,,970.0,787.0,878.0,OF,Grant McCray (SF - OF),49.0,https://images.fantasypros.com/images/players/mlb/missing/headshot/70x70.png,Grant McCray (CF - SF),,Grant McCray (SF - OF),Grant McCray,McCray,SF,OF,,".216|15R|3HR|13RBI|5SB
",821.0
805,,,7,,,,,51,,,,,,,135,1%,2%,0%,P,https://www.fantasypros.com/mlb/players/hector-neris.php,57.3,61.0,4.0,1.0,4.05,1.31,26.0,24.0,56.0,0.0,3.0,0.0,9.58,hector-neris,Hector Neris (ATL - RP),Hector Neris,Neris,ATL,RP,MiLB,4-3-1SV|4.05|1.31|9.58K9,830,Hector Neris (ATL - RP),,,,943.0,788.0,866.0,RP,Hector Neris (ATL - RP),36.0,https://images.fantasypros.com/images/players/mlb/5544/headshot/70x70.png,Hector Neris (RP - ATL),,Hector Neris (ATL - RP),Hector Neris,Neris,ATL,RP,,"4-3-1SV|4.05|1.31|9.58K9
",569.0
806,,,9,,,,,67,,,,,,,106,0%,0%,0%,P,https://www.fantasypros.com/mlb/players/daniel-lynch.php,66.2,52.0,3.0,0.0,4.34,1.33,32.0,20.0,42.0,4.0,3.0,0.0,7.07,daniel-lynch,Daniel Lynch (KC - RP),Daniel Lynch,Lynch,KC,RP,,3-3-0SV|4.34|1.33|7.07K9,831,Daniel Lynch (KC - RP),,,,1218.0,789.0,1004.0,"RP,SP","Daniel Lynch (KC - RP,SP)",173.0,https://images.fantasypros.com/images/players/mlb/7994/headshot/70x70.png,Daniel Lynch (RP - KC),,Daniel Lynch (KC - RP),Daniel Lynch,Lynch,KC,RP,,"3-3-0SV|4.34|1.33|7.07K9
",641.0
807,52.0,6.0,1,6.0,0.0,0.236,0.293,12,2.0,0.0,4.0,13.0,0.374,0.668,20,0%,0%,0%,H,https://www.fantasypros.com/mlb/players/emmanuel-rivera.php,,,,,,,,,,,,,,emmanuel-rivera,"Emmanuel Rivera (BAL - 1B,3B)",Emmanuel Rivera,Rivera,BAL,"1B,3B",NRI,.236|6R|1HR|6RBI|0SB,832,"Emmanuel Rivera (BAL - 1B,3B)",,,,789.0,898.0,844.0,"1B,3B","Emmanuel Rivera (BAL - 1B,3B)",12.0,https://images.fantasypros.com/images/players/mlb/44159/headshot/70x70.png,"Emmanuel Rivera (1B,3B - BAL)",,"Emmanuel Rivera (BAL - 1B,3B)",Emmanuel Rivera,Rivera,BAL,"1B,3B",,".236|6R|1HR|6RBI|0SB
",858.0
808,,,7,,,,,47,,,,,,,81,0%,0%,0%,P,https://www.fantasypros.com/mlb/players/jonathan-brubaker.php,48.7,45.0,2.0,0.0,4.44,1.32,24.0,17.0,35.0,3.0,2.0,0.0,8.32,jonathan-brubaker,"JT Brubaker (NYY - RP,SP)",JT Brubaker,Brubaker,NYY,"RP,SP",,2-2-0SV|4.44|1.32|8.32K9,833,"JT Brubaker (NYY - RP,SP)",,,,790.0,878.0,834.0,"RP,SP","JT Brubaker (NYY - RP,SP)",1.0,https://images.fantasypros.com/images/players/mlb/8152/headshot/70x70.png,"JT Brubaker (SP,RP - NYY)",,"JT Brubaker (NYY - RP,SP)",JT Brubaker,Brubaker,NYY,"RP,SP",,"2-2-0SV|4.44|1.32|8.32K9
",712.0
809,,,8,,,,,50,,,,,,,89,0%,0%,0%,P,https://www.fantasypros.com/mlb/players/slade-cecconi.php,51.5,46.0,2.0,0.0,4.28,1.22,25.0,12.0,33.0,3.0,3.0,0.0,8.04,slade-cecconi,"Slade Cecconi (CLE - RP,SP)",Slade Cecconi,Cecconi,CLE,"RP,SP",,2-3-0SV|4.28|1.22|8.04K9,834,"Slade Cecconi (CLE - RP,SP)",,,,1166.0,791.0,978.0,"RP,SP","Slade Cecconi (CLE - RP,SP)",144.0,https://images.fantasypros.com/images/players/mlb/7270/headshot/70x70.png,"Slade Cecconi (SP,RP - CLE)",,"Slade Cecconi (CLE - RP,SP)",Slade Cecconi,Cecconi,CLE,"RP,SP",,"2-3-0SV|4.28|1.22|8.04K9
",686.0
810,,,6,,,,,39,,,,,,,55,0%,0%,0%,P,https://www.fantasypros.com/mlb/players/jake-bloss.php,39.3,32.0,2.0,0.0,4.71,1.39,21.0,16.0,18.0,6.0,2.0,0.0,7.33,jake-bloss,Jake Bloss (TOR - SP),Jake Bloss,Bloss,TOR,SP,,2-2-0SV|4.71|1.39|7.33K9,835,Jake Bloss (TOR - SP),,,,1039.0,792.0,916.0,SP,Jake Bloss (TOR - SP),81.0,https://images.fantasypros.com/images/players/mlb/missing/headshot/70x70.png,Jake Bloss (SP - TOR),,Jake Bloss (TOR - SP),Jake Bloss,Bloss,TOR,SP,,"2-2-0SV|4.71|1.39|7.33K9
",778.0
811,,,6,,,,,55,,,,,,,164,0%,0%,0%,P,https://www.fantasypros.com/mlb/players/anthony-bender.php,59.6,61.0,3.0,5.0,3.8,1.28,25.0,22.0,57.0,0.0,3.0,0.0,9.21,anthony-bender,Anthony Bender (MIA - RP),Anthony Bender,Bender,MIA,RP,,3-3-5SV|3.80|1.28|9.21K9,836,Anthony Bender (MIA - RP),,,,1221.0,793.0,1007.0,RP,Anthony Bender (MIA - RP),171.0,https://images.fantasypros.com/images/players/mlb/44091/headshot/70x70.png,Anthony Bender (RP - MIA),,Anthony Bender (MIA - RP),Anthony Bender,Bender,MIA,RP,,"3-3-5SV|3.80|1.28|9.21K9
",473.0
812,201.0,26.0,4,19.0,11.0,0.204,0.295,41,9.0,1.0,26.0,57.0,0.317,0.612,90,0%,0%,0%,H,https://www.fantasypros.com/mlb/players/taylor-walls.php,,,,,,,,,,,,,,taylor-walls,Taylor Walls (TB - SS),Taylor Walls,Walls,TB,SS,,.204|26R|4HR|19RBI|11SB,837,Taylor Walls (TB - SS),,,,1049.0,795.0,922.0,SS,Taylor Walls (TB - SS),85.0,https://images.fantasypros.com/images/players/mlb/43756/headshot/70x70.png,Taylor Walls (SS - TB),,Taylor Walls (TB - SS),Taylor Walls,Walls,TB,SS,,".204|26R|4HR|19RBI|11SB
",684.0
813,215.0,23.0,5,23.0,1.0,0.214,0.291,46,9.0,0.0,23.0,65.0,0.321,0.612,75,0%,0%,0%,H,https://www.fantasypros.com/mlb/players/benjamin-rortvedt.php,,,,,,,,,,,,,,benjamin-rortvedt,Ben Rortvedt (TB - C),Ben Rortvedt,Rortvedt,TB,C,,.214|23R|5HR|23RBI|1SB,838,Ben Rortvedt (TB - C),,,,1074.0,796.0,935.0,C,Ben Rortvedt (TB - C),97.0,https://images.fantasypros.com/images/players/mlb/8534/headshot/70x70.png,Ben Rortvedt (C - TB),,Ben Rortvedt (TB - C),Ben Rortvedt,Rortvedt,TB,C,,".214|23R|5HR|23RBI|1SB
",721.0
814,,,6,,,,,45,,,,,,,78,0%,0%,0%,P,https://www.fantasypros.com/mlb/players/jordan-wicks.php,46.6,41.0,2.0,0.0,4.27,1.32,22.0,16.0,17.0,7.0,2.0,0.0,7.92,jordan-wicks,Jordan Wicks (CHC - SP),Jordan Wicks,Wicks,CHC,SP,,2-2-0SV|4.27|1.32|7.92K9,839,Jordan Wicks (CHC - SP),,,,1230.0,797.0,1014.0,SP,Jordan Wicks (CHC - SP),175.0,https://images.fantasypros.com/images/players/mlb/44679/headshot/70x70.png,Jordan Wicks (SP - CHC),,Jordan Wicks (CHC - SP),Jordan Wicks,Wicks,CHC,SP,,"2-2-0SV|4.27|1.32|7.92K9
",718.0
815,97.0,11.0,2,10.0,2.0,0.229,0.301,22,5.0,0.0,10.0,21.0,0.34,0.642,46,1%,1%,0%,H,https://www.fantasypros.com/mlb/players/cole-young.php,,,,,,,,,,,,,,cole-young,"Cole Young (SEA - 2B,SS)",Cole Young,Young,SEA,"2B,SS",MiLB,.229|11R|2HR|10RBI|2SB,840,"Cole Young (SEA - 2B,SS)",,,,1036.0,798.0,917.0,"2B,SS","Cole Young (SEA - 2B,SS)",77.0,https://images.fantasypros.com/images/players/mlb/missing/headshot/70x70.png,"Cole Young (2B,SS - SEA)",,"Cole Young (SEA - 2B,SS)",Cole Young,Young,SEA,"2B,SS",,".229|11R|2HR|10RBI|2SB
",802.0
816,136.0,16.0,3,15.0,2.0,0.229,0.288,31,6.0,1.0,11.0,46.0,0.345,0.633,46,0%,0%,0%,H,https://www.fantasypros.com/mlb/players/blaze-alexander.php,,,,,,,,,,,,,,blaze-alexander,"Blaze Alexander (ARI - 2B,SS)",Blaze Alexander,Alexander,ARI,"2B,SS",,.229|16R|3HR|15RBI|2SB,841,"Blaze Alexander (ARI - 2B,SS)",,,,893.0,799.0,846.0,"2B,3B,SS","Blaze Alexander (ARI - 2B,3B,SS)",5.0,https://images.fantasypros.com/images/players/mlb/8280/headshot/70x70.png,"Blaze Alexander (2B,SS - ARI)",,"Blaze Alexander (ARI - 2B,SS)",Blaze Alexander,Alexander,ARI,"2B,SS",,".229|16R|3HR|15RBI|2SB
",803.0
817,,,4,,,,,31,,,,,,,52,2%,3%,0%,P,https://www.fantasypros.com/mlb/players/ryan-yarbrough.php,31.5,23.0,2.0,0.0,4.31,1.25,15.0,9.0,23.0,1.0,1.0,0.0,6.57,ryan-yarbrough,Ryan Yarbrough (TOR - RP),Ryan Yarbrough,Yarbrough,TOR,RP,NRI,2-1-0SV|4.31|1.25|6.57K9,842,Ryan Yarbrough (TOR - RP),,,,800.0,995.0,898.0,"RP,SP","Ryan Yarbrough (TOR - RP,SP)",56.0,https://images.fantasypros.com/images/players/mlb/6719/headshot/70x70.png,Ryan Yarbrough (RP - TOR),,Ryan Yarbrough (TOR - RP),Ryan Yarbrough,Yarbrough,TOR,RP,,"2-1-0SV|4.31|1.25|6.57K9
",785.0
818,,,5,,,,,37,,,,,,,63,0%,0%,0%,P,https://www.fantasypros.com/mlb/players/braxton-ashcraft.php,37.3,32.0,1.0,0.0,4.1,1.25,17.0,10.0,23.0,3.0,2.0,0.0,7.72,braxton-ashcraft,Braxton Ashcraft (PIT - SP),Braxton Ashcraft,Ashcraft,PIT,SP,MiLB,1-2-0SV|4.10|1.25|7.72K9,843,Braxton Ashcraft (PIT - SP),,,,958.0,800.0,879.0,SP,Braxton Ashcraft (PIT - SP),36.0,https://images.fantasypros.com/images/players/mlb/missing/headshot/70x70.png,Braxton Ashcraft (SP - PIT),,Braxton Ashcraft (PIT - SP),Braxton Ashcraft,Ashcraft,PIT,SP,,"1-2-0SV|4.10|1.25|7.72K9
",758.0
819,152.0,20.0,2,14.0,8.0,0.246,0.309,37,6.0,1.0,14.0,37.0,0.34,0.649,70,0%,0%,0%,H,https://www.fantasypros.com/mlb/players/jon-berti.php,,,,,,,,,,,,,,jon-berti,Jon Berti (CHC - 3B),Jon Berti,Berti,CHC,3B,,.246|20R|2HR|14RBI|8SB,844,Jon Berti (CHC - 3B),,,,1054.0,801.0,928.0,3B,Jon Berti (CHC - 3B),84.0,https://images.fantasypros.com/images/players/mlb/6776/headshot/70x70.png,Jon Berti (3B - CHC),,Jon Berti (CHC - 3B),Jon Berti,Berti,CHC,3B,,".246|20R|2HR|14RBI|8SB
",737.0
820,,,2,,,,,16,,,,,,,24,0%,0%,0%,P,https://www.fantasypros.com/mlb/players/logan-evans.php,16.0,12.0,1.0,0.0,4.33,1.37,8.0,6.0,8.0,2.0,1.0,0.0,6.75,logan-evans,"Logan Evans (SEA - RP,SP)",Logan Evans,Evans,SEA,"RP,SP",NRI,1-1-0SV|4.33|1.37|6.75K9,845,"Logan Evans (SEA - RP,SP)",,,,1078.0,802.0,940.0,"RP,SP","Logan Evans (SEA - RP,SP)",95.0,https://images.fantasypros.com/images/players/mlb/missing/headshot/70x70.png,"Logan Evans (SP,RP - SEA)",,"Logan Evans (SEA - RP,SP)",Logan Evans,Evans,SEA,"RP,SP",,"1-1-0SV|4.33|1.37|6.75K9
",850.0
821,,,8,,,,,57,,,,,,,145,1%,2%,0%,P,https://www.fantasypros.com/mlb/players/tyson-miller.php,62.6,58.0,3.0,1.0,4.01,1.25,28.0,21.0,58.0,0.0,3.0,0.0,8.34,tyson-miller,Tyson Miller (CHC - RP),Tyson Miller,Miller,CHC,RP,,3-3-1SV|4.01|1.25|8.34K9,846,Tyson Miller (CHC - RP),,,,885.0,803.0,844.0,RP,Tyson Miller (CHC - RP),-2.0,https://images.fantasypros.com/images/players/mlb/39293/headshot/70x70.png,Tyson Miller (RP - CHC),,Tyson Miller (CHC - RP),Tyson Miller,Miller,CHC,RP,,"3-3-1SV|4.01|1.25|8.34K9
",541.0
822,,,5,,,,,41,,,,,,,127,1%,1%,0%,P,https://www.fantasypros.com/mlb/players/dedniel-nunez.php,49.9,58.0,3.0,0.0,3.43,1.19,19.0,18.0,45.0,0.0,2.0,0.0,10.46,dedniel-nunez,Dedniel Nunez (NYM - RP),Dedniel Nunez,Nunez,NYM,RP,,3-2-0SV|3.43|1.19|10.46K9,848,Dedniel Nunez (NYM - RP),,,,960.0,806.0,883.0,RP,Dedniel Nunez (NYM - RP),35.0,https://images.fantasypros.com/images/players/mlb/44083/headshot/70x70.png,Dedniel Nunez (RP - NYM),,Dedniel Nunez (NYM - RP),Dedniel Nunez,Nunez,NYM,RP,,"3-2-0SV|3.43|1.19|10.46K9
",584.0
823,,,6,,,,,55,,,,,,,161,1%,2%,1%,P,https://www.fantasypros.com/mlb/players/colin-holderman.php,62.0,62.0,3.0,4.0,3.88,1.31,27.0,26.0,60.0,0.0,3.0,0.0,9.0,colin-holderman,Colin Holderman (PIT - RP),Colin Holderman,Holderman,PIT,RP,,3-3-4SV|3.88|1.31|9.00K9,849,Colin Holderman (PIT - RP),,,,995.0,807.0,901.0,RP,Colin Holderman (PIT - RP),52.0,https://images.fantasypros.com/images/players/mlb/45621/headshot/70x70.png,Colin Holderman (RP - PIT),,Colin Holderman (PIT - RP),Colin Holderman,Holderman,PIT,RP,,"3-3-4SV|3.88|1.31|9.00K9
",486.0
824,36.0,4.0,1,4.0,2.0,0.211,0.277,8,2.0,0.0,3.0,13.0,0.36,0.636,13,0%,0%,0%,H,https://www.fantasypros.com/mlb/players/pedro-leon.php,,,,,,,,,,,,,,pedro-leon,Pedro Leon (HOU - OF),Pedro Leon,Leon,HOU,OF,,.211|4R|1HR|4RBI|2SB,850,Pedro Leon (HOU - OF),,,,807.0,894.0,850.0,OF,Pedro Leon (HOU - OF),0.0,https://images.fantasypros.com/images/players/mlb/missing/headshot/70x70.png,Pedro Leon (RF - HOU),,Pedro Leon (HOU - OF),Pedro Leon,Leon,HOU,OF,,".211|4R|1HR|4RBI|2SB
",880.0
825,41.0,5.0,2,5.0,0.0,0.189,0.306,8,2.0,0.0,7.0,17.0,0.332,0.639,17,0%,0%,0%,H,https://www.fantasypros.com/mlb/players/ryan-noda.php,,,,,,,,,,,,,,ryan-noda,Ryan Noda (LAA - 1B),Ryan Noda,Noda,LAA,1B,,.189|5R|2HR|5RBI|0SB,851,Ryan Noda (LAA - 1B),,,,829.0,848.0,838.0,1B,Ryan Noda (LAA - 1B),-13.0,https://images.fantasypros.com/images/players/mlb/44240/headshot/70x70.png,Ryan Noda (1B - LAA),,Ryan Noda (LAA - 1B),Ryan Noda,Noda,LAA,1B,,".189|5R|2HR|5RBI|0SB
",871.0
826,,,6,,,,,40,,,,,,,123,0%,0%,0%,P,https://www.fantasypros.com/mlb/players/andrew-nardi.php,47.5,59.0,2.0,2.0,3.7,1.23,20.0,19.0,46.0,0.0,3.0,0.0,11.18,andrew-nardi,Andrew Nardi (MIA - RP),Andrew Nardi,Nardi,MIA,RP,IL60,2-3-2SV|3.70|1.23|11.18K9,852,Andrew Nardi (MIA - RP),,,,1000.0,808.0,904.0,RP,Andrew Nardi (MIA - RP),52.0,https://images.fantasypros.com/images/players/mlb/46456/headshot/70x70.png,Andrew Nardi (RP - MIA),,Andrew Nardi (MIA - RP),Andrew Nardi,Nardi,MIA,RP,,"2-3-2SV|3.70|1.23|11.18K9
",593.0
827,,,4,,,,,29,,,,,,,55,0%,0%,0%,P,https://www.fantasypros.com/mlb/players/roansy-contreras.php,31.3,28.0,1.0,0.0,4.41,1.32,15.0,12.0,27.0,0.0,1.0,0.0,8.05,roansy-contreras,Roansy Contreras (BAL - RP),Roansy Contreras,Contreras,BAL,RP,,1-1-0SV|4.41|1.32|8.05K9,853,Roansy Contreras (BAL - RP),,,,808.0,910.0,859.0,"RP,SP","Roansy Contreras (BAL - RP,SP)",6.0,https://images.fantasypros.com/images/players/mlb/44067/headshot/70x70.png,Roansy Contreras (RP - BAL),,Roansy Contreras (BAL - RP),Roansy Contreras,Contreras,BAL,RP,,"1-1-0SV|4.41|1.32|8.05K9
",779.0
828,192.0,24.0,7,24.0,5.0,0.224,0.286,43,10.0,1.0,17.0,56.0,0.389,0.676,91,0%,0%,0%,H,https://www.fantasypros.com/mlb/players/eguy-rosario.php,,,,,,,,,,,,,,eguy-rosario,Eguy Rosario (SD - 3B),Eguy Rosario,Rosario,SD,3B,,.224|24R|7HR|24RBI|5SB,854,Eguy Rosario (SD - 3B),,,,1163.0,809.0,986.0,3B,Eguy Rosario (SD - 3B),132.0,https://images.fantasypros.com/images/players/mlb/10119/headshot/70x70.png,Eguy Rosario (3B - SD),,Eguy Rosario (SD - 3B),Eguy Rosario,Rosario,SD,3B,,".224|24R|7HR|24RBI|5SB
",681.0
829,155.0,18.0,4,16.0,4.0,0.217,0.302,34,8.0,1.0,19.0,48.0,0.345,0.647,67,0%,0%,0%,H,https://www.fantasypros.com/mlb/players/daniel-schneemann.php,,,,,,,,,,,,,,daniel-schneemann,"Daniel Schneemann (CLE - OF,SS)",Daniel Schneemann,Schneemann,CLE,"OF,SS",,.217|18R|4HR|16RBI|4SB,855,"Daniel Schneemann (CLE - OF,SS)",,,,911.0,810.0,860.0,"3B,OF,SS","Daniel Schneemann (CLE - 3B,OF,SS)",5.0,https://images.fantasypros.com/images/players/mlb/missing/headshot/70x70.png,"Daniel Schneemann (SS,CF - CLE)",,"Daniel Schneemann (CLE - OF,SS)",Daniel Schneemann,Schneemann,CLE,"OF,SS",,".217|18R|4HR|16RBI|4SB
",746.0
830,,,6,,,,,49,,,,,,,75,0%,0%,0%,P,https://www.fantasypros.com/mlb/players/graham-ashcraft.php,47.5,38.0,2.0,0.0,4.36,1.34,23.0,15.0,38.0,2.0,3.0,0.0,7.2,graham-ashcraft,Graham Ashcraft (CIN - SP),Graham Ashcraft,Ashcraft,CIN,SP,,2-3-0SV|4.36|1.34|7.20K9,858,Graham Ashcraft (CIN - SP),,,,983.0,815.0,899.0,SP,Graham Ashcraft (CIN - SP),41.0,https://images.fantasypros.com/images/players/mlb/44328/headshot/70x70.png,Graham Ashcraft (SP - CIN),,Graham Ashcraft (CIN - SP),Graham Ashcraft,Ashcraft,CIN,SP,,"2-3-0SV|4.36|1.34|7.20K9
",722.0
831,99.0,11.0,4,14.0,0.0,0.229,0.295,23,4.0,0.0,9.0,24.0,0.398,0.693,50,2%,3%,0%,H,https://www.fantasypros.com/mlb/players/rowdy-tellez.php,,,,,,,,,,,,,,rowdy-tellez,Rowdy Tellez (SEA - 1B),Rowdy Tellez,Tellez,SEA,1B,NRI,.229|11R|4HR|14RBI|0SB,859,Rowdy Tellez (SEA - 1B),,,,1025.0,816.0,920.0,1B,Rowdy Tellez (SEA - 1B),61.0,https://images.fantasypros.com/images/players/mlb/5030/headshot/70x70.png,Rowdy Tellez (1B - SEA),,Rowdy Tellez (SEA - 1B),Rowdy Tellez,Tellez,SEA,1B,,".229|11R|4HR|14RBI|0SB
",791.0
832,38.0,4.0,1,3.0,2.0,0.204,0.27,8,2.0,0.0,3.0,14.0,0.34,0.611,11,0%,0%,0%,H,https://www.fantasypros.com/mlb/players/denzel-clarke.php,,,,,,,,,,,,,,denzel-clarke,Denzel Clarke (ATH - OF),Denzel Clarke,Clarke,ATH,OF,MiLB,.204|4R|1HR|3RBI|2SB,860,Denzel Clarke (ATH - OF),,,,978.0,817.0,898.0,OF,Denzel Clarke (ATH - OF),38.0,https://images.fantasypros.com/images/players/mlb/missing/headshot/70x70.png,Denzel Clarke (CF - ATH),,Denzel Clarke (ATH - OF),Denzel Clarke,Clarke,ATH,OF,,".204|4R|1HR|3RBI|2SB
",882.0
833,98.0,10.0,1,7.0,2.0,0.25,0.282,24,3.0,0.0,4.0,25.0,0.315,0.597,29,3%,5%,0%,H,https://www.fantasypros.com/mlb/players/tim-anderson.php,,,,,,,,,,,,,,tim-anderson,Tim Anderson (LAA - SS),Tim Anderson,Anderson,LAA,SS,NRI,.250|10R|1HR|7RBI|2SB,861,Tim Anderson (LAA - SS),,,,1027.0,820.0,924.0,SS,Tim Anderson (LAA - SS),63.0,https://images.fantasypros.com/images/players/mlb/4956/headshot/70x70.png,Tim Anderson (SS - LAA),,Tim Anderson (LAA - SS),Tim Anderson,Anderson,LAA,SS,,".250|10R|1HR|7RBI|2SB
",842.0
834,142.0,17.0,3,15.0,3.0,0.232,0.294,33,7.0,1.0,12.0,37.0,0.358,0.652,61,0%,0%,0%,H,https://www.fantasypros.com/mlb/players/brett-wisely.php,,,,,,,,,,,,,,brett-wisely,"Brett Wisely (SF - 2B,SS)",Brett Wisely,Wisely,SF,"2B,SS",,.232|17R|3HR|15RBI|3SB,864,"Brett Wisely (SF - 2B,SS)",,,,863.0,828.0,846.0,"2B,SS","Brett Wisely (SF - 2B,SS)",-18.0,https://images.fantasypros.com/images/players/mlb/45327/headshot/70x70.png,"Brett Wisely (2B,SS - SF)",,"Brett Wisely (SF - 2B,SS)",Brett Wisely,Wisely,SF,"2B,SS",,".232|17R|3HR|15RBI|3SB
",766.0
835,,,8,,,,,54,,,,,,,167,1%,2%,0%,P,https://www.fantasypros.com/mlb/players/dylan-lee.php,63.1,72.0,3.0,0.0,3.37,1.15,24.0,18.0,60.0,0.0,3.0,0.0,10.27,dylan-lee,Dylan Lee (ATL - RP),Dylan Lee,Lee,ATL,RP,,3-3-0SV|3.37|1.15|10.27K9,865,Dylan Lee (ATL - RP),,,,930.0,822.0,876.0,RP,Dylan Lee (ATL - RP),11.0,https://images.fantasypros.com/images/players/mlb/8426/headshot/70x70.png,Dylan Lee (RP - ATL),,Dylan Lee (ATL - RP),Dylan Lee,Lee,ATL,RP,,"3-3-0SV|3.37|1.15|10.27K9
",462.0
836,67.0,8.0,1,7.0,1.0,0.26,0.317,18,3.0,0.0,6.0,13.0,0.371,0.688,32,0%,0%,0%,H,https://www.fantasypros.com/mlb/players/nathan-lukes.php,,,,,,,,,,,,,,nathan-lukes,Nathan Lukes (TOR - OF),Nathan Lukes,Lukes,TOR,OF,,.260|8R|1HR|7RBI|1SB,866,Nathan Lukes (TOR - OF),,,,936.0,823.0,880.0,OF,Nathan Lukes (TOR - OF),14.0,https://images.fantasypros.com/images/players/mlb/6451/headshot/70x70.png,"Nathan Lukes (LF,RF - TOR)",,Nathan Lukes (TOR - OF),Nathan Lukes,Lukes,TOR,OF,,".260|8R|1HR|7RBI|1SB
",835.0
837,172.0,20.0,5,21.0,2.0,0.229,0.273,39,7.0,0.0,11.0,49.0,0.365,0.638,65,1%,1%,0%,H,https://www.fantasypros.com/mlb/players/james-mccann.php,,,,,,,,,,,,,,james-mccann,James McCann (FA - C),James McCann,McCann,FA,C,FA,.229|20R|5HR|21RBI|2SB,867,James McCann (FA - C),,,,942.0,824.0,883.0,C,James McCann (FA - C),16.0,https://images.fantasypros.com/images/players/mlb/5563/headshot/70x70.png,James McCann (C - FA),,James McCann (FA - C),James McCann,McCann,FA,C,,".229|20R|5HR|21RBI|2SB
",752.0
838,,,4,,,,,29,,,,,,,54,0%,0%,0%,P,https://www.fantasypros.com/mlb/players/ian-seymour.php,31.1,29.0,2.0,0.0,4.2,1.27,15.0,11.0,14.0,4.0,2.0,0.0,8.39,ian-seymour,Ian Seymour (TB - SP),Ian Seymour,Seymour,TB,SP,MiLB,2-2-0SV|4.20|1.27|8.39K9,868,Ian Seymour (TB - SP),,,,1106.0,825.0,966.0,SP,Ian Seymour (TB - SP),98.0,https://images.fantasypros.com/images/players/mlb/missing/headshot/70x70.png,Ian Seymour (SP - TB),,Ian Seymour (TB - SP),Ian Seymour,Seymour,TB,SP,,"2-2-0SV|4.20|1.27|8.39K9
",780.0
839,,,7,,,,,49,,,,,,,147,0%,0%,0%,P,https://www.fantasypros.com/mlb/players/nick-mears.php,59.5,73.0,3.0,0.0,3.87,1.3,26.0,28.0,57.0,0.0,3.0,0.0,11.04,nick-mears,Nick Mears (MIL - RP),Nick Mears,Mears,MIL,RP,,3-3-0SV|3.87|1.30|11.04K9,869,Nick Mears (MIL - RP),,,,1011.0,829.0,920.0,RP,Nick Mears (MIL - RP),51.0,https://images.fantasypros.com/images/players/mlb/43637/headshot/70x70.png,Nick Mears (RP - MIL),,Nick Mears (MIL - RP),Nick Mears,Mears,MIL,RP,,"3-3-0SV|3.87|1.30|11.04K9
",533.0
840,,,8,,,,,49,,,,,,,106,0%,0%,0%,P,https://www.fantasypros.com/mlb/players/jordan-leasure.php,52.6,51.0,2.0,3.0,4.6,1.41,27.0,25.0,50.0,0.0,3.0,0.0,8.73,jordan-leasure,Jordan Leasure (CWS - RP),Jordan Leasure,Leasure,CWS,RP,,2-3-3SV|4.60|1.41|8.73K9,871,Jordan Leasure (CWS - RP),,,,833.0,886.0,860.0,RP,Jordan Leasure (CWS - RP),-11.0,https://images.fantasypros.com/images/players/mlb/missing/headshot/70x70.png,Jordan Leasure (RP - CWS),,Jordan Leasure (CWS - RP),Jordan Leasure,Leasure,CWS,RP,,"2-3-3SV|4.60|1.41|8.73K9
",642.0
841,,,7,,,,,51,,,,,,,164,2%,4%,0%,P,https://www.fantasypros.com/mlb/players/bryan-hudson.php,61.4,65.0,3.0,2.0,3.4,1.18,23.0,22.0,55.0,0.0,3.0,0.0,9.53,bryan-hudson,Bryan Hudson (MIL - RP),Bryan Hudson,Hudson,MIL,RP,,3-3-2SV|3.40|1.18|9.53K9,872,Bryan Hudson (MIL - RP),,,,872.0,834.0,853.0,RP,Bryan Hudson (MIL - RP),-19.0,https://images.fantasypros.com/images/players/mlb/7396/headshot/70x70.png,Bryan Hudson (RP - MIL),,Bryan Hudson (MIL - RP),Bryan Hudson,Hudson,MIL,RP,,"3-3-2SV|3.40|1.18|9.53K9
",474.0
842,,,6,,,,,38,,,,,,,81,0%,0%,0%,P,https://www.fantasypros.com/mlb/players/chayce-mcdermott.php,43.9,47.0,2.0,0.0,4.18,1.36,20.0,22.0,20.0,5.0,2.0,0.0,9.64,chayce-mcdermott,Chayce McDermott (BAL - SP),Chayce McDermott,McDermott,BAL,SP,,2-2-0SV|4.18|1.36|9.64K9,873,Chayce McDermott (BAL - SP),,,,1073.0,835.0,954.0,SP,Chayce McDermott (BAL - SP),81.0,https://images.fantasypros.com/images/players/mlb/missing/headshot/70x70.png,Chayce McDermott (SP - BAL),,Chayce McDermott (BAL - SP),Chayce McDermott,McDermott,BAL,SP,,"2-2-0SV|4.18|1.36|9.64K9
",713.0
843,,,5,,,,,34,,,,,,,64,0%,0%,0%,P,https://www.fantasypros.com/mlb/players/ben-casparius.php,36.4,36.0,2.0,0.0,4.56,1.38,18.0,17.0,31.0,0.0,2.0,0.0,8.9,ben-casparius,Ben Casparius (LAD - SP),Ben Casparius,Casparius,LAD,SP,,2-2-0SV|4.56|1.38|8.90K9,874,Ben Casparius (LAD - SP),,,,877.0,837.0,857.0,"RP,SP","Ben Casparius (LAD - RP,SP)",-17.0,https://images.fantasypros.com/images/players/mlb/missing/headshot/70x70.png,Ben Casparius (SP - LAD),,Ben Casparius (LAD - SP),Ben Casparius,Casparius,LAD,SP,,"2-2-0SV|4.56|1.38|8.90K9
",755.0
844,,,3,,,,,20,,,,,,,36,0%,0%,0%,P,https://www.fantasypros.com/mlb/players/connor-phillips-p.php,21.6,22.0,1.0,0.0,4.78,1.45,11.0,11.0,19.0,0.0,1.0,0.0,9.17,connor-phillips-p,Connor Phillips (CIN - SP),Connor Phillips,Phillips,CIN,SP,MiLB,1-1-0SV|4.78|1.45|9.17K9,875,Connor Phillips (CIN - SP),,,,955.0,838.0,896.0,SP,Connor Phillips (CIN - SP),21.0,https://images.fantasypros.com/images/players/mlb/missing/headshot/70x70.png,Connor Phillips (SP - CIN),,Connor Phillips (CIN - SP),Connor Phillips,Phillips,CIN,SP,,"1-1-0SV|4.78|1.45|9.17K9
",827.0
845,,,7,,,,,60,,,,,,,157,0%,0%,0%,P,https://www.fantasypros.com/mlb/players/ryan-fernandez.php,65.5,65.0,3.0,1.0,3.84,1.3,28.0,26.0,62.0,0.0,3.0,0.0,8.93,ryan-fernandez,Ryan Fernandez (STL - RP),Ryan Fernandez,Fernandez,STL,RP,,3-3-1SV|3.84|1.30|8.93K9,877,Ryan Fernandez (STL - RP),,,,1154.0,840.0,997.0,RP,Ryan Fernandez (STL - RP),120.0,https://images.fantasypros.com/images/players/mlb/45889/headshot/70x70.png,Ryan Fernandez (RP - STL),,Ryan Fernandez (STL - RP),Ryan Fernandez,Fernandez,STL,RP,,"3-3-1SV|3.84|1.30|8.93K9
",499.0
846,,,5,,,,,34,,,,,,,48,0%,0%,0%,P,https://www.fantasypros.com/mlb/players/jairo-iriarte.php,35.4,31.0,1.0,0.0,4.74,1.46,19.0,17.0,22.0,3.0,2.0,0.0,7.88,jairo-iriarte,Jairo Iriarte (CWS - SP),Jairo Iriarte,Iriarte,CWS,SP,MiLB,1-2-0SV|4.74|1.46|7.88K9,878,Jairo Iriarte (CWS - SP),,,,840.0,905.0,872.0,"RP,SP","Jairo Iriarte (CWS - RP,SP)",-6.0,https://images.fantasypros.com/images/players/mlb/missing/headshot/70x70.png,Jairo Iriarte (SP - CWS),,Jairo Iriarte (CWS - SP),Jairo Iriarte,Iriarte,CWS,SP,,"1-2-0SV|4.74|1.46|7.88K9
",797.0
847,255.0,31.0,7,29.0,7.0,0.243,0.296,62,11.0,1.0,19.0,78.0,0.376,0.672,105,0%,0%,0%,H,https://www.fantasypros.com/mlb/players/dane-myers.php,,,,,,,,,,,,,,dane-myers,Dane Myers (MIA - OF),Dane Myers,Myers,MIA,OF,,.243|31R|7HR|29RBI|7SB,879,Dane Myers (MIA - OF),,,,1016.0,841.0,928.0,OF,Dane Myers (MIA - OF),49.0,https://images.fantasypros.com/images/players/mlb/missing/headshot/70x70.png,"Dane Myers (CF,RF - MIA)",,Dane Myers (MIA - OF),Dane Myers,Myers,MIA,OF,,".243|31R|7HR|29RBI|7SB
",645.0
848,,,3,,,,,27,,,,,,,51,1%,1%,0%,P,https://www.fantasypros.com/mlb/players/carson-whisenhunt.php,28.8,28.0,1.0,0.0,4.13,1.34,13.0,12.0,13.0,4.0,1.0,0.0,8.75,carson-whisenhunt,Carson Whisenhunt (SF - SP),Carson Whisenhunt,Whisenhunt,SF,SP,NRI,1-1-0SV|4.13|1.34|8.75K9,880,Carson Whisenhunt (SF - SP),,,,1062.0,842.0,952.0,SP,Carson Whisenhunt (SF - SP),72.0,https://images.fantasypros.com/images/players/mlb/missing/headshot/70x70.png,Carson Whisenhunt (SP - SF),,Carson Whisenhunt (SF - SP),Carson Whisenhunt,Whisenhunt,SF,SP,,"1-1-0SV|4.13|1.34|8.75K9
",789.0
849,48.0,6.0,2,6.0,1.0,0.21,0.276,10,2.0,0.0,4.0,17.0,0.379,0.655,18,0%,0%,0%,H,https://www.fantasypros.com/mlb/players/alexander-canario.php,,,,,,,,,,,,,,alexander-canario,Alexander Canario (NYM - OF),Alexander Canario,Canario,NYM,OF,,.210|6R|2HR|6RBI|1SB,881,Alexander Canario (NYM - OF),,,,843.0,909.0,876.0,OF,Alexander Canario (NYM - OF),-5.0,https://images.fantasypros.com/images/players/mlb/8342/headshot/70x70.png,"Alexander Canario (LF,RF - NYM)",,Alexander Canario (NYM - OF),Alexander Canario,Canario,NYM,OF,,".210|6R|2HR|6RBI|1SB
",865.0
850,129.0,15.0,5,15.0,1.0,0.226,0.295,29,6.0,0.0,13.0,42.0,0.382,0.677,52,0%,0%,0%,H,https://www.fantasypros.com/mlb/players/tom-murphy.php,,,,,,,,,,,,,,tom-murphy,Tom Murphy (SF - C),Tom Murphy,Murphy,SF,C,,.226|15R|5HR|15RBI|1SB,883,Tom Murphy (SF - C),,,,922.0,846.0,884.0,C,Tom Murphy (SF - C),1.0,https://images.fantasypros.com/images/players/mlb/5850/headshot/70x70.png,Tom Murphy (C - SF),,Tom Murphy (SF - C),Tom Murphy,Murphy,SF,C,,".226|15R|5HR|15RBI|1SB
",786.0
851,,,6,,,,,55,,,,,,,150,1%,1%,0%,P,https://www.fantasypros.com/mlb/players/manuel-rodriguez.php,61.0,59.0,3.0,2.0,3.72,1.28,25.0,23.0,59.0,0.0,3.0,0.0,8.7,manuel-rodriguez,Manuel Rodriguez (TB - RP),Manuel Rodriguez,Rodriguez,TB,RP,,3-3-2SV|3.72|1.28|8.70K9,884,Manuel Rodriguez (TB - RP),,,,940.0,849.0,894.0,RP,Manuel Rodriguez (TB - RP),10.0,https://images.fantasypros.com/images/players/mlb/39241/headshot/70x70.png,Manuel Rodriguez (RP - TB),,Manuel Rodriguez (TB - RP),Manuel Rodriguez,Rodriguez,TB,RP,,"3-3-2SV|3.72|1.28|8.70K9
",523.0
852,,,2,,,,,14,,,,,,,18,0%,0%,0%,P,https://www.fantasypros.com/mlb/players/samuel-aldegheri.php,14.0,13.0,1.0,0.0,5.0,1.49,8.0,7.0,4.0,2.0,1.0,0.0,8.36,samuel-aldegheri,Sam Aldegheri (LAA - SP),Sam Aldegheri,Aldegheri,LAA,SP,MiLB,1-1-0SV|5.00|1.49|8.36K9,885,Sam Aldegheri (LAA - SP),,,,850.0,893.0,872.0,SP,Sam Aldegheri (LAA - SP),-13.0,https://images.fantasypros.com/images/players/mlb/missing/headshot/70x70.png,Sam Aldegheri (SP - LAA),,Sam Aldegheri (LAA - SP),Sam Aldegheri,Aldegheri,LAA,SP,,"1-1-0SV|5.00|1.49|8.36K9
",866.0
853,,,9,,,,,65,,,,,,,122,1%,1%,0%,P,https://www.fantasypros.com/mlb/players/shane-smith.php,67.7,63.0,3.0,1.0,4.3,1.34,32.0,26.0,44.0,5.0,4.0,0.0,8.38,shane-smith,"Shane Smith (CWS - RP,SP)",Shane Smith,Smith,CWS,"RP,SP",,3-4-1SV|4.30|1.34|8.38K9,886,"Shane Smith (CWS - RP,SP)",,,,913.0,851.0,882.0,"RP,SP","Shane Smith (CWS - RP,SP)",-4.0,https://images.fantasypros.com/images/players/mlb/missing/headshot/70x70.png,"Shane Smith (SP,RP - CWS)",,"Shane Smith (CWS - RP,SP)",Shane Smith,Smith,CWS,"RP,SP",,"3-4-1SV|4.30|1.34|8.38K9
",595.0
854,183.0,25.0,6,23.0,7.0,0.228,0.29,42,9.0,1.0,16.0,56.0,0.389,0.68,86,0%,0%,0%,H,https://www.fantasypros.com/mlb/players/stuart-fairchild.php,,,,,,,,,,,,,,stuart-fairchild,Stuart Fairchild (CIN - OF),Stuart Fairchild,Fairchild,CIN,OF,,.228|25R|6HR|23RBI|7SB,887,Stuart Fairchild (CIN - OF),,,,851.0,876.0,864.0,OF,Stuart Fairchild (CIN - OF),-23.0,https://images.fantasypros.com/images/players/mlb/43929/headshot/70x70.png,"Stuart Fairchild (CF,RF - CIN)",,Stuart Fairchild (CIN - OF),Stuart Fairchild,Fairchild,CIN,OF,,".228|25R|6HR|23RBI|7SB
",698.0
855,33.0,3.0,1,4.0,0.0,0.207,0.275,7,1.0,0.0,3.0,13.0,0.347,0.622,8,0%,0%,0%,H,https://www.fantasypros.com/mlb/players/kyle-mccann.php,,,,,,,,,,,,,,kyle-mccann,Kyle McCann (ATH - C),Kyle McCann,McCann,ATH,C,MiLB,.207|3R|1HR|4RBI|0SB,888,Kyle McCann (ATH - C),,,,855.0,866.0,860.0,C,Kyle McCann (ATH - C),-28.0,https://images.fantasypros.com/images/players/mlb/43953/headshot/70x70.png,Kyle McCann (C - ATH),,Kyle McCann (ATH - C),Kyle McCann,McCann,ATH,C,,".207|3R|1HR|4RBI|0SB
",887.0
856,60.0,7.0,1,6.0,1.0,0.217,0.261,13,3.0,0.0,4.0,16.0,0.324,0.585,20,7%,10%,3%,H,https://www.fantasypros.com/mlb/players/jac-caglianone.php,,,,,,,,,,,,,,jac-caglianone,Jac Caglianone (KC - 1B),Jac Caglianone,Caglianone,KC,1B,NRI,.217|7R|1HR|6RBI|1SB,889,Jac Caglianone (KC - 1B),,,,1019.0,852.0,936.0,1B,Jac Caglianone (KC - 1B),47.0,https://images.fantasypros.com/images/players/mlb/missing/headshot/70x70.png,Jac Caglianone (1B - KC),,Jac Caglianone (KC - 1B),Jac Caglianone,Caglianone,KC,1B,,".217|7R|1HR|6RBI|1SB
",859.0
857,,,3,,,,,30,,,,,,,59,0%,0%,0%,P,https://www.fantasypros.com/mlb/players/james-mcarthur.php,29.7,27.0,2.0,1.0,4.22,1.35,14.0,10.0,28.0,0.0,2.0,0.0,8.18,james-mcarthur,James McArthur (KC - RP),James McArthur,McArthur,KC,RP,,2-2-1SV|4.22|1.35|8.18K9,892,James McArthur (KC - RP),,,,881.0,856.0,868.0,RP,James McArthur (KC - RP),-24.0,https://images.fantasypros.com/images/players/mlb/44384/headshot/70x70.png,James McArthur (RP - KC),,James McArthur (KC - RP),James McArthur,McArthur,KC,RP,,"2-2-1SV|4.22|1.35|8.18K9
",771.0
858,,,4,,,,,27,,,,,,,50,0%,0%,0%,P,https://www.fantasypros.com/mlb/players/zach-maxwell.php,29.8,33.0,2.0,0.0,4.47,1.46,15.0,17.0,29.0,0.0,2.0,0.0,9.97,zach-maxwell,Zach Maxwell (CIN - RP),Zach Maxwell,Maxwell,CIN,RP,MiLB,2-2-0SV|4.47|1.46|9.97K9,893,Zach Maxwell (CIN - RP),,,,941.0,857.0,899.0,RP,Zach Maxwell (CIN - RP),6.0,https://images.fantasypros.com/images/players/mlb/missing/headshot/70x70.png,Zach Maxwell (RP - CIN),,Zach Maxwell (CIN - RP),Zach Maxwell,Maxwell,CIN,RP,,"2-2-0SV|4.47|1.46|9.97K9
",792.0
859,186.0,21.0,6,22.0,1.0,0.226,0.28,42,9.0,0.0,14.0,53.0,0.363,0.643,75,0%,0%,0%,H,https://www.fantasypros.com/mlb/players/luis-torrens.php,,,,,,,,,,,,,,luis-torrens,Luis Torrens (NYM - C),Luis Torrens,Torrens,NYM,C,,.226|21R|6HR|22RBI|1SB,894,Luis Torrens (NYM - C),,,,951.0,858.0,904.0,C,Luis Torrens (NYM - C),10.0,https://images.fantasypros.com/images/players/mlb/6629/headshot/70x70.png,Luis Torrens (C - NYM),,Luis Torrens (NYM - C),Luis Torrens,Torrens,NYM,C,,".226|21R|6HR|22RBI|1SB
",723.0
860,,,7,,,,,57,,,,,,,137,0%,0%,0%,P,https://www.fantasypros.com/mlb/players/collin-snider.php,61.0,57.0,3.0,2.0,4.11,1.36,28.0,26.0,58.0,0.0,3.0,0.0,8.41,collin-snider,Collin Snider (SEA - RP),Collin Snider,Snider,SEA,RP,,3-3-2SV|4.11|1.36|8.41K9,895,Collin Snider (SEA - RP),,,,985.0,859.0,922.0,RP,Collin Snider (SEA - RP),27.0,https://images.fantasypros.com/images/players/mlb/44319/headshot/70x70.png,Collin Snider (RP - SEA),,Collin Snider (SEA - RP),Collin Snider,Snider,SEA,RP,,"3-3-2SV|4.11|1.36|8.41K9
",562.0
861,,,7,,,,,54,,,,,,,143,1%,1%,0%,P,https://www.fantasypros.com/mlb/players/tyler-ferguson.php,63.1,68.0,3.0,1.0,4.11,1.35,29.0,31.0,59.0,0.0,4.0,0.0,9.7,tyler-ferguson,Tyler Ferguson (ATH - RP),Tyler Ferguson,Ferguson,ATH,RP,,3-4-1SV|4.11|1.35|9.70K9,896,Tyler Ferguson (ATH - RP),,,,923.0,860.0,892.0,RP,Tyler Ferguson (ATH - RP),-4.0,https://images.fantasypros.com/images/players/mlb/45618/headshot/70x70.png,Tyler Ferguson (RP - ATH),,Tyler Ferguson (ATH - RP),Tyler Ferguson,Ferguson,ATH,RP,,"3-4-1SV|4.11|1.35|9.70K9
",548.0
862,,,8,,,,,59,,,,,,,96,0%,0%,0%,P,https://www.fantasypros.com/mlb/players/joe-ross.php,59.1,50.0,3.0,0.0,4.48,1.37,29.0,22.0,40.0,3.0,3.0,0.0,7.61,joe-ross,"Joe Ross (PHI - RP,SP)",Joe Ross,Ross,PHI,"RP,SP",,3-3-0SV|4.48|1.37|7.61K9,897,"Joe Ross (PHI - RP,SP)",,,,860.0,902.0,881.0,"RP,SP","Joe Ross (PHI - RP,SP)",-16.0,https://images.fantasypros.com/images/players/mlb/4710/headshot/70x70.png,"Joe Ross (SP,RP - PHI)",,"Joe Ross (PHI - RP,SP)",Joe Ross,Ross,PHI,"RP,SP",,"3-3-0SV|4.48|1.37|7.61K9
",669.0
863,191.0,26.0,8,25.0,4.0,0.207,0.3,40,9.0,1.0,25.0,60.0,0.389,0.688,95,0%,0%,0%,H,https://www.fantasypros.com/mlb/players/trent-grisham.php,,,,,,,,,,,,,,trent-grisham,Trent Grisham (NYY - OF),Trent Grisham,Grisham,NYY,OF,,.207|26R|8HR|25RBI|4SB,899,Trent Grisham (NYY - OF),,,,861.0,891.0,876.0,OF,Trent Grisham (NYY - OF),-23.0,https://images.fantasypros.com/images/players/mlb/7502/headshot/70x70.png,Trent Grisham (CF - NYY),,Trent Grisham (NYY - OF),Trent Grisham,Grisham,NYY,OF,,".207|26R|8HR|25RBI|4SB
",672.0
864,154.0,17.0,5,18.0,1.0,0.228,0.312,35,6.0,0.0,19.0,38.0,0.359,0.672,73,1%,1%,0%,H,https://www.fantasypros.com/mlb/players/yasmani-grandal.php,,,,,,,,,,,,,,yasmani-grandal,Yasmani Grandal (FA - C),Yasmani Grandal,Grandal,FA,C,FA,.228|17R|5HR|18RBI|1SB,900,Yasmani Grandal (FA - C),,,,969.0,862.0,916.0,C,Yasmani Grandal (FA - C),16.0,https://images.fantasypros.com/images/players/mlb/4445/headshot/70x70.png,Yasmani Grandal (C - FA),,Yasmani Grandal (FA - C),Yasmani Grandal,Grandal,FA,C,,".228|17R|5HR|18RBI|1SB
",730.0
865,,,4,,,,,31,,,,,,,53,0%,0%,0%,P,https://www.fantasypros.com/mlb/players/mike-burrows.php,32.5,29.0,2.0,0.0,4.41,1.35,16.0,13.0,24.0,1.0,2.0,0.0,8.03,mike-burrows,Mike Burrows (PIT - SP),Mike Burrows,Burrows,PIT,SP,MiLB,2-2-0SV|4.41|1.35|8.03K9,901,Mike Burrows (PIT - SP),,,,964.0,863.0,914.0,"RP,SP","Mike Burrows (PIT - RP,SP)",13.0,https://images.fantasypros.com/images/players/mlb/45460/headshot/70x70.png,Mike Burrows (SP - PIT),,Mike Burrows (PIT - SP),Mike Burrows,Burrows,PIT,SP,,"2-2-0SV|4.41|1.35|8.03K9
",783.0
866,192.0,25.0,6,22.0,8.0,0.226,0.285,43,7.0,0.0,16.0,51.0,0.363,0.648,88,0%,0%,0%,H,https://www.fantasypros.com/mlb/players/oswald-peraza.php,,,,,,,,,,,,,,oswald-peraza,Oswald Peraza (NYY - SS),Oswald Peraza,Peraza,NYY,SS,,.226|25R|6HR|22RBI|8SB,902,Oswald Peraza (NYY - SS),,,,1002.0,864.0,933.0,"3B,SS","Oswald Peraza (NYY - 3B,SS)",31.0,https://images.fantasypros.com/images/players/mlb/43749/headshot/70x70.png,Oswald Peraza (SS - NYY),,Oswald Peraza (NYY - SS),Oswald Peraza,Peraza,NYY,SS,,".226|25R|6HR|22RBI|8SB
",689.0
867,,,4,,,,,56,,,,,,,171,0%,0%,0%,P,https://www.fantasypros.com/mlb/players/aaron-bummer.php,63.4,73.0,4.0,1.0,3.31,1.28,23.0,25.0,61.0,0.0,3.0,0.0,10.36,aaron-bummer,Aaron Bummer (ATL - RP),Aaron Bummer,Bummer,ATL,RP,,4-3-1SV|3.31|1.28|10.36K9,903,Aaron Bummer (ATL - RP),,,,864.0,914.0,889.0,RP,Aaron Bummer (ATL - RP),-14.0,https://images.fantasypros.com/images/players/mlb/7028/headshot/70x70.png,Aaron Bummer (RP - ATL),,Aaron Bummer (ATL - RP),Aaron Bummer,Bummer,ATL,RP,,"4-3-1SV|3.31|1.28|10.36K9
",450.0
868,,,3,,,,,18,,,,,,,35,1%,1%,0%,P,https://www.fantasypros.com/mlb/players/emiliano-teodo.php,20.9,21.0,1.0,0.0,4.25,1.4,10.0,11.0,17.0,1.0,1.0,0.0,9.04,emiliano-teodo,Emiliano Teodo (TEX - SP),Emiliano Teodo,Teodo,TEX,SP,MiLB,1-1-0SV|4.25|1.40|9.04K9,904,Emiliano Teodo (TEX - SP),,,,981.0,865.0,923.0,SP,Emiliano Teodo (TEX - SP),19.0,https://images.fantasypros.com/images/players/mlb/missing/headshot/70x70.png,Emiliano Teodo (SP - TEX),,Emiliano Teodo (TEX - SP),Emiliano Teodo,Teodo,TEX,SP,,"1-1-0SV|4.25|1.40|9.04K9
",832.0
869,,,7,,,,,60,,,,,,,151,1%,2%,0%,P,https://www.fantasypros.com/mlb/players/jared-koenig.php,64.2,61.0,3.0,2.0,3.82,1.3,27.0,23.0,58.0,0.0,4.0,0.0,8.55,jared-koenig,"Jared Koenig (MIL - RP,SP)",Jared Koenig,Koenig,MIL,"RP,SP",,3-4-2SV|3.82|1.30|8.55K9,905,"Jared Koenig (MIL - RP,SP)",,,,900.0,868.0,884.0,"RP,SP","Jared Koenig (MIL - RP,SP)",-21.0,https://images.fantasypros.com/images/players/mlb/missing/headshot/70x70.png,"Jared Koenig (SP,RP - MIL)",,"Jared Koenig (MIL - RP,SP)",Jared Koenig,Koenig,MIL,"RP,SP",,"3-4-2SV|3.82|1.30|8.55K9
",520.0
870,48.0,5.0,1,5.0,2.0,0.228,0.278,11,2.0,0.0,3.0,13.0,0.353,0.631,18,0%,0%,0%,H,https://www.fantasypros.com/mlb/players/liover-peguero.php,,,,,,,,,,,,,,liover-peguero,"Liover Peguero (PIT - 2B,SS)",Liover Peguero,Peguero,PIT,"2B,SS",MiLB,.228|5R|1HR|5RBI|2SB,906,"Liover Peguero (PIT - 2B,SS)",,,,869.0,875.0,872.0,"2B,SS","Liover Peguero (PIT - 2B,SS)",-34.0,https://images.fantasypros.com/images/players/mlb/43656/headshot/70x70.png,"Liover Peguero (2B,SS - PIT)",,"Liover Peguero (PIT - 2B,SS)",Liover Peguero,Peguero,PIT,"2B,SS",,".228|5R|1HR|5RBI|2SB
",867.0
871,35.0,4.0,1,3.0,1.0,0.21,0.287,7,1.0,0.0,4.0,12.0,0.306,0.594,11,0%,0%,0%,H,https://www.fantasypros.com/mlb/players/zach-deloach.php,,,,,,,,,,,,,,zach-deloach,Zach DeLoach (CWS - OF),Zach DeLoach,DeLoach,CWS,OF,MiLB,.210|4R|1HR|3RBI|1SB,907,Zach DeLoach (CWS - OF),,,,916.0,870.0,893.0,OF,Zach DeLoach (CWS - OF),-14.0,https://images.fantasypros.com/images/players/mlb/43848/headshot/70x70.png,"Zach DeLoach (LF,RF - CWS)",,Zach DeLoach (CWS - OF),Zach DeLoach,DeLoach,CWS,OF,,".210|4R|1HR|3RBI|1SB
",883.0
872,,,7,,,,,46,,,,,,,87,0%,0%,0%,P,https://www.fantasypros.com/mlb/players/brady-basso.php,48.0,45.0,2.0,0.0,4.02,1.23,21.0,14.0,33.0,3.0,3.0,0.0,8.44,brady-basso,Brady Basso (ATH - SP),Brady Basso,Basso,ATH,SP,,2-3-0SV|4.02|1.23|8.44K9,908,Brady Basso (ATH - SP),,,,946.0,873.0,910.0,SP,Brady Basso (ATH - SP),2.0,https://images.fantasypros.com/images/players/mlb/missing/headshot/70x70.png,Brady Basso (SP - ATH),,Brady Basso (ATH - SP),Brady Basso,Basso,ATH,SP,,"2-3-0SV|4.02|1.23|8.44K9
",691.0
873,,,11,,,,,57,,,,,,,151,0%,0%,0%,P,https://www.fantasypros.com/mlb/players/emilio-pagan.php,62.2,65.0,3.0,3.0,4.32,1.25,30.0,21.0,60.0,0.0,3.0,0.0,9.41,emilio-pagan,Emilio Pagan (CIN - RP),Emilio Pagan,Pagan,CIN,RP,,3-3-3SV|4.32|1.25|9.41K9,909,Emilio Pagan (CIN - RP),,,,990.0,874.0,932.0,RP,Emilio Pagan (CIN - RP),23.0,https://images.fantasypros.com/images/players/mlb/7143/headshot/70x70.png,Emilio Pagan (RP - CIN),,Emilio Pagan (CIN - RP),Emilio Pagan,Pagan,CIN,RP,,"3-3-3SV|4.32|1.25|9.41K9
",521.0
874,,,3,,,,,23,,,,,,,62,0%,0%,0%,P,https://www.fantasypros.com/mlb/players/clayton-beeter.php,28.3,33.0,1.0,0.0,3.77,1.28,12.0,13.0,25.0,0.0,1.0,0.0,10.49,clayton-beeter,"Clayton Beeter (NYY - RP,SP)",Clayton Beeter,Beeter,NYY,"RP,SP",,1-1-0SV|3.77|1.28|10.49K9,910,"Clayton Beeter (NYY - RP,SP)",,,,875.0,883.0,879.0,"RP,SP","Clayton Beeter (NYY - RP,SP)",-31.0,https://images.fantasypros.com/images/players/mlb/43817/headshot/70x70.png,"Clayton Beeter (SP,RP - NYY)",,"Clayton Beeter (NYY - RP,SP)",Clayton Beeter,Beeter,NYY,"RP,SP",,"1-1-0SV|3.77|1.28|10.49K9
",762.0
875,,,10,,,,,87,,,,,,,114,0%,0%,0%,P,https://www.fantasypros.com/mlb/players/-ginn.php,84.1,63.0,4.0,0.0,4.53,1.38,42.0,30.0,27.0,13.0,5.0,0.0,6.74,-ginn,"J.T. Ginn (ATH - RP,SP)",J.T. Ginn,Ginn,ATH,"RP,SP",,4-5-0SV|4.53|1.38|6.74K9,911,"J.T. Ginn (ATH - RP,SP)",,,,1024.0,877.0,950.0,"RP,SP","J.T. Ginn (ATH - RP,SP)",39.0,https://images.fantasypros.com/images/players/mlb/missing/headshot/70x70.png,"J.T. Ginn (SP,RP - ATH)",,"J.T. Ginn (ATH - RP,SP)",J.T. Ginn,Ginn,ATH,"RP,SP",,"4-5-0SV|4.53|1.38|6.74K9
",622.0
876,24.0,3.0,1,3.0,1.0,0.235,0.294,6,1.0,0.0,2.0,5.0,0.361,0.656,14,0%,0%,0%,H,https://www.fantasypros.com/mlb/players/gustavo-campero.php,,,,,,,,,,,,,,gustavo-campero,Gustavo Campero (LAA - OF),Gustavo Campero,Campero,LAA,OF,MiLB,.235|3R|1HR|3RBI|1SB,912,Gustavo Campero (LAA - OF),,,,878.0,889.0,884.0,OF,Gustavo Campero (LAA - OF),-28.0,https://images.fantasypros.com/images/players/mlb/missing/headshot/70x70.png,Gustavo Campero (RF - LAA),,Gustavo Campero (LAA - OF),Gustavo Campero,Campero,LAA,OF,,".235|3R|1HR|3RBI|1SB
",876.0
877,,,3,,,,,25,,,,,,,26,1%,1%,0%,P,https://www.fantasypros.com/mlb/players/robby-snelling.php,22.9,18.0,1.0,0.0,4.9,1.49,12.0,10.0,4.0,4.0,2.0,0.0,7.07,robby-snelling,Robby Snelling (MIA - SP),Robby Snelling,Snelling,MIA,SP,MiLB,1-2-0SV|4.90|1.49|7.07K9,913,Robby Snelling (MIA - SP),,,,896.0,880.0,888.0,SP,Robby Snelling (MIA - SP),-25.0,https://images.fantasypros.com/images/players/mlb/missing/headshot/70x70.png,Robby Snelling (SP - MIA),,Robby Snelling (MIA - SP),Robby Snelling,Snelling,MIA,SP,,"1-2-0SV|4.90|1.49|7.07K9
",847.0
878,111.0,13.0,5,16.0,0.0,0.217,0.296,24,5.0,0.0,13.0,34.0,0.406,0.702,52,0%,0%,0%,H,https://www.fantasypros.com/mlb/players/luken-baker.php,,,,,,,,,,,,,,luken-baker,Luken Baker (STL - DH),Luken Baker,Baker,STL,DH,,.217|13R|5HR|16RBI|0SB,914,Luken Baker (STL - DH),,,,921.0,882.0,902.0,"1B,DH","Luken Baker (STL - 1B,DH)",-12.0,https://images.fantasypros.com/images/players/mlb/6938/headshot/70x70.png,Luken Baker (DH - STL),,Luken Baker (STL - DH),Luken Baker,Baker,STL,DH,,".217|13R|5HR|16RBI|0SB
",787.0
879,115.0,13.0,2,12.0,1.0,0.232,0.294,27,5.0,0.0,10.0,22.0,0.348,0.642,51,0%,0%,0%,H,https://www.fantasypros.com/mlb/players/rafael-marchan.php,,,,,,,,,,,,,,rafael-marchan,Rafael Marchan (PHI - C),Rafael Marchan,Marchan,PHI,C,,.232|13R|2HR|12RBI|1SB,915,Rafael Marchan (PHI - C),,,,959.0,887.0,923.0,C,Rafael Marchan (PHI - C),8.0,https://images.fantasypros.com/images/players/mlb/43920/headshot/70x70.png,Rafael Marchan (C - PHI),,Rafael Marchan (PHI - C),Rafael Marchan,Marchan,PHI,C,,".232|13R|2HR|12RBI|1SB
",790.0
880,,,5,,,,,45,,,,,,,86,0%,0%,0%,P,https://www.fantasypros.com/mlb/players/keaton-winn.php,46.9,42.0,2.0,0.0,4.04,1.26,21.0,14.0,32.0,2.0,3.0,0.0,8.06,keaton-winn,Keaton Winn (SF - SP),Keaton Winn,Winn,SF,SP,,2-3-0SV|4.04|1.26|8.06K9,917,Keaton Winn (SF - SP),,,,984.0,890.0,937.0,SP,Keaton Winn (SF - SP),20.0,https://images.fantasypros.com/images/players/mlb/46495/headshot/70x70.png,Keaton Winn (SP - SF),,Keaton Winn (SF - SP),Keaton Winn,Winn,SF,SP,,"2-3-0SV|4.04|1.26|8.06K9
",699.0
881,,,5,,,,,34,,,,,,,69,1%,1%,0%,P,https://www.fantasypros.com/mlb/players/sawyer-gipson-long.php,36.2,34.0,2.0,0.0,4.05,1.23,16.0,10.0,23.0,3.0,2.0,0.0,8.45,sawyer-gipson-long,Sawyer Gipson-Long (DET - SP),Sawyer Gipson-Long,Gipson-Long,DET,SP,IL60,2-2-0SV|4.05|1.23|8.45K9,918,Sawyer Gipson-Long (DET - SP),,,,1044.0,892.0,968.0,SP,Sawyer Gipson-Long (DET - SP),50.0,https://images.fantasypros.com/images/players/mlb/45077/headshot/70x70.png,Sawyer Gipson-Long (SP - DET),,Sawyer Gipson-Long (DET - SP),Sawyer Gipson-Long,Gipson-Long,DET,SP,,"2-2-0SV|4.05|1.23|8.45K9
",741.0
882,,,8,,,,,51,,,,,,,113,0%,0%,0%,P,https://www.fantasypros.com/mlb/players/ryan-zeferjahn.php,56.4,58.0,2.0,1.0,4.46,1.39,28.0,28.0,51.0,0.0,3.0,0.0,9.26,ryan-zeferjahn,Ryan Zeferjahn (LAA - RP),Ryan Zeferjahn,Zeferjahn,LAA,RP,,2-3-1SV|4.46|1.39|9.26K9,919,Ryan Zeferjahn (LAA - RP),,,,1012.0,895.0,954.0,RP,Ryan Zeferjahn (LAA - RP),35.0,https://images.fantasypros.com/images/players/mlb/missing/headshot/70x70.png,Ryan Zeferjahn (RP - LAA),,Ryan Zeferjahn (LAA - RP),Ryan Zeferjahn,Zeferjahn,LAA,RP,,"2-3-1SV|4.46|1.39|9.26K9
",625.0
883,127.0,17.0,5,17.0,2.0,0.225,0.293,29,6.0,1.0,12.0,39.0,0.418,0.711,61,0%,0%,0%,H,https://www.fantasypros.com/mlb/players/nelson-velazquez.php,,,,,,,,,,,,,,nelson-velazquez,Nelson Velazquez (KC - DH),Nelson Velazquez,Velazquez,KC,DH,,.225|17R|5HR|17RBI|2SB,920,Nelson Velazquez (KC - DH),,,,975.0,896.0,936.0,"DH,OF","Nelson Velazquez (KC - DH,OF)",16.0,https://images.fantasypros.com/images/players/mlb/45006/headshot/70x70.png,Nelson Velazquez (DH - KC),,Nelson Velazquez (KC - DH),Nelson Velazquez,Velazquez,KC,DH,,".225|17R|5HR|17RBI|2SB
",767.0
884,175.0,19.0,5,18.0,3.0,0.227,0.284,40,7.0,1.0,14.0,50.0,0.358,0.642,69,0%,0%,0%,H,https://www.fantasypros.com/mlb/players/oscar-colas.php,,,,,,,,,,,,,,oscar-colas,Oscar Colas (CWS - OF),Oscar Colas,Colas,CWS,OF,,.227|19R|5HR|18RBI|3SB,921,Oscar Colas (CWS - OF),,,,914.0,897.0,906.0,OF,Oscar Colas (CWS - OF),-15.0,https://images.fantasypros.com/images/players/mlb/43709/headshot/70x70.png,"Oscar Colas (CF,RF - CWS)",,Oscar Colas (CWS - OF),Oscar Colas,Colas,CWS,OF,,".227|19R|5HR|18RBI|3SB
",742.0
885,,,4,,,,,28,,,,,,,57,0%,0%,0%,P,https://www.fantasypros.com/mlb/players/brandon-young.php,29.8,28.0,2.0,0.0,3.97,1.27,13.0,10.0,25.0,1.0,1.0,0.0,8.46,brandon-young,Brandon Young (BAL - SP),Brandon Young,Young,BAL,SP,MiLB,2-1-0SV|3.97|1.27|8.46K9,922,Brandon Young (BAL - SP),,,,1046.0,899.0,972.0,SP,Brandon Young (BAL - SP),50.0,https://images.fantasypros.com/images/players/mlb/missing/headshot/70x70.png,Brandon Young (SP - BAL),,Brandon Young (BAL - SP),Brandon Young,Young,BAL,SP,,"2-1-0SV|3.97|1.27|8.46K9
",774.0
886,,,8,,,,,53,,,,,,,135,3%,6%,0%,P,https://www.fantasypros.com/mlb/players/michael-clevinger.php,54.2,47.0,2.0,8.0,4.47,1.3,27.0,18.0,45.0,0.0,3.0,0.0,7.8,michael-clevinger,Mike Clevinger (CWS - SP),Mike Clevinger,Clevinger,CWS,SP,NRI,2-3-8SV|4.47|1.30|7.80K9,926,Mike Clevinger (CWS - SP),,,,945.0,911.0,928.0,SP,Mike Clevinger (CWS - SP),2.0,https://images.fantasypros.com/images/players/mlb/5905/headshot/70x70.png,Mike Clevinger (SP - CWS),,Mike Clevinger (CWS - SP),Mike Clevinger,Clevinger,CWS,SP,,"2-3-8SV|4.47|1.30|7.80K9
",570.0
887,161.0,22.0,6,20.0,4.0,0.24,0.321,39,9.0,2.0,19.0,51.0,0.427,0.748,84,0%,0%,0%,H,https://www.fantasypros.com/mlb/players/sean-bouchard.php,,,,,,,,,,,,,,sean-bouchard,Sean Bouchard (COL - OF),Sean Bouchard,Bouchard,COL,OF,,.240|22R|6HR|20RBI|4SB,928,Sean Bouchard (COL - OF),,,,953.0,913.0,933.0,OF,Sean Bouchard (COL - OF),5.0,https://images.fantasypros.com/images/players/mlb/45512/headshot/70x70.png,"Sean Bouchard (LF,RF - COL)",,Sean Bouchard (COL - OF),Sean Bouchard,Bouchard,COL,OF,,".240|22R|6HR|20RBI|4SB
",704.0
